gene,mean_bulge,mean_dent,lfc,p_geomnull,null_sd,interface
PCP4,1.041315,0.9428635,0.098451436,0.736318407960199,0.014694341189054288,molecular layer|rest
ALDOC,0.795878,0.69921726,0.09666073,0.004975124378109453,0.0074379484839136615,molecular layer|rest
GRID2,0.9870426,0.91700065,0.070041955,0.009950248756218905,0.011461622385009532,molecular layer|rest
PCP2,0.45940003,0.41005254,0.04934749,0.07960199004975124,0.006491336088689007,molecular layer|rest
HPCAL1,0.28838947,0.24320488,0.045184597,0.004975124378109453,0.0022178296420926153,molecular layer|rest
NSG1,0.30620226,0.2667545,0.039447755,0.004975124378109453,0.0022767128662710815,molecular layer|rest
APOE,0.5082123,0.47000566,0.038206667,,,molecular layer|rest
HOMER3,0.33316177,0.29755068,0.035611093,,,molecular layer|rest
CALB1,0.16834347,0.13439207,0.0339514,,,molecular layer|rest
CA8,0.17251031,0.14121485,0.031295463,,,molecular layer|rest
SEPT4,0.24554671,0.22220215,0.023344561,,,molecular layer|rest
KCNIP4,0.4821617,0.46084654,0.021315157,,,molecular layer|rest
S100B,0.55623484,0.53752667,0.01870817,,,molecular layer|rest
LCAT,0.095273905,0.07686453,0.018409371,,,molecular layer|rest
SLC1A3,0.24649394,0.22809301,0.018400922,,,molecular layer|rest
SLC1A6,0.10892492,0.090700306,0.018224612,,,molecular layer|rest
NRXN3,0.3561708,0.33973697,0.016433835,,,molecular layer|rest
FGF14,0.24284898,0.22865751,0.014191464,,,molecular layer|rest
DPP6,0.23447368,0.22082506,0.013648614,,,molecular layer|rest
STMN2,0.28717795,0.2740158,0.013162136,,,molecular layer|rest
YWHAH,0.26759273,0.25544906,0.0121436715,,,molecular layer|rest
RBFOX1,0.2804862,0.26994747,0.010538727,,,molecular layer|rest
INPP5A,0.11504245,0.104747735,0.010294713,,,molecular layer|rest
NDRG4,0.21548977,0.2051958,0.0102939755,,,molecular layer|rest
AUTS2,0.3022792,0.29219046,0.010088742,,,molecular layer|rest
CACNA1A,0.09519356,0.08634859,0.008844964,,,molecular layer|rest
TIAM1,0.09954581,0.09207004,0.0074757636,,,molecular layer|rest
GRIA4,0.15480724,0.14754136,0.0072658807,,,molecular layer|rest
FABP7,0.14674996,0.1395577,0.007192254,,,molecular layer|rest
TRIM9,0.13181669,0.1246453,0.007171385,,,molecular layer|rest
TTYH1,0.081110254,0.074135326,0.006974928,,,molecular layer|rest
FRMD4A,0.26921067,0.26244792,0.006762743,,,molecular layer|rest
CADPS2,0.08228124,0.075808674,0.0064725652,,,molecular layer|rest
KIRREL3,0.13774183,0.131354,0.00638783,,,molecular layer|rest
MTSS1,0.096422896,0.09024258,0.006180316,,,molecular layer|rest
SLC12A5,0.10443591,0.09826552,0.006170392,,,molecular layer|rest
NTM,0.21348883,0.2073842,0.006104633,,,molecular layer|rest
DIP2B,0.08719243,0.081394725,0.0057977065,,,molecular layer|rest
CBLN1,0.08621572,0.08053595,0.0056797713,,,molecular layer|rest
SNCG,0.07567167,0.06999787,0.0056738034,,,molecular layer|rest
KCND2,0.11344438,0.107822545,0.0056218356,,,molecular layer|rest
NEGR1,0.15020789,0.14474747,0.005460426,,,molecular layer|rest
ADGRL3,0.124535434,0.11908886,0.0054465756,,,molecular layer|rest
GABARAPL2,0.16742866,0.1620213,0.005407363,,,molecular layer|rest
NRG1,0.082942255,0.07793177,0.0050104856,,,molecular layer|rest
DLGAP1,0.11631035,0.111506954,0.0048033968,,,molecular layer|rest
UNC5C,0.12130697,0.116514914,0.004792057,,,molecular layer|rest
GNAO1,0.10384884,0.09924892,0.004599914,,,molecular layer|rest
ATP2B2,0.16437072,0.15994993,0.004420787,,,molecular layer|rest
NLGN1,0.22109298,0.21676737,0.0043256134,,,molecular layer|rest
CERK,0.1438893,0.13960712,0.0042821765,,,molecular layer|rest
GAD1,0.19875129,0.19449155,0.0042597353,,,molecular layer|rest
MACROD2,0.1379634,0.13370475,0.0042586476,,,molecular layer|rest
TNK2,0.09820786,0.094152294,0.004055567,,,molecular layer|rest
LSAMP,0.17947602,0.17546374,0.0040122867,,,molecular layer|rest
RGS7,0.09813484,0.09438213,0.0037527084,,,molecular layer|rest
NBEA,0.23770975,0.2339781,0.003731653,,,molecular layer|rest
KAZN,0.096895166,0.09360872,0.0032864437,,,molecular layer|rest
SCN1B,0.16904838,0.1660816,0.0029667765,,,molecular layer|rest
GABBR1,0.11025507,0.10734138,0.002913691,,,molecular layer|rest
KCNMA1,0.11832784,0.11552119,0.0028066486,,,molecular layer|rest
INPP4B,0.11370908,0.1109949,0.0027141795,,,molecular layer|rest
STMN3,0.19393635,0.1913425,0.0025938451,,,molecular layer|rest
ADGRB3,0.1628133,0.16026741,0.0025458932,,,molecular layer|rest
TUBB3,0.14673965,0.14419928,0.0025403649,,,molecular layer|rest
NCAM1,0.11074316,0.10821322,0.002529934,,,molecular layer|rest
ASTN2,0.078308396,0.07582402,0.0024843737,,,molecular layer|rest
SORL1,0.11230583,0.109903,0.0024028271,,,molecular layer|rest
INA,0.092452824,0.09014117,0.0023116544,,,molecular layer|rest
ELMOD1,0.07343135,0.07114101,0.0022903383,,,molecular layer|rest
MADD,0.07839232,0.07612483,0.0022674873,,,molecular layer|rest
THY1,0.09244185,0.09019702,0.0022448301,,,molecular layer|rest
SCN2A,0.07126342,0.069245115,0.0020183027,,,molecular layer|rest
STMN4,0.09975809,0.097777486,0.0019806027,,,molecular layer|rest
ELAVL3,0.08316649,0.08121052,0.0019559711,,,molecular layer|rest
IL1RAPL1,0.10833682,0.10641364,0.0019231811,,,molecular layer|rest
PTPRZ1,0.09612383,0.09426404,0.0018597916,,,molecular layer|rest
CCNI,0.18601866,0.18447459,0.0015440732,,,molecular layer|rest
SPTAN1,0.08335426,0.0818243,0.0015299544,,,molecular layer|rest
EML5,0.091817215,0.090293676,0.0015235394,,,molecular layer|rest
SPOCK1,0.12401326,0.122514635,0.0014986247,,,molecular layer|rest
PRKCE,0.08812485,0.08665729,0.0014675558,,,molecular layer|rest
ARHGAP35,0.09086458,0.08959716,0.0012674183,,,molecular layer|rest
SEZ6L2,0.07637466,0.075179346,0.0011953115,,,molecular layer|rest
DHX30,0.1222094,0.12105256,0.0011568367,,,molecular layer|rest
CAMKK2,0.07656358,0.07541948,0.0011441037,,,molecular layer|rest
ACSL6,0.07368044,0.07262438,0.0010560602,,,molecular layer|rest
NRXN1,0.31203157,0.3110941,0.00093746185,,,molecular layer|rest
SHANK2,0.081300266,0.08040323,0.000897035,,,molecular layer|rest
WWOX,0.10519661,0.10438548,0.0008111298,,,molecular layer|rest
PVALB,0.5528109,0.55202067,0.0007902384,,,molecular layer|rest
ASPH,0.07647903,0.075738356,0.0007406771,,,molecular layer|rest
PDZK1,0.098497614,0.09779986,0.0006977543,,,molecular layer|rest
RIMS1,0.0746246,0.073976785,0.0006478131,,,molecular layer|rest
ESRRG,0.09665462,0.09613804,0.00051657856,,,molecular layer|rest
JMJD1C,0.10697659,0.106616855,0.00035973638,,,molecular layer|rest
GRIA3,0.0754882,0.07524762,0.00024057925,,,molecular layer|rest
KIF1B,0.090070404,0.08985185,0.00021855533,,,molecular layer|rest
ERC1,0.08466605,0.0844857,0.00018034875,,,molecular layer|rest
NKAIN2,0.08983143,0.08967236,0.0001590699,,,molecular layer|rest
SCRN1,0.1408556,0.14074937,0.00010623038,,,molecular layer|rest
GABRA1,0.108831234,0.10883193,-6.92904e-07,,,molecular layer|rest
MAGI2,0.15376377,0.15398072,-0.000216946,,,molecular layer|rest
MORN1,0.06697134,0.06723459,-0.00026325136,,,molecular layer|rest
DNM1,0.14398624,0.14425823,-0.0002719909,,,molecular layer|rest
NFIA,0.080779955,0.081104666,-0.0003247112,,,molecular layer|rest
PPP2R1A,0.109545015,0.109885514,-0.00034049898,,,molecular layer|rest
GAD2,0.083108984,0.083483145,-0.0003741607,,,molecular layer|rest
MAPK9,0.07265418,0.07315181,-0.0004976317,,,molecular layer|rest
TRAPPC9,0.075921535,0.07656487,-0.0006433353,,,molecular layer|rest
SNCB,0.07818558,0.078946576,-0.00076099485,,,molecular layer|rest
KIT,0.090046,0.09086002,-0.0008140132,,,molecular layer|rest
TECR,0.0678271,0.0688126,-0.0009855032,,,molecular layer|rest
RUFY3,0.07044658,0.07154732,-0.0011007413,,,molecular layer|rest
ABAT,0.09266083,0.093798585,-0.0011377558,,,molecular layer|rest
TRIM37,0.07060869,0.07183839,-0.001229696,,,molecular layer|rest
TRIO,0.075580165,0.07681365,-0.0012334883,,,molecular layer|rest
ANK3,0.077226266,0.07846862,-0.0012423545,,,molecular layer|rest
ATP2A2,0.13484213,0.13614124,-0.001299113,,,molecular layer|rest
UBE2K,0.07230878,0.07372064,-0.0014118627,,,molecular layer|rest
MACF1,0.079864465,0.08135392,-0.001489453,,,molecular layer|rest
AP2B1,0.06930675,0.07092804,-0.0016212836,,,molecular layer|rest
ANKS1B,0.22554591,0.2271873,-0.0016413927,,,molecular layer|rest
MLF2,0.08245932,0.08413073,-0.0016714036,,,molecular layer|rest
ENTPD4,0.08725702,0.08905983,-0.0018028095,,,molecular layer|rest
NTRK2,0.11596823,0.117883086,-0.0019148588,,,molecular layer|rest
PSMC5,0.09413911,0.09617463,-0.002035521,,,molecular layer|rest
USP22,0.102817304,0.10488129,-0.0020639822,,,molecular layer|rest
SPOUT1,0.07081745,0.07292225,-0.002104804,,,molecular layer|rest
CCSER1,0.08028912,0.082425065,-0.0021359473,,,molecular layer|rest
CADM2,0.14225978,0.14439759,-0.00213781,,,molecular layer|rest
ZIC1,0.11194116,0.11412246,-0.002181299,,,molecular layer|rest
RAMP1,0.08586448,0.08819773,-0.0023332536,,,molecular layer|rest
SNRPN,0.25460917,0.25696117,-0.0023519993,,,molecular layer|rest
C4orf48,0.06636203,0.0687295,-0.0023674667,,,molecular layer|rest
PBX1,0.08229208,0.08468548,-0.0023934022,,,molecular layer|rest
CRYAB,0.13515858,0.13757446,-0.0024158806,,,molecular layer|rest
DMD,0.07978502,0.0823366,-0.002551578,,,molecular layer|rest
NPDC1,0.07769596,0.08028938,-0.0025934204,,,molecular layer|rest
IQSEC1,0.08887141,0.09146764,-0.0025962293,,,molecular layer|rest
NREP,0.098126024,0.10072879,-0.0026027635,,,molecular layer|rest
NAP1L4,0.07527584,0.07790543,-0.002629593,,,molecular layer|rest
CAMK2D,0.07371234,0.07636492,-0.002652578,,,molecular layer|rest
MPV17L2,0.0847308,0.08746162,-0.002730824,,,molecular layer|rest
CHKA,0.06015709,0.06296416,-0.0028070733,,,molecular layer|rest
GRIA2,0.07023269,0.07309172,-0.0028590336,,,molecular layer|rest
LRP1B,0.11574998,0.11867216,-0.0029221848,,,molecular layer|rest
TUBA4A,0.07993844,0.0828717,-0.0029332563,,,molecular layer|rest
ATP6V1F,0.07730098,0.08024848,-0.0029475018,,,molecular layer|rest
ATP5D,0.11161247,0.11457971,-0.0029672384,,,molecular layer|rest
GNG3,0.07353839,0.07658538,-0.0030469894,,,molecular layer|rest
SYT4,0.071205616,0.07428926,-0.0030836463,,,molecular layer|rest
CAMSAP2,0.07077914,0.0738669,-0.003087759,,,molecular layer|rest
ATP1A1,0.15836057,0.16145174,-0.0030911714,,,molecular layer|rest
TMEM59L,0.11329093,0.11638899,-0.0030980632,,,molecular layer|rest
SYN3,0.08988359,0.09301103,-0.0031274408,,,molecular layer|rest
EIF4G3,0.07955227,0.082698405,-0.0031461343,,,molecular layer|rest
SYN2,0.0991185,0.10226769,-0.003149189,,,molecular layer|rest
GSTM3,0.15402259,0.15739147,-0.0033688843,,,molecular layer|rest
SLC17A7,0.060151502,0.06353006,-0.0033785552,,,molecular layer|rest
ADD1,0.066395946,0.06977522,-0.0033792704,,,molecular layer|rest
SIK3,0.09029738,0.0937279,-0.003430523,,,molecular layer|rest
ASB3,0.07990586,0.08335461,-0.003448747,,,molecular layer|rest
PPP1CC,0.076382786,0.07983381,-0.003451027,,,molecular layer|rest
KANSL1,0.07916483,0.082624465,-0.0034596324,,,molecular layer|rest
ASH1L,0.08882407,0.09233433,-0.003510259,,,molecular layer|rest
EDF1,0.120610744,0.124125734,-0.0035149902,,,molecular layer|rest
SYNE1,0.12834775,0.13197891,-0.0036311597,,,molecular layer|rest
MAPK1,0.06716319,0.070798166,-0.0036349744,,,molecular layer|rest
SLC25A4,0.07047064,0.07412009,-0.0036494508,,,molecular layer|rest
MAP1A,0.10243242,0.10610654,-0.0036741197,,,molecular layer|rest
MYL12A,0.14519492,0.14889845,-0.0037035346,,,molecular layer|rest
SORBS1,0.08254682,0.08626855,-0.003721729,,,molecular layer|rest
DTNA,0.10757898,0.11135731,-0.003778331,,,molecular layer|rest
RERE,0.09687519,0.100674696,-0.0037995055,,,molecular layer|rest
CYFIP2,0.09746194,0.10127446,-0.0038125217,,,molecular layer|rest
YPEL,0.061571147,0.06541454,-0.0038433932,,,molecular layer|rest
MAPRE2,0.07328981,0.07716696,-0.003877148,,,molecular layer|rest
RAPGEF2,0.075646214,0.07954612,-0.003899902,,,molecular layer|rest
CELF2,0.06739873,0.07131278,-0.0039140508,,,molecular layer|rest
BEX2,0.08052555,0.084456556,-0.0039310083,,,molecular layer|rest
CAMTA1,0.12291728,0.12686379,-0.003946513,,,molecular layer|rest
SQSTM1,0.08256143,0.08653388,-0.0039724484,,,molecular layer|rest
KIF5C,0.18459022,0.1886824,-0.0040921867,,,molecular layer|rest
PRDX2,0.09759435,0.101886675,-0.004292324,,,molecular layer|rest
ATRX,0.078506045,0.082838595,-0.00433255,,,molecular layer|rest
SH3GL2,0.11478307,0.11912884,-0.004345767,,,molecular layer|rest
SGK1,0.08265123,0.08700684,-0.0043556094,,,molecular layer|rest
NR2F1,0.08431857,0.08868162,-0.0043630525,,,molecular layer|rest
HECTD1,0.10350424,0.10791518,-0.0044109374,,,molecular layer|rest
PHPT1,0.11569899,0.12017275,-0.0044737533,,,molecular layer|rest
NOP53,0.07614053,0.08071501,-0.0045744777,,,molecular layer|rest
DKK3,0.0660831,0.070684604,-0.004601501,,,molecular layer|rest
AKT3,0.09035175,0.09495473,-0.004602976,,,molecular layer|rest
APBB1,0.07021534,0.07481983,-0.004604496,,,molecular layer|rest
PEA15,0.11052188,0.115283445,-0.0047615618,,,molecular layer|rest
PSMA7,0.08722042,0.09198881,-0.0047683865,,,molecular layer|rest
COG5,0.08224182,0.08702433,-0.004782513,,,molecular layer|rest
SMDT1,0.119453885,0.124299735,-0.00484585,,,molecular layer|rest
BEX1,0.07270102,0.07767831,-0.004977286,,,molecular layer|rest
PRKG1,0.07660945,0.08159295,-0.0049834996,,,molecular layer|rest
NDUFS4,0.08120933,0.086251296,-0.0050419644,,,molecular layer|rest
ATP1A3,0.08655883,0.09166312,-0.0051042885,,,molecular layer|rest
ABI2,0.092981026,0.098093025,-0.005112,,,molecular layer|rest
LRP1,0.0686686,0.07390724,-0.005238645,,,molecular layer|rest
ARL2,0.06881364,0.07417453,-0.005360894,,,molecular layer|rest
PI4KA,0.06635065,0.07172717,-0.005376525,,,molecular layer|rest
PPP1R36,0.057902504,0.06331462,-0.005412113,,,molecular layer|rest
CHD2,0.07227258,0.07776795,-0.005495377,,,molecular layer|rest
GABRG2,0.119001105,0.124564685,-0.0055635795,,,molecular layer|rest
CLASP2,0.07648551,0.08205495,-0.005569443,,,molecular layer|rest
NEFL,0.069133826,0.07471343,-0.0055796057,,,molecular layer|rest
SNTG1,0.09077078,0.09640229,-0.0056315064,,,molecular layer|rest
PTGR1,0.08355724,0.08921634,-0.005659096,,,molecular layer|rest
GDI1,0.07359094,0.07926336,-0.0056724176,,,molecular layer|rest
MAPK10,0.07258756,0.078298435,-0.0057108775,,,molecular layer|rest
NUCKS1,0.12983064,0.13559513,-0.0057644844,,,molecular layer|rest
STXBP1,0.10616564,0.11195009,-0.005784452,,,molecular layer|rest
GPM6B,0.09376571,0.099580124,-0.0058144107,,,molecular layer|rest
ENO2,0.15751866,0.16347891,-0.005960256,,,molecular layer|rest
HNRNPC,0.07195788,0.07792077,-0.0059628934,,,molecular layer|rest
GLUL,0.07647538,0.08244054,-0.0059651583,,,molecular layer|rest
ATP6V0B,0.104237884,0.110237986,-0.0060001016,,,molecular layer|rest
PSMB1,0.1321338,0.1381965,-0.0060627013,,,molecular layer|rest
FOXN2,0.05963627,0.06573851,-0.006102238,,,molecular layer|rest
RAC1,0.08074152,0.08685993,-0.0061184093,,,molecular layer|rest
TCF4,0.15800516,0.16415592,-0.0061507523,,,molecular layer|rest
UQCRC1,0.069502264,0.07570479,-0.0062025264,,,molecular layer|rest
WBP2,0.0682208,0.07444579,-0.00622499,,,molecular layer|rest
XRCC6,0.08500607,0.09124397,-0.0062378943,,,molecular layer|rest
COPG2,0.11653014,0.122772336,-0.0062421933,,,molecular layer|rest
GAP43,0.093665406,0.09991386,-0.006248452,,,molecular layer|rest
EIF3K,0.09154983,0.09782201,-0.006272182,,,molecular layer|rest
EFR3A,0.090439156,0.09679724,-0.006358087,,,molecular layer|rest
LRRTM4,0.09928557,0.10571285,-0.0064272806,,,molecular layer|rest
DST,0.08327033,0.08973431,-0.0064639747,,,molecular layer|rest
VDAC2,0.07348379,0.08006956,-0.0065857694,,,molecular layer|rest
SMIM13,0.076397695,0.082988665,-0.00659097,,,molecular layer|rest
GNB1,0.0709395,0.077574894,-0.00663539,,,molecular layer|rest
GTF2I,0.08299739,0.08963736,-0.0066399723,,,molecular layer|rest
RAB6B,0.0733049,0.07995657,-0.0066516697,,,molecular layer|rest
MTCH1,0.10697363,0.11364404,-0.006670408,,,molecular layer|rest
NSF,0.11560654,0.12230384,-0.0066973045,,,molecular layer|rest
NDUFAB1,0.10344357,0.11027225,-0.0068286806,,,molecular layer|rest
YWHAB,0.17372477,0.18062842,-0.0069036484,,,molecular layer|rest
CFDP1,0.08172395,0.08862781,-0.006903857,,,molecular layer|rest
NDUFS7,0.1035625,0.11050275,-0.006940253,,,molecular layer|rest
NDUFC2,0.07491603,0.08204501,-0.0071289837,,,molecular layer|rest
AP2M1,0.08522497,0.09246309,-0.00723812,,,molecular layer|rest
TSPAN3,0.08932455,0.09662944,-0.007304892,,,molecular layer|rest
RAN,0.07797265,0.085290834,-0.007318184,,,molecular layer|rest
NDUFA12,0.09341965,0.10085355,-0.0074338987,,,molecular layer|rest
PAFAH1B1,0.09269588,0.100262895,-0.0075670183,,,molecular layer|rest
FCHSD2,0.06751034,0.07508034,-0.007570006,,,molecular layer|rest
PINK1,0.083364055,0.090957865,-0.0075938106,,,molecular layer|rest
ATP8,0.06034859,0.06796338,-0.0076147877,,,molecular layer|rest
PPA1,0.06905089,0.07678875,-0.00773786,,,molecular layer|rest
NDUFB6,0.07300508,0.08077882,-0.007773742,,,molecular layer|rest
PLCB1,0.07545718,0.08335254,-0.007895365,,,molecular layer|rest
SULT4A1,0.062099695,0.07002708,-0.007927388,,,molecular layer|rest
NDUFA7,0.07998332,0.08791686,-0.007933542,,,molecular layer|rest
ATP5G3,0.07333024,0.08127523,-0.007944994,,,molecular layer|rest
DBI,0.12313715,0.13121133,-0.008074172,,,molecular layer|rest
PEBP1,0.5366081,0.5446923,-0.008084178,,,molecular layer|rest
GADD45GIP1,0.07898966,0.087089665,-0.008100003,,,molecular layer|rest
ITM2B,0.31805956,0.32635874,-0.008299172,,,molecular layer|rest
DDX17,0.108300224,0.11662424,-0.00832402,,,molecular layer|rest
DGKB,0.0833397,0.091695346,-0.008355647,,,molecular layer|rest
ZFAND5,0.071555704,0.07996306,-0.008407354,,,molecular layer|rest
SON,0.07002455,0.07844275,-0.008418202,,,molecular layer|rest
NAA38,0.07409024,0.08253416,-0.008443914,,,molecular layer|rest
TMEM50B,0.06185697,0.07039858,-0.008541606,,,molecular layer|rest
UCHL1,0.17561288,0.18420139,-0.008588508,,,molecular layer|rest
SNX3,0.08111182,0.089716114,-0.008604296,,,molecular layer|rest
SOD2,0.0688377,0.077456445,-0.008618742,,,molecular layer|rest
QDPR,0.08032548,0.08898056,-0.008655086,,,molecular layer|rest
PLEKHB1,0.07218742,0.08088256,-0.008695133,,,molecular layer|rest
SRP14,0.06611223,0.07482398,-0.008711755,,,molecular layer|rest
TMA7,0.06591803,0.07467123,-0.008753203,,,molecular layer|rest
CHGB,0.17969973,0.18850213,-0.008802399,,,molecular layer|rest
MRPL53,0.078891195,0.08781082,-0.0089196265,,,molecular layer|rest
KIF5A,0.09189181,0.10081416,-0.008922353,,,molecular layer|rest
NAPB,0.1051986,0.114133544,-0.008934945,,,molecular layer|rest
MAGED1,0.07884529,0.087792225,-0.008946933,,,molecular layer|rest
NDFIP1,0.07585661,0.08483671,-0.008980095,,,molecular layer|rest
PCDH9,0.1439192,0.15301198,-0.009092778,,,molecular layer|rest
SEC62,0.11660851,0.1258007,-0.009192191,,,molecular layer|rest
COX17,0.08292514,0.09217937,-0.009254232,,,molecular layer|rest
UQCRB,0.069070734,0.07838288,-0.009312145,,,molecular layer|rest
ATP6AP1,0.074205,0.08355336,-0.009348355,,,molecular layer|rest
CPLX1,0.09578038,0.10513092,-0.009350538,,,molecular layer|rest
CYC1,0.11574697,0.1251511,-0.00940413,,,molecular layer|rest
NDUFA8,0.07767031,0.087109745,-0.009439431,,,molecular layer|rest
VPS28,0.06929499,0.07881374,-0.00951875,,,molecular layer|rest
ALMS1,0.08726625,0.09681024,-0.009543985,,,molecular layer|rest
H2AFZ,0.07049587,0.08005284,-0.009556964,,,molecular layer|rest
ATP6V0A1,0.07008227,0.07965616,-0.009573892,,,molecular layer|rest
DPYSL2,0.14354546,0.1531507,-0.009605229,,,molecular layer|rest
NDUFB7,0.11409679,0.12374734,-0.009650551,,,molecular layer|rest
DYNLRB1,0.08622692,0.095912434,-0.009685516,,,molecular layer|rest
CNTN1,0.085624784,0.09543837,-0.009813584,,,molecular layer|rest
ENO1,0.17659241,0.18641755,-0.00982514,,,molecular layer|rest
RNF11,0.06825735,0.07838307,-0.010125726,,,molecular layer|rest
HNRNPDL,0.08503299,0.09517447,-0.010141477,,,molecular layer|rest
CSDE1,0.07475432,0.084910564,-0.010156244,,,molecular layer|rest
MGST3,0.10805665,0.11832431,-0.01026766,,,molecular layer|rest
CANX,0.06878888,0.0791372,-0.01034832,,,molecular layer|rest
SEPT5,0.103082106,0.113440216,-0.01035811,,,molecular layer|rest
PTPRG,0.073112935,0.08353032,-0.010417387,,,molecular layer|rest
NCKAP1,0.08009253,0.09052434,-0.010431811,,,molecular layer|rest
DSTN,0.09948633,0.10994584,-0.0104595125,,,molecular layer|rest
ATP5A1,0.16726382,0.17772669,-0.010462865,,,molecular layer|rest
FARP2,0.07231533,0.08279399,-0.01047866,,,molecular layer|rest
CIRBP,0.13249095,0.14298068,-0.010489732,,,molecular layer|rest
PLD3,0.06679753,0.07735346,-0.01055593,,,molecular layer|rest
GOLGA1,0.063067034,0.073640816,-0.010573782,,,molecular layer|rest
PRKACB,0.08291122,0.09368509,-0.010773867,,,molecular layer|rest
NDUFA2,0.11159474,0.122401,-0.0108062625,,,molecular layer|rest
SNRPD2,0.082651086,0.093460485,-0.010809399,,,molecular layer|rest
MAP1B,0.2216288,0.2325462,-0.010917395,,,molecular layer|rest
UBE2D3,0.07338737,0.084410965,-0.011023596,,,molecular layer|rest
NFS1,0.060520176,0.071556754,-0.011036579,,,molecular layer|rest
SUB1,0.08937039,0.10045301,-0.011082619,,,molecular layer|rest
YWHAE,0.18674476,0.19783801,-0.011093244,,,molecular layer|rest
NDUFA11,0.1103289,0.12145215,-0.011123255,,,molecular layer|rest
ATP2B1,0.06869833,0.07984945,-0.01115112,,,molecular layer|rest
PJA2,0.09575074,0.10692426,-0.0111735165,,,molecular layer|rest
MAP2,0.09913954,0.110456005,-0.011316463,,,molecular layer|rest
ROBO2,0.0877686,0.099203385,-0.011434786,,,molecular layer|rest
ALKBH5,0.12620579,0.13764481,-0.011439025,,,molecular layer|rest
CSMD1,0.42256978,0.43401778,-0.011447996,,,molecular layer|rest
SOD1,0.09397409,0.10543262,-0.011458531,,,molecular layer|rest
POLDIP3,0.07009908,0.0816051,-0.011506021,,,molecular layer|rest
ATP6V1E1,0.086953245,0.09852166,-0.011568412,,,molecular layer|rest
EIF4G2,0.06390657,0.07559605,-0.011689477,,,molecular layer|rest
SEC61G,0.072009176,0.08388929,-0.011880115,,,molecular layer|rest
FAM107A,0.20082034,0.21281423,-0.011993885,,,molecular layer|rest
RPL5,0.063451715,0.075501494,-0.012049779,,,molecular layer|rest
SPTBN1,0.12803988,0.14018059,-0.012140706,,,molecular layer|rest
PARK7,0.12379501,0.13594587,-0.012150861,,,molecular layer|rest
ELOB,0.14843564,0.16061015,-0.012174517,,,molecular layer|rest
CLTA,0.08101279,0.09324208,-0.012229286,,,molecular layer|rest
HYPK,0.0698569,0.08209463,-0.012237735,,,molecular layer|rest
ATPIF1,0.2496776,0.26194337,-0.012265772,,,molecular layer|rest
MCU,0.06894581,0.081232555,-0.012286745,,,molecular layer|rest
PDE4D,0.08018353,0.09251906,-0.012335531,,,molecular layer|rest
CHIC2,0.07027804,0.08269614,-0.012418099,,,molecular layer|rest
NME7,0.12778115,0.14023793,-0.012456775,,,molecular layer|rest
RPL19,0.07816302,0.090672866,-0.012509845,,,molecular layer|rest
ATOX1,0.07146077,0.083994836,-0.012534067,,,molecular layer|rest
DENND5B,0.21193996,0.22471496,-0.012775004,,,molecular layer|rest
SNU13,0.16982715,0.18262266,-0.012795508,,,molecular layer|rest
FEZ1,0.07614445,0.08904214,-0.012897693,,,molecular layer|rest
RPS24,0.11605506,0.12922561,-0.013170555,,,molecular layer|rest
CFL1,0.1631428,0.1763211,-0.013178304,,,molecular layer|rest
CTSD,0.091744624,0.104943454,-0.01319883,,,molecular layer|rest
CALM3,0.14228721,0.15554962,-0.013262406,,,molecular layer|rest
SHC4,0.08921315,0.10273515,-0.013521999,,,molecular layer|rest
GALNTL6,0.14071026,0.1545227,-0.013812438,,,molecular layer|rest
NPTN,0.13225405,0.14607812,-0.013824075,,,molecular layer|rest
HNRNPK,0.099970035,0.11382402,-0.013853982,,,molecular layer|rest
DDX5,0.08120371,0.09510031,-0.013896607,,,molecular layer|rest
TTC28,0.06859546,0.082536995,-0.013941534,,,molecular layer|rest
CKB,0.80855477,0.8225548,-0.014000058,,,molecular layer|rest
PPP3CA,0.18230793,0.19639447,-0.0140865445,,,molecular layer|rest
ZFPM2,0.16720788,0.18132327,-0.014115393,,,molecular layer|rest
PPP1CB,0.07974302,0.09386666,-0.014123641,,,molecular layer|rest
MRPL20,0.08371714,0.09786388,-0.014146745,,,molecular layer|rest
CNN3,0.10814063,0.12231114,-0.014170505,,,molecular layer|rest
PGK1,0.086511634,0.1007594,-0.014247768,,,molecular layer|rest
COX6B1,0.19053425,0.2049314,-0.014397144,,,molecular layer|rest
NDRG2,0.7632185,0.7777679,-0.014549375,,,molecular layer|rest
MDH1,0.23418358,0.24881436,-0.01463078,,,molecular layer|rest
RBX1,0.11813176,0.13277929,-0.0146475285,,,molecular layer|rest
CALR,0.09828847,0.11311311,-0.014824644,,,molecular layer|rest
TAGLN3,0.08145175,0.09656289,-0.015111141,,,molecular layer|rest
BEX3,0.0976511,0.11285191,-0.015200809,,,molecular layer|rest
NDUFB4,0.20301138,0.21824357,-0.0152321905,,,molecular layer|rest
MORF4L1,0.07849383,0.09372765,-0.015233815,,,molecular layer|rest
HMGB1,0.10745874,0.12275838,-0.015299641,,,molecular layer|rest
CAPS2,0.113394774,0.12871735,-0.0153225735,,,molecular layer|rest
SPARCL1,0.22838405,0.24372059,-0.015336543,,,molecular layer|rest
RHOA,0.06326019,0.078702085,-0.0154418945,,,molecular layer|rest
WDR62,0.08792179,0.1034287,-0.015506908,,,molecular layer|rest
FIS1,0.1021185,0.11768458,-0.015566081,,,molecular layer|rest
FAM166A,0.084490605,0.1003131,-0.015822493,,,molecular layer|rest
NDUFS5,0.16706279,0.18315646,-0.016093671,,,molecular layer|rest
PREPL,0.11272368,0.12882803,-0.016104355,,,molecular layer|rest
BPHL,0.23507565,0.25128934,-0.016213685,,,molecular layer|rest
CD59,0.08471705,0.1009809,-0.01626385,,,molecular layer|rest
IRAK2,0.06284177,0.07922669,-0.016384915,,,molecular layer|rest
USMG5,0.15462336,0.17105241,-0.016429052,,,molecular layer|rest
EIF1,0.33470124,0.35133937,-0.01663813,,,molecular layer|rest
OLFM1,0.10865698,0.12532398,-0.016667001,,,molecular layer|rest
SLIRP,0.11311459,0.12995711,-0.016842522,,,molecular layer|rest
SPARC,0.09595863,0.11294359,-0.016984962,,,molecular layer|rest
NDUFC1,0.10698185,0.124092385,-0.017110534,,,molecular layer|rest
MAP4K3,0.07114785,0.08835895,-0.017211102,,,molecular layer|rest
ATP5J,0.166863,0.18408054,-0.017217547,,,molecular layer|rest
ATP5G2,0.13797174,0.15531807,-0.017346323,,,molecular layer|rest
FAM13A,0.075338334,0.09331982,-0.017981485,,,molecular layer|rest
TUBA3E,0.21132173,0.22932886,-0.01800713,,,molecular layer|rest
NDUFB10,0.14738587,0.16542439,-0.018038526,,,molecular layer|rest
RPL32,0.09745277,0.11552994,-0.018077172,,,molecular layer|rest
RTN3,0.17070965,0.18886402,-0.018154368,,,molecular layer|rest
ATP5I,0.2727953,0.29095784,-0.018162549,,,molecular layer|rest
RPS26,0.0831132,0.10134342,-0.018230222,,,molecular layer|rest
SERINC1,0.20321375,0.22145337,-0.018239617,,,molecular layer|rest
CALM2,0.5016463,0.5199027,-0.018256426,,,molecular layer|rest
DYM,0.07441667,0.09272131,-0.018304646,,,molecular layer|rest
RTN1,0.20044096,0.21891443,-0.018473476,,,molecular layer|rest
HNRNPA2B1,0.11049906,0.12907593,-0.018576868,,,molecular layer|rest
PFDN5,0.14274436,0.16135839,-0.018614024,,,molecular layer|rest
NUDT3,0.14675926,0.16565171,-0.018892452,,,molecular layer|rest
NDUFB9,0.19917248,0.21831013,-0.01913765,,,molecular layer|rest
NCOR1,0.095854566,0.115238,-0.019383438,,,molecular layer|rest
FSIP1,0.10969307,0.12918904,-0.019495972,,,molecular layer|rest
CHP1,0.11509982,0.13472083,-0.019621015,,,molecular layer|rest
APP,0.1795367,0.1991937,-0.019657,,,molecular layer|rest
RPL15,0.098790206,0.118455134,-0.019664928,,,molecular layer|rest
ATP5O,0.19029412,0.21018627,-0.019892156,,,molecular layer|rest
SETBP1,0.082945876,0.10296489,-0.020019017,,,molecular layer|rest
CLU,0.25801173,0.27835608,-0.020344347,,,molecular layer|rest
RPL4,0.10602508,0.12653543,-0.020510353,,,molecular layer|rest
RPS10,0.23252417,0.25307393,-0.02054976,,,molecular layer|rest
HSP90B1,0.10160505,0.12221428,-0.02060923,,,molecular layer|rest
CD81,0.3293645,0.35004395,-0.020679444,,,molecular layer|rest
RPL24,0.10684292,0.12753588,-0.02069296,,,molecular layer|rest
MT2,0.22833742,0.24904637,-0.020708948,,,molecular layer|rest
TUBB4B,0.080598086,0.10133416,-0.020736076,,,molecular layer|rest
CHN1,0.12918597,0.15012118,-0.020935208,,,molecular layer|rest
RACK1,0.1383051,0.15935032,-0.021045223,,,molecular layer|rest
GABARAP,0.09710818,0.11817072,-0.021062545,,,molecular layer|rest
RPLP0,0.120222524,0.14131217,-0.021089643,,,molecular layer|rest
COX7B,0.1989174,0.22004335,-0.021125942,,,molecular layer|rest
UQCRQ,0.17769302,0.19894184,-0.021248817,,,molecular layer|rest
FERMT2,0.117466755,0.1387244,-0.021257646,,,molecular layer|rest
CAMK2N1,0.15340923,0.17476144,-0.021352217,,,molecular layer|rest
SYT1,0.15683503,0.1784419,-0.021606863,,,molecular layer|rest
RPS4X,0.105365425,0.12704587,-0.021680444,,,molecular layer|rest
YWHAG,0.14453508,0.1662908,-0.021755725,,,molecular layer|rest
ND6,0.21456435,0.2363579,-0.021793544,,,molecular layer|rest
SLC25A3,0.112191826,0.1344096,-0.02221778,,,molecular layer|rest
RPL10A,0.0877327,0.11011309,-0.02238039,,,molecular layer|rest
TUBB,0.101886116,0.12432944,-0.022443324,,,molecular layer|rest
PTN,0.08807961,0.1105461,-0.022466488,,,molecular layer|rest
NDUFA1,0.17311792,0.19562778,-0.022509858,,,molecular layer|rest
GRTP1,0.12782791,0.15035483,-0.02252692,,,molecular layer|rest
GNAS,0.19983426,0.22248839,-0.022654131,,,molecular layer|rest
RCHY1,0.13979253,0.16247217,-0.022679642,,,molecular layer|rest
ND4L,0.17159747,0.19481678,-0.023219317,,,molecular layer|rest
ROMO1,0.106278494,0.12965328,-0.023374781,,,molecular layer|rest
SMARCC2,0.13866231,0.1623441,-0.02368179,,,molecular layer|rest
TSPAN7,0.18831553,0.21212879,-0.023813263,,,molecular layer|rest
ARHGAP32,0.2503949,0.27433237,-0.023937464,,,molecular layer|rest
ATP1A4,0.149798,0.17377114,-0.023973137,,,molecular layer|rest
PSAP,0.2720261,0.2960251,-0.023999006,,,molecular layer|rest
RPL37,0.13670099,0.16076781,-0.02406682,,,molecular layer|rest
VSNL1,0.11314587,0.13743243,-0.024286553,,,molecular layer|rest
GAPDH,0.2695299,0.29384804,-0.024318129,,,molecular layer|rest
RPL11,0.15028507,0.17468336,-0.024398297,,,molecular layer|rest
RPL8,0.18161362,0.2062296,-0.024615973,,,molecular layer|rest
UBL5,0.13961333,0.16457134,-0.024958014,,,molecular layer|rest
RTN4,0.16953519,0.19466272,-0.02512753,,,molecular layer|rest
RPL7,0.16187145,0.18710308,-0.02523163,,,molecular layer|rest
ATP1B1,0.4272231,0.4528195,-0.02559641,,,molecular layer|rest
RPS11,0.14663552,0.17231065,-0.025675133,,,molecular layer|rest
PLP1,0.19542673,0.22133444,-0.02590771,,,molecular layer|rest
ATP6V0C,0.18983771,0.21577938,-0.02594167,,,molecular layer|rest
RPS2,0.081654035,0.10777468,-0.026120648,,,molecular layer|rest
RPS3A,0.08664722,0.11296793,-0.02632071,,,molecular layer|rest
CST3,0.28033108,0.30702963,-0.02669856,,,molecular layer|rest
COX6A1,0.23131165,0.25819266,-0.02688101,,,molecular layer|rest
HSPA8,0.35286844,0.38007548,-0.027207047,,,molecular layer|rest
COMMD1,0.23796017,0.26561186,-0.027651682,,,molecular layer|rest
RPL22,0.12514548,0.15281352,-0.027668044,,,molecular layer|rest
HSP90AA1,0.33957896,0.36772633,-0.02814737,,,molecular layer|rest
DYNLL1,0.13681388,0.1658684,-0.029054523,,,molecular layer|rest
RPL34,0.16515152,0.19427142,-0.029119894,,,molecular layer|rest
RPS29,0.13841057,0.16786529,-0.029454723,,,molecular layer|rest
GPM6A,0.3008951,0.3309732,-0.030078113,,,molecular layer|rest
C12orf57,0.2591174,0.28920045,-0.03008306,,,molecular layer|rest
RPL3,0.20870991,0.23882502,-0.030115113,,,molecular layer|rest
RPS7,0.2440568,0.2742352,-0.030178383,,,molecular layer|rest
TSC22D1,0.16208054,0.19253987,-0.03045933,,,molecular layer|rest
EIF4A2,0.26115793,0.291714,-0.030556083,,,molecular layer|rest
RPS25,0.11893325,0.14997594,-0.031042688,,,molecular layer|rest
RPS9,0.20217228,0.23341835,-0.031246066,,,molecular layer|rest
RPL27,0.17596518,0.20735039,-0.031385213,,,molecular layer|rest
PRDX5,0.33928147,0.37083623,-0.03155476,,,molecular layer|rest
SERTAD2,0.11677237,0.14835095,-0.031578586,,,molecular layer|rest
ACTB,0.08343954,0.11508661,-0.03164707,,,molecular layer|rest
GFAP,0.13791081,0.16977595,-0.031865135,,,molecular layer|rest
COX8A,0.36031082,0.3929025,-0.03259167,,,molecular layer|rest
ACTG1,0.20468935,0.23735121,-0.032661855,,,molecular layer|rest
RPS20,0.11300061,0.14575832,-0.032757707,,,molecular layer|rest
RPSA,0.13627718,0.16937271,-0.033095524,,,molecular layer|rest
NDUFB2,0.3179458,0.35139844,-0.03345263,,,molecular layer|rest
MINOS1,0.23243295,0.26684728,-0.034414336,,,molecular layer|rest
RPS17,0.15348054,0.18820412,-0.03472358,,,molecular layer|rest
RPL7A,0.11224923,0.14752424,-0.035275005,,,molecular layer|rest
FTH1,0.14020424,0.17552935,-0.03532511,,,molecular layer|rest
CPE,0.35364768,0.39035037,-0.036702693,,,molecular layer|rest
FAU,0.35101584,0.38784647,-0.036830634,,,molecular layer|rest
EEF1A1,0.05814755,0.09521585,-0.0370683,,,molecular layer|rest
RPL31,0.16415554,0.20225191,-0.03809637,,,molecular layer|rest
SNAP25,0.56276673,0.6022087,-0.039441943,,,molecular layer|rest
FTL,0.26251265,0.303274,-0.04076135,,,molecular layer|rest
RPL18A,0.11640264,0.15721226,-0.040809616,,,molecular layer|rest
RPS16,0.17182826,0.21293096,-0.041102707,,,molecular layer|rest
RPS23,0.20484225,0.24603294,-0.041190684,,,molecular layer|rest
MBP,0.37077403,0.41273594,-0.04196191,,,molecular layer|rest
RPL27A,0.21443021,0.25642192,-0.04199171,,,molecular layer|rest
GSTP1,0.11275237,0.15500562,-0.04225325,,,molecular layer|rest
METAP1,0.27725065,0.31982616,-0.04257551,,,molecular layer|rest
COX7C,0.21124706,0.25588465,-0.04463759,,,molecular layer|rest
RPL18,0.30660388,0.35161856,-0.04501468,,,molecular layer|rest
RPL10,0.1688861,0.21398109,-0.045094997,,,molecular layer|rest
CDR1,0.39819828,0.443904,-0.045705736,,,molecular layer|rest
TMSB10,0.17448564,0.22038949,-0.045903847,,,molecular layer|rest
RPL35,0.22745295,0.2736686,-0.04621564,,,molecular layer|rest
NME1-NME2,0.25105065,0.29758373,-0.046533078,,,molecular layer|rest
NDUFA4,0.31126982,0.35781607,-0.04654625,,,molecular layer|rest
SLC22A17,0.25535864,0.30201912,-0.046660483,,,molecular layer|rest
TUBA1B,0.5134707,0.56047636,-0.047005653,,,molecular layer|rest
UBB,0.37616104,0.42435557,-0.048194528,,,molecular layer|rest
RPS21,0.33073044,0.37974352,-0.04901308,,,molecular layer|rest
RPL23,0.20221263,0.25141704,-0.04920441,,,molecular layer|rest
STMN1,0.2428036,0.29266974,-0.04986614,,,molecular layer|rest
HLA-E,0.14933424,0.20041037,-0.05107613,,,molecular layer|rest
RPS8,0.2599416,0.31104717,-0.05110556,,,molecular layer|rest
RPS6,0.15950945,0.21194282,-0.05243337,,,molecular layer|rest
RPS15,0.41136074,0.4647208,-0.053360045,,,molecular layer|rest
RPLP2,0.2229562,0.27983788,-0.05688168,,,molecular layer|rest
ND5,0.51469594,0.5717678,-0.057071865,,,molecular layer|rest
DLG2,0.26025328,0.32267445,-0.062421173,,,molecular layer|rest
GALNT12,0.31434345,0.37743133,-0.06308788,,,molecular layer|rest
Hsp90ab1,0.46665326,0.5299499,-0.063296646,,,molecular layer|rest
SLC24A3,0.32232857,0.38727695,-0.06494838,,,molecular layer|rest
TPT1,0.21156764,0.2773423,-0.06577465,,,molecular layer|rest
RPL9,0.2820329,0.3501481,-0.068115205,,,molecular layer|rest
RPS19,0.35866532,0.42835772,-0.0696924,,,molecular layer|rest
RPL30,0.45025855,0.5256707,-0.075412154,,,molecular layer|rest
CYTB,0.96954376,1.0452101,-0.07566637,,,molecular layer|rest
COX1,0.6470176,0.72558475,-0.07856715,,,molecular layer|rest
RPL41,0.42888913,0.5275838,-0.09869465,,,molecular layer|rest
PTGDS,0.1955579,0.33402857,-0.13847066,,,molecular layer|rest
ND2,1.5566552,1.716873,-0.16021788,,,molecular layer|rest
COX2,2.819739,2.9882727,-0.16853356,,,molecular layer|rest
ND1,1.7788796,1.9778857,-0.19900608,0.05472636815920398,0.03444197398928594,molecular layer|rest
ND3,1.0356472,1.2713231,-0.23567593,0.48756218905472637,0.020794954278242555,molecular layer|rest
ND4,3.637377,3.898318,-0.26094103,0.2537313432835821,0.0721701927838204,molecular layer|rest
ATP6,5.0793343,5.400121,-0.32078695,0.5621890547263682,0.10522883554054101,molecular layer|rest
COX3,9.1888485,10.371604,-1.1827555,0.8656716417910447,0.16404620046315563,molecular layer|rest
TTR,0.1340492,2.4061623,-2.272113,0.004975124378109453,0.33653269742806385,molecular layer|rest
KCNIP4,4.4075212,4.3261485,0.08137274,0.22885572139303484,0.04422821714330018,granular layer|rest
RBFOX1,3.7303543,3.686724,0.04363036,0.34328358208955223,0.042695943101351296,granular layer|rest
ZNF804B,0.4896581,0.46158835,0.028069735,0.13432835820895522,0.008982237267293799,granular layer|rest
FGF14,1.5466839,1.5200027,0.026681185,0.4129353233830846,0.016621957908650294,granular layer|rest
TRPM3,0.49356312,0.4739081,0.019655019,0.681592039800995,0.006804556122096883,granular layer|rest
PDE3A,0.25410467,0.24102493,0.013079748,0.3283582089552239,0.0032224394995609253,granular layer|rest
PDE4B,0.1743732,0.16306823,0.01130496,,,granular layer|rest
LHFPL6,0.65918416,0.6505279,0.008656263,,,granular layer|rest
CADPS2,1.3849312,1.3776429,0.0072883368,,,granular layer|rest
SDHAF3,0.12728739,0.121263005,0.006024383,,,granular layer|rest
SGCZ,0.31221372,0.30656287,0.005650848,,,granular layer|rest
CAMK4,0.49942,0.49510098,0.004319012,,,granular layer|rest
NEBL,0.35136673,0.34765175,0.0037149787,,,granular layer|rest
PPDPF,0.11256304,0.109535,0.0030280352,,,granular layer|rest
CA10,0.59071445,0.5877314,0.0029830337,,,granular layer|rest
PPP1R35,0.11429232,0.11138329,0.0029090345,,,granular layer|rest
SLC35F4,0.17529604,0.17241766,0.0028783828,,,granular layer|rest
PDE3B,0.11690956,0.11403636,0.0028732046,,,granular layer|rest
SLCO3A1,0.13252191,0.1298015,0.0027204156,,,granular layer|rest
SRSF11,0.1051186,0.10265001,0.0024685934,,,granular layer|rest
SPON1,0.11280397,0.11080716,0.0019968152,,,granular layer|rest
KCNIP1,0.08910111,0.087115884,0.0019852296,,,granular layer|rest
OLFM3,0.33889997,0.3372028,0.0016971827,,,granular layer|rest
NPR1,0.08628627,0.08461777,0.0016684979,,,granular layer|rest
C3orf14,0.11036535,0.108716235,0.001649119,,,granular layer|rest
RGS7,0.38715264,0.38574705,0.0014055967,,,granular layer|rest
CACNB4,0.28999025,0.28880402,0.0011862218,,,granular layer|rest
STON2,0.06366602,0.062479816,0.0011862069,,,granular layer|rest
TRHDE,0.1674032,0.16647027,0.0009329319,,,granular layer|rest
C6orf48,0.13797891,0.1372051,0.0007738173,,,granular layer|rest
PPP1R14A,0.13624586,0.13552,0.00072586536,,,granular layer|rest
DCTN3,0.115796275,0.115346946,0.00044932961,,,granular layer|rest
ARFGEF3,0.085667446,0.085255444,0.0004120022,,,granular layer|rest
SRRM4,0.09798419,0.097584054,0.00040013343,,,granular layer|rest
TTLL11,0.10014576,0.099805556,0.00034020096,,,granular layer|rest
NETO2,0.21312232,0.21285589,0.00026643276,,,granular layer|rest
TSPAN5,0.16326272,0.16305448,0.00020824373,,,granular layer|rest
ABLIM1,0.34386194,0.3437034,0.00015854836,,,granular layer|rest
ZFAND3,0.09437647,0.09423562,0.00014084578,,,granular layer|rest
UCK1,0.12645578,0.1263281,0.00012768805,,,granular layer|rest
DDAH1,0.11342584,0.11334958,7.626414e-05,,,granular layer|rest
RNF144A,0.08528185,0.08531583,-3.3982098e-05,,,granular layer|rest
PPM1H,0.1364857,0.13658395,-9.825826e-05,,,granular layer|rest
CCDC59,0.0984219,0.098634705,-0.00021280348,,,granular layer|rest
GABRB3,0.084148385,0.08440661,-0.00025822222,,,granular layer|rest
CHN2,0.5216583,0.5219458,-0.0002874732,,,granular layer|rest
UCHL3,0.08374371,0.08407577,-0.00033206493,,,granular layer|rest
KCNK10,0.095610544,0.095983356,-0.00037281215,,,granular layer|rest
GPR158,0.24302797,0.24349922,-0.00047124922,,,granular layer|rest
GRK4,0.0761874,0.07668118,-0.0004937798,,,granular layer|rest
FOXN3,0.29518425,0.2956792,-0.00049495697,,,granular layer|rest
EPHB1,0.21976463,0.22028363,-0.00051899254,,,granular layer|rest
C1orf21,0.08285571,0.08346857,-0.0006128624,,,granular layer|rest
ZNF385D,0.25680003,0.25746816,-0.00066813827,,,granular layer|rest
UNC79,0.15822661,0.15890384,-0.000677228,,,granular layer|rest
PCBD1,0.14503507,0.14578384,-0.00074876845,,,granular layer|rest
NTRK3,0.13901064,0.1398389,-0.00082826614,,,granular layer|rest
CYSTM1,0.12025949,0.12118685,-0.00092735887,,,granular layer|rest
DAB1,0.09830602,0.099276476,-0.000970453,,,granular layer|rest
RASGRF1,0.07745994,0.07847318,-0.0010132417,,,granular layer|rest
NFIB,0.10246757,0.103522226,-0.0010546595,,,granular layer|rest
SVOP,0.08779807,0.08885706,-0.0010589957,,,granular layer|rest
RANBP17,0.085424624,0.0866634,-0.0012387782,,,granular layer|rest
UBASH3B,0.15320833,0.15447687,-0.0012685359,,,granular layer|rest
TRPM7,0.12074063,0.12202101,-0.0012803823,,,granular layer|rest
DHX29,0.07975576,0.081038475,-0.0012827143,,,granular layer|rest
FGF12,0.45528182,0.4565784,-0.0012965798,,,granular layer|rest
KCNJ6,0.0838733,0.08517611,-0.0013028085,,,granular layer|rest
RNF7,0.11582066,0.11715587,-0.0013352111,,,granular layer|rest
LIMA1,0.19124587,0.19263728,-0.0013914108,,,granular layer|rest
MCF2L2,0.13941985,0.14082761,-0.0014077574,,,granular layer|rest
CDKAL1,0.12351391,0.12492819,-0.0014142841,,,granular layer|rest
GRIN2A,0.17234536,0.17379728,-0.0014519244,,,granular layer|rest
ULK4,0.09880985,0.100293234,-0.0014833808,,,granular layer|rest
H2AFV,0.2632885,0.26478568,-0.0014971793,,,granular layer|rest
ADAM10,0.15446617,0.15596394,-0.0014977753,,,granular layer|rest
PTPMT1,0.103712454,0.105257265,-0.0015448108,,,granular layer|rest
ABL2,0.07694202,0.07849046,-0.0015484393,,,granular layer|rest
SYT14,0.17289892,0.17445287,-0.0015539527,,,granular layer|rest
ELP4,0.13660026,0.13815975,-0.0015594959,,,granular layer|rest
GSK3B,0.108044915,0.109636575,-0.0015916601,,,granular layer|rest
RNPC3,0.07878421,0.080393985,-0.0016097724,,,granular layer|rest
C15orf61,0.14663067,0.14824288,-0.0016122013,,,granular layer|rest
PDE10A,0.24661466,0.24823567,-0.0016210079,,,granular layer|rest
RAP1B,0.10850111,0.11015639,-0.0016552806,,,granular layer|rest
SLC35F3,0.42835042,0.43007386,-0.0017234385,,,granular layer|rest
KIAA1456,0.16525267,0.16698018,-0.0017275065,,,granular layer|rest
RANBP3,0.07478083,0.07654766,-0.0017668307,,,granular layer|rest
ADAM22,0.14954183,0.1513555,-0.0018136799,,,granular layer|rest
MBNL2,0.10919274,0.111021236,-0.0018284991,,,granular layer|rest
TIMM23,0.09633093,0.09817084,-0.001839906,,,granular layer|rest
IFT122,0.07494272,0.07679346,-0.0018507391,,,granular layer|rest
POU2F1,0.10312516,0.10499822,-0.0018730611,,,granular layer|rest
GALNT13,0.29985476,0.30178678,-0.001932025,,,granular layer|rest
TBC1D1,0.07948212,0.081416465,-0.0019343421,,,granular layer|rest
LAMA5,0.10618941,0.10814887,-0.0019594654,,,granular layer|rest
NRXN3,1.5006096,1.5026158,-0.0020061731,,,granular layer|rest
CAGE1,0.09146566,0.093478076,-0.0020124167,,,granular layer|rest
ACBD6,0.08993888,0.09200439,-0.0020655096,,,granular layer|rest
NFAT5,0.07981941,0.08193576,-0.0021163523,,,granular layer|rest
PLCXD3,0.1770368,0.1791555,-0.0021186918,,,granular layer|rest
OSBP2,0.11145032,0.11359055,-0.0021402314,,,granular layer|rest
TMEM163,0.08893155,0.09107999,-0.0021484345,,,granular layer|rest
USP3,0.17138776,0.17358272,-0.002194956,,,granular layer|rest
DOK6,0.14782907,0.15002723,-0.0021981597,,,granular layer|rest
BNIP3L,0.08103315,0.083247535,-0.002214387,,,granular layer|rest
SPOCK3,0.11754501,0.11977358,-0.002228573,,,granular layer|rest
MSRA,0.2894524,0.29169858,-0.0022461712,,,granular layer|rest
NSMCE2,0.11048718,0.112734996,-0.0022478178,,,granular layer|rest
HERC2,0.072008856,0.074273266,-0.0022644103,,,granular layer|rest
RAB37,0.118836075,0.12111397,-0.0022778958,,,granular layer|rest
SNAPC5,0.09323839,0.095546044,-0.0023076534,,,granular layer|rest
HINT2,0.18202002,0.1843519,-0.0023318827,,,granular layer|rest
TFDP2,0.084286965,0.086622156,-0.0023351908,,,granular layer|rest
TTLL7,0.11753485,0.11994524,-0.0024103895,,,granular layer|rest
KRT10,0.33965117,0.34206602,-0.0024148524,,,granular layer|rest
CTNNBIP1,0.09179983,0.09424348,-0.0024436489,,,granular layer|rest
MAGI3,0.075786255,0.078248,-0.0024617463,,,granular layer|rest
TENM1,0.27959955,0.28210026,-0.0025007129,,,granular layer|rest
ECI1,0.13450582,0.13701056,-0.0025047362,,,granular layer|rest
RASGEF1C,0.10394028,0.10649979,-0.0025595129,,,granular layer|rest
ARL15,0.08822869,0.09084004,-0.002611354,,,granular layer|rest
UBR5,0.08772528,0.09034586,-0.0026205778,,,granular layer|rest
OBSCN,0.07521866,0.07784419,-0.002625525,,,granular layer|rest
DOK5,0.08529514,0.08792233,-0.0026271865,,,granular layer|rest
ACOT13,0.084788844,0.08743332,-0.0026444793,,,granular layer|rest
NSD3,0.11922051,0.121870145,-0.002649635,,,granular layer|rest
SYNE2,0.07983569,0.082495354,-0.0026596636,,,granular layer|rest
NT5C2,0.07732088,0.08000027,-0.0026793852,,,granular layer|rest
LYST,0.0886238,0.09131171,-0.0026879087,,,granular layer|rest
FUT8,0.09054051,0.093250886,-0.0027103722,,,granular layer|rest
COX20,0.12566467,0.12840231,-0.0027376413,,,granular layer|rest
KCNJ3,0.23245373,0.23520641,-0.0027526766,,,granular layer|rest
ZCCHC11,0.10880791,0.11157019,-0.0027622804,,,granular layer|rest
MRPS15,0.08630041,0.08907044,-0.002770029,,,granular layer|rest
MED12L,0.09577833,0.098590285,-0.0028119534,,,granular layer|rest
VTI1A,0.104725376,0.10754296,-0.002817586,,,granular layer|rest
SGIP1,0.09325212,0.09607162,-0.0028195009,,,granular layer|rest
RIMS2,0.6172088,0.6200339,-0.002825141,,,granular layer|rest
CDKN2D,0.10327696,0.10611255,-0.0028355867,,,granular layer|rest
MLLT3,0.08956232,0.092433974,-0.002871655,,,granular layer|rest
GARNL3,0.14305939,0.14595875,-0.0028993636,,,granular layer|rest
KIAA1328,0.0790124,0.08191876,-0.0029063597,,,granular layer|rest
GLCCI1,0.08504346,0.08795978,-0.0029163212,,,granular layer|rest
GLRX5,0.16342707,0.16635942,-0.0029323548,,,granular layer|rest
INO80,0.07408418,0.07701684,-0.0029326603,,,granular layer|rest
C16orf91,0.08496724,0.08791956,-0.0029523224,,,granular layer|rest
SUPT3H,0.0828782,0.08585616,-0.0029779598,,,granular layer|rest
PTCHD1,0.08636521,0.08936033,-0.0029951185,,,granular layer|rest
PAXIP1,0.09691828,0.09991552,-0.002997242,,,granular layer|rest
BICD1,0.23045091,0.23345627,-0.0030053556,,,granular layer|rest
ARGLU1,0.11894958,0.121962,-0.0030124262,,,granular layer|rest
ARHGAP44,0.11096273,0.11404561,-0.003082879,,,granular layer|rest
BTBD9,0.085696004,0.088791005,-0.003095001,,,granular layer|rest
HECW1,0.12810643,0.1312187,-0.0031122714,,,granular layer|rest
TRIM39,0.1589103,0.1620242,-0.0031138957,,,granular layer|rest
CEP112,0.19157165,0.19469108,-0.003119424,,,granular layer|rest
ST8SIA5,0.123633966,0.12679027,-0.0031563044,,,granular layer|rest
CNTNAP4,0.117035605,0.12019416,-0.0031585544,,,granular layer|rest
LRBA,0.11076563,0.11393256,-0.003166929,,,granular layer|rest
GMDS,0.13116091,0.13438666,-0.0032257438,,,granular layer|rest
PNKD,0.12410771,0.12733845,-0.003230743,,,granular layer|rest
PPP1R9A,0.09269653,0.095927864,-0.0032313317,,,granular layer|rest
SNX29,0.08629813,0.08954903,-0.003250897,,,granular layer|rest
SNED1,0.08536423,0.08861618,-0.0032519475,,,granular layer|rest
FER,0.078975536,0.0822516,-0.003276065,,,granular layer|rest
PDK2,0.11264844,0.11592715,-0.00327871,,,granular layer|rest
FAM204A,0.10307186,0.106350675,-0.0032788143,,,granular layer|rest
RBFOX3,0.2096231,0.21291555,-0.0032924563,,,granular layer|rest
FANCC,0.098481655,0.10179187,-0.0033102185,,,granular layer|rest
ANO6,0.07847447,0.0818029,-0.0033284277,,,granular layer|rest
NT5M,0.12298389,0.12631322,-0.0033293366,,,granular layer|rest
PAN3,0.17188334,0.17521766,-0.0033343136,,,granular layer|rest
FSTL5,0.92260087,0.92594314,-0.0033422709,,,granular layer|rest
MINDY2,0.123862445,0.12720804,-0.0033455938,,,granular layer|rest
PPM1K,0.09167252,0.09504613,-0.0033736154,,,granular layer|rest
ST6GALNAC5,0.086292125,0.0896744,-0.003382273,,,granular layer|rest
MTHFD1L,0.10318989,0.10658354,-0.00339365,,,granular layer|rest
MAG,0.07335711,0.07675407,-0.003396958,,,granular layer|rest
SIPA1L1,0.11018423,0.11358316,-0.0033989325,,,granular layer|rest
NSFL1C,0.09847515,0.10189327,-0.0034181178,,,granular layer|rest
SIVA1,0.16143757,0.16486949,-0.0034319162,,,granular layer|rest
URI1,0.08707183,0.09052179,-0.0034499615,,,granular layer|rest
CERS6,0.10428769,0.10774178,-0.0034540892,,,granular layer|rest
BRAF,0.09205891,0.095517606,-0.0034586936,,,granular layer|rest
CSNK1G2,0.08825049,0.09171854,-0.0034680516,,,granular layer|rest
ZNRF3,0.08457582,0.08805338,-0.003477566,,,granular layer|rest
CNNM2,0.07449902,0.07799519,-0.00349617,,,granular layer|rest
C10orf76,0.07879827,0.08230046,-0.00350219,,,granular layer|rest
OPCML,0.38622138,0.38972983,-0.0035084486,,,granular layer|rest
PDE6D,0.09683396,0.10036534,-0.0035313815,,,granular layer|rest
CDON,0.075326346,0.07887553,-0.003549181,,,granular layer|rest
AGTPBP1,0.08925913,0.09280872,-0.0035495907,,,granular layer|rest
LONP2,0.08957034,0.09313096,-0.0035606176,,,granular layer|rest
TCERG1,0.08191222,0.08547981,-0.0035675913,,,granular layer|rest
TAOK1,0.07331229,0.076892555,-0.0035802647,,,granular layer|rest
PECR,0.07820089,0.08178235,-0.0035814568,,,granular layer|rest
SRM,0.07564048,0.07922715,-0.0035866722,,,granular layer|rest
PAK5,0.34309953,0.3467213,-0.003621757,,,granular layer|rest
CADPS,0.2036962,0.20732395,-0.0036277473,,,granular layer|rest
RIT2,0.13825293,0.14188612,-0.0036331862,,,granular layer|rest
SYNDIG1,0.0971103,0.100744225,-0.0036339238,,,granular layer|rest
SEPT6,0.10052403,0.104182504,-0.0036584735,,,granular layer|rest
RC3H1,0.09657701,0.100249074,-0.0036720634,,,granular layer|rest
TNKS,0.100985,0.10467925,-0.0036942512,,,granular layer|rest
C1orf123,0.08709911,0.09081259,-0.0037134811,,,granular layer|rest
DHPS,0.06841449,0.072140716,-0.003726229,,,granular layer|rest
ATAD2B,0.07989367,0.08364184,-0.003748171,,,granular layer|rest
FAM193A,0.07429508,0.07804623,-0.0037511513,,,granular layer|rest
CXXC5,0.19718952,0.20094728,-0.00375776,,,granular layer|rest
VPS13A,0.08243883,0.08619987,-0.0037610456,,,granular layer|rest
C19orf81,0.13317688,0.1369426,-0.0037657171,,,granular layer|rest
EXOC4,0.16810995,0.17188028,-0.0037703216,,,granular layer|rest
CARMIL1,0.1020421,0.105813675,-0.0037715733,,,granular layer|rest
CAMK1D,0.12926865,0.13305302,-0.0037843734,,,granular layer|rest
UBE2E2,0.18313059,0.18692447,-0.0037938803,,,granular layer|rest
ADD2,0.07383147,0.077631734,-0.0038002655,,,granular layer|rest
KRIT1,0.07462663,0.07842928,-0.0038026497,,,granular layer|rest
SCN8A,0.123628095,0.12743194,-0.0038038492,,,granular layer|rest
PTPN4,0.09511985,0.09893193,-0.003812082,,,granular layer|rest
LYSMD2,0.09874346,0.102562584,-0.003819123,,,granular layer|rest
MAPKAP1,0.080286674,0.084152095,-0.0038654208,,,granular layer|rest
SPATS2,0.0686777,0.07254366,-0.0038659573,,,granular layer|rest
BRF1,0.06600148,0.06987082,-0.0038693398,,,granular layer|rest
NUP214,0.073308736,0.07718643,-0.003877692,,,granular layer|rest
GTF2H5,0.121291265,0.12518573,-0.0038944632,,,granular layer|rest
NOSIP,0.09637451,0.10030194,-0.003927432,,,granular layer|rest
CCDC12,0.09888607,0.10281707,-0.003931001,,,granular layer|rest
ELMO2,0.07334097,0.077274576,-0.0039336085,,,granular layer|rest
DOCK7,0.10520716,0.10914098,-0.003933817,,,granular layer|rest
KMT2A,0.09056349,0.0945038,-0.0039403066,,,granular layer|rest
NDUFAF3,0.12617451,0.130123,-0.003948495,,,granular layer|rest
SPEN,0.084249504,0.08820001,-0.0039505064,,,granular layer|rest
FAT1,0.09395631,0.09791119,-0.00395488,,,granular layer|rest
MED10,0.09812789,0.10210061,-0.003972724,,,granular layer|rest
NCOA7,0.11375184,0.11775186,-0.0040000156,,,granular layer|rest
PLA2R1,0.0873692,0.09137929,-0.0040100887,,,granular layer|rest
TMEM131,0.07808111,0.0820936,-0.004012488,,,granular layer|rest
PPP2R5D,0.074487746,0.07850257,-0.0040148273,,,granular layer|rest
RGS12,0.10570655,0.10973145,-0.0040249005,,,granular layer|rest
KSR2,0.17287564,0.17690314,-0.0040275007,,,granular layer|rest
HAGH,0.17320402,0.17723657,-0.0040325522,,,granular layer|rest
LSM4,0.10016863,0.104205556,-0.0040369257,,,granular layer|rest
CBLB,0.08042573,0.08446541,-0.004039675,,,granular layer|rest
PSMA2,0.093097925,0.097143486,-0.004045561,,,granular layer|rest
SNRNP70,0.11013239,0.114178434,-0.0040460452,,,granular layer|rest
JAKMIP2,0.15297401,0.15702045,-0.00404644,,,granular layer|rest
FAM135B,0.076047875,0.08010488,-0.004057005,,,granular layer|rest
TFG,0.083386414,0.087445475,-0.0040590614,,,granular layer|rest
KAT6B,0.080059975,0.08411973,-0.0040597543,,,granular layer|rest
MMP16,0.1694322,0.17349328,-0.004061088,,,granular layer|rest
CASK,0.071526214,0.07560928,-0.004083067,,,granular layer|rest
FNIP1,0.09192296,0.09601952,-0.00409656,,,granular layer|rest
KDM6A,0.0858891,0.09000593,-0.0041168258,,,granular layer|rest
SF3B6,0.1036756,0.10779649,-0.004120894,,,granular layer|rest
MRPL32,0.091764264,0.095885746,-0.0041214824,,,granular layer|rest
TMEM57,0.0999172,0.10404793,-0.0041307285,,,granular layer|rest
MKLN1,0.08998984,0.094128214,-0.004138373,,,granular layer|rest
EP300,0.119324744,0.12347025,-0.004145503,,,granular layer|rest
C5orf42,0.0923001,0.09644732,-0.0041472167,,,granular layer|rest
CELF4,0.10127986,0.105427586,-0.0041477233,,,granular layer|rest
MRPL46,0.0889384,0.09308812,-0.00414972,,,granular layer|rest
ZNF292,0.10727503,0.11142511,-0.0041500777,,,granular layer|rest
MAP2K5,0.08522704,0.089382544,-0.0041555017,,,granular layer|rest
MTUS2,0.14534618,0.14951527,-0.0041690916,,,granular layer|rest
NEMF,0.07648003,0.08064959,-0.004169561,,,granular layer|rest
PPM1L,0.11913527,0.12331466,-0.0041793883,,,granular layer|rest
UNC13C,0.5667394,0.5709213,-0.0041819215,,,granular layer|rest
ZFYVE9,0.08871898,0.09290617,-0.004187189,,,granular layer|rest
RSBN1,0.09048576,0.09468148,-0.00419572,,,granular layer|rest
ABCC5,0.07512113,0.07931942,-0.0041982904,,,granular layer|rest
MRPL38,0.09777739,0.10198997,-0.0042125806,,,granular layer|rest
SBF2,0.12414642,0.12836625,-0.00421983,,,granular layer|rest
NFKBIA,0.111882925,0.116130196,-0.0042472705,,,granular layer|rest
C8orf89,0.05433256,0.058581986,-0.0042494237,,,granular layer|rest
ASCC3,0.076191336,0.08044335,-0.0042520165,,,granular layer|rest
NQO2,0.105686136,0.10994195,-0.0042558163,,,granular layer|rest
BMPR2,0.073430315,0.077691644,-0.00426133,,,granular layer|rest
SHROOM3,0.16165043,0.16591239,-0.0042619556,,,granular layer|rest
COA6,0.1075935,0.111871116,-0.0042776167,,,granular layer|rest
GIT1,0.15920737,0.16349646,-0.0042890906,,,granular layer|rest
YDJC,0.10770227,0.11199975,-0.00429748,,,granular layer|rest
PCMTD1,0.07266044,0.07696005,-0.004299611,,,granular layer|rest
NKAPD1,0.07688062,0.081183314,-0.0043026954,,,granular layer|rest
HDAC8,0.07881257,0.083117105,-0.0043045357,,,granular layer|rest
ATXN7L1,0.08020377,0.08452338,-0.004319608,,,granular layer|rest
RABGAP1L,0.4424826,0.44680494,-0.00432235,,,granular layer|rest
TSC22D4,0.111368954,0.115696386,-0.0043274313,,,granular layer|rest
EIF2B3,0.09120549,0.095544085,-0.0043385923,,,granular layer|rest
DNAJC19,0.10024489,0.10458619,-0.0043413043,,,granular layer|rest
NRDC,0.08521699,0.08957565,-0.0043586567,,,granular layer|rest
C1orf35,0.08911609,0.09348938,-0.0043732896,,,granular layer|rest
PLD5,0.15983175,0.16420811,-0.0043763667,,,granular layer|rest
SERGEF,0.12007299,0.1244503,-0.004377313,,,granular layer|rest
MPDZ,0.08294519,0.08734052,-0.0043953285,,,granular layer|rest
MAML2,0.22662055,0.2310328,-0.0044122487,,,granular layer|rest
ILK,0.07255191,0.07697429,-0.004422374,,,granular layer|rest
HDAC9,0.10899632,0.113429435,-0.004433118,,,granular layer|rest
ITSN1,0.07000344,0.07444132,-0.0044378787,,,granular layer|rest
MAST2,0.075978234,0.080419004,-0.0044407696,,,granular layer|rest
SENP6,0.11490586,0.119348906,-0.0044430494,,,granular layer|rest
SPECC1,0.08801819,0.092463166,-0.004444979,,,granular layer|rest
BABAM2,0.085972525,0.090418264,-0.004445739,,,granular layer|rest
PTPRR,0.12621821,0.13066797,-0.004449755,,,granular layer|rest
NKTR,0.103986375,0.10844404,-0.0044576675,,,granular layer|rest
GAMT,0.10057708,0.10503724,-0.0044601634,,,granular layer|rest
HECW2,0.09310473,0.097573034,-0.004468307,,,granular layer|rest
RPS6KA5,0.12922308,0.13369341,-0.0044703335,,,granular layer|rest
TMED2,0.07953883,0.08401209,-0.0044732615,,,granular layer|rest
CMC2,0.15912728,0.163603,-0.004475713,,,granular layer|rest
PRR16,0.15572615,0.16021734,-0.004491195,,,granular layer|rest
CBR1,0.14081918,0.14531443,-0.004495248,,,granular layer|rest
MNAT1,0.12009313,0.12460046,-0.004507333,,,granular layer|rest
MAPK8IP3,0.1560139,0.16053306,-0.0045191497,,,granular layer|rest
CPEB3,0.106602706,0.11113242,-0.0045297146,,,granular layer|rest
IGF1R,0.091551796,0.09608709,-0.004535295,,,granular layer|rest
RPTOR,0.0695455,0.074096076,-0.004550576,,,granular layer|rest
EBNA1BP2,0.081591204,0.08615184,-0.0045606345,,,granular layer|rest
MRPL13,0.08118892,0.08575627,-0.004567355,,,granular layer|rest
MYRIP,0.10100414,0.10558855,-0.0045844093,,,granular layer|rest
APPL2,0.13401932,0.13860962,-0.0045903027,,,granular layer|rest
MRPS12,0.09226353,0.09685603,-0.0045925006,,,granular layer|rest
CLASP1,0.093427576,0.09802813,-0.0046005547,,,granular layer|rest
DNAJC15,0.09235528,0.096958965,-0.004603684,,,granular layer|rest
ATG4D,0.0751304,0.07976218,-0.00463178,,,granular layer|rest
SIDT1,0.10105089,0.10568622,-0.0046353266,,,granular layer|rest
LDLRAD4,0.10778357,0.1124279,-0.004644327,,,granular layer|rest
ROCK2,0.13121158,0.13586481,-0.0046532303,,,granular layer|rest
CYTH2,0.06797921,0.072644606,-0.004665397,,,granular layer|rest
FBXL20,0.066176064,0.0708446,-0.004668534,,,granular layer|rest
CRIP2,0.09710838,0.10178639,-0.004678011,,,granular layer|rest
C20orf194,0.088676475,0.09335673,-0.0046802536,,,granular layer|rest
UMAD1,0.092741035,0.09742503,-0.0046839938,,,granular layer|rest
GAS7,0.069319814,0.074009545,-0.0046897307,,,granular layer|rest
VPS8,0.09344018,0.09815322,-0.004713036,,,granular layer|rest
MTUS1,0.09904031,0.10376046,-0.0047201514,,,granular layer|rest
ERC2,0.11396232,0.1186889,-0.004726574,,,granular layer|rest
BSN,0.08475474,0.08948888,-0.004734136,,,granular layer|rest
PYURF,0.11764329,0.12237878,-0.004735492,,,granular layer|rest
MRPS33,0.09845855,0.10319863,-0.0047400817,,,granular layer|rest
MED13L,0.2544566,0.25920916,-0.0047525465,,,granular layer|rest
SH3GL3,0.09164352,0.096411966,-0.004768446,,,granular layer|rest
PHIP,0.11206915,0.116844244,-0.004775092,,,granular layer|rest
CYB5R3,0.08798469,0.09276174,-0.0047770515,,,granular layer|rest
EXOSC7,0.09030622,0.09509837,-0.0047921464,,,granular layer|rest
EVI5,0.08174749,0.08654569,-0.0047982037,,,granular layer|rest
CACNA2D1,0.15856911,0.16338418,-0.004815072,,,granular layer|rest
RBM22,0.07412297,0.078941934,-0.004818961,,,granular layer|rest
SSBP2,0.17022341,0.17505373,-0.0048303157,,,granular layer|rest
FOXN2,0.25626832,0.2611094,-0.0048410892,,,granular layer|rest
LARP1B,0.0942667,0.09913305,-0.004866354,,,granular layer|rest
ZCCHC7,0.11212797,0.11699582,-0.0048678517,,,granular layer|rest
CDK16,0.11824804,0.12312563,-0.0048775896,,,granular layer|rest
CHCHD7,0.087051906,0.09193087,-0.004878968,,,granular layer|rest
MIEN1,0.111901894,0.11678481,-0.004882917,,,granular layer|rest
ST7,0.13985346,0.14475927,-0.004905805,,,granular layer|rest
NDUFAF2,0.08551247,0.09043,-0.004917532,,,granular layer|rest
COL4A3BP,0.09943945,0.10436737,-0.0049279183,,,granular layer|rest
FAM219A,0.09320751,0.09814458,-0.004937075,,,granular layer|rest
NAV3,0.11640206,0.12133984,-0.004937783,,,granular layer|rest
PRKCE,0.3435654,0.34851587,-0.004950464,,,granular layer|rest
PLEKHO1,0.094764516,0.099717274,-0.0049527586,,,granular layer|rest
DGKG,0.3760135,0.3809746,-0.004961103,,,granular layer|rest
SEC24B,0.07401766,0.07899392,-0.0049762577,,,granular layer|rest
SCFD1,0.08869868,0.093684904,-0.0049862266,,,granular layer|rest
SLC31A1,0.08449154,0.089481406,-0.0049898624,,,granular layer|rest
OPHN1,0.07510364,0.08009823,-0.004994586,,,granular layer|rest
CEP350,0.10230501,0.10730881,-0.0050038025,,,granular layer|rest
MAF1,0.07911519,0.084122,-0.0050068125,,,granular layer|rest
MYO9A,0.12517639,0.1301931,-0.0050167143,,,granular layer|rest
MTX2,0.08461698,0.08963667,-0.005019687,,,granular layer|rest
NDUFS8,0.11326792,0.11829117,-0.0050232485,,,granular layer|rest
PIAS2,0.089339286,0.094364695,-0.005025409,,,granular layer|rest
VAPB,0.07435856,0.07938912,-0.0050305575,,,granular layer|rest
RPL26L1,0.11738884,0.12243126,-0.0050424263,,,granular layer|rest
ADK,0.11949231,0.12454391,-0.0050516054,,,granular layer|rest
NOL4,0.1257842,0.13084233,-0.0050581247,,,granular layer|rest
PSMA5,0.081402704,0.086476274,-0.0050735697,,,granular layer|rest
TARSL2,0.07358698,0.07867061,-0.0050836354,,,granular layer|rest
ENTPD6,0.07725865,0.08234486,-0.0050862134,,,granular layer|rest
EIF3B,0.069719166,0.07480697,-0.005087808,,,granular layer|rest
KCND3,0.12035214,0.12544301,-0.00509087,,,granular layer|rest
WNK2,0.098379806,0.10347294,-0.005093135,,,granular layer|rest
APLP2,0.16075028,0.16584355,-0.0050932616,,,granular layer|rest
TMEM14C,0.084557004,0.089657575,-0.0051005706,,,granular layer|rest
NOS1AP,0.08919967,0.09430479,-0.005105123,,,granular layer|rest
RALYL,0.09057628,0.09568815,-0.0051118657,,,granular layer|rest
PSMB10,0.082052566,0.087170355,-0.005117789,,,granular layer|rest
NFIA,0.37151015,0.37662935,-0.0051192045,,,granular layer|rest
PPP2R2C,0.07573639,0.08085778,-0.005121395,,,granular layer|rest
TPR,0.08073378,0.08589305,-0.0051592663,,,granular layer|rest
DTNB,0.14692032,0.15208067,-0.0051603466,,,granular layer|rest
FMNL2,0.26703835,0.27220023,-0.0051618814,,,granular layer|rest
PI4K2A,0.068025574,0.07319001,-0.005164437,,,granular layer|rest
CHD8,0.0774491,0.082623295,-0.0051741973,,,granular layer|rest
OSBPL9,0.08341887,0.088595815,-0.0051769465,,,granular layer|rest
UTRN,0.08153331,0.08672192,-0.0051886067,,,granular layer|rest
EIF2B1,0.06978161,0.07497092,-0.0051893145,,,granular layer|rest
POLB,0.084855765,0.09004599,-0.0051902235,,,granular layer|rest
RAP1A,0.10074008,0.10593315,-0.0051930696,,,granular layer|rest
SPRED2,0.06866928,0.07386632,-0.0051970407,,,granular layer|rest
STIM1,0.068957075,0.07415901,-0.005201936,,,granular layer|rest
FAM135A,0.079402596,0.084614165,-0.0052115694,,,granular layer|rest
FMN2,0.112113655,0.11733844,-0.0052247867,,,granular layer|rest
VGLL4,0.098489426,0.10372455,-0.0052351207,,,granular layer|rest
GTF2E2,0.08580168,0.091048904,-0.0052472204,,,granular layer|rest
PTOV1,0.06870102,0.07397485,-0.0052738264,,,granular layer|rest
ZNF483,0.07765738,0.08293235,-0.005274974,,,granular layer|rest
ATP9B,0.1353617,0.14063874,-0.0052770376,,,granular layer|rest
LONP1,0.073028326,0.078306004,-0.0052776784,,,granular layer|rest
CWC27,0.09572813,0.101008184,-0.005280055,,,granular layer|rest
PKIG,0.07506956,0.0803528,-0.0052832365,,,granular layer|rest
SHANK3,0.09969084,0.104981266,-0.0052904263,,,granular layer|rest
CAMK2B,0.2134545,0.21874495,-0.0052904487,,,granular layer|rest
UBE2G1,0.08029668,0.08559029,-0.0052936077,,,granular layer|rest
NUMB,0.07875252,0.0840468,-0.0052942857,,,granular layer|rest
POLR3H,0.07618206,0.081476815,-0.005294755,,,granular layer|rest
ZNF248,0.073585495,0.07888588,-0.0053003877,,,granular layer|rest
PRKCZ,0.12845738,0.13375914,-0.0053017586,,,granular layer|rest
NGDN,0.08929797,0.094602495,-0.005304523,,,granular layer|rest
DNM2,0.082118265,0.087429345,-0.0053110793,,,granular layer|rest
WBP4,0.10387782,0.10918943,-0.0053116083,,,granular layer|rest
BCAS3,0.12584972,0.13116157,-0.0053118467,,,granular layer|rest
FUOM,0.11126633,0.11658401,-0.0053176805,,,granular layer|rest
SMIM19,0.1278466,0.13317758,-0.00533098,,,granular layer|rest
PURG,0.07696389,0.082296826,-0.0053329393,,,granular layer|rest
SGSM3,0.0733448,0.07868287,-0.005338073,,,granular layer|rest
BRINP3,0.19207184,0.19741079,-0.005338952,,,granular layer|rest
LSM3,0.07954226,0.08488704,-0.0053447857,,,granular layer|rest
ZBTB8OS,0.08076568,0.08611483,-0.005349152,,,granular layer|rest
SCLT1,0.10554043,0.11089665,-0.005356215,,,granular layer|rest
MYDGF,0.09749563,0.10287019,-0.0053745583,,,granular layer|rest
CTCF,0.10415758,0.10953244,-0.0053748563,,,granular layer|rest
WDR70,0.12539443,0.13076964,-0.0053752065,,,granular layer|rest
RB1,0.07819701,0.08357623,-0.0053792223,,,granular layer|rest
LPIN1,0.07277084,0.078154705,-0.005383864,,,granular layer|rest
SLTM,0.13331358,0.13870387,-0.0053902864,,,granular layer|rest
CTDSP2,0.070604354,0.076005325,-0.0054009706,,,granular layer|rest
SPATA5,0.08735949,0.09276568,-0.0054061934,,,granular layer|rest
RICTOR,0.098397344,0.103803545,-0.005406201,,,granular layer|rest
GBF1,0.09323999,0.0986463,-0.005406305,,,granular layer|rest
KCNH1,0.16000256,0.16541862,-0.0054160655,,,granular layer|rest
R3HDM1,0.08344167,0.08886154,-0.0054198727,,,granular layer|rest
FLOT2,0.073025145,0.07844549,-0.005420342,,,granular layer|rest
CRY1,0.081177704,0.086601354,-0.00542365,,,granular layer|rest
KIF2A,0.08565364,0.091105014,-0.0054513738,,,granular layer|rest
LARP4B,0.12526281,0.13072002,-0.0054572076,,,granular layer|rest
FRMD5,0.15764505,0.16311696,-0.005471915,,,granular layer|rest
WDR45B,0.07168188,0.07715467,-0.005472794,,,granular layer|rest
AKAP12,0.14523225,0.1507254,-0.005493149,,,granular layer|rest
RIDA,0.069817394,0.075315475,-0.0054980814,,,granular layer|rest
FNDC4,0.082549416,0.088049345,-0.005499929,,,granular layer|rest
SMCHD1,0.098382086,0.103895746,-0.0055136606,,,granular layer|rest
CDH18,0.21205088,0.21756698,-0.005516097,,,granular layer|rest
WASHC3,0.102402315,0.10791863,-0.005516313,,,granular layer|rest
PLEKHA5,0.103091076,0.10862896,-0.0055378824,,,granular layer|rest
TAF3,0.07695866,0.08249926,-0.005540602,,,granular layer|rest
TCEA1,0.09660705,0.1021549,-0.0055478513,,,granular layer|rest
CDK13,0.11106742,0.11662097,-0.005553551,,,granular layer|rest
MTCH2,0.088043414,0.093599714,-0.0055563003,,,granular layer|rest
TTC19,0.10164111,0.10720064,-0.0055595264,,,granular layer|rest
AP3D1,0.16218765,0.1677524,-0.0055647492,,,granular layer|rest
NBAS,0.10349125,0.109056845,-0.0055655986,,,granular layer|rest
ASH2L,0.0775326,0.083100766,-0.005568169,,,granular layer|rest
PIKFYVE,0.0766152,0.08218497,-0.005569771,,,granular layer|rest
REV3L,0.13865906,0.14422947,-0.0055704117,,,granular layer|rest
AIMP1,0.09172978,0.097305566,-0.0055757836,,,granular layer|rest
FNDC5,0.07849912,0.084081694,-0.005582571,,,granular layer|rest
SCAF11,0.0841408,0.08973179,-0.00559099,,,granular layer|rest
SNX25,0.075171046,0.08077062,-0.0055995733,,,granular layer|rest
LRFN5,0.11553407,0.12113372,-0.005599655,,,granular layer|rest
ELOF1,0.07224898,0.07785333,-0.005604349,,,granular layer|rest
NENF,0.09723344,0.10283799,-0.0056045502,,,granular layer|rest
CEBPZ,0.08913103,0.09475091,-0.0056198835,,,granular layer|rest
TMEM70,0.09956027,0.10518219,-0.005621925,,,granular layer|rest
ANKS1A,0.07332844,0.07897189,-0.0056434497,,,granular layer|rest
PRPS1,0.07094138,0.07658822,-0.0056468397,,,granular layer|rest
LRRC4B,0.061169986,0.06681837,-0.0056483857,,,granular layer|rest
CSNK1G1,0.073016204,0.078670226,-0.005654022,,,granular layer|rest
PPP6R2,0.08655517,0.09220999,-0.0056548193,,,granular layer|rest
NEDD4L,0.1787499,0.18440506,-0.0056551546,,,granular layer|rest
MAP6D1,0.082582965,0.08824429,-0.0056613237,,,granular layer|rest
MGAT4B,0.11370178,0.119377375,-0.0056755915,,,granular layer|rest
PPP1R13B,0.086035915,0.091713734,-0.0056778193,,,granular layer|rest
RPL7L1,0.07942902,0.08510955,-0.005680524,,,granular layer|rest
AUH,0.11853604,0.12422772,-0.0056916773,,,granular layer|rest
TRAPPC1,0.16750352,0.1732081,-0.0057045817,,,granular layer|rest
EXT1,0.13449948,0.14020677,-0.0057072937,,,granular layer|rest
ZRANB2,0.1302871,0.13599926,-0.0057121664,,,granular layer|rest
MTMR10,0.07186965,0.07759228,-0.0057226345,,,granular layer|rest
SFSWAP,0.078823335,0.08454607,-0.0057227314,,,granular layer|rest
ASB6,0.075692266,0.08141922,-0.005726956,,,granular layer|rest
ARHGAP26,0.15922137,0.16495563,-0.005734265,,,granular layer|rest
RUNX1T1,0.17298798,0.17872263,-0.0057346523,,,granular layer|rest
SEC61A2,0.06860235,0.07433891,-0.0057365596,,,granular layer|rest
NOP58,0.082303986,0.0880432,-0.005739212,,,granular layer|rest
HECTD2,0.076054566,0.08179422,-0.0057396516,,,granular layer|rest
RNF34,0.074369155,0.08011234,-0.005743183,,,granular layer|rest
RAB15,0.08191675,0.08766052,-0.005743772,,,granular layer|rest
SLC35F1,0.10179738,0.10755081,-0.0057534277,,,granular layer|rest
NT5C3B,0.19434354,0.20010126,-0.0057577193,,,granular layer|rest
CAPZA2,0.08443606,0.09019966,-0.005763598,,,granular layer|rest
CHD7,0.27901787,0.28478727,-0.005769402,,,granular layer|rest
FOCAD,0.1355248,0.14129952,-0.0057747215,,,granular layer|rest
SURF4,0.074256875,0.08003376,-0.005776882,,,granular layer|rest
TTC17,0.101656295,0.10743861,-0.0057823136,,,granular layer|rest
NCOA6,0.09113043,0.0969128,-0.0057823732,,,granular layer|rest
NRXN2,0.09058768,0.096372165,-0.0057844818,,,granular layer|rest
PAK2,0.075662956,0.08145043,-0.005787477,,,granular layer|rest
PER3,0.095009975,0.10080046,-0.005790487,,,granular layer|rest
KIF26B,0.1598767,0.16567387,-0.0057971627,,,granular layer|rest
ISCU,0.3133486,0.31914815,-0.0057995617,,,granular layer|rest
AUP1,0.081731685,0.08754468,-0.005812995,,,granular layer|rest
PRDM2,0.11201019,0.11782469,-0.0058145,,,granular layer|rest
CNTN4,0.1440058,0.14982694,-0.0058211386,,,granular layer|rest
PHYH,0.07706868,0.08289076,-0.0058220774,,,granular layer|rest
PPP1R12A,0.1335408,0.13936345,-0.0058226585,,,granular layer|rest
MAX,0.12146682,0.12729949,-0.0058326647,,,granular layer|rest
ZBTB46,0.07821088,0.08405394,-0.005843058,,,granular layer|rest
ANKFY1,0.07343373,0.07928207,-0.0058483407,,,granular layer|rest
ARID2,0.09349697,0.09936111,-0.005864136,,,granular layer|rest
UQCC1,0.071038954,0.07691183,-0.0058728755,,,granular layer|rest
UBE2F,0.084725745,0.09059948,-0.0058737323,,,granular layer|rest
COMMD3,0.08408154,0.0899563,-0.0058747604,,,granular layer|rest
NFU1,0.081443936,0.087331615,-0.0058876798,,,granular layer|rest
EHMT1,0.07165941,0.07754809,-0.005888678,,,granular layer|rest
SMC3,0.10335623,0.10924497,-0.005888745,,,granular layer|rest
MAP1LC3B,0.1576034,0.16349395,-0.005890548,,,granular layer|rest
MCMDC2,0.08216628,0.08805812,-0.0058918446,,,granular layer|rest
ICA1,0.073917925,0.07981111,-0.0058931857,,,granular layer|rest
ZNF827,0.1035961,0.10948962,-0.005893521,,,granular layer|rest
BOD1L1,0.08316354,0.08906895,-0.005905412,,,granular layer|rest
RP9,0.102512494,0.108427346,-0.005914852,,,granular layer|rest
DAD1,0.10271038,0.10864022,-0.005929835,,,granular layer|rest
MICU2,0.105382,0.111315854,-0.005933851,,,granular layer|rest
MCM3AP,0.079169124,0.08510701,-0.005937889,,,granular layer|rest
CTIF,0.08510296,0.091043994,-0.0059410334,,,granular layer|rest
ZNF829,0.08150988,0.08745275,-0.005942866,,,granular layer|rest
UBXN6,0.07627771,0.08223374,-0.0059560314,,,granular layer|rest
GPX4,0.084739044,0.09069657,-0.005957529,,,granular layer|rest
CNTD1,0.07290518,0.07886373,-0.0059585497,,,granular layer|rest
ZNF451,0.079930454,0.08589004,-0.0059595853,,,granular layer|rest
JMY,0.08063657,0.08659651,-0.005959943,,,granular layer|rest
TLK2,0.0914753,0.09743687,-0.005961567,,,granular layer|rest
ATM,0.07863011,0.08459333,-0.005963221,,,granular layer|rest
ZC3H14,0.07983327,0.08580575,-0.0059724823,,,granular layer|rest
FABP5,0.07051388,0.07648892,-0.005975038,,,granular layer|rest
BCAS2,0.113067076,0.119043164,-0.0059760883,,,granular layer|rest
DDX27,0.081504375,0.08749123,-0.0059868544,,,granular layer|rest
SPTBN4,0.08782713,0.09382095,-0.0059938207,,,granular layer|rest
PWWP2A,0.077736706,0.08373375,-0.005997047,,,granular layer|rest
UNC119,0.07801531,0.0840135,-0.0059981868,,,granular layer|rest
RNF112,0.07733103,0.0833475,-0.0060164705,,,granular layer|rest
KCTD8,0.26844922,0.2744686,-0.0060193837,,,granular layer|rest
DUSP26,0.15768409,0.16370384,-0.006019756,,,granular layer|rest
NFX1,0.100534625,0.10656098,-0.0060263574,,,granular layer|rest
MRPL55,0.12184714,0.12787677,-0.0060296357,,,granular layer|rest
WAPL,0.073892154,0.079922184,-0.0060300305,,,granular layer|rest
MVP,0.08343646,0.08947173,-0.0060352683,,,granular layer|rest
CCNDBP1,0.079368085,0.08540442,-0.0060363337,,,granular layer|rest
DYNC2H1,0.0891157,0.09515341,-0.006037712,,,granular layer|rest
TAOK3,0.13249795,0.1385441,-0.006046146,,,granular layer|rest
MAGI1,0.28157696,0.2876267,-0.0060497522,,,granular layer|rest
FBXL17,0.16094132,0.16699214,-0.006050825,,,granular layer|rest
MXD4,0.10494785,0.11100053,-0.0060526803,,,granular layer|rest
TGFBR1,0.07666613,0.08273082,-0.0060646906,,,granular layer|rest
MAP3K4,0.07550848,0.08157362,-0.0060651377,,,granular layer|rest
RPS6KC1,0.08244491,0.08851134,-0.0060664266,,,granular layer|rest
TCF12,0.1175741,0.12364281,-0.0060687065,,,granular layer|rest
TBC1D5,0.0887116,0.094786935,-0.0060753375,,,granular layer|rest
TMEM208,0.07874596,0.08483548,-0.006089516,,,granular layer|rest
SF3B3,0.09239644,0.09848648,-0.006090045,,,granular layer|rest
HNRNPLL,0.08644839,0.09254294,-0.0060945526,,,granular layer|rest
PARK2,0.110616,0.11671084,-0.006094843,,,granular layer|rest
ZMYM4,0.10898779,0.11508711,-0.0060993135,,,granular layer|rest
C9orf72,0.13232142,0.1384225,-0.0061010867,,,granular layer|rest
GRB2,0.07791625,0.08402092,-0.0061046705,,,granular layer|rest
C1H1orf43,0.11150232,0.11760699,-0.0061046705,,,granular layer|rest
VPS29,0.13644056,0.14254591,-0.0061053485,,,granular layer|rest
ITGBL1,0.09622987,0.10233699,-0.0061071143,,,granular layer|rest
ITGA4,0.06981768,0.0759381,-0.006120421,,,granular layer|rest
AIFM3,0.07923632,0.08536351,-0.006127186,,,granular layer|rest
OSBPL8,0.07736659,0.08350299,-0.0061364025,,,granular layer|rest
AMN1,0.07612686,0.08226805,-0.006141193,,,granular layer|rest
UBAC2,0.087812476,0.09396356,-0.0061510876,,,granular layer|rest
PDCD6IP,0.072410546,0.07856738,-0.006156832,,,granular layer|rest
HERC4,0.10576419,0.111923486,-0.006159298,,,granular layer|rest
FRA10AC1,0.09299456,0.09915594,-0.006161377,,,granular layer|rest
MRPS5,0.081661336,0.08783232,-0.0061709806,,,granular layer|rest
RPS19BP1,0.14172739,0.14789934,-0.0061719567,,,granular layer|rest
PRAG1,0.07515685,0.08132943,-0.006172575,,,granular layer|rest
RBM17,0.08437175,0.090553045,-0.0061812922,,,granular layer|rest
HBS1L,0.07576213,0.081963755,-0.006201625,,,granular layer|rest
ETFB,0.15693295,0.163135,-0.006202057,,,granular layer|rest
KIAA1324L,0.080867715,0.08707061,-0.0062028915,,,granular layer|rest
DHRS7,0.1264,0.13260709,-0.0062070936,,,granular layer|rest
DDX23,0.08983953,0.09604664,-0.0062071085,,,granular layer|rest
FAM120B,0.07400163,0.080211036,-0.0062094033,,,granular layer|rest
ZNF609,0.10880755,0.115020245,-0.0062126964,,,granular layer|rest
THOC2,0.08150974,0.08773039,-0.0062206537,,,granular layer|rest
ERICH3,0.10222826,0.108456284,-0.0062280223,,,granular layer|rest
APOO,0.07135249,0.0775854,-0.00623291,,,granular layer|rest
KANSL3,0.072126366,0.078361146,-0.00623478,,,granular layer|rest
JAZF1,0.07769998,0.08394252,-0.006242536,,,granular layer|rest
SETX,0.0780977,0.084340945,-0.006243244,,,granular layer|rest
HSF1,0.0877096,0.09396365,-0.0062540546,,,granular layer|rest
ANAPC13,0.09117405,0.097435154,-0.006261103,,,granular layer|rest
FAM96B,0.20069629,0.20696284,-0.006266549,,,granular layer|rest
SNRPG,0.06050751,0.06677424,-0.006266732,,,granular layer|rest
MAP4K5,0.08096884,0.08724422,-0.006275378,,,granular layer|rest
C3orf58,0.07295121,0.0792322,-0.0062809885,,,granular layer|rest
ITGB5,0.087423496,0.09370839,-0.0062848926,,,granular layer|rest
GNB1L,0.07707622,0.083365604,-0.0062893853,,,granular layer|rest
RAB11FIP2,0.09378149,0.10007463,-0.006293133,,,granular layer|rest
CSNK1G3,0.10040735,0.1067018,-0.0062944517,,,granular layer|rest
BBX,0.080902405,0.08720133,-0.006298922,,,granular layer|rest
MED29,0.085487574,0.091790296,-0.006302722,,,granular layer|rest
ASTN2,0.46114263,0.46744978,-0.006307155,,,granular layer|rest
RAB4A,0.10210486,0.1084208,-0.006315939,,,granular layer|rest
UVRAG,0.113013364,0.11935147,-0.0063381046,,,granular layer|rest
PSPC1,0.11123339,0.11757964,-0.006346248,,,granular layer|rest
ULK2,0.07692713,0.083275065,-0.006347932,,,granular layer|rest
ERP44,0.08003264,0.0863829,-0.006350264,,,granular layer|rest
MLH3,0.08190122,0.088259414,-0.0063581914,,,granular layer|rest
ANKH,0.11789834,0.124256544,-0.0063582063,,,granular layer|rest
CFL2,0.11635362,0.122714475,-0.006360851,,,granular layer|rest
PXK,0.0800143,0.08638178,-0.006367475,,,granular layer|rest
CCDC6,0.07528903,0.08165661,-0.006367579,,,granular layer|rest
GTF3A,0.08293595,0.08933015,-0.0063942,,,granular layer|rest
ALDH2,0.074770465,0.08116788,-0.006397411,,,granular layer|rest
RAPGEF1,0.20092154,0.20732567,-0.0064041317,,,granular layer|rest
CHD6,0.110654786,0.11706456,-0.0064097717,,,granular layer|rest
DPY30,0.10843799,0.11484791,-0.0064099208,,,granular layer|rest
WDR6,0.087819695,0.09423065,-0.0064109564,,,granular layer|rest
AKT2,0.070926,0.077344984,-0.0064189807,,,granular layer|rest
MON2,0.095548496,0.10197314,-0.006424643,,,granular layer|rest
ANKRD26,0.08552568,0.091953516,-0.0064278394,,,granular layer|rest
RBM25,0.10351814,0.10994642,-0.006428279,,,granular layer|rest
ZNF544,0.07706539,0.08349376,-0.0064283684,,,granular layer|rest
COPS5,0.10549145,0.111922055,-0.0064306036,,,granular layer|rest
TRAPPC8,0.07777229,0.08421558,-0.006443292,,,granular layer|rest
RALGAPB,0.072944544,0.07938818,-0.0064436346,,,granular layer|rest
ZNF721,0.072652355,0.07909792,-0.0064455643,,,granular layer|rest
PPP2R2D,0.07937943,0.08582704,-0.006447606,,,granular layer|rest
DCLK1,0.09108341,0.0975358,-0.006452389,,,granular layer|rest
RNF111,0.07613607,0.082591586,-0.0064555183,,,granular layer|rest
DPF3,0.15731888,0.16377908,-0.0064602047,,,granular layer|rest
MTOR,0.08467308,0.091133565,-0.006460488,,,granular layer|rest
SYF2,0.08414528,0.09061184,-0.00646656,,,granular layer|rest
FAF1,0.14627865,0.15275085,-0.0064722,,,granular layer|rest
MCU,0.22401617,0.23049316,-0.0064769834,,,granular layer|rest
KDM4C,0.20374817,0.21022803,-0.0064798594,,,granular layer|rest
APBB2,0.09345399,0.099941656,-0.0064876676,,,granular layer|rest
NAV2,0.15274075,0.15922844,-0.0064876974,,,granular layer|rest
TOP1,0.08596745,0.09246271,-0.0064952597,,,granular layer|rest
MRPS18C,0.12663193,0.13312766,-0.006495729,,,granular layer|rest
DENND4C,0.0902554,0.096754596,-0.0064991936,,,granular layer|rest
SSH2,0.12988332,0.1363831,-0.006499782,,,granular layer|rest
EP400,0.07696338,0.083464205,-0.0065008253,,,granular layer|rest
HYI,0.09189766,0.09840139,-0.006503731,,,granular layer|rest
REV1,0.112227365,0.118742205,-0.00651484,,,granular layer|rest
HLTF,0.07564556,0.08216542,-0.0065198615,,,granular layer|rest
RDH5,0.14321032,0.14973153,-0.00652121,,,granular layer|rest
ARHGEF9,0.076333776,0.08285602,-0.0065222457,,,granular layer|rest
CYP2C75,0.12243431,0.12896742,-0.0065331087,,,granular layer|rest
FBXW4,0.07097003,0.07750995,-0.0065399185,,,granular layer|rest
PFDN1,0.12507659,0.13162078,-0.0065441877,,,granular layer|rest
AK1,0.13980983,0.1463559,-0.006546065,,,granular layer|rest
ZZZ3,0.09194131,0.09849226,-0.0065509453,,,granular layer|rest
MARK1,0.08093888,0.08749537,-0.0065564886,,,granular layer|rest
ULK1,0.08475986,0.091318555,-0.006558694,,,granular layer|rest
DROSHA,0.070386834,0.07694721,-0.006560378,,,granular layer|rest
ATG13,0.06792084,0.07449196,-0.0065711215,,,granular layer|rest
MED27,0.07729078,0.08386305,-0.006572269,,,granular layer|rest
TCAIM,0.090095565,0.09667459,-0.0065790266,,,granular layer|rest
MYEF2,0.08431963,0.0909073,-0.0065876693,,,granular layer|rest
SMG6,0.08418057,0.090772904,-0.0065923333,,,granular layer|rest
VTA1,0.07399215,0.0805934,-0.0066012517,,,granular layer|rest
PNN,0.09060028,0.09720511,-0.006604828,,,granular layer|rest
MRPS9,0.13507679,0.14168906,-0.006612271,,,granular layer|rest
GTF2F1,0.07798004,0.08460184,-0.0066218004,,,granular layer|rest
FNIP2,0.0784608,0.08508439,-0.006623596,,,granular layer|rest
OCIAD2,0.09818044,0.104805924,-0.006625481,,,granular layer|rest
AIG1,0.15986165,0.16648792,-0.0066262633,,,granular layer|rest
SEMA3E,0.12227207,0.12889962,-0.006627552,,,granular layer|rest
PITPNC1,0.101137556,0.10776648,-0.006628923,,,granular layer|rest
RHOT1,0.09096566,0.09759693,-0.00663127,,,granular layer|rest
BCL2L13,0.08684342,0.093475126,-0.006631702,,,granular layer|rest
ANAPC16,0.0846657,0.09129914,-0.006633438,,,granular layer|rest
RFX7,0.101638325,0.10827513,-0.006636806,,,granular layer|rest
FAM169A,0.07504015,0.08167713,-0.0066369846,,,granular layer|rest
DNM3,0.3295671,0.3362062,-0.006639093,,,granular layer|rest
EPN1,0.07837127,0.0850148,-0.0066435263,,,granular layer|rest
AHCYL2,0.10209998,0.10874697,-0.006646991,,,granular layer|rest
COPS4,0.07126723,0.07791877,-0.0066515356,,,granular layer|rest
ABCD3,0.07906058,0.0857142,-0.006653622,,,granular layer|rest
OTUD5,0.069494486,0.0761628,-0.0066683143,,,granular layer|rest
NDUFAF4,0.07285916,0.07952845,-0.0066692904,,,granular layer|rest
MRPS11,0.12091817,0.12760432,-0.006686151,,,granular layer|rest
EXOC6B,0.21333663,0.22002809,-0.006691456,,,granular layer|rest
XRN2,0.07592012,0.082614735,-0.006694615,,,granular layer|rest
BTBD7,0.07950534,0.08620719,-0.0067018494,,,granular layer|rest
USP2,0.085330404,0.092034824,-0.00670442,,,granular layer|rest
REPS1,0.06934619,0.07605239,-0.0067062005,,,granular layer|rest
CALN1,0.35595658,0.36266842,-0.0067118406,,,granular layer|rest
FUNDC2,0.10480256,0.11151461,-0.0067120567,,,granular layer|rest
ZBTB20,0.09226069,0.0989749,-0.00671421,,,granular layer|rest
GGH,0.07265144,0.07937518,-0.006723739,,,granular layer|rest
TNIK,0.0842983,0.09102374,-0.0067254454,,,granular layer|rest
UBR1,0.09098032,0.09770964,-0.0067293197,,,granular layer|rest
LUC7L3,0.20679405,0.21352968,-0.006735623,,,granular layer|rest
ADRM1,0.11097834,0.117720544,-0.0067422017,,,granular layer|rest
PRKCSH,0.06977608,0.076520465,-0.0067443848,,,granular layer|rest
PSMG4,0.09499469,0.10174587,-0.006751187,,,granular layer|rest
LRRC49,0.1079023,0.11465848,-0.006756179,,,granular layer|rest
ARHGEF3,0.08163447,0.0883931,-0.0067586303,,,granular layer|rest
FGD6,0.077312976,0.08407374,-0.006760761,,,granular layer|rest
MRPL14,0.17347826,0.1802501,-0.0067718327,,,granular layer|rest
ATP13A2,0.06331754,0.07009746,-0.006779924,,,granular layer|rest
AHCTF1,0.08447571,0.09125572,-0.006780006,,,granular layer|rest
PCNX2,0.123751745,0.1305336,-0.006781861,,,granular layer|rest
VPS51,0.08915858,0.09594052,-0.006781943,,,granular layer|rest
GIGYF2,0.102342784,0.109135464,-0.0067926794,,,granular layer|rest
TMEM126A,0.12899509,0.13579358,-0.006798491,,,granular layer|rest
PDS5A,0.1038438,0.11064364,-0.0067998394,,,granular layer|rest
C12orf75,0.24767096,0.25447515,-0.006804183,,,granular layer|rest
TFIP11,0.082397446,0.0892025,-0.006805055,,,granular layer|rest
NALCN,0.15708579,0.16389461,-0.0068088174,,,granular layer|rest
TWF2,0.1702088,0.17702591,-0.0068171173,,,granular layer|rest
SAT2,0.08345759,0.090283535,-0.0068259463,,,granular layer|rest
AMBRA1,0.07858024,0.08540802,-0.006827779,,,granular layer|rest
RTCB,0.072857134,0.07968774,-0.006830603,,,granular layer|rest
EDC4,0.08261954,0.08945877,-0.0068392307,,,granular layer|rest
PHF21A,0.11140049,0.118243575,-0.0068430826,,,granular layer|rest
ZFAND6,0.10385954,0.110707015,-0.0068474784,,,granular layer|rest
COQ9,0.090141855,0.096990265,-0.00684841,,,granular layer|rest
SAFB2,0.083622344,0.09047344,-0.0068510994,,,granular layer|rest
PCBP4,0.109857224,0.11670889,-0.0068516657,,,granular layer|rest
WSCD1,0.07139282,0.07824503,-0.0068522096,,,granular layer|rest
MSI2,0.13667302,0.14352928,-0.0068562627,,,granular layer|rest
MPHOSPH8,0.10178222,0.10866621,-0.0068839937,,,granular layer|rest
MRPL18,0.08954263,0.096427865,-0.006885238,,,granular layer|rest
PTCD3,0.080910936,0.08780378,-0.006892845,,,granular layer|rest
SMARCA2,0.1250212,0.13191487,-0.0068936646,,,granular layer|rest
LRCH1,0.22468488,0.2315803,-0.006895423,,,granular layer|rest
PAFAH1B3,0.11915184,0.12604792,-0.006896086,,,granular layer|rest
MRPS7,0.07586279,0.08275917,-0.006896384,,,granular layer|rest
FAM149B1,0.07084919,0.07774862,-0.0068994313,,,granular layer|rest
GPCPD1,0.07761113,0.084515505,-0.006904371,,,granular layer|rest
C18orf25,0.09352441,0.1004322,-0.006907791,,,granular layer|rest
HCN1,0.15752693,0.16444112,-0.0069141984,,,granular layer|rest
THAP4,0.069609046,0.07653188,-0.0069228336,,,granular layer|rest
ALKBH2,0.11835374,0.12527889,-0.0069251508,,,granular layer|rest
BUD31,0.10323296,0.11016306,-0.0069301054,,,granular layer|rest
PHF20,0.10244584,0.10937788,-0.0069320425,,,granular layer|rest
MAPK14,0.083003074,0.08993904,-0.006935969,,,granular layer|rest
THRAP3,0.07192677,0.07886434,-0.006937571,,,granular layer|rest
GOLGB1,0.0807681,0.08770949,-0.0069413856,,,granular layer|rest
GLO1,0.072033755,0.07898879,-0.006955035,,,granular layer|rest
SOS1,0.100995004,0.10795141,-0.006956406,,,granular layer|rest
UNC50,0.1075908,0.11454968,-0.0069588795,,,granular layer|rest
CCDC107,0.08179706,0.08876096,-0.006963894,,,granular layer|rest
NDST3,0.21820773,0.22517362,-0.0069658905,,,granular layer|rest
EFR3B,0.096625336,0.103596814,-0.0069714785,,,granular layer|rest
L1CAM,0.1037579,0.11073352,-0.0069756135,,,granular layer|rest
PNPO,0.07527472,0.08225151,-0.0069767907,,,granular layer|rest
SMARCAD1,0.089719325,0.0966981,-0.0069787726,,,granular layer|rest
RAB3IP,0.11253857,0.11952908,-0.0069905147,,,granular layer|rest
MPHOSPH6,0.11003426,0.11704055,-0.007006295,,,granular layer|rest
GFOD2,0.08798125,0.09498807,-0.007006824,,,granular layer|rest
ACBD3,0.090131454,0.09714669,-0.0070152357,,,granular layer|rest
LARS,0.06867006,0.07568995,-0.0070198923,,,granular layer|rest
ZBTB47,0.08823039,0.095250495,-0.0070201084,,,granular layer|rest
RTFDC1,0.06910271,0.07613856,-0.0070358515,,,granular layer|rest
SRP68,0.0794228,0.0864589,-0.0070360973,,,granular layer|rest
DCAF5,0.09367722,0.10072375,-0.007046528,,,granular layer|rest
SNCG,0.07818091,0.08523011,-0.007049203,,,granular layer|rest
ZNF358,0.10829569,0.11534645,-0.00705076,,,granular layer|rest
KLHDC10,0.12659131,0.13364433,-0.0070530176,,,granular layer|rest
ARL8A,0.08246902,0.0895224,-0.0070533827,,,granular layer|rest
HIGD2A,0.1521135,0.15917201,-0.007058516,,,granular layer|rest
CSMD3,0.11977192,0.12683132,-0.0070594028,,,granular layer|rest
BARHL2,0.14284344,0.14993,-0.00708656,,,granular layer|rest
NUDC,0.19749919,0.20458822,-0.0070890337,,,granular layer|rest
OBSL1,0.07856812,0.08565974,-0.007091619,,,granular layer|rest
CDC5L,0.10141817,0.1085109,-0.007092729,,,granular layer|rest
WIPI2,0.10513528,0.11223124,-0.0070959628,,,granular layer|rest
ADAM11,0.13744225,0.14454618,-0.007103935,,,granular layer|rest
ZSWIM5,0.16299205,0.17009719,-0.007105142,,,granular layer|rest
SLC25A12,0.08838075,0.09548877,-0.0071080253,,,granular layer|rest
FBXO31,0.09143827,0.0985463,-0.0071080253,,,granular layer|rest
TSHZ1,0.08581882,0.09292826,-0.007109441,,,granular layer|rest
AMZ2,0.08006594,0.08717541,-0.007109463,,,granular layer|rest
GALNT7,0.20124456,0.20835456,-0.0071099997,,,granular layer|rest
AMPD2,0.09932113,0.10643498,-0.0071138516,,,granular layer|rest
E4F1,0.08257825,0.08969343,-0.007115178,,,granular layer|rest
TNRC6B,0.117064215,0.12418331,-0.007119097,,,granular layer|rest
PPP1CA,0.09428376,0.10140288,-0.007119119,,,granular layer|rest
CDR2L,0.105543144,0.112664565,-0.0071214214,,,granular layer|rest
CCSER1,0.37686697,0.38399458,-0.007127613,,,granular layer|rest
RRAGD,0.072211556,0.07934815,-0.007136591,,,granular layer|rest
USP14,0.07050309,0.0776411,-0.0071380064,,,granular layer|rest
STAM,0.09296974,0.10011256,-0.0071428195,,,granular layer|rest
PDIA6,0.07214495,0.07928924,-0.0071442947,,,granular layer|rest
ASAP2,0.070971526,0.07811749,-0.0071459636,,,granular layer|rest
PHKB,0.14730531,0.15445694,-0.0071516335,,,granular layer|rest
MPC2,0.21459262,0.22174557,-0.007152945,,,granular layer|rest
DIABLO,0.08854132,0.0957002,-0.0071588755,,,granular layer|rest
CISD2,0.13734768,0.14451237,-0.007164687,,,granular layer|rest
ACTR3B,0.082543045,0.089708984,-0.0071659386,,,granular layer|rest
CFAP36,0.08304429,0.09021321,-0.007168919,,,granular layer|rest
ARFGEF1,0.08542698,0.09260038,-0.007173404,,,granular layer|rest
AKAP8L,0.074577525,0.08175118,-0.0071736574,,,granular layer|rest
TM2D3,0.077241085,0.08441942,-0.0071783364,,,granular layer|rest
SLC12A6,0.0737666,0.08094494,-0.007178344,,,granular layer|rest
C20orf24,0.13791203,0.14509754,-0.007185504,,,granular layer|rest
BCAS1,0.088973604,0.09616096,-0.007187359,,,granular layer|rest
VPS13B,0.19364995,0.20083982,-0.00718987,,,granular layer|rest
UBTD2,0.0950515,0.10225498,-0.007203482,,,granular layer|rest
PCYT2,0.07532843,0.08253603,-0.007207595,,,granular layer|rest
SLC25A11,0.107436046,0.114643894,-0.007207848,,,granular layer|rest
NIPSNAP2,0.07979563,0.08700623,-0.007210605,,,granular layer|rest
THTPA,0.16199212,0.16920322,-0.007211104,,,granular layer|rest
ATXN10,0.12031937,0.12753728,-0.007217914,,,granular layer|rest
YAF2,0.10076402,0.107985236,-0.0072212145,,,granular layer|rest
ERC1,0.3020974,0.30932483,-0.007227421,,,granular layer|rest
U2SURP,0.11283482,0.12006485,-0.0072300285,,,granular layer|rest
CREBL2,0.07519881,0.082432695,-0.007233888,,,granular layer|rest
SRSF10,0.07430232,0.081539445,-0.0072371215,,,granular layer|rest
PDE9A,0.08812866,0.09537239,-0.0072437227,,,granular layer|rest
STAG1,0.18539523,0.19264455,-0.0072493255,,,granular layer|rest
TRAP1,0.097394235,0.10464983,-0.0072555915,,,granular layer|rest
CNOT6,0.06897787,0.0762466,-0.007268727,,,granular layer|rest
TNKS2,0.07812098,0.08539255,-0.007271573,,,granular layer|rest
DNAJC12,0.116652496,0.12393299,-0.0072804913,,,granular layer|rest
MUM1,0.06882062,0.076114975,-0.007294357,,,granular layer|rest
NAXE,0.079831615,0.08713163,-0.007300012,,,granular layer|rest
GET4,0.10649399,0.11379795,-0.0073039606,,,granular layer|rest
UBXN2B,0.06788797,0.07519769,-0.00730972,,,granular layer|rest
SUSD4,0.12452572,0.13184536,-0.0073196366,,,granular layer|rest
PDLIM2,0.16468947,0.17201126,-0.00732179,,,granular layer|rest
STX6,0.08392837,0.09125392,-0.0073255524,,,granular layer|rest
PCBP3,0.11499002,0.12231704,-0.00732702,,,granular layer|rest
RBFOX2,0.23474108,0.24207576,-0.0073346794,,,granular layer|rest
SUCLG1,0.10732,0.114659384,-0.0073393807,,,granular layer|rest
TAB2,0.08530659,0.092649154,-0.007342562,,,granular layer|rest
UBE4B,0.100196466,0.10753958,-0.0073431134,,,granular layer|rest
MAP3K13,0.11269043,0.120034434,-0.0073440075,,,granular layer|rest
CCPG1,0.07527975,0.08262425,-0.007344499,,,granular layer|rest
EPC2,0.09343864,0.10078405,-0.007345408,,,granular layer|rest
ARVCF,0.1154748,0.12282235,-0.007347554,,,granular layer|rest
CDH15,0.09272351,0.100071944,-0.007348433,,,granular layer|rest
ATG9A,0.07764219,0.08499226,-0.0073500723,,,granular layer|rest
ELF2,0.0818001,0.08915061,-0.0073505044,,,granular layer|rest
PTGES3L-AARSD1,0.07143794,0.07879039,-0.007352449,,,granular layer|rest
FIP1L1,0.08016529,0.08751878,-0.007353492,,,granular layer|rest
RNF13,0.084297806,0.091656476,-0.0073586702,,,granular layer|rest
SOCS7,0.10817099,0.11553947,-0.007368475,,,granular layer|rest
AGAP1,0.18234447,0.18972044,-0.0073759705,,,granular layer|rest
TTC3,0.15997484,0.16738352,-0.0074086785,,,granular layer|rest
GLG1,0.14962797,0.15703748,-0.007409513,,,granular layer|rest
INTS11,0.08090676,0.08831803,-0.007411264,,,granular layer|rest
MKKS,0.091791905,0.099204846,-0.0074129403,,,granular layer|rest
SLC12A2,0.09418151,0.10159902,-0.007417515,,,granular layer|rest
CTDSPL2,0.08265828,0.09007709,-0.007418804,,,granular layer|rest
RBM41,0.08093041,0.088352874,-0.007422462,,,granular layer|rest
BPTF,0.15552595,0.16296163,-0.0074356794,,,granular layer|rest
USP48,0.10650773,0.11394823,-0.0074405,,,granular layer|rest
SLAIN1,0.08648371,0.09393653,-0.007452823,,,granular layer|rest
VPS13C,0.17322554,0.18068658,-0.007461041,,,granular layer|rest
PA2G4,0.08871213,0.09617738,-0.0074652433,,,granular layer|rest
SSBP1,0.13581422,0.14328535,-0.0074711293,,,granular layer|rest
SLMAP,0.11535881,0.122834295,-0.007475488,,,granular layer|rest
PSD3,0.14928418,0.15676299,-0.0074788034,,,granular layer|rest
UBR4,0.08716563,0.09465689,-0.0074912608,,,granular layer|rest
CHD3,0.06437939,0.07187074,-0.00749135,,,granular layer|rest
CACNB2,0.16401076,0.17150252,-0.0074917525,,,granular layer|rest
RNF10,0.07546787,0.08296119,-0.007493317,,,granular layer|rest
C4orf48,0.14135693,0.1488503,-0.0074933767,,,granular layer|rest
ZNF644,0.15167819,0.15917711,-0.00749892,,,granular layer|rest
HDGFL2,0.08263274,0.09013628,-0.0075035393,,,granular layer|rest
SGK1,0.10657058,0.114090845,-0.007520266,,,granular layer|rest
PPP6R3,0.088157624,0.09568704,-0.007529415,,,granular layer|rest
TRAPPC13,0.07033011,0.07786336,-0.007533245,,,granular layer|rest
DICER1,0.07547631,0.083017334,-0.007541023,,,granular layer|rest
CRBN,0.092113696,0.099656366,-0.00754267,,,granular layer|rest
APBA1,0.104299344,0.1118427,-0.007543355,,,granular layer|rest
KLHDC3,0.1553458,0.16289045,-0.0075446516,,,granular layer|rest
POLR2H,0.13038738,0.13793316,-0.007545784,,,granular layer|rest
FAR1,0.10225448,0.10980114,-0.0075466633,,,granular layer|rest
EIF2A,0.08374292,0.091300845,-0.0075579286,,,granular layer|rest
VMP1,0.08916826,0.096726656,-0.007558398,,,granular layer|rest
NFYC,0.09301843,0.10057711,-0.007558681,,,granular layer|rest
C19orf25,0.10162099,0.10919667,-0.0075756833,,,granular layer|rest
HSD17B10,0.069829516,0.077405676,-0.00757616,,,granular layer|rest
STXBP5,0.21063146,0.21820834,-0.007576883,,,granular layer|rest
NMT1,0.06399424,0.071577534,-0.007583298,,,granular layer|rest
COPB2,0.07567022,0.08325752,-0.0075872988,,,granular layer|rest
MAP7,0.17036608,0.17796025,-0.007594168,,,granular layer|rest
EGLN1,0.07186591,0.079462506,-0.007596597,,,granular layer|rest
DIDO1,0.07709706,0.08470446,-0.0076074004,,,granular layer|rest
EIF6,0.085361235,0.09297148,-0.0076102465,,,granular layer|rest
SEPT11,0.10595166,0.11356303,-0.0076113716,,,granular layer|rest
AP3M2,0.11414566,0.121759705,-0.0076140463,,,granular layer|rest
PSMD14,0.107056044,0.114678435,-0.007622391,,,granular layer|rest
WDR61,0.105617136,0.11323976,-0.007622622,,,granular layer|rest
GPSM1,0.10277535,0.110398285,-0.007622935,,,granular layer|rest
IGSF21,0.15404008,0.16166967,-0.0076295882,,,granular layer|rest
PRELID1,0.1264613,0.13409838,-0.0076370835,,,granular layer|rest
FAM241B,0.15262796,0.16027004,-0.0076420754,,,granular layer|rest
CORO1A,0.06847711,0.076119736,-0.0076426268,,,granular layer|rest
ANKRD28,0.118009515,0.12565339,-0.007643871,,,granular layer|rest
MDP1,0.10619129,0.113837585,-0.0076462924,,,granular layer|rest
FAM32A,0.07691628,0.08456581,-0.0076495335,,,granular layer|rest
MRPS18A,0.092366755,0.10001734,-0.007650584,,,granular layer|rest
KDM3B,0.075965114,0.083627306,-0.007662192,,,granular layer|rest
PPP2R2B,0.09620176,0.10386566,-0.007663898,,,granular layer|rest
PDS5B,0.08579372,0.09346091,-0.0076671913,,,granular layer|rest
UBAP1,0.08515301,0.092829764,-0.0076767504,,,granular layer|rest
TRPC4AP,0.098379225,0.10605971,-0.007680483,,,granular layer|rest
SCAF8,0.10779807,0.1154791,-0.007681027,,,granular layer|rest
MRPS16,0.093383536,0.10106729,-0.007683754,,,granular layer|rest
FAM69A,0.11151827,0.119211465,-0.007693194,,,granular layer|rest
ZFP90,0.08055084,0.088251136,-0.0077002943,,,granular layer|rest
FKBP3,0.08849512,0.09620089,-0.0077057704,,,granular layer|rest
TM9SF3,0.073710084,0.081422314,-0.00771223,,,granular layer|rest
RBPJ,0.11663836,0.12436511,-0.0077267513,,,granular layer|rest
RALGAPA1,0.15269984,0.16042882,-0.007728979,,,granular layer|rest
GLRB,0.093628414,0.10136207,-0.007733658,,,granular layer|rest
CSTF3,0.0839919,0.09172597,-0.0077340677,,,granular layer|rest
SERP1,0.0729412,0.08068533,-0.0077441335,,,granular layer|rest
RDX,0.09103119,0.09877789,-0.007746704,,,granular layer|rest
MANBA,0.058781598,0.066532284,-0.0077506863,,,granular layer|rest
MAP3K5,0.09051477,0.09826872,-0.007753946,,,granular layer|rest
FBXO44,0.06521252,0.07296842,-0.0077559054,,,granular layer|rest
RBM42,0.07763618,0.08539568,-0.0077594966,,,granular layer|rest
TRAM1,0.08655419,0.09432053,-0.007766336,,,granular layer|rest
NSUN5,0.07546695,0.08323447,-0.0077675134,,,granular layer|rest
BCAP29,0.111195706,0.11896933,-0.007773623,,,granular layer|rest
MRPL51,0.1461301,0.1539192,-0.007789105,,,granular layer|rest
OS9,0.10571464,0.1135127,-0.007798061,,,granular layer|rest
TROVE2,0.08220812,0.0900098,-0.0078016818,,,granular layer|rest
KHNYN,0.094640665,0.10244652,-0.007805854,,,granular layer|rest
WDR33,0.14058831,0.1484019,-0.007813588,,,granular layer|rest
PTBP2,0.0877064,0.09552029,-0.007813886,,,granular layer|rest
YTHDF3,0.08385796,0.091678195,-0.007820234,,,granular layer|rest
SECISBP2L,0.085961066,0.09379678,-0.007835716,,,granular layer|rest
ALAS1,0.07271327,0.08055034,-0.007837072,,,granular layer|rest
TMEM50A,0.12016459,0.12800398,-0.007839397,,,granular layer|rest
ACACA,0.09951744,0.10735691,-0.007839471,,,granular layer|rest
BLVRA,0.11326292,0.121102504,-0.007839583,,,granular layer|rest
USP10,0.0700756,0.077917084,-0.007841483,,,granular layer|rest
GPHN,0.3848531,0.39269492,-0.0078418255,,,granular layer|rest
EIF2B5,0.07641461,0.0842604,-0.007845789,,,granular layer|rest
ZBTB17,0.065646954,0.07349399,-0.007847033,,,granular layer|rest
C16orf45,0.15547828,0.16333349,-0.007855207,,,granular layer|rest
MRPL49,0.095929086,0.1037883,-0.007859215,,,granular layer|rest
EIF3G,0.080662474,0.08852198,-0.007859506,,,granular layer|rest
FAM120A,0.09829813,0.10616682,-0.007868685,,,granular layer|rest
HAX1,0.092852294,0.10072558,-0.007873282,,,granular layer|rest
GOLGA7,0.11419488,0.122078985,-0.0078841075,,,granular layer|rest
TTC37,0.10427942,0.11216517,-0.007885747,,,granular layer|rest
TLL1,0.18440078,0.19230123,-0.007900447,,,granular layer|rest
RAB24,0.102448,0.11035084,-0.007902838,,,granular layer|rest
SEPT2,0.07577831,0.08368563,-0.007907316,,,granular layer|rest
HACD2,0.08032355,0.08824297,-0.007919423,,,granular layer|rest
CAMSAP1,0.101728454,0.10965704,-0.0079285875,,,granular layer|rest
UBAP2L,0.06735423,0.07528512,-0.00793089,,,granular layer|rest
SELENOM,0.08567576,0.09360838,-0.007932618,,,granular layer|rest
AFTPH,0.08387627,0.09180928,-0.007933013,,,granular layer|rest
PKIA,0.07277433,0.080707714,-0.007933386,,,granular layer|rest
MAN1B1,0.06712087,0.07505666,-0.007935785,,,granular layer|rest
TMED4,0.07695668,0.08489573,-0.007939048,,,granular layer|rest
NHSL2,0.11575557,0.12369655,-0.007940978,,,granular layer|rest
NAA50,0.07304474,0.08099125,-0.007946514,,,granular layer|rest
XRCC5,0.10741736,0.11537326,-0.007955901,,,granular layer|rest
ZDHHC20,0.069411665,0.07737167,-0.007960007,,,granular layer|rest
ERGIC1,0.101692036,0.10965313,-0.007961094,,,granular layer|rest
COPE,0.09647731,0.104442075,-0.0079647675,,,granular layer|rest
VBP1,0.098027594,0.105998054,-0.00797046,,,granular layer|rest
ZHX3,0.11483195,0.122803606,-0.007971659,,,granular layer|rest
SLC20A2,0.108686015,0.11666223,-0.007976212,,,granular layer|rest
N4BP2L2,0.10866294,0.116639294,-0.007976353,,,granular layer|rest
MAEA,0.07516483,0.0831529,-0.0079880655,,,granular layer|rest
TUBGCP2,0.08803959,0.096028104,-0.0079885125,,,granular layer|rest
GPR155,0.074968085,0.082965516,-0.007997431,,,granular layer|rest
GARS,0.08472067,0.09272424,-0.00800357,,,granular layer|rest
CDC26,0.105294965,0.11330224,-0.008007273,,,granular layer|rest
GPATCH8,0.1943592,0.20237106,-0.008011863,,,granular layer|rest
EHD1,0.15410955,0.16212194,-0.008012384,,,granular layer|rest
MAML3,0.50121415,0.5092282,-0.008014083,,,granular layer|rest
FBXO41,0.07357792,0.08159613,-0.0080182105,,,granular layer|rest
PIP5K1B,0.07451965,0.08254622,-0.00802657,,,granular layer|rest
MSL1,0.07851537,0.08654645,-0.008031078,,,granular layer|rest
ARHGEF11,0.07334548,0.0813814,-0.008035921,,,granular layer|rest
DDHD1,0.085004374,0.09304089,-0.008036517,,,granular layer|rest
PBRM1,0.113733,0.12177279,-0.008039787,,,granular layer|rest
PKIB,0.10034504,0.108396985,-0.008051947,,,granular layer|rest
SETD7,0.06872457,0.07678373,-0.008059159,,,granular layer|rest
TACC2,0.10701762,0.11508099,-0.0080633685,,,granular layer|rest
IDH3G,0.088895105,0.09695849,-0.008063383,,,granular layer|rest
CTNNA1,0.069799595,0.077865094,-0.008065499,,,granular layer|rest
PRMT8,0.08874474,0.09681073,-0.008065991,,,granular layer|rest
RARS,0.090193376,0.09826739,-0.008074015,,,granular layer|rest
GRM1,0.20984147,0.2179192,-0.008077726,,,granular layer|rest
MRPL37,0.10532835,0.11341115,-0.0080828,,,granular layer|rest
PRRC2C,0.11375691,0.121853635,-0.008096725,,,granular layer|rest
IQCK,0.083421305,0.09151958,-0.0080982745,,,granular layer|rest
RAB33A,0.08215914,0.090260096,-0.008100957,,,granular layer|rest
SETD2,0.14191991,0.15002307,-0.008103162,,,granular layer|rest
TARDBP,0.13388462,0.14198825,-0.008103624,,,granular layer|rest
PFDN6,0.08030918,0.088413216,-0.008104034,,,granular layer|rest
TCEA2,0.17495541,0.18306616,-0.008110747,,,granular layer|rest
FAM13B,0.08270754,0.09083157,-0.008124031,,,granular layer|rest
NFASC,0.12087842,0.12900303,-0.008124612,,,granular layer|rest
NR1D2,0.08538242,0.093508214,-0.008125797,,,granular layer|rest
SELENOO,0.11494883,0.1230862,-0.008137368,,,granular layer|rest
STK25,0.08386832,0.09200762,-0.008139305,,,granular layer|rest
WBP11,0.073659025,0.081801035,-0.008142009,,,granular layer|rest
TEF,0.08653718,0.094681844,-0.008144662,,,granular layer|rest
DUSP3,0.068366505,0.076511756,-0.00814525,,,granular layer|rest
LSM6,0.1323391,0.14048491,-0.008145809,,,granular layer|rest
EPN2,0.18217984,0.19032654,-0.008146703,,,granular layer|rest
CLK2,0.08850347,0.09665354,-0.008150071,,,granular layer|rest
CNTN2,0.0701241,0.078284174,-0.008160077,,,granular layer|rest
BIRC6,0.2049513,0.21311797,-0.008166671,,,granular layer|rest
PRKX,0.121929586,0.13010031,-0.008170724,,,granular layer|rest
SELENOH,0.07301814,0.081189476,-0.008171335,,,granular layer|rest
TSFM,0.070003726,0.07817593,-0.008172207,,,granular layer|rest
RALGPS1,0.12098488,0.1291609,-0.008176014,,,granular layer|rest
SPG7,0.099141076,0.10731709,-0.008176014,,,granular layer|rest
BZW1,0.0803104,0.088488325,-0.008177929,,,granular layer|rest
UBE2V1,0.08512539,0.09330379,-0.008178405,,,granular layer|rest
AAMP,0.066605866,0.074798495,-0.008192629,,,granular layer|rest
HERPUD2,0.06856182,0.07675715,-0.008195326,,,granular layer|rest
PSMC2,0.1109848,0.11918204,-0.0081972405,,,granular layer|rest
ATP2B3,0.09802322,0.10622089,-0.008197673,,,granular layer|rest
CLCN2,0.09799061,0.10621006,-0.008219451,,,granular layer|rest
SCYL1,0.10079761,0.10902305,-0.008225441,,,granular layer|rest
PPP1R1A,0.14822549,0.15645328,-0.008227795,,,granular layer|rest
DLG3,0.07848016,0.086709134,-0.008228973,,,granular layer|rest
SPAG7,0.08423666,0.092467725,-0.008231066,,,granular layer|rest
PRDX1,0.0723407,0.08057675,-0.008236051,,,granular layer|rest
PNRC1,0.15418674,0.16242729,-0.008240551,,,granular layer|rest
SAMD14,0.1446648,0.15290736,-0.008242562,,,granular layer|rest
SRSF1,0.092861414,0.10111618,-0.008254766,,,granular layer|rest
PCCA,0.1512082,0.15946643,-0.0082582235,,,granular layer|rest
MAP6,0.07345807,0.08172928,-0.00827121,,,granular layer|rest
ITPK1,0.093386225,0.10166132,-0.008275092,,,granular layer|rest
ARPC2,0.15558088,0.1638582,-0.008277327,,,granular layer|rest
ANKRD40,0.0814745,0.08975212,-0.008277625,,,granular layer|rest
PDE4A,0.09245753,0.10073684,-0.008279309,,,granular layer|rest
MRPS26,0.13301243,0.1412953,-0.00828287,,,granular layer|rest
MINDY3,0.07154929,0.07983484,-0.008285552,,,granular layer|rest
TRAPPC3,0.10424398,0.11253353,-0.008289553,,,granular layer|rest
FAM53B,0.14512368,0.15342556,-0.008301884,,,granular layer|rest
TXNL1,0.10911965,0.11742352,-0.008303866,,,granular layer|rest
RBM8A,0.1409883,0.14930543,-0.008317128,,,granular layer|rest
TIMM10,0.07628161,0.08460154,-0.008319929,,,granular layer|rest
ATP2C1,0.07054571,0.078866616,-0.008320905,,,granular layer|rest
STAU1,0.09923731,0.10756078,-0.008323476,,,granular layer|rest
HMBOX1,0.07340018,0.08173042,-0.008330241,,,granular layer|rest
AAMDC,0.082922615,0.09125403,-0.008331418,,,granular layer|rest
DYRK1A,0.13015431,0.1384863,-0.008331984,,,granular layer|rest
DOK7,0.1570304,0.16536516,-0.008334756,,,granular layer|rest
GDAP1,0.081417926,0.0897565,-0.008338578,,,granular layer|rest
ADD3,0.1392885,0.1476276,-0.008339107,,,granular layer|rest
ERBB4,0.37060913,0.37894908,-0.0083399415,,,granular layer|rest
PPP1R12B,0.17064697,0.17899951,-0.008352548,,,granular layer|rest
SDCCAG8,0.15648197,0.1648404,-0.008358434,,,granular layer|rest
SPTAN1,0.31974584,0.3281056,-0.00835976,,,granular layer|rest
MDGA2,0.2987269,0.30710092,-0.008374035,,,granular layer|rest
EML5,0.14556535,0.15394057,-0.008375227,,,granular layer|rest
VPS36,0.08407516,0.092455976,-0.008380815,,,granular layer|rest
PRPF4B,0.07092275,0.07930659,-0.00838384,,,granular layer|rest
TAF1,0.06740561,0.07579044,-0.008384831,,,granular layer|rest
KAT5,0.085134394,0.09353011,-0.008395717,,,granular layer|rest
PCOLCE2,0.11051581,0.11892006,-0.008404247,,,granular layer|rest
COPS7A,0.10387493,0.11228407,-0.0084091425,,,granular layer|rest
SPCS2,0.10677456,0.11518472,-0.008410156,,,granular layer|rest
ZC3H15,0.12441784,0.13283494,-0.0084171,,,granular layer|rest
MZT1,0.08838893,0.09680755,-0.00841862,,,granular layer|rest
COG6,0.099641696,0.10806039,-0.008418694,,,granular layer|rest
THYN1,0.081478655,0.08989988,-0.008421227,,,granular layer|rest
BEND6,0.21340422,0.22183141,-0.008427188,,,granular layer|rest
IARS,0.0740031,0.082436785,-0.008433685,,,granular layer|rest
DLG1,0.20877238,0.21720965,-0.008437276,,,granular layer|rest
UBE2S,0.07480994,0.083252005,-0.008442067,,,granular layer|rest
SNX2,0.076331206,0.08477438,-0.008443177,,,granular layer|rest
SEMA7A,0.07519569,0.083640054,-0.008444361,,,granular layer|rest
CGREF1,0.107711725,0.11616128,-0.008449554,,,granular layer|rest
ZEB1,0.13314871,0.14160022,-0.0084515065,,,granular layer|rest
PRPF38B,0.09186137,0.10032229,-0.008460924,,,granular layer|rest
RNF8,0.07864435,0.087117575,-0.008473225,,,granular layer|rest
DRG1,0.07106463,0.07954497,-0.00848034,,,granular layer|rest
BDP1,0.1374762,0.14596537,-0.008489162,,,granular layer|rest
GBA2,0.10161795,0.11010887,-0.00849092,,,granular layer|rest
ATF7IP,0.1358468,0.14433898,-0.008492187,,,granular layer|rest
ST18,0.18548991,0.19398254,-0.008492634,,,granular layer|rest
ARL2BP,0.09683409,0.105328105,-0.008494012,,,granular layer|rest
SMYD3,0.3269488,0.33544415,-0.008495361,,,granular layer|rest
GRIK2,1.2193503,1.2278504,-0.008500099,,,granular layer|rest
KCTD3,0.08862546,0.097126454,-0.008500993,,,granular layer|rest
DAG1,0.123768784,0.13227428,-0.008505501,,,granular layer|rest
CNOT2,0.15634128,0.16485369,-0.008512408,,,granular layer|rest
MGA,0.10526066,0.113774255,-0.008513592,,,granular layer|rest
APEX1,0.08920282,0.097718306,-0.008515485,,,granular layer|rest
GTF2A1,0.0797303,0.08824793,-0.00851763,,,granular layer|rest
UBR2,0.08642056,0.09494401,-0.008523449,,,granular layer|rest
GLRX3,0.10847926,0.117014766,-0.008535504,,,granular layer|rest
REEP5,0.10728991,0.11583553,-0.008545622,,,granular layer|rest
KCNAB2,0.06926701,0.07781324,-0.008546226,,,granular layer|rest
TCP11L1,0.07705058,0.085602015,-0.008551434,,,granular layer|rest
GNAZ,0.06524255,0.07379528,-0.00855273,,,granular layer|rest
DDX46,0.117882736,0.12643698,-0.008554243,,,granular layer|rest
TMOD1,0.09672367,0.10528775,-0.008564085,,,granular layer|rest
ARPC3,0.13262095,0.14118686,-0.008565918,,,granular layer|rest
AMFR,0.07607783,0.084647685,-0.008569859,,,granular layer|rest
AFF3,0.40289685,0.41146713,-0.008570284,,,granular layer|rest
C21orf2,0.091091916,0.09966277,-0.008570857,,,granular layer|rest
KAT7,0.08307581,0.09164953,-0.008573726,,,granular layer|rest
LAGE3,0.19554488,0.20412399,-0.008579105,,,granular layer|rest
ST5,0.10028529,0.10886571,-0.008580416,,,granular layer|rest
ATN1,0.07264843,0.08123511,-0.008586682,,,granular layer|rest
LUZP1,0.11280373,0.121396296,-0.008592568,,,granular layer|rest
MFN2,0.0705789,0.07917492,-0.008596018,,,granular layer|rest
ARID4A,0.1241306,0.13272749,-0.00859689,,,granular layer|rest
MICU3,0.13654007,0.14514205,-0.008601978,,,granular layer|rest
CDK14,0.15011749,0.15872157,-0.0086040795,,,granular layer|rest
AGL,0.09773328,0.10633863,-0.008605346,,,granular layer|rest
TUBA8,0.12850948,0.13712312,-0.008613646,,,granular layer|rest
GDE1,0.07576843,0.08438533,-0.0086168945,,,granular layer|rest
HDAC5,0.10253052,0.11115156,-0.008621044,,,granular layer|rest
ZNF462,0.089875154,0.098499775,-0.008624621,,,granular layer|rest
GALNT17,0.32446083,0.33309847,-0.008637637,,,granular layer|rest
ZDHHC14,0.13059351,0.13924411,-0.008650601,,,granular layer|rest
GATC,0.1007843,0.10943827,-0.008653969,,,granular layer|rest
SNX12,0.06699286,0.07564971,-0.008656852,,,granular layer|rest
APPBP2,0.09212503,0.100797154,-0.008672126,,,granular layer|rest
OGT,0.07418083,0.08285498,-0.008674152,,,granular layer|rest
SNRNP27,0.09219264,0.10086749,-0.008674845,,,granular layer|rest
SF3A3,0.0750292,0.08370478,-0.008675575,,,granular layer|rest
SOBP,0.14295864,0.15163714,-0.008678496,,,granular layer|rest
TAF15,0.08546709,0.09414926,-0.008682169,,,granular layer|rest
HPF1,0.13476002,0.1434427,-0.008682683,,,granular layer|rest
CTSB,0.07660938,0.085293874,-0.008684494,,,granular layer|rest
C9orf3,0.15766089,0.1663488,-0.008687913,,,granular layer|rest
TSC2,0.070187375,0.078876205,-0.00868883,,,granular layer|rest
EMC7,0.106257774,0.11495312,-0.008695349,,,granular layer|rest
DPCD,0.092478886,0.1011758,-0.008696914,,,granular layer|rest
LANCL2,0.1159805,0.124680236,-0.0086997375,,,granular layer|rest
CSPP1,0.12095821,0.12966155,-0.008703336,,,granular layer|rest
PRKAG2,0.085487925,0.094197735,-0.008709811,,,granular layer|rest
MSANTD3-TMEFF1,0.09312079,0.101830706,-0.008709915,,,granular layer|rest
NNT,0.07045271,0.07917253,-0.008719817,,,granular layer|rest
BABAM1,0.112649225,0.12137456,-0.008725338,,,granular layer|rest
DPP8,0.07046234,0.07918943,-0.008727089,,,granular layer|rest
NAE1,0.08457186,0.093300566,-0.008728705,,,granular layer|rest
NOP53,0.21859828,0.22735195,-0.008753672,,,granular layer|rest
VPS37A,0.087609105,0.09636383,-0.008754723,,,granular layer|rest
RABGAP1,0.10505525,0.11381592,-0.008760668,,,granular layer|rest
PFKFB3,0.068003155,0.07678765,-0.008784495,,,granular layer|rest
GRIN1,0.078587726,0.08737812,-0.008790396,,,granular layer|rest
LAMP2,0.07284229,0.08163508,-0.008792788,,,granular layer|rest
GPBP1,0.1538558,0.16265061,-0.008794814,,,granular layer|rest
STK39,0.0710893,0.07988833,-0.008799031,,,granular layer|rest
LSM7,0.12211475,0.1309225,-0.008807749,,,granular layer|rest
FNDC3A,0.1455745,0.15439105,-0.008816555,,,granular layer|rest
RAB26,0.10041673,0.10924014,-0.00882341,,,granular layer|rest
UBE2O,0.07988245,0.088712096,-0.008829646,,,granular layer|rest
ADAR,0.09362659,0.1024605,-0.008833915,,,granular layer|rest
PPP4R2,0.08455097,0.0933857,-0.008834727,,,granular layer|rest
EIF3C,0.13105841,0.13989624,-0.008837834,,,granular layer|rest
USF2,0.07914587,0.08799693,-0.008851059,,,granular layer|rest
ANAPC11,0.21175663,0.22061224,-0.008855611,,,granular layer|rest
ST3GAL3,0.121387854,0.13024455,-0.008856699,,,granular layer|rest
DUSP16,0.089718275,0.09858511,-0.008866832,,,granular layer|rest
SDHB,0.20864332,0.21751073,-0.008867413,,,granular layer|rest
PIP4K2A,0.08767186,0.09654806,-0.008876197,,,granular layer|rest
RER1,0.082351305,0.09123238,-0.008881077,,,granular layer|rest
DENND4A,0.10530033,0.11418215,-0.008881822,,,granular layer|rest
RPS6KA1,0.06971542,0.078598335,-0.008882917,,,granular layer|rest
DTNBP1,0.09881227,0.10769957,-0.008887306,,,granular layer|rest
ABHD17B,0.07671839,0.085609004,-0.008890614,,,granular layer|rest
RNF216,0.11527139,0.12417135,-0.008899957,,,granular layer|rest
TRIM23,0.07060386,0.07950704,-0.008903176,,,granular layer|rest
ZNF207,0.124202624,0.13310839,-0.008905768,,,granular layer|rest
TMEM8B,0.08081257,0.08971953,-0.008906953,,,granular layer|rest
WSCD2,0.109458804,0.118366115,-0.008907311,,,granular layer|rest
POLDIP2,0.07676833,0.08567686,-0.008908525,,,granular layer|rest
GBE1,0.08925743,0.09817619,-0.008918762,,,granular layer|rest
REEP3,0.15071864,0.15964088,-0.008922234,,,granular layer|rest
CRTAM,0.19613032,0.20505631,-0.008925989,,,granular layer|rest
ECHDC1,0.11006652,0.11899414,-0.008927621,,,granular layer|rest
ZNF655,0.073064014,0.081994005,-0.00892999,,,granular layer|rest
ZCCHC17,0.15738791,0.16632293,-0.008935019,,,granular layer|rest
INO80E,0.11852868,0.12746811,-0.00893943,,,granular layer|rest
C14H11orf49,0.11862261,0.12758006,-0.008957453,,,granular layer|rest
PTPRD,0.22833051,0.23729575,-0.008965239,,,granular layer|rest
STRN3,0.12193701,0.13090868,-0.008971676,,,granular layer|rest
DGKD,0.10341914,0.11239764,-0.008978501,,,granular layer|rest
MEGF11,0.08105497,0.09003725,-0.008982278,,,granular layer|rest
KCNMB4,0.12699607,0.135981,-0.008984923,,,granular layer|rest
RSRC1,0.11345604,0.12244832,-0.008992277,,,granular layer|rest
CALCOCO2,0.06928619,0.07828994,-0.009003751,,,granular layer|rest
PANK1,0.092990465,0.10199535,-0.0090048835,,,granular layer|rest
EIF4A3,0.07756821,0.086574495,-0.009006284,,,granular layer|rest
ARFGAP2,0.10237103,0.11137779,-0.009006761,,,granular layer|rest
NAA35,0.08674931,0.09576148,-0.00901217,,,granular layer|rest
COPB1,0.08066629,0.08968883,-0.009022541,,,granular layer|rest
MAP3K12,0.065151125,0.07417391,-0.009022787,,,granular layer|rest
EXOC3,0.07469153,0.0837153,-0.009023771,,,granular layer|rest
ST3GAL5,0.17688817,0.18591455,-0.009026378,,,granular layer|rest
SH3GLB2,0.19772245,0.20674993,-0.009027481,,,granular layer|rest
DMXL1,0.12714165,0.13617367,-0.009032011,,,granular layer|rest
SUSD6,0.108124666,0.1171604,-0.009035736,,,granular layer|rest
SNRNP25,0.17578836,0.18483709,-0.00904873,,,granular layer|rest
JPT1,0.16050978,0.16956683,-0.009057045,,,granular layer|rest
ARPC4,0.06815061,0.07720928,-0.009058669,,,granular layer|rest
RALY,0.12528072,0.13434172,-0.009060994,,,granular layer|rest
UPF2,0.09089701,0.099962406,-0.009065397,,,granular layer|rest
POLR2C,0.09692851,0.10599665,-0.009068146,,,granular layer|rest
LAMTOR2,0.10410102,0.1131725,-0.009071484,,,granular layer|rest
RYR2,0.48137397,0.4904467,-0.009072721,,,granular layer|rest
PFDN4,0.10230255,0.11138057,-0.009078018,,,granular layer|rest
KLHL22,0.09304075,0.10212143,-0.009080678,,,granular layer|rest
CNST,0.12908798,0.13817324,-0.009085253,,,granular layer|rest
UCHL5,0.115090206,0.124176964,-0.009086758,,,granular layer|rest
RBM5,0.100428626,0.10951569,-0.009087063,,,granular layer|rest
PKP4,0.14905196,0.15814511,-0.0090931505,,,granular layer|rest
SUN1,0.07433603,0.08343695,-0.009100921,,,granular layer|rest
SH3KBP1,0.06907092,0.07817963,-0.009108707,,,granular layer|rest
MYOM2,0.13813059,0.14724065,-0.009110063,,,granular layer|rest
PTCH1,0.11598345,0.12511398,-0.00913053,,,granular layer|rest
MMP24,0.18665826,0.19579062,-0.009132355,,,granular layer|rest
RAMP1,0.08473965,0.093882196,-0.009142548,,,granular layer|rest
TRIM33,0.09984018,0.10899718,-0.009157002,,,granular layer|rest
SNRPB2,0.10873072,0.117900014,-0.009169295,,,granular layer|rest
GRIA3,0.06293981,0.072109185,-0.009169377,,,granular layer|rest
RNH1,0.08240116,0.09157755,-0.009176396,,,granular layer|rest
DGUOK,0.0982332,0.10741643,-0.009183228,,,granular layer|rest
RFWD2,0.13048042,0.13966517,-0.009184748,,,granular layer|rest
DAAM1,0.11300797,0.12219715,-0.009189181,,,granular layer|rest
GGT7,0.07348974,0.08268192,-0.009192176,,,granular layer|rest
SEZ6,0.10383693,0.11303936,-0.009202428,,,granular layer|rest
RNF41,0.07047376,0.0796899,-0.009216137,,,granular layer|rest
DMD,0.22185965,0.2310796,-0.0092199445,,,granular layer|rest
MBD3,0.07643347,0.08565523,-0.009221755,,,granular layer|rest
PRRT1,0.06986579,0.07910515,-0.009239361,,,granular layer|rest
CHURC1-FNTB,0.14845069,0.15769108,-0.009240389,,,granular layer|rest
KIAA1468,0.08863056,0.09787321,-0.009242654,,,granular layer|rest
CWC15,0.26097637,0.27022123,-0.009244859,,,granular layer|rest
WDR83OS,0.26131058,0.27056873,-0.009258151,,,granular layer|rest
UBE2R2,0.13659887,0.14585859,-0.009259716,,,granular layer|rest
B4GALT5,0.112749666,0.1220131,-0.0092634335,,,granular layer|rest
VAMP2,0.058035675,0.06730035,-0.009264674,,,granular layer|rest
ANKRD11,0.13587339,0.14513968,-0.009266287,,,granular layer|rest
AFG3L2,0.07301125,0.08227991,-0.009268664,,,granular layer|rest
CHTOP,0.10696794,0.11625147,-0.009283528,,,granular layer|rest
RAB5A,0.10053138,0.109815806,-0.009284429,,,granular layer|rest
CPSF6,0.099592194,0.10887956,-0.009287365,,,granular layer|rest
ADGRL3,0.181223,0.19053349,-0.009310484,,,granular layer|rest
FGF1,0.083531015,0.092844166,-0.009313151,,,granular layer|rest
PSMA4,0.16282794,0.17215592,-0.009327978,,,granular layer|rest
CDK5,0.07734692,0.086676605,-0.009329684,,,granular layer|rest
WFIKKN1,0.1095867,0.118923314,-0.009336613,,,granular layer|rest
RNF38,0.09319882,0.10253631,-0.009337492,,,granular layer|rest
PDXK,0.10380413,0.11315555,-0.009351425,,,granular layer|rest
TOX4,0.09549935,0.10485743,-0.009358078,,,granular layer|rest
TSR2,0.0997386,0.10910116,-0.0093625635,,,granular layer|rest
ACTR1A,0.14390741,0.15327647,-0.00936906,,,granular layer|rest
MAZ,0.056289725,0.06566783,-0.009378105,,,granular layer|rest
PAPD5,0.068607554,0.077988796,-0.009381242,,,granular layer|rest
ARL3,0.15596889,0.16535601,-0.009387121,,,granular layer|rest
GRAMD1B,0.1936975,0.20309332,-0.009395823,,,granular layer|rest
APRT,0.17683914,0.18624401,-0.009404868,,,granular layer|rest
DCTN4,0.068036444,0.077445544,-0.0094091,,,granular layer|rest
ARCN1,0.09443855,0.10384889,-0.009410337,,,granular layer|rest
BTBD10,0.07268245,0.082115926,-0.009433478,,,granular layer|rest
ACYP2,0.11145121,0.12090621,-0.009455003,,,granular layer|rest
SEC31A,0.07678934,0.08625981,-0.00947047,,,granular layer|rest
BRI3,0.16853903,0.17801337,-0.009474337,,,granular layer|rest
SDK1,0.0937056,0.10318319,-0.009477586,,,granular layer|rest
OSBPL2,0.10898813,0.118466176,-0.0094780475,,,granular layer|rest
KIAA0408,0.095619895,0.10510004,-0.009480149,,,granular layer|rest
TRNAU1AP,0.18702336,0.1965219,-0.009498537,,,granular layer|rest
ZMYND8,0.1461911,0.15569355,-0.009502441,,,granular layer|rest
PHF3,0.11507479,0.12458646,-0.009511672,,,granular layer|rest
HDLBP,0.09543483,0.10495657,-0.009521738,,,granular layer|rest
TMX3,0.08101121,0.09053784,-0.009526625,,,granular layer|rest
PLCL2,0.14093684,0.15046786,-0.009531021,,,granular layer|rest
CSTB,0.16013074,0.1696649,-0.009534165,,,granular layer|rest
DLGAP1,0.3532469,0.3627836,-0.009536713,,,granular layer|rest
GLYR1,0.07276538,0.082306325,-0.009540945,,,granular layer|rest
KDM1A,0.0945464,0.10409879,-0.009552389,,,granular layer|rest
ST8SIA6,0.12893748,0.13849233,-0.009554848,,,granular layer|rest
AURKAIP1,0.14780262,0.15736192,-0.0095593035,,,granular layer|rest
SGCE,0.12014333,0.12970486,-0.009561531,,,granular layer|rest
NRSN1,0.07598906,0.0855537,-0.009564638,,,granular layer|rest
C11orf68,0.09001738,0.09958292,-0.00956554,,,granular layer|rest
COTL1,0.07014609,0.07971282,-0.009566732,,,granular layer|rest
SMARCA5,0.08135183,0.09092539,-0.0095735565,,,granular layer|rest
LRIG1,0.07725786,0.08684045,-0.009582594,,,granular layer|rest
CAP1,0.10321819,0.112810545,-0.009592354,,,granular layer|rest
SMDT1,0.5609947,0.57058746,-0.0095927715,,,granular layer|rest
LGI1,0.08707492,0.096670195,-0.009595275,,,granular layer|rest
WWOX,0.5423999,0.5519962,-0.009596288,,,granular layer|rest
SKI,0.10816562,0.11776595,-0.009600326,,,granular layer|rest
CCSER2,0.1444762,0.15407674,-0.009600535,,,granular layer|rest
UBE2I,0.18207349,0.19167905,-0.009605557,,,granular layer|rest
MROH1,0.11094213,0.120561734,-0.009619601,,,granular layer|rest
POLD2,0.0806821,0.09031219,-0.0096300915,,,granular layer|rest
ORAI2,0.15528516,0.16491526,-0.009630099,,,granular layer|rest
YTHDC1,0.14266358,0.15230046,-0.009636879,,,granular layer|rest
CCDC136,0.11438613,0.12402761,-0.009641483,,,granular layer|rest
EIF3D,0.10172925,0.11137223,-0.009642981,,,granular layer|rest
TXN2,0.11839111,0.12805167,-0.009660557,,,granular layer|rest
PHYHIPL,0.11206937,0.121733405,-0.009664036,,,granular layer|rest
FAM216A,0.07886877,0.08853995,-0.009671181,,,granular layer|rest
ARHGEF10L,0.15974812,0.16942488,-0.0096767545,,,granular layer|rest
NR1H2,0.07734003,0.087018706,-0.009678677,,,granular layer|rest
TTYH1,0.11920147,0.12888207,-0.009680599,,,granular layer|rest
TTC9B,0.42550898,0.43519065,-0.009681672,,,granular layer|rest
RSF1,0.15722044,0.16690397,-0.0096835345,,,granular layer|rest
STX12,0.102999575,0.11269338,-0.009693801,,,granular layer|rest
XPO7,0.09965815,0.109352954,-0.009694807,,,granular layer|rest
ZNF428,0.22133842,0.23104033,-0.009701908,,,granular layer|rest
THOC7,0.11727948,0.12698863,-0.009709157,,,granular layer|rest
SNX4,0.081713125,0.091423154,-0.009710029,,,granular layer|rest
PPOX,0.08825101,0.09796117,-0.009710163,,,granular layer|rest
SRSF4,0.10862712,0.11833737,-0.009710252,,,granular layer|rest
BRSK2,0.11573976,0.12545258,-0.009712815,,,granular layer|rest
MBTPS1,0.08972708,0.099455625,-0.009728543,,,granular layer|rest
FUBP1,0.094977714,0.10471021,-0.009732492,,,granular layer|rest
MAGEE1,0.06997946,0.07971495,-0.009735487,,,granular layer|rest
RASA1,0.202191,0.21192716,-0.009736165,,,granular layer|rest
MAST1,0.14075467,0.1504927,-0.009738028,,,granular layer|rest
WRNIP1,0.099081784,0.10882346,-0.009741679,,,granular layer|rest
SKIV2L2,0.08747404,0.097218744,-0.009744704,,,granular layer|rest
KDM4B,0.087011114,0.09675644,-0.00974533,,,granular layer|rest
KRTCAP2,0.1318834,0.14163275,-0.009749353,,,granular layer|rest
FBXW5,0.17553492,0.18529499,-0.009760067,,,granular layer|rest
UBE2V2,0.11829027,0.12805118,-0.009760909,,,granular layer|rest
POGZ,0.1022286,0.11200556,-0.009776965,,,granular layer|rest
EPC1,0.13867852,0.14846228,-0.00978376,,,granular layer|rest
RAB3GAP1,0.10387542,0.113667294,-0.009791873,,,granular layer|rest
HSPA4,0.09248256,0.102286264,-0.009803705,,,granular layer|rest
FAM189A1,0.08887076,0.098674886,-0.00980413,,,granular layer|rest
RANGAP1,0.07508175,0.084890224,-0.009808473,,,granular layer|rest
HSPD1,0.09395082,0.10376182,-0.009810999,,,granular layer|rest
PSMC4,0.1073846,0.117201306,-0.009816706,,,granular layer|rest
PRPF6,0.14328052,0.15310374,-0.009823218,,,granular layer|rest
SCP2,0.13500062,0.14483032,-0.0098297,,,granular layer|rest
UBXN11,0.122850955,0.13269535,-0.009844393,,,granular layer|rest
RSRP1,0.14468588,0.15453897,-0.009853095,,,granular layer|rest
ACAP2,0.13304546,0.14290163,-0.009856164,,,granular layer|rest
ATP8A2,0.443729,0.45359448,-0.009865463,,,granular layer|rest
RADIL,0.116302505,0.12617747,-0.00987497,,,granular layer|rest
PHC1,0.06548197,0.075357735,-0.009875767,,,granular layer|rest
STMN4,0.18159705,0.19147694,-0.009879887,,,granular layer|rest
TRIM44,0.20705293,0.21694276,-0.009889826,,,granular layer|rest
RNF145,0.080541484,0.090431504,-0.00989002,,,granular layer|rest
KIAA0319,0.07877524,0.08869281,-0.009917565,,,granular layer|rest
HINT3,0.08461413,0.09454341,-0.009929284,,,granular layer|rest
PRKCB,0.38152158,0.39145607,-0.009934485,,,granular layer|rest
MAGED2,0.118449695,0.12838514,-0.009935446,,,granular layer|rest
MALSU1,0.1289752,0.13891307,-0.0099378675,,,granular layer|rest
HS6ST1,0.09309263,0.10303378,-0.009941153,,,granular layer|rest
HMOX2,0.17789477,0.18783621,-0.009941444,,,granular layer|rest
MLLT10,0.19296704,0.20291139,-0.0099443495,,,granular layer|rest
MLLT1,0.07972365,0.08967913,-0.009955481,,,granular layer|rest
TMEM205,0.091409616,0.101383165,-0.009973548,,,granular layer|rest
STARD3NL,0.07182363,0.08179821,-0.009974584,,,granular layer|rest
NUDT4,0.0968854,0.10687154,-0.00998614,,,granular layer|rest
HMGN3,0.28524616,0.29523984,-0.009993672,,,granular layer|rest
SNX14,0.09816,0.108156405,-0.009996407,,,granular layer|rest
INTS3,0.09050886,0.10050882,-0.009999953,,,granular layer|rest
TERF1,0.123077944,0.13308217,-0.010004222,,,granular layer|rest
TMED9,0.06663547,0.07664787,-0.010012403,,,granular layer|rest
ELMOD1,0.06369006,0.0737139,-0.01002384,,,granular layer|rest
RAPGEF4,0.23416577,0.24419051,-0.010024741,,,granular layer|rest
EHBP1,0.17257185,0.18259868,-0.010026827,,,granular layer|rest
GNB5,0.084275216,0.09430837,-0.010033153,,,granular layer|rest
LHX1,0.118188016,0.12822805,-0.010040037,,,granular layer|rest
DCXR,0.12110016,0.13114381,-0.010043651,,,granular layer|rest
LEPROTL1,0.07329231,0.08334066,-0.010048352,,,granular layer|rest
BRWD1,0.12650687,0.13657112,-0.010064259,,,granular layer|rest
MAPK4,0.103374206,0.11343928,-0.010065071,,,granular layer|rest
STRBP,0.105649546,0.1157233,-0.010073751,,,granular layer|rest
BCR,0.065591566,0.0756679,-0.010076337,,,granular layer|rest
CNRIP1,0.22338296,0.23346148,-0.01007852,,,granular layer|rest
TMEM14A,0.16778766,0.1778758,-0.010088146,,,granular layer|rest
RPN2,0.09880951,0.10889955,-0.010090038,,,granular layer|rest
NUMA1,0.15617248,0.16626261,-0.010090128,,,granular layer|rest
MAP2K4,0.1256533,0.135746,-0.0100927055,,,granular layer|rest
CNPY1,0.14405657,0.15415376,-0.010097191,,,granular layer|rest
ATP5C1,0.29496905,0.3050667,-0.010097653,,,granular layer|rest
UROS,0.12753043,0.13764451,-0.010114089,,,granular layer|rest
NUDT9,0.1025832,0.112704314,-0.010121115,,,granular layer|rest
FXR2,0.11097656,0.121103525,-0.010126963,,,granular layer|rest
LSM14A,0.09898101,0.10911352,-0.010132514,,,granular layer|rest
USP15,0.099444,0.109579936,-0.010135934,,,granular layer|rest
GSPT1,0.09569276,0.10583592,-0.010143161,,,granular layer|rest
ECSIT,0.099672385,0.10981915,-0.010146767,,,granular layer|rest
ARL6IP4,0.08741627,0.09756529,-0.010149024,,,granular layer|rest
GRIN2C,0.1803716,0.19052826,-0.010156661,,,granular layer|rest
LZTS3,0.09996522,0.110137165,-0.010171942,,,granular layer|rest
JPH3,0.16938934,0.17957884,-0.010189503,,,granular layer|rest
RBFA,0.08888294,0.0990809,-0.01019796,,,granular layer|rest
JADE1,0.08079876,0.09099874,-0.010199979,,,granular layer|rest
BOLA3,0.17977378,0.18997413,-0.0102003515,,,granular layer|rest
POLR2L,0.08168589,0.09189101,-0.01020512,,,granular layer|rest
ITGAV,0.0751246,0.08534589,-0.010221288,,,granular layer|rest
ANKRD17,0.1566719,0.16689956,-0.010227665,,,granular layer|rest
FAM3C,0.081631444,0.09186148,-0.010230035,,,granular layer|rest
CREBBP,0.13317569,0.14340666,-0.010230973,,,granular layer|rest
CARM1,0.07215149,0.08238986,-0.010238372,,,granular layer|rest
PTPA,0.10052896,0.11077018,-0.010241218,,,granular layer|rest
DOCK9,0.15439197,0.16464208,-0.010250106,,,granular layer|rest
MRPS34,0.1934447,0.20370188,-0.0102571845,,,granular layer|rest
HOPX,0.0827737,0.09304002,-0.010266319,,,granular layer|rest
MLLT6,0.07667409,0.08694486,-0.010270774,,,granular layer|rest
CDH2,0.09424376,0.104515284,-0.010271527,,,granular layer|rest
CTTN,0.08070615,0.09099102,-0.010284871,,,granular layer|rest
COMMD7,0.16629328,0.17658104,-0.010287762,,,granular layer|rest
SCAPER,0.18970282,0.19999117,-0.010288343,,,granular layer|rest
TPM4,0.11759176,0.12788196,-0.010290198,,,granular layer|rest
CD99L2,0.0725071,0.082797565,-0.010290466,,,granular layer|rest
MPZL1,0.08318132,0.09347462,-0.0102932975,,,granular layer|rest
AP3B2,0.082259424,0.09255307,-0.010293648,,,granular layer|rest
SEMA6A,0.10457002,0.11486624,-0.010296218,,,granular layer|rest
ERBB2,0.05640324,0.066702075,-0.010298837,,,granular layer|rest
SHOC2,0.108588964,0.11889333,-0.010304369,,,granular layer|rest
UTP18,0.07840337,0.08870786,-0.010304488,,,granular layer|rest
DENR,0.07903943,0.08934943,-0.010309994,,,granular layer|rest
ABLIM3,0.17522681,0.1855421,-0.010315299,,,granular layer|rest
SAP18,0.19032124,0.20064771,-0.010326475,,,granular layer|rest
ZNF536,0.18351693,0.19384928,-0.010332346,,,granular layer|rest
CCNK,0.09104266,0.10138183,-0.010339171,,,granular layer|rest
SAMM50,0.09442475,0.10477438,-0.010349631,,,granular layer|rest
SESN1,0.14950931,0.15987226,-0.010362953,,,granular layer|rest
KCNK12,0.10449912,0.114873596,-0.010374479,,,granular layer|rest
AP1G2,0.07584185,0.08622425,-0.010382399,,,granular layer|rest
CTNND2,0.2652498,0.2756402,-0.010390401,,,granular layer|rest
PBX1,0.1566266,0.16701877,-0.010392174,,,granular layer|rest
NCAM2,0.091489956,0.10188465,-0.010394692,,,granular layer|rest
RABEP1,0.13804328,0.14844371,-0.010400429,,,granular layer|rest
MAT2A,0.13184433,0.14224508,-0.010400757,,,granular layer|rest
RAD23A,0.1623351,0.17273664,-0.010401547,,,granular layer|rest
RNF130,0.17242631,0.18283334,-0.010407031,,,granular layer|rest
UBE3A,0.28575775,0.29616702,-0.010409266,,,granular layer|rest
UPF1,0.11217408,0.12258441,-0.010410331,,,granular layer|rest
ZNF131,0.13018389,0.1405971,-0.010413215,,,granular layer|rest
SNX10,0.1499611,0.16038373,-0.010422632,,,granular layer|rest
IAH1,0.108083576,0.11851541,-0.010431834,,,granular layer|rest
C9orf78,0.18691696,0.19735119,-0.010434225,,,granular layer|rest
PSMA6,0.07451281,0.08495397,-0.010441162,,,granular layer|rest
NKIRAS1,0.16186176,0.17230913,-0.010447368,,,granular layer|rest
FAM57B,0.10514708,0.11561215,-0.010465071,,,granular layer|rest
PIK3R1,0.09964396,0.11011926,-0.0104753,,,granular layer|rest
RAB3A,0.07314032,0.08361671,-0.010476388,,,granular layer|rest
ARNT2,0.11112758,0.12160891,-0.010481335,,,granular layer|rest
ERP29,0.103644714,0.11412836,-0.010483645,,,granular layer|rest
KIRREL3,0.36266539,0.3731532,-0.010487825,,,granular layer|rest
METTL21A,0.08741556,0.09791519,-0.010499626,,,granular layer|rest
GPD2,0.09874909,0.10925104,-0.0105019435,,,granular layer|rest
SGSM1,0.11351552,0.12401998,-0.010504462,,,granular layer|rest
EIF3M,0.13398534,0.14449675,-0.010511413,,,granular layer|rest
PAPOLA,0.13559175,0.14610645,-0.010514706,,,granular layer|rest
OLA1,0.13985616,0.15037172,-0.010515556,,,granular layer|rest
GNAL,0.07533367,0.08585519,-0.010521524,,,granular layer|rest
CTNNBL1,0.11316635,0.123699345,-0.010532998,,,granular layer|rest
SPIRE1,0.12601042,0.1365497,-0.010539278,,,granular layer|rest
TCF25,0.10711294,0.11765288,-0.0105399415,,,granular layer|rest
AKIRIN2,0.07803288,0.08858294,-0.010550059,,,granular layer|rest
GPAT4,0.13002083,0.14059627,-0.0105754435,,,granular layer|rest
GSTA4,0.12566814,0.13624597,-0.010577828,,,granular layer|rest
BAG1,0.16374572,0.17432807,-0.010582358,,,granular layer|rest
MAOB,0.11818007,0.12877502,-0.010594949,,,granular layer|rest
FAM234B,0.07123425,0.081835374,-0.010601126,,,granular layer|rest
DNAJA1,0.08239741,0.09300272,-0.010605313,,,granular layer|rest
STAG2,0.10884178,0.11945686,-0.010615081,,,granular layer|rest
AGPAT3,0.08499395,0.09561479,-0.01062084,,,granular layer|rest
AP2A2,0.109269254,0.11989946,-0.010630205,,,granular layer|rest
PNISR,0.17207664,0.18270782,-0.010631174,,,granular layer|rest
CNTN6,0.25907966,0.26973554,-0.01065588,,,granular layer|rest
PCLO,0.44172394,0.45239726,-0.010673314,,,granular layer|rest
COPS3,0.11329193,0.123967476,-0.0106755495,,,granular layer|rest
TMCC2,0.09670811,0.10738469,-0.010676578,,,granular layer|rest
ESRRA,0.17030361,0.1809913,-0.010687694,,,granular layer|rest
FBXL3,0.08070429,0.09139404,-0.01068975,,,granular layer|rest
UBE3C,0.11528423,0.12597595,-0.010691725,,,granular layer|rest
RB1CC1,0.12195219,0.13265473,-0.0107025355,,,granular layer|rest
CNOT1,0.12747501,0.13818045,-0.010705441,,,granular layer|rest
MRPS24,0.21102354,0.22173229,-0.010708749,,,granular layer|rest
CACNA1A,0.50932735,0.5200383,-0.010710955,,,granular layer|rest
ASTN1,0.11781676,0.12853651,-0.010719746,,,granular layer|rest
ABHD17A,0.19170858,0.20243123,-0.010722652,,,granular layer|rest
PAIP1,0.1097408,0.12047788,-0.010737076,,,granular layer|rest
PTPN11,0.1162286,0.12696646,-0.010737859,,,granular layer|rest
BAALC,0.0958652,0.106608234,-0.010743037,,,granular layer|rest
HERPUD1,0.09029411,0.101042554,-0.010748446,,,granular layer|rest
CORO2B,0.11594326,0.12669472,-0.0107514635,,,granular layer|rest
GDAP1L1,0.074866906,0.08562156,-0.010754652,,,granular layer|rest
ADAP1,0.10756413,0.118324995,-0.010760866,,,granular layer|rest
COA5,0.14180294,0.15256621,-0.010763273,,,granular layer|rest
SNX17,0.13081816,0.14159499,-0.010776833,,,granular layer|rest
TUFM,0.16447057,0.1752542,-0.010783628,,,granular layer|rest
SGTA,0.13027693,0.14106151,-0.010784581,,,granular layer|rest
EMC9,0.13305078,0.14384027,-0.010789484,,,granular layer|rest
BAP1,0.07492792,0.08572274,-0.010794818,,,granular layer|rest
CADM4,0.06047837,0.071276374,-0.0107980035,,,granular layer|rest
PPFIA3,0.09879373,0.10959853,-0.010804802,,,granular layer|rest
NR3C1,0.18749784,0.19830848,-0.010810643,,,granular layer|rest
APPL1,0.11580969,0.12662187,-0.010812186,,,granular layer|rest
LSM14B,0.061854508,0.072671585,-0.010817077,,,granular layer|rest
BACE1,0.10193566,0.11277396,-0.0108383,,,granular layer|rest
SLU7,0.09901218,0.10986152,-0.010849342,,,granular layer|rest
TMEM63C,0.12539,0.13625456,-0.010864571,,,granular layer|rest
NF1,0.1748416,0.18571015,-0.010868549,,,granular layer|rest
ZKSCAN1,0.077423505,0.08829354,-0.010870032,,,granular layer|rest
HNRNPUL1,0.096725926,0.10759991,-0.010873981,,,granular layer|rest
TM9SF2,0.08536331,0.09624096,-0.0108776465,,,granular layer|rest
TMBIM6,0.13782226,0.14869998,-0.010877728,,,granular layer|rest
RMDN3,0.08659784,0.097491205,-0.010893367,,,granular layer|rest
FBXL5,0.10236046,0.11326007,-0.010899611,,,granular layer|rest
ZMYM2,0.1471434,0.15804376,-0.010900363,,,granular layer|rest
MYH10,0.12533572,0.13623941,-0.010903686,,,granular layer|rest
CRKL,0.07821997,0.089138135,-0.010918163,,,granular layer|rest
RANBP2,0.10064071,0.111563236,-0.010922529,,,granular layer|rest
SPHK2,0.09142509,0.10235319,-0.010928102,,,granular layer|rest
ZFYVE27,0.07393711,0.0848688,-0.010931693,,,granular layer|rest
CAVIN1,0.078074954,0.08900976,-0.010934807,,,granular layer|rest
SF3A1,0.0821069,0.093045,-0.0109381005,,,granular layer|rest
ARG2,0.1287067,0.13964714,-0.010940447,,,granular layer|rest
KLC2,0.07835329,0.08929799,-0.010944694,,,granular layer|rest
TOMM70,0.09244001,0.10339459,-0.010954581,,,granular layer|rest
NCBP2,0.17409575,0.18505095,-0.0109552,,,granular layer|rest
ACTR1B,0.103319526,0.114280604,-0.010961078,,,granular layer|rest
COX16,0.122210376,0.1331762,-0.010965817,,,granular layer|rest
SLC44A1,0.19688402,0.20785038,-0.010966361,,,granular layer|rest
CWF19L2,0.11752332,0.12849002,-0.010966696,,,granular layer|rest
ANK2,0.29412705,0.30509472,-0.010967672,,,granular layer|rest
PALM,0.060149383,0.07112542,-0.010976035,,,granular layer|rest
TYRO3,0.10651155,0.11749539,-0.01098384,,,granular layer|rest
FOXJ3,0.111499324,0.12249139,-0.010992065,,,granular layer|rest
ZRANB1,0.097585544,0.10857814,-0.010992594,,,granular layer|rest
TRIM28,0.06147302,0.07247469,-0.011001669,,,granular layer|rest
TMCC1,0.16211134,0.17312269,-0.011011347,,,granular layer|rest
COPS2,0.07834135,0.08936135,-0.011019997,,,granular layer|rest
TRA2B,0.13791296,0.14894003,-0.011027068,,,granular layer|rest
RIC3,0.10341847,0.11444653,-0.011028059,,,granular layer|rest
PSMC1,0.11029072,0.121324524,-0.011033803,,,granular layer|rest
SNRK,0.14007722,0.15111457,-0.01103735,,,granular layer|rest
SARAF,0.08596856,0.09701194,-0.011043377,,,granular layer|rest
PRMT1,0.124228925,0.13527438,-0.011045456,,,granular layer|rest
SLC9A3R1,0.12997644,0.14102887,-0.01105243,,,granular layer|rest
CSDC2,0.062778346,0.073832005,-0.011053659,,,granular layer|rest
IDH2,0.07333934,0.084394045,-0.011054702,,,granular layer|rest
NDUFAF8,0.14372158,0.15478416,-0.011062577,,,granular layer|rest
DNAJB11,0.079495884,0.090562366,-0.0110664815,,,granular layer|rest
TTC1,0.115109295,0.12618594,-0.011076644,,,granular layer|rest
NIPBL,0.12840824,0.13948502,-0.011076778,,,granular layer|rest
EIF3L,0.073732495,0.08481568,-0.011083186,,,granular layer|rest
CSNK1D,0.10980818,0.1209058,-0.011097625,,,granular layer|rest
CLDND1,0.095184855,0.10628508,-0.011100225,,,granular layer|rest
BSDC1,0.070385024,0.08149558,-0.011110559,,,granular layer|rest
PDRG1,0.118435085,0.12954608,-0.011110991,,,granular layer|rest
NRG3,0.09114131,0.10225583,-0.011114515,,,granular layer|rest
ABCA3,0.15543558,0.16655989,-0.011124313,,,granular layer|rest
PIK3CB,0.11937336,0.13052848,-0.011155121,,,granular layer|rest
YLPM1,0.09948082,0.11063846,-0.011157639,,,granular layer|rest
PTPRZ1,0.07274968,0.08392476,-0.011175081,,,granular layer|rest
PMPCB,0.10318972,0.11436848,-0.011178762,,,granular layer|rest
SEC23A,0.08555835,0.096741416,-0.011183068,,,granular layer|rest
NAA10,0.094801806,0.10598543,-0.011183627,,,granular layer|rest
HOOK1,0.13758397,0.14876956,-0.011185586,,,granular layer|rest
CSRP2,0.1027493,0.11394056,-0.011191256,,,granular layer|rest
BCAP31,0.10943555,0.12063951,-0.01120396,,,granular layer|rest
HRAS,0.12535904,0.13656329,-0.011204243,,,granular layer|rest
SMS,0.08862818,0.0998356,-0.011207417,,,granular layer|rest
BTRC,0.12674724,0.13795567,-0.01120843,,,granular layer|rest
REEP2,0.08706597,0.09828075,-0.011214778,,,granular layer|rest
TIMM17A,0.11111669,0.12233588,-0.011219189,,,granular layer|rest
POR,0.07072002,0.081943594,-0.011223577,,,granular layer|rest
THRA,0.2621952,0.27342135,-0.011226147,,,granular layer|rest
CCDC47,0.08911084,0.10033992,-0.011229083,,,granular layer|rest
PACS2,0.08608061,0.09731443,-0.0112338215,,,granular layer|rest
RTF1,0.20797847,0.21921758,-0.011239111,,,granular layer|rest
NISCH,0.11231466,0.12356088,-0.011246227,,,granular layer|rest
FXR1,0.10221444,0.11346758,-0.011253141,,,granular layer|rest
DNAJC7,0.10594088,0.11719981,-0.01125893,,,granular layer|rest
MAP4K4,0.08993193,0.101195246,-0.011263318,,,granular layer|rest
PTK2,0.14568998,0.15695405,-0.011264071,,,granular layer|rest
TMX2,0.080254406,0.09152304,-0.011268631,,,granular layer|rest
AKAP6,0.17614812,0.1874229,-0.011274785,,,granular layer|rest
USO1,0.09552581,0.1068061,-0.011280291,,,granular layer|rest
MFF,0.1725738,0.18386167,-0.011287868,,,granular layer|rest
TMEM150B,0.06874897,0.08005619,-0.011307217,,,granular layer|rest
MKRN2,0.09063554,0.10194391,-0.011308372,,,granular layer|rest
TSG101,0.107107274,0.118418835,-0.011311561,,,granular layer|rest
RSRC2,0.14570959,0.15702893,-0.011319339,,,granular layer|rest
REEP1,0.10397893,0.115301,-0.011322066,,,granular layer|rest
RGCC,0.15437484,0.16570844,-0.0113336,,,granular layer|rest
SPG11,0.1141039,0.12544167,-0.011337772,,,granular layer|rest
IP6K2,0.17498207,0.18632574,-0.011343673,,,granular layer|rest
TMEM167A,0.0890865,0.10044197,-0.011355467,,,granular layer|rest
KIAA2026,0.10124321,0.11259981,-0.0113566,,,granular layer|rest
ZER1,0.089312844,0.100669615,-0.011356771,,,granular layer|rest
RNF103,0.099160716,0.11051975,-0.011359036,,,granular layer|rest
UBE2M,0.057544697,0.06891012,-0.011365425,,,granular layer|rest
CCM2,0.20900406,0.22037025,-0.0113661885,,,granular layer|rest
ASIC2,0.14732428,0.15869176,-0.011367485,,,granular layer|rest
MTA1,0.07714217,0.08852457,-0.011382401,,,granular layer|rest
ROGDI,0.16403112,0.17542775,-0.011396632,,,granular layer|rest
SGCB,0.08181117,0.09321148,-0.011400312,,,granular layer|rest
SMG1,0.14842764,0.1598323,-0.011404663,,,granular layer|rest
CKAP5,0.11346475,0.12488193,-0.01141718,,,granular layer|rest
PDHB,0.13980968,0.15122847,-0.01141879,,,granular layer|rest
CHMP2A,0.15406635,0.16549416,-0.011427805,,,granular layer|rest
SMARCA4,0.14182371,0.15325221,-0.011428505,,,granular layer|rest
PPHLN1,0.17273648,0.18416868,-0.011432201,,,granular layer|rest
TSPYL2,0.07032778,0.08176313,-0.011435352,,,granular layer|rest
CDC42,0.19366154,0.20510702,-0.011445478,,,granular layer|rest
NRBP1,0.080626406,0.092087366,-0.01146096,,,granular layer|rest
SSR1,0.08651152,0.09797612,-0.011464596,,,granular layer|rest
FGF9,0.12832211,0.13980275,-0.011480644,,,granular layer|rest
API5,0.10172576,0.11320703,-0.01148127,,,granular layer|rest
FAM49B,0.1711613,0.18264633,-0.01148504,,,granular layer|rest
IPO5,0.08658468,0.098078996,-0.011494316,,,granular layer|rest
XKR6,0.29073748,0.3022359,-0.011498421,,,granular layer|rest
SORCS1,0.32936826,0.3408682,-0.011499941,,,granular layer|rest
Ndrg1,0.06684925,0.07835217,-0.011502922,,,granular layer|rest
OGDH,0.19403702,0.2055471,-0.011510074,,,granular layer|rest
CCNI2,0.1164979,0.12801172,-0.011513822,,,granular layer|rest
NFE2L1,0.08515543,0.096671976,-0.011516549,,,granular layer|rest
AHI1,0.21045852,0.22197998,-0.011521459,,,granular layer|rest
DTX3,0.10608454,0.117606774,-0.0115222335,,,granular layer|rest
PPM1B,0.16898763,0.18053387,-0.011546239,,,granular layer|rest
TMEM248,0.0897143,0.101265945,-0.011551641,,,granular layer|rest
SETD5,0.14602235,0.15758239,-0.011560038,,,granular layer|rest
SYT9,0.17486888,0.18644392,-0.011575043,,,granular layer|rest
TCEAL5,0.13692795,0.1485047,-0.011576757,,,granular layer|rest
EIF3H,0.18641584,0.19799352,-0.011577681,,,granular layer|rest
PCBP2,0.07886881,0.09046208,-0.011593275,,,granular layer|rest
CAPZA1,0.0951133,0.106710844,-0.011597544,,,granular layer|rest
PKN1,0.074860424,0.08646331,-0.011602886,,,granular layer|rest
CTBP2,0.17318177,0.18480282,-0.011621043,,,granular layer|rest
TBC1D9B,0.10545271,0.1171087,-0.011655994,,,granular layer|rest
DCAF6,0.099645905,0.11131102,-0.011665113,,,granular layer|rest
MAN1C1,0.16726299,0.178933,-0.011670008,,,granular layer|rest
OPRM1,0.13417825,0.14584863,-0.011670381,,,granular layer|rest
ARMC8,0.13779767,0.14946933,-0.011671662,,,granular layer|rest
HNRNPA1,0.0717065,0.08337982,-0.011673316,,,granular layer|rest
PRKDC,0.10791362,0.119587876,-0.011674255,,,granular layer|rest
AGAP3,0.11173092,0.12341346,-0.01168254,,,granular layer|rest
SLC2A1,0.08740007,0.09908815,-0.011688076,,,granular layer|rest
ZFPM2,0.572866,0.5845587,-0.011692703,,,granular layer|rest
C1QTNF4,0.063397445,0.07509597,-0.011698522,,,granular layer|rest
SORBS1,0.074375756,0.08607541,-0.011699654,,,granular layer|rest
TTC7B,0.2137942,0.22550191,-0.011707708,,,granular layer|rest
MRPS23,0.10823507,0.1199433,-0.01170823,,,granular layer|rest
PPP2R5B,0.12045722,0.13216558,-0.011708364,,,granular layer|rest
PTPRF,0.10801024,0.1197264,-0.011716157,,,granular layer|rest
ZNF385B,0.28295028,0.29466873,-0.011718452,,,granular layer|rest
AP1B1,0.117837094,0.12957266,-0.011735566,,,granular layer|rest
C9orf129,0.11769544,0.12943827,-0.011742823,,,granular layer|rest
IFNGR2,0.089704685,0.10145152,-0.011746839,,,granular layer|rest
MBNL1,0.15391587,0.16566455,-0.011748686,,,granular layer|rest
NME3,0.13121073,0.14297894,-0.011768207,,,granular layer|rest
KRAS,0.13577758,0.14754774,-0.011770159,,,granular layer|rest
ERO1A,0.08175294,0.09352672,-0.01177378,,,granular layer|rest
EIF3F,0.119852036,0.13166052,-0.011808485,,,granular layer|rest
DOCK3,0.32718995,0.33900222,-0.01181227,,,granular layer|rest
STARD7,0.12368059,0.13549289,-0.0118122995,,,granular layer|rest
SPSB3,0.12260103,0.13442945,-0.011828423,,,granular layer|rest
MFSD4A,0.116110384,0.12794885,-0.011838466,,,granular layer|rest
OPA1,0.10878259,0.120621815,-0.011839226,,,granular layer|rest
CSMD2,0.1461027,0.1579543,-0.011851609,,,granular layer|rest
GOT1,0.11147206,0.1233347,-0.011862636,,,granular layer|rest
EPB41,0.2936057,0.30547598,-0.011870295,,,granular layer|rest
NPAS3,0.08408089,0.095963165,-0.011882275,,,granular layer|rest
GNAI1,0.084650256,0.096544616,-0.01189436,,,granular layer|rest
LCMT1,0.08808354,0.09998172,-0.011898175,,,granular layer|rest
RAB5C,0.08930802,0.10120836,-0.011900336,,,granular layer|rest
PPFIA1,0.14953355,0.16143645,-0.011902899,,,granular layer|rest
DNAJA4,0.09495222,0.10688466,-0.01193244,,,granular layer|rest
TMEM35A,0.09415548,0.10609078,-0.011935294,,,granular layer|rest
WDFY3,0.16035222,0.17229073,-0.011938512,,,granular layer|rest
SURF1,0.13302569,0.14497128,-0.01194559,,,granular layer|rest
TPGS2,0.089873046,0.10184018,-0.011967137,,,granular layer|rest
GOLGA4,0.17056827,0.18254213,-0.011973858,,,granular layer|rest
PLA2G16,0.094181545,0.10617881,-0.011997268,,,granular layer|rest
NCOA2,0.12345449,0.13545461,-0.012000121,,,granular layer|rest
CLCN3,0.11045189,0.12245873,-0.012006842,,,granular layer|rest
URGCP,0.14303677,0.15504715,-0.012010381,,,granular layer|rest
PTGES2,0.1124319,0.12444751,-0.012015611,,,granular layer|rest
ASNA1,0.10383804,0.115854256,-0.012016214,,,granular layer|rest
RPRD2,0.14856021,0.16059045,-0.012030244,,,granular layer|rest
PDCD4,0.11146309,0.12349562,-0.012032531,,,granular layer|rest
MRPS18B,0.105661914,0.11769531,-0.0120333955,,,granular layer|rest
MOB4,0.119471945,0.13151732,-0.012045376,,,granular layer|rest
LARP1,0.104025714,0.116077095,-0.012051381,,,granular layer|rest
LYL1,0.10608865,0.11814461,-0.012055956,,,granular layer|rest
DDX39B,0.07535753,0.087435536,-0.01207801,,,granular layer|rest
PPME1,0.11273629,0.12481471,-0.012078419,,,granular layer|rest
PDCD6,0.15368381,0.16578282,-0.012099013,,,granular layer|rest
VPS26B,0.10901381,0.12111872,-0.012104906,,,granular layer|rest
METTL9,0.12753315,0.13965283,-0.012119681,,,granular layer|rest
CACNB3,0.15227821,0.16440777,-0.01212956,,,granular layer|rest
BRD8,0.11153905,0.123692915,-0.012153864,,,granular layer|rest
GALNT9,0.2827954,0.29494938,-0.012153983,,,granular layer|rest
IL16,0.23395397,0.24611783,-0.012163863,,,granular layer|rest
IMMT,0.084676035,0.09684655,-0.012170516,,,granular layer|rest
TNPO1,0.11736447,0.12953721,-0.012172736,,,granular layer|rest
FTL,0.29667398,0.30885127,-0.0121772885,,,granular layer|rest
MEF2A,0.20991221,0.22209102,-0.012178808,,,granular layer|rest
CIPC,0.13448815,0.14667717,-0.012189016,,,granular layer|rest
SOGA1,0.2239492,0.23615214,-0.012202948,,,granular layer|rest
NELFB,0.10173977,0.11395437,-0.012214601,,,granular layer|rest
PRPF19,0.08379034,0.096021935,-0.012231596,,,granular layer|rest
CCAR1,0.11289167,0.12512624,-0.012234576,,,granular layer|rest
DHX15,0.08990615,0.10215183,-0.012245685,,,granular layer|rest
ZNF804A,0.23283955,0.24508663,-0.012247071,,,granular layer|rest
SPOP,0.18379982,0.19605987,-0.01226005,,,granular layer|rest
RAB10,0.14262308,0.1548903,-0.012267217,,,granular layer|rest
CELSR2,0.06053446,0.07281051,-0.01227605,,,granular layer|rest
EIF4G3,0.23092572,0.24321148,-0.012285754,,,granular layer|rest
PPIG,0.170089,0.18238124,-0.012292236,,,granular layer|rest
MEIS1,0.19427969,0.20658399,-0.012304306,,,granular layer|rest
LRP11,0.08535078,0.0976603,-0.012309521,,,granular layer|rest
EEA1,0.1436502,0.15597464,-0.0123244375,,,granular layer|rest
FBXO10,0.16299886,0.17533073,-0.012331873,,,granular layer|rest
SPINT2,0.0863228,0.098674946,-0.012352146,,,granular layer|rest
NSD1,0.18255337,0.19492897,-0.012375608,,,granular layer|rest
CRIM1,0.16853702,0.18091862,-0.012381598,,,granular layer|rest
ATXN7L3,0.08632992,0.09871298,-0.012383059,,,granular layer|rest
ILF3,0.14191096,0.15429625,-0.012385294,,,granular layer|rest
CALY,0.08354946,0.09593846,-0.012388997,,,granular layer|rest
CCDC88A,0.099447235,0.11183839,-0.012391157,,,granular layer|rest
ATXN2,0.19830589,0.21070021,-0.012394324,,,granular layer|rest
BNIP3,0.13640015,0.14879869,-0.012398541,,,granular layer|rest
NCOA1,0.17581812,0.18821979,-0.01240167,,,granular layer|rest
CCSAP,0.13951418,0.1519159,-0.012401715,,,granular layer|rest
PTPRA,0.10514934,0.117559746,-0.012410402,,,granular layer|rest
SLC35E2B,0.08243429,0.09485402,-0.01241973,,,granular layer|rest
CUTA,0.20445335,0.21687667,-0.012423322,,,granular layer|rest
TXNIP,0.071867995,0.08429783,-0.012429833,,,granular layer|rest
VCP,0.17869186,0.1911298,-0.01243794,,,granular layer|rest
MEGF8,0.083116025,0.0955582,-0.012442172,,,granular layer|rest
KCTD2,0.12935504,0.1418129,-0.0124578625,,,granular layer|rest
PICALM,0.13685511,0.14932126,-0.012466148,,,granular layer|rest
ATP6V1F,0.39975578,0.41222873,-0.012472957,,,granular layer|rest
EIF4ENIF1,0.08776983,0.10027659,-0.012506761,,,granular layer|rest
TCEAL4,0.08605222,0.09856076,-0.012508541,,,granular layer|rest
SEC14L1,0.15640762,0.16891961,-0.0125119835,,,granular layer|rest
CCDC51,0.063997574,0.076511316,-0.012513742,,,granular layer|rest
BRD4,0.11338212,0.12589623,-0.012514107,,,granular layer|rest
METAP2,0.1302313,0.1427512,-0.012519896,,,granular layer|rest
FMR1,0.099834576,0.112360336,-0.01252576,,,granular layer|rest
CDKN1B,0.124950945,0.13748889,-0.012537941,,,granular layer|rest
ARHGEF17,0.08147104,0.094010636,-0.012539595,,,granular layer|rest
MAN1A2,0.11266938,0.12521346,-0.012544081,,,granular layer|rest
SLC9A6,0.07215129,0.08470085,-0.012549564,,,granular layer|rest
SRSF9,0.067723036,0.080272995,-0.012549959,,,granular layer|rest
MAP1LC3A,0.09345115,0.10600976,-0.012558609,,,granular layer|rest
ZNF706,0.13738334,0.14996262,-0.012579277,,,granular layer|rest
TULP4,0.18629363,0.19889423,-0.012600601,,,granular layer|rest
ABHD12,0.12847185,0.14107314,-0.012601286,,,granular layer|rest
LMBRD1,0.14469455,0.15729724,-0.012602687,,,granular layer|rest
WASF1,0.13019417,0.14280392,-0.01260975,,,granular layer|rest
PRUNE2,0.16338255,0.17599648,-0.012613937,,,granular layer|rest
TPRG1L,0.11076223,0.12338854,-0.012626313,,,granular layer|rest
PPP1R7,0.1024,0.11502782,-0.012627825,,,granular layer|rest
ARPC1A,0.08646008,0.09909773,-0.012637645,,,granular layer|rest
GNAI2,0.08921128,0.1018518,-0.012640521,,,granular layer|rest
KIF13A,0.1729846,0.18562543,-0.012640834,,,granular layer|rest
PDPK1,0.114090055,0.12673268,-0.012642622,,,granular layer|rest
RPS7,1.3719097,1.384555,-0.012645245,,,granular layer|rest
PGP,0.18179713,0.19444503,-0.012647897,,,granular layer|rest
BIN3,0.07502374,0.08769306,-0.012669317,,,granular layer|rest
TNK2,0.16427517,0.17695972,-0.012684554,,,granular layer|rest
GLUL,0.3057953,0.31849164,-0.012696326,,,granular layer|rest
MICAL3,0.17845574,0.19115974,-0.012704,,,granular layer|rest
DDX42,0.11469774,0.12740192,-0.012704179,,,granular layer|rest
RAB3GAP2,0.1550151,0.16772033,-0.012705237,,,granular layer|rest
CHKA,0.09226,0.1049723,-0.0127123,,,granular layer|rest
CDC42SE2,0.09121353,0.10394045,-0.012726918,,,granular layer|rest
SMARCD3,0.14984542,0.16257875,-0.012733325,,,granular layer|rest
CD47,0.09572573,0.10848888,-0.01276315,,,granular layer|rest
MPP4,0.08943451,0.10219787,-0.012763359,,,granular layer|rest
CDIPT,0.12227396,0.13503979,-0.012765832,,,granular layer|rest
HDGFL3,0.13012178,0.1428915,-0.012769714,,,granular layer|rest
ANXA6,0.1129199,0.1256905,-0.012770608,,,granular layer|rest
NKAIN2,0.49983522,0.51261085,-0.01277563,,,granular layer|rest
USP34,0.20237902,0.21515527,-0.012776256,,,granular layer|rest
SLC2A13,0.08499989,0.09778397,-0.012784079,,,granular layer|rest
GUCY1B3,0.10600872,0.11880078,-0.012792058,,,granular layer|rest
SNRPB,0.1657013,0.17849551,-0.0127942115,,,granular layer|rest
AATK,0.10080904,0.113606356,-0.012797318,,,granular layer|rest
KIF3B,0.12462787,0.13742597,-0.012798101,,,granular layer|rest
POLR2F,0.22947352,0.24227385,-0.012800336,,,granular layer|rest
SRSF7,0.16828011,0.1810912,-0.0128110945,,,granular layer|rest
SELENOT,0.087995715,0.10080867,-0.012812957,,,granular layer|rest
CHCHD1,0.15497063,0.16779709,-0.012826458,,,granular layer|rest
VMA21,0.07689055,0.089738764,-0.012848213,,,granular layer|rest
TMEM25,0.13981032,0.15266341,-0.012853086,,,granular layer|rest
ACTL6B,0.110660136,0.12352629,-0.012866154,,,granular layer|rest
PRKG1,0.0919874,0.1048539,-0.012866497,,,granular layer|rest
CLSTN3,0.23558997,0.24846286,-0.01287289,,,granular layer|rest
CMAS,0.11301683,0.12589641,-0.01287958,,,granular layer|rest
ANXA7,0.12632495,0.13920684,-0.01288189,,,granular layer|rest
TM2D1,0.11096003,0.123842515,-0.012882486,,,granular layer|rest
GTF3C1,0.12236425,0.13524827,-0.012884021,,,granular layer|rest
HCFC1R1,0.1791211,0.19200918,-0.012888074,,,granular layer|rest
TCAF1,0.11829856,0.1312228,-0.012924239,,,granular layer|rest
RBM12,0.09971799,0.11265975,-0.012941763,,,granular layer|rest
CS,0.11742921,0.130385,-0.012955785,,,granular layer|rest
AHSA1,0.12257565,0.13556467,-0.012989022,,,granular layer|rest
PHF14,0.15067059,0.16366209,-0.012991503,,,granular layer|rest
PPP1R12C,0.0744364,0.087432414,-0.012996018,,,granular layer|rest
SRP54,0.13219817,0.14521953,-0.013021365,,,granular layer|rest
NDUFV1,0.16496551,0.17799172,-0.013026208,,,granular layer|rest
RAP2A,0.06657354,0.07960442,-0.013030879,,,granular layer|rest
ZC2HC1A,0.13048951,0.14353302,-0.013043508,,,granular layer|rest
MRPL35,0.120241456,0.13328958,-0.01304812,,,granular layer|rest
KIAA0232,0.1476999,0.16075435,-0.013054445,,,granular layer|rest
FRG1,0.089663535,0.10273578,-0.013072245,,,granular layer|rest
JARID2,0.20221485,0.21529673,-0.013081878,,,granular layer|rest
C5orf24,0.12391402,0.13699858,-0.013084561,,,granular layer|rest
MXI1,0.19032189,0.20341854,-0.0130966455,,,granular layer|rest
MACROD2,0.47757196,0.49068615,-0.013114184,,,granular layer|rest
UBE2D2,0.16409847,0.17722307,-0.0131246,,,granular layer|rest
AP2S1,0.1710875,0.18421617,-0.013128668,,,granular layer|rest
FRMD4A,0.09013707,0.1032694,-0.013132326,,,granular layer|rest
GRIPAP1,0.09980974,0.11296453,-0.01315479,,,granular layer|rest
CSE1L,0.10808913,0.12124954,-0.013160415,,,granular layer|rest
PLEKHM2,0.113836765,0.12699845,-0.013161689,,,granular layer|rest
EEF1D,0.13195255,0.14513415,-0.013181597,,,granular layer|rest
RAB21,0.116523035,0.12970477,-0.013181739,,,granular layer|rest
FLOT1,0.25854465,0.27172855,-0.013183892,,,granular layer|rest
MEA1,0.22462495,0.23781331,-0.013188362,,,granular layer|rest
SEZ6L,0.12338852,0.13659778,-0.013209261,,,granular layer|rest
ACLY,0.08347038,0.09668397,-0.01321359,,,granular layer|rest
TMEM132A,0.20097858,0.21419494,-0.013216361,,,granular layer|rest
SEPT9,0.17399116,0.1872639,-0.013272747,,,granular layer|rest
CNOT7,0.08871352,0.10198837,-0.013274848,,,granular layer|rest
ARID1B,0.2984554,0.31174907,-0.0132936835,,,granular layer|rest
KIF22,0.10101679,0.114334345,-0.013317555,,,granular layer|rest
CCT2,0.1626882,0.17600982,-0.013321623,,,granular layer|rest
CTNNA2,0.3141594,0.32748517,-0.013325781,,,granular layer|rest
RANBP1,0.12107315,0.13441087,-0.013337724,,,granular layer|rest
DBNDD2,0.134117,0.14746378,-0.013346776,,,granular layer|rest
PPFIA2,0.18717058,0.20052423,-0.013353646,,,granular layer|rest
KTN1,0.15941423,0.17277622,-0.01336199,,,granular layer|rest
CCNG2,0.15800789,0.17137456,-0.013366669,,,granular layer|rest
DIXDC1,0.15695612,0.17032361,-0.013367489,,,granular layer|rest
TTC33,0.0922406,0.10561705,-0.013376445,,,granular layer|rest
ARID1A,0.09608605,0.1094628,-0.01337675,,,granular layer|rest
ZNF521,0.31035617,0.32373723,-0.013381064,,,granular layer|rest
EIF3A,0.1172483,0.1306323,-0.0133839995,,,granular layer|rest
GOLPH3,0.08842542,0.10181519,-0.013389766,,,granular layer|rest
MXRA7,0.09426178,0.10765341,-0.013391629,,,granular layer|rest
ABAT,0.09606255,0.109469,-0.013406448,,,granular layer|rest
MAP2K2,0.15797503,0.17143588,-0.013460845,,,granular layer|rest
SMIM4,0.11494836,0.12841077,-0.013462409,,,granular layer|rest
TAX1BP1,0.15410298,0.16759034,-0.013487354,,,granular layer|rest
MEGF9,0.11167173,0.12516855,-0.013496816,,,granular layer|rest
TRAF7,0.10995459,0.12346205,-0.013507463,,,granular layer|rest
RSBN1L,0.170644,0.18415222,-0.013508216,,,granular layer|rest
RCN1,0.13863899,0.15215181,-0.01351282,,,granular layer|rest
DHX9,0.12004719,0.13356923,-0.013522036,,,granular layer|rest
COPS8,0.13115408,0.14470077,-0.01354669,,,granular layer|rest
GSN,0.07025126,0.08380251,-0.013551243,,,granular layer|rest
SS18L2,0.15892357,0.1724869,-0.013563335,,,granular layer|rest
CUL3,0.13198054,0.14555392,-0.013573378,,,granular layer|rest
SRGAP3,0.24542254,0.25900778,-0.01358524,,,granular layer|rest
DTNA,0.16746037,0.1810558,-0.013595432,,,granular layer|rest
PYGB,0.20541354,0.2190337,-0.013620168,,,granular layer|rest
CCDC115,0.0732604,0.08688201,-0.013621613,,,granular layer|rest
R3HDM2,0.10979974,0.123435274,-0.013635531,,,granular layer|rest
DAZAP1,0.14227307,0.15592715,-0.013654083,,,granular layer|rest
INPP4A,0.20195496,0.21560934,-0.013654381,,,granular layer|rest
DENND5A,0.12648213,0.14013942,-0.013657287,,,granular layer|rest
MAPK6,0.122278295,0.13593659,-0.013658293,,,granular layer|rest
CDK8,0.2547681,0.26842833,-0.013660222,,,granular layer|rest
RNPS1,0.08607297,0.09973463,-0.01366166,,,granular layer|rest
DDB1,0.101513356,0.115176745,-0.013663389,,,granular layer|rest
CYHR1,0.118831374,0.13250738,-0.01367601,,,granular layer|rest
UBE2H,0.19398096,0.20766631,-0.013685346,,,granular layer|rest
UBR3,0.18391345,0.19759993,-0.013686478,,,granular layer|rest
CCDC149,0.14105329,0.15474288,-0.0136895925,,,granular layer|rest
AGBL5,0.08881352,0.102507725,-0.013694204,,,granular layer|rest
ZDHHC17,0.10615819,0.11986774,-0.013709553,,,granular layer|rest
PRDX3,0.11243092,0.12616014,-0.013729222,,,granular layer|rest
CDK19,0.15185721,0.1655886,-0.01373139,,,granular layer|rest
COL27A1,0.14150886,0.15524271,-0.013733849,,,granular layer|rest
IP6K1,0.15037659,0.1641202,-0.013743609,,,granular layer|rest
PRAF2,0.14332786,0.15707605,-0.013748184,,,granular layer|rest
UBE2E1,0.09320747,0.10695727,-0.013749801,,,granular layer|rest
EIF1B,0.25550464,0.26925784,-0.013753206,,,granular layer|rest
ARHGEF12,0.15595359,0.16971488,-0.013761297,,,granular layer|rest
TMEM53,0.121981196,0.13574804,-0.013766848,,,granular layer|rest
IDH3B,0.14514871,0.15891774,-0.013769031,,,granular layer|rest
RAB12,0.09463381,0.10842378,-0.013789967,,,granular layer|rest
SEPT4,0.11499883,0.12878951,-0.013790682,,,granular layer|rest
TPM3,0.13891898,0.15270971,-0.013790727,,,granular layer|rest
NR2F1,0.17971744,0.19351894,-0.0138015,,,granular layer|rest
NDUFA7,0.18035226,0.1941585,-0.013806239,,,granular layer|rest
PHC2,0.14845045,0.16227387,-0.01382342,,,granular layer|rest
SYT13,0.09282028,0.10666633,-0.013846047,,,granular layer|rest
ZNF638,0.20675851,0.2206227,-0.013864189,,,granular layer|rest
PCP2,0.09603124,0.10992355,-0.013892308,,,granular layer|rest
INPP5A,0.1192363,0.13313285,-0.013896547,,,granular layer|rest
CDC42BPB,0.11901183,0.1329098,-0.013897978,,,granular layer|rest
CASC4,0.12882267,0.14274156,-0.013918892,,,granular layer|rest
KIF5B,0.1343114,0.14823948,-0.013928086,,,granular layer|rest
FABP7,0.07218186,0.08611093,-0.013929069,,,granular layer|rest
DIP2B,0.34017068,0.35414144,-0.0139707625,,,granular layer|rest
LIMCH1,0.17807172,0.19206323,-0.013991505,,,granular layer|rest
SKP1,0.07434655,0.088348754,-0.014002204,,,granular layer|rest
CCT5,0.11661835,0.13063306,-0.014014706,,,granular layer|rest
NDUFV3,0.17605394,0.19010705,-0.014053106,,,granular layer|rest
PCSK2,0.15837078,0.17243062,-0.014059842,,,granular layer|rest
AARS,0.12228955,0.13636133,-0.014071777,,,granular layer|rest
NOL7,0.21914223,0.2332158,-0.014073566,,,granular layer|rest
KAZN,0.61080027,0.62487715,-0.014076889,,,granular layer|rest
LY6H,0.19005048,0.20413189,-0.014081404,,,granular layer|rest
DPP7,0.13200518,0.14611964,-0.014114454,,,granular layer|rest
JTB,0.24033196,0.25447604,-0.014144078,,,granular layer|rest
NARS,0.13172005,0.14587916,-0.014159113,,,granular layer|rest
RCOR3,0.10709379,0.12126256,-0.014168769,,,granular layer|rest
RUSC1,0.113369346,0.12755276,-0.014183417,,,granular layer|rest
CISD1,0.18570073,0.19988534,-0.014184609,,,granular layer|rest
MACF1,0.27200693,0.28619385,-0.014186919,,,granular layer|rest
HNRNPR,0.15074004,0.16492756,-0.014187515,,,granular layer|rest
FCHSD2,0.20873037,0.22292632,-0.014195949,,,granular layer|rest
PMP22,0.10919718,0.1233955,-0.014198326,,,granular layer|rest
ZMIZ1,0.16196518,0.1761757,-0.014210522,,,granular layer|rest
EIF2S2,0.19072248,0.20493896,-0.014216483,,,granular layer|rest
ITM2C,0.076789424,0.09100706,-0.0142176375,,,granular layer|rest
CRK,0.11419623,0.12841432,-0.0142180845,,,granular layer|rest
COPRS,0.20745234,0.22167638,-0.0142240375,,,granular layer|rest
CHD9,0.21253423,0.22676125,-0.014227018,,,granular layer|rest
WNK1,0.19750983,0.21174794,-0.014238119,,,granular layer|rest
EIF4B,0.084707096,0.09894561,-0.014238514,,,granular layer|rest
STUB1,0.33521378,0.3494542,-0.014240414,,,granular layer|rest
CRY2,0.09108185,0.10537985,-0.014297999,,,granular layer|rest
RHEB,0.20717952,0.2214808,-0.014301285,,,granular layer|rest
NOVA1,0.25333062,0.26764414,-0.014313519,,,granular layer|rest
SAE1,0.1397948,0.15410848,-0.014313683,,,granular layer|rest
HOOK3,0.2280536,0.24237525,-0.014321655,,,granular layer|rest
AKR1B1,0.15281375,0.16713645,-0.014322698,,,granular layer|rest
IMPAD1,0.118943356,0.133268,-0.014324643,,,granular layer|rest
PTEN,0.22129683,0.2356321,-0.014335275,,,granular layer|rest
SMIM29,0.12517662,0.13954201,-0.01436539,,,granular layer|rest
ACTR3,0.10640237,0.12077153,-0.01436916,,,granular layer|rest
STOML2,0.14445604,0.15882598,-0.014369935,,,granular layer|rest
SRSF5,0.2003092,0.21470125,-0.014392048,,,granular layer|rest
BAG6,0.092427246,0.10682405,-0.014396802,,,granular layer|rest
TP53BP1,0.17994738,0.19434942,-0.014402047,,,granular layer|rest
CD63,0.098750114,0.113165185,-0.01441507,,,granular layer|rest
SLC38A2,0.11025605,0.12467558,-0.014419526,,,granular layer|rest
ADGRB3,0.83435386,0.8488307,-0.014476836,,,granular layer|rest
SLC39A10,0.09318327,0.10767011,-0.014486842,,,granular layer|rest
TMEM160,0.15328647,0.16777557,-0.014489099,,,granular layer|rest
UNC5C,0.15256542,0.16706224,-0.014496818,,,granular layer|rest
CAB39,0.15882058,0.17333591,-0.014515325,,,granular layer|rest
NBR1,0.117934965,0.13247006,-0.014535092,,,granular layer|rest
BCLAF1,0.15735888,0.17189714,-0.014538258,,,granular layer|rest
PLEKHB1,0.0969635,0.111503385,-0.014539883,,,granular layer|rest
RWDD1,0.23844872,0.25299278,-0.014544055,,,granular layer|rest
ARID4B,0.21048842,0.22505185,-0.014563426,,,granular layer|rest
KPNB1,0.12049137,0.13505518,-0.014563814,,,granular layer|rest
RTRAF,0.15314186,0.16772175,-0.014579892,,,granular layer|rest
SNTG1,0.24472632,0.2593308,-0.014604494,,,granular layer|rest
HTR5A,0.1067748,0.12137969,-0.014604889,,,granular layer|rest
TNRC18,0.0974558,0.11208361,-0.014627807,,,granular layer|rest
ELOC,0.30541548,0.32006076,-0.014645278,,,granular layer|rest
CAMKK2,0.5857034,0.6003687,-0.014665306,,,granular layer|rest
IGFBP7,0.0780862,0.09275326,-0.014667064,,,granular layer|rest
GNL1,0.12215368,0.13682976,-0.014676087,,,granular layer|rest
RAP1GDS1,0.14938599,0.1640673,-0.014681309,,,granular layer|rest
SMG7,0.10041209,0.11510195,-0.014689855,,,granular layer|rest
FBXW11,0.16173276,0.17642768,-0.014694914,,,granular layer|rest
SRP14,0.29756716,0.31227377,-0.014706612,,,granular layer|rest
EIF4H,0.2946945,0.30940562,-0.014711112,,,granular layer|rest
USP33,0.16008703,0.17483237,-0.01474534,,,granular layer|rest
NLGN1,0.5583948,0.57314074,-0.014745951,,,granular layer|rest
PSMB2,0.08050055,0.09524895,-0.014748402,,,granular layer|rest
UNC80,0.2284412,0.24319258,-0.01475139,,,granular layer|rest
OXCT1,0.12781161,0.14257178,-0.014760166,,,granular layer|rest
TGOLN2,0.107078925,0.12184705,-0.014768124,,,granular layer|rest
P4HB,0.15605003,0.17084509,-0.014795065,,,granular layer|rest
P4HTM,0.11214703,0.12697776,-0.014830723,,,granular layer|rest
SLC4A10,0.10957932,0.124435045,-0.014855728,,,granular layer|rest
VAPA,0.18889032,0.20375797,-0.0148676485,,,granular layer|rest
CSRP1,0.11353326,0.1284212,-0.014887944,,,granular layer|rest
UBP1,0.093833864,0.10872758,-0.014893718,,,granular layer|rest
PI4KB,0.091877386,0.106785834,-0.014908448,,,granular layer|rest
PSMD3,0.13990135,0.1548156,-0.014914244,,,granular layer|rest
TUSC3,0.15813269,0.17306927,-0.014936581,,,granular layer|rest
CUL1,0.1596055,0.17454319,-0.014937684,,,granular layer|rest
TMEM14B,0.16793367,0.18287301,-0.014939338,,,granular layer|rest
DGKB,0.26755822,0.28250095,-0.014942735,,,granular layer|rest
EN2,0.21453296,0.22947577,-0.01494281,,,granular layer|rest
PDZD4,0.08978843,0.10473431,-0.01494588,,,granular layer|rest
RPAIN,0.111397445,0.12635492,-0.014957473,,,granular layer|rest
UBXN1,0.15263224,0.1675943,-0.014962062,,,granular layer|rest
ACTR10,0.16565068,0.18061605,-0.01496537,,,granular layer|rest
ACIN1,0.12415152,0.13912116,-0.0149696395,,,granular layer|rest
ANK1,0.28533906,0.30031258,-0.014973521,,,granular layer|rest
FBXO21,0.11345326,0.12842925,-0.014975987,,,granular layer|rest
GGNBP2,0.17685714,0.19187419,-0.0150170475,,,granular layer|rest
LAPTM4A,0.15121497,0.1662523,-0.015037328,,,granular layer|rest
CPLX2,0.08377467,0.098821476,-0.015046805,,,granular layer|rest
NEFM,0.090194315,0.105241485,-0.01504717,,,granular layer|rest
EXOC5,0.16007988,0.17515622,-0.015076339,,,granular layer|rest
ATP2B4,0.08404333,0.099123046,-0.015079714,,,granular layer|rest
LUC7L,0.12121779,0.13633855,-0.01512076,,,granular layer|rest
HPCAL4,0.15144645,0.1665699,-0.015123457,,,granular layer|rest
ATP6AP2,0.13916053,0.15429974,-0.015139207,,,granular layer|rest
USP47,0.21039803,0.2255561,-0.015158072,,,granular layer|rest
HDGF,0.108433396,0.123593986,-0.01516059,,,granular layer|rest
SF3B2,0.14819975,0.16339085,-0.015191093,,,granular layer|rest
RPL28,0.095386796,0.11059317,-0.015206374,,,granular layer|rest
EEF1G,0.18513858,0.20034975,-0.015211165,,,granular layer|rest
HECTD4,0.2751004,0.29034683,-0.015246421,,,granular layer|rest
GPM6B,0.090131395,0.10539566,-0.015264265,,,granular layer|rest
PHPT1,0.58195436,0.59723824,-0.015283883,,,granular layer|rest
PDGFRL,0.07936909,0.094660506,-0.015291415,,,granular layer|rest
SUCLA2,0.11596491,0.13125825,-0.015293337,,,granular layer|rest
DCTN6,0.17501657,0.19031027,-0.0152937025,,,granular layer|rest
NACC2,0.13364945,0.148944,-0.015294552,,,granular layer|rest
HNRNPAB,0.16396922,0.17927359,-0.015304372,,,granular layer|rest
KIAA1109,0.14959279,0.16491602,-0.015323237,,,granular layer|rest
FYN,0.1111528,0.12647888,-0.015326083,,,granular layer|rest
PISD,0.18145396,0.19679718,-0.015343219,,,granular layer|rest
ABHD16A,0.14453241,0.15988879,-0.015356377,,,granular layer|rest
KCND2,2.216099,2.231481,-0.0153820515,,,granular layer|rest
SSNA1,0.18172154,0.19711486,-0.015393317,,,granular layer|rest
CLK1,0.10249929,0.1179094,-0.01541011,,,granular layer|rest
IL1RAPL1,0.29799944,0.31342113,-0.015421689,,,granular layer|rest
DYNC1LI2,0.15574878,0.17117324,-0.01542446,,,granular layer|rest
LAMTOR4,0.14574039,0.1611703,-0.015429914,,,granular layer|rest
FARP2,0.26257303,0.27800575,-0.015432715,,,granular layer|rest
APC,0.16627881,0.18171719,-0.015438378,,,granular layer|rest
ZNF136,0.11745975,0.1329148,-0.015455045,,,granular layer|rest
TRIP12,0.13981687,0.1552865,-0.0154696405,,,granular layer|rest
STXBP5L,0.7418056,0.757294,-0.015488386,,,granular layer|rest
USP9X,0.14331746,0.15881889,-0.015501425,,,granular layer|rest
CUL5,0.14388737,0.15941097,-0.015523598,,,granular layer|rest
C1QBP,0.13835254,0.1538956,-0.0155430585,,,granular layer|rest
ZMAT2,0.12732644,0.14287898,-0.015552536,,,granular layer|rest
UBE2Q1,0.099455275,0.115007885,-0.01555261,,,granular layer|rest
RNF40,0.10366067,0.119214386,-0.015553713,,,granular layer|rest
PHF10,0.08910072,0.10467449,-0.01557377,,,granular layer|rest
DNM1L,0.14618348,0.16177921,-0.015595734,,,granular layer|rest
PUF60,0.1426247,0.15822797,-0.015603259,,,granular layer|rest
SSRP1,0.080456726,0.09606004,-0.015603311,,,granular layer|rest
SNF8,0.20135754,0.21696816,-0.01561062,,,granular layer|rest
COPA,0.19437882,0.21000263,-0.015623808,,,granular layer|rest
AK6,0.16184394,0.1774832,-0.01563926,,,granular layer|rest
RAPGEF2,0.15293579,0.16857755,-0.015641764,,,granular layer|rest
STAU2,0.19873074,0.21438497,-0.015654236,,,granular layer|rest
ANO4,0.066132456,0.08179464,-0.015662186,,,granular layer|rest
PQBP1,0.123157166,0.13885282,-0.015695654,,,granular layer|rest
FAM171B,0.14085068,0.15658982,-0.015739143,,,granular layer|rest
NRN1,0.20097184,0.21673734,-0.015765503,,,granular layer|rest
ZRANB3,0.17472564,0.19049726,-0.015771627,,,granular layer|rest
NDUFA12,0.39507115,0.41086024,-0.015789092,,,granular layer|rest
FDFT1,0.14714885,0.16294214,-0.015793294,,,granular layer|rest
FTO,0.22714776,0.24294707,-0.015799314,,,granular layer|rest
CAMKK1,0.15545893,0.17125957,-0.01580064,,,granular layer|rest
CAPRIN1,0.12249635,0.13830115,-0.015804797,,,granular layer|rest
SPAG9,0.15069403,0.16650173,-0.015807703,,,granular layer|rest
KIAA1191,0.09019321,0.10600859,-0.015815377,,,granular layer|rest
BAZ1B,0.13211909,0.14794579,-0.015826702,,,granular layer|rest
GNA11,0.13562763,0.15145779,-0.01583016,,,granular layer|rest
NUAK1,0.11997839,0.1358088,-0.015830405,,,granular layer|rest
UBE2N,0.11309952,0.12895241,-0.01585289,,,granular layer|rest
MARK3,0.20847268,0.22433071,-0.015858024,,,granular layer|rest
NCDN,0.10657059,0.12245363,-0.015883043,,,granular layer|rest
PRPF8,0.16637558,0.18226673,-0.01589115,,,granular layer|rest
CHMP5,0.15100391,0.16691115,-0.015907243,,,granular layer|rest
DMXL2,0.15886042,0.17477207,-0.015911654,,,granular layer|rest
SPCS1,0.18617092,0.20208873,-0.015917808,,,granular layer|rest
DNAJB2,0.18384477,0.1997811,-0.01593633,,,granular layer|rest
BRD2,0.09367631,0.10964025,-0.015963942,,,granular layer|rest
MYL6B,0.1989829,0.21496879,-0.015985891,,,granular layer|rest
HSPA13,0.080443,0.09643034,-0.015987337,,,granular layer|rest
PCM1,0.18292724,0.19891739,-0.015990153,,,granular layer|rest
HSPA5,0.11780353,0.13380617,-0.01600264,,,granular layer|rest
ANKRD46,0.12573306,0.1417405,-0.016007438,,,granular layer|rest
GSTM5,0.16917971,0.18519351,-0.016013801,,,granular layer|rest
ATP6V1G1,0.2547653,0.27078196,-0.016016662,,,granular layer|rest
SSB,0.24168472,0.25772226,-0.016037539,,,granular layer|rest
SCG3,0.11305945,0.12910077,-0.016041316,,,granular layer|rest
ALKBH5,0.3751201,0.39116165,-0.016041547,,,granular layer|rest
ITGB1BP1,0.21046008,0.22650628,-0.016046196,,,granular layer|rest
ARL1,0.111486554,0.12753414,-0.016047582,,,granular layer|rest
TMEM147,0.24222365,0.25827536,-0.01605171,,,granular layer|rest
BCCIP,0.12729295,0.14334957,-0.016056627,,,granular layer|rest
GSTO1,0.21367122,0.22974207,-0.016070843,,,granular layer|rest
POLR2B,0.12331126,0.13938619,-0.016074933,,,granular layer|rest
ECE2,0.14459677,0.16067462,-0.016077846,,,granular layer|rest
FAM13C,0.12955388,0.1456584,-0.01610452,,,granular layer|rest
FNBP1,0.27729788,0.2934072,-0.016109318,,,granular layer|rest
EIF4G1,0.09916135,0.115285404,-0.016124055,,,granular layer|rest
RAB18,0.12874517,0.14487049,-0.016125321,,,granular layer|rest
CBX7,0.101580486,0.117710814,-0.016130328,,,granular layer|rest
EPB41L1,0.25188214,0.26801723,-0.016135097,,,granular layer|rest
DBI,0.23514268,0.25129828,-0.0161556,,,granular layer|rest
PSMA1,0.23893316,0.25509351,-0.016160354,,,granular layer|rest
KDM2A,0.16353785,0.17970538,-0.016167536,,,granular layer|rest
CELF2,0.24519978,0.26138273,-0.016182944,,,granular layer|rest
PTPRN,0.08194452,0.098142974,-0.016198456,,,granular layer|rest
DYNC1I1,0.21385266,0.23005931,-0.016206652,,,granular layer|rest
UBE2B,0.15319134,0.16940732,-0.01621598,,,granular layer|rest
KIFAP3,0.18413022,0.20034853,-0.016218305,,,granular layer|rest
OAT,0.14661263,0.16284017,-0.016227543,,,granular layer|rest
MAPK9,0.17619815,0.1924577,-0.016259551,,,granular layer|rest
FAM168A,0.14899756,0.16526254,-0.016264975,,,granular layer|rest
IMMP2L,0.17800677,0.19427869,-0.016271919,,,granular layer|rest
MTMR3,0.10828106,0.124574095,-0.016293034,,,granular layer|rest
PSMB7,0.28101134,0.29732147,-0.016310126,,,granular layer|rest
AHCYL1,0.12515734,0.14146784,-0.016310498,,,granular layer|rest
DUS2,0.07498519,0.09130943,-0.016324237,,,granular layer|rest
ZC3H13,0.17788754,0.19421215,-0.01632461,,,granular layer|rest
GABARAPL2,0.54112756,0.5574611,-0.01633352,,,granular layer|rest
IPO9,0.16980238,0.18614775,-0.016345367,,,granular layer|rest
MGLL,0.15189452,0.16824844,-0.01635392,,,granular layer|rest
JMJD1C,0.5118809,0.528237,-0.01635611,,,granular layer|rest
USP7,0.12441782,0.14077611,-0.016358294,,,granular layer|rest
HSPA9,0.111354254,0.12771711,-0.016362853,,,granular layer|rest
WDR47,0.13776301,0.15412608,-0.01636307,,,granular layer|rest
CD59,0.1416116,0.15798035,-0.016368747,,,granular layer|rest
GOT2,0.15158722,0.16795704,-0.01636982,,,granular layer|rest
KIF21A,0.18278484,0.19915757,-0.016372725,,,granular layer|rest
SDCBP,0.10821875,0.124594286,-0.016375534,,,granular layer|rest
ATP9A,0.18902114,0.20543696,-0.01641582,,,granular layer|rest
MIC13,0.14208977,0.15851183,-0.016422063,,,granular layer|rest
C7orf55-LUC7L2,0.19582912,0.21225668,-0.016427562,,,granular layer|rest
SLC25A5,0.20949784,0.22594835,-0.01645051,,,granular layer|rest
GABBR2,0.17857485,0.19503494,-0.01646009,,,granular layer|rest
CLIP1,0.30106363,0.31756133,-0.016497701,,,granular layer|rest
RSL24D1,0.15317214,0.16969667,-0.016524538,,,granular layer|rest
PRMT2,0.17415698,0.19068582,-0.016528845,,,granular layer|rest
SERBP1,0.20894158,0.22548153,-0.016539946,,,granular layer|rest
SNRPD3,0.15466033,0.17120443,-0.016544104,,,granular layer|rest
AMPH,0.15841044,0.17501654,-0.016606092,,,granular layer|rest
EXOC1,0.08514894,0.101781934,-0.016632996,,,granular layer|rest
KLHDC2,0.1579008,0.17453523,-0.016634434,,,granular layer|rest
SYT12,0.15482433,0.1714664,-0.016642064,,,granular layer|rest
TTYH3,0.06966443,0.08630756,-0.01664313,,,granular layer|rest
DTD1,0.23030178,0.24695566,-0.01665388,,,granular layer|rest
MCRIP1,0.10198225,0.11865764,-0.01667539,,,granular layer|rest
SFPQ,0.19710174,0.21377768,-0.016675934,,,granular layer|rest
ARHGAP35,0.22031319,0.23700808,-0.016694888,,,granular layer|rest
CAMK2G,0.1857352,0.20243554,-0.016700342,,,granular layer|rest
CDK17,0.12545098,0.14215374,-0.016702756,,,granular layer|rest
SYNJ1,0.12656847,0.14327586,-0.01670739,,,granular layer|rest
ELAVL4,0.12948464,0.14622557,-0.016740933,,,granular layer|rest
IMMP1L,0.13508613,0.15184507,-0.016758934,,,granular layer|rest
TXNL4A,0.29668093,0.31345293,-0.016772002,,,granular layer|rest
BEX2,0.4402403,0.457038,-0.016797692,,,granular layer|rest
STK11,0.14687967,0.16374224,-0.016862571,,,granular layer|rest
TMEM56,0.1510917,0.16796385,-0.016872153,,,granular layer|rest
DDX1,0.19951192,0.21638468,-0.016872764,,,granular layer|rest
CNKSR2,0.40607843,0.4229594,-0.01688096,,,granular layer|rest
SRSF3,0.19023018,0.20713732,-0.01690714,,,granular layer|rest
CRMP1,0.14735202,0.16427636,-0.016924337,,,granular layer|rest
SPRYD3,0.14030805,0.15724261,-0.016934559,,,granular layer|rest
SUMO1,0.19741596,0.21435083,-0.016934872,,,granular layer|rest
TKT,0.13172075,0.14865659,-0.01693584,,,granular layer|rest
PDP1,0.057483263,0.074441,-0.016957738,,,granular layer|rest
PPP1R9B,0.11515325,0.13213992,-0.016986668,,,granular layer|rest
TNRC6C,0.13915172,0.15615298,-0.017001256,,,granular layer|rest
RBM26,0.19326402,0.21028645,-0.01702243,,,granular layer|rest
HDAC2,0.11618337,0.13320805,-0.017024681,,,granular layer|rest
AASDHPPT,0.14744738,0.16447264,-0.017025262,,,granular layer|rest
ERH,0.18235233,0.19937918,-0.017026842,,,granular layer|rest
UBA2,0.10714367,0.124188304,-0.017044634,,,granular layer|rest
DRAP1,0.20025417,0.21729952,-0.017045349,,,granular layer|rest
HLA-E,0.12270454,0.13977186,-0.01706732,,,granular layer|rest
C6orf106,0.19184552,0.20892677,-0.017081246,,,granular layer|rest
FBXO9,0.21586867,0.23296897,-0.017100304,,,granular layer|rest
ARL2,0.2363498,0.25345835,-0.017108545,,,granular layer|rest
VAT1L,0.25602883,0.27316752,-0.01713869,,,granular layer|rest
CLDN11,0.13200934,0.14915745,-0.017148107,,,granular layer|rest
UGP2,0.14772096,0.16487592,-0.017154962,,,granular layer|rest
GPRC5C,0.18952756,0.20669253,-0.017164975,,,granular layer|rest
NOP10,0.2673438,0.28451982,-0.017176032,,,granular layer|rest
CEP170,0.21006101,0.22727033,-0.017209321,,,granular layer|rest
MRPS14,0.124207914,0.1414185,-0.017210588,,,granular layer|rest
TENM3,0.07569638,0.09291553,-0.017219149,,,granular layer|rest
CLCN4,0.10198969,0.119209066,-0.01721938,,,granular layer|rest
OSBPL1A,0.14509225,0.1623439,-0.017251655,,,granular layer|rest
MGEA5,0.16587403,0.18313248,-0.01725845,,,granular layer|rest
FBXO11,0.19266674,0.20992777,-0.017261028,,,granular layer|rest
RABL6,0.19720885,0.21449867,-0.017289817,,,granular layer|rest
SUPT16H,0.13508338,0.15241861,-0.017335236,,,granular layer|rest
WASF3,0.20472048,0.22207004,-0.017349556,,,granular layer|rest
PSMC3,0.20561676,0.222972,-0.017355248,,,granular layer|rest
MSH6,0.09350198,0.11086004,-0.017358065,,,granular layer|rest
CAPZB,0.14066385,0.15802573,-0.01736188,,,granular layer|rest
RBM10,0.10206685,0.11943195,-0.017365098,,,granular layer|rest
CCT7,0.28228793,0.2996581,-0.017370164,,,granular layer|rest
GMFB,0.15325832,0.17067637,-0.017418042,,,granular layer|rest
GLS,0.1525087,0.16993882,-0.017430112,,,granular layer|rest
RAPGEF5,0.076509714,0.09394449,-0.017434776,,,granular layer|rest
PPP2R5E,0.16242917,0.17991458,-0.01748541,,,granular layer|rest
FRY,0.25344402,0.2709593,-0.017515272,,,granular layer|rest
ATP6V1H,0.13658327,0.15413237,-0.017549098,,,granular layer|rest
PUM2,0.17746358,0.19503668,-0.017573103,,,granular layer|rest
RAB14,0.19403145,0.21161017,-0.017578721,,,granular layer|rest
CLTB,0.3378609,0.3554421,-0.017581195,,,granular layer|rest
SYN1,0.11919169,0.13684142,-0.017649725,,,granular layer|rest
TBCA,0.16461243,0.1822927,-0.017680272,,,granular layer|rest
SPP1,0.10702507,0.124727465,-0.017702393,,,granular layer|rest
NDUFA5,0.20365499,0.22136222,-0.017707229,,,granular layer|rest
PTPRG,0.22080038,0.238511,-0.017710611,,,granular layer|rest
DDRGK1,0.16585264,0.18356608,-0.017713442,,,granular layer|rest
ARHGAP21,0.25726053,0.27498192,-0.017721385,,,granular layer|rest
HIVEP2,0.18603356,0.20376047,-0.017726913,,,granular layer|rest
CDIP1,0.24416417,0.26189673,-0.01773256,,,granular layer|rest
TRIM9,0.30032128,0.31810284,-0.017781556,,,granular layer|rest
SERINC3,0.11138279,0.12916453,-0.017781742,,,granular layer|rest
PRRC2B,0.16618837,0.18397135,-0.017782971,,,granular layer|rest
SPTB,0.2157766,0.23357499,-0.017798379,,,granular layer|rest
AKT3,0.4099944,0.42781895,-0.01782456,,,granular layer|rest
PCBP1,0.099750414,0.117576994,-0.01782658,,,granular layer|rest
CUEDC2,0.11792513,0.13575442,-0.017829292,,,granular layer|rest
SNRNP200,0.26028252,0.27812353,-0.017841011,,,granular layer|rest
TPRN,0.19603066,0.21388243,-0.01785177,,,granular layer|rest
ZNHIT1,0.15872441,0.17659065,-0.017866239,,,granular layer|rest
POLR2E,0.21093625,0.2288037,-0.017867446,,,granular layer|rest
TMTC2,0.3089965,0.32688302,-0.01788652,,,granular layer|rest
OXR1,0.4238812,0.4417989,-0.017917693,,,granular layer|rest
RIMS1,1.0819706,1.0999542,-0.017983675,,,granular layer|rest
ARHGAP5,0.1531052,0.171115,-0.018009797,,,granular layer|rest
SNRPD1,0.18901256,0.2070243,-0.018011749,,,granular layer|rest
KIAA0355,0.06424057,0.08231172,-0.018071152,,,granular layer|rest
SKA2,0.17737426,0.19547883,-0.018104568,,,granular layer|rest
WDR7,0.17950012,0.19762509,-0.018124968,,,granular layer|rest
NUDCD3,0.15299258,0.17116076,-0.018168181,,,granular layer|rest
GDI2,0.13595536,0.15413019,-0.018174827,,,granular layer|rest
DYNC1I2,0.14619759,0.16438179,-0.0181842,,,granular layer|rest
GRK2,0.12696181,0.14514957,-0.018187761,,,granular layer|rest
ANK3,0.57699674,0.59518784,-0.0181911,,,granular layer|rest
MRPS6,0.15331365,0.171543,-0.01822935,,,granular layer|rest
MADD,0.2233723,0.24165303,-0.01828073,,,granular layer|rest
UBE2K,0.23405156,0.2523479,-0.018296331,,,granular layer|rest
GPS1,0.14868084,0.16698271,-0.018301874,,,granular layer|rest
MRPL27,0.25495797,0.2732603,-0.018302321,,,granular layer|rest
ARF4,0.16002446,0.17835003,-0.018325567,,,granular layer|rest
CNP,0.1432363,0.16159208,-0.018355787,,,granular layer|rest
TARS,0.119096935,0.13747229,-0.018375352,,,granular layer|rest
FAIM2,0.13634874,0.15472865,-0.018379912,,,granular layer|rest
DAB2IP,0.23769923,0.25610998,-0.018410757,,,granular layer|rest
SPIN1,0.13800175,0.15643264,-0.018430889,,,granular layer|rest
SLC4A4,0.30275333,0.32118583,-0.018432498,,,granular layer|rest
EIF5B,0.17988962,0.1983245,-0.018434882,,,granular layer|rest
CBX3,0.15568525,0.17414257,-0.018457323,,,granular layer|rest
PIP4K2B,0.16457476,0.18303609,-0.018461332,,,granular layer|rest
ATP6V0D1,0.13094312,0.14940684,-0.018463716,,,granular layer|rest
DAZAP2,0.16079465,0.17928475,-0.018490106,,,granular layer|rest
SAFB,0.2000895,0.21858014,-0.018490642,,,granular layer|rest
KMT2C,0.20778985,0.22628868,-0.018498823,,,granular layer|rest
ATF4,0.18825217,0.20677522,-0.018523052,,,granular layer|rest
MYO5A,0.21912146,0.23766685,-0.01854539,,,granular layer|rest
CTBP1,0.122252956,0.1408123,-0.018559337,,,granular layer|rest
NEURL1,0.12598163,0.14454845,-0.018566817,,,granular layer|rest
DDOST,0.13194805,0.15052278,-0.01857473,,,granular layer|rest
APBA2,0.2142227,0.23280898,-0.018586278,,,granular layer|rest
PLCB4,0.40156758,0.42018875,-0.018621176,,,granular layer|rest
PHAX,0.18571874,0.20435826,-0.01863952,,,granular layer|rest
SV2A,0.1673217,0.18596573,-0.018644035,,,granular layer|rest
PEG3,0.14448124,0.16313714,-0.018655896,,,granular layer|rest
GABRB2,0.39657542,0.4152322,-0.01865679,,,granular layer|rest
NSG1,0.20420115,0.22286227,-0.018661126,,,granular layer|rest
IL6ST,0.17735933,0.19603848,-0.018679157,,,granular layer|rest
RUSC2,0.13871852,0.15741123,-0.018692717,,,granular layer|rest
MCF2L,0.17688195,0.19561794,-0.01873599,,,granular layer|rest
PSMD1,0.1555705,0.17430803,-0.018737525,,,granular layer|rest
PARD6A,0.2019941,0.22075142,-0.018757313,,,granular layer|rest
DGKZ,0.104072616,0.122842014,-0.018769398,,,granular layer|rest
NDUFS3,0.23528405,0.25407755,-0.018793508,,,granular layer|rest
PACSIN1,0.12844796,0.1472477,-0.018799737,,,granular layer|rest
SSBP4,0.11019763,0.12903786,-0.018840224,,,granular layer|rest
TRIO,0.25024855,0.26909554,-0.018846989,,,granular layer|rest
TALDO1,0.21138854,0.2302488,-0.01886025,,,granular layer|rest
SSX2IP,0.16906154,0.18792725,-0.018865705,,,granular layer|rest
EEF1B2,0.23169523,0.25057316,-0.018877923,,,granular layer|rest
IQSEC1,0.16858086,0.18747741,-0.01889655,,,granular layer|rest
ADNP,0.17144965,0.19035667,-0.018907025,,,granular layer|rest
ARF1,0.19752046,0.21645433,-0.018933862,,,granular layer|rest
AP2B1,0.14577585,0.1647185,-0.01894264,,,granular layer|rest
DDHD2,0.15814315,0.17708597,-0.018942818,,,granular layer|rest
ATP6V1G2,0.38329682,0.40227646,-0.018979639,,,granular layer|rest
POMP,0.20750666,0.2264875,-0.018980846,,,granular layer|rest
ANKRD12,0.24954887,0.26854393,-0.018995062,,,granular layer|rest
HK1,0.2783826,0.29739252,-0.019009918,,,granular layer|rest
YEATS2,0.17769282,0.1967053,-0.019012481,,,granular layer|rest
TMEM59,0.18292738,0.20194478,-0.019017398,,,granular layer|rest
ADGRL1,0.18189566,0.20091498,-0.01901932,,,granular layer|rest
UBA1,0.1380484,0.15710683,-0.019058436,,,granular layer|rest
NRCAM,0.16618231,0.18528879,-0.019106477,,,granular layer|rest
STX8,0.13121392,0.15034759,-0.019133672,,,granular layer|rest
AP1S2,0.28362787,0.30278885,-0.019160986,,,granular layer|rest
FABP3,0.14129873,0.16047595,-0.019177228,,,granular layer|rest
MRPS25,0.14794952,0.16720062,-0.019251108,,,granular layer|rest
PIK3R3,0.264827,0.2841139,-0.0192869,,,granular layer|rest
SRPK2,0.19203436,0.21137524,-0.019340873,,,granular layer|rest
ANKS1B,0.91686565,0.9362185,-0.019352853,,,granular layer|rest
HNRNPH3,0.1702334,0.18961538,-0.019381985,,,granular layer|rest
TIMM13,0.17296664,0.1923718,-0.019405156,,,granular layer|rest
ZBTB4,0.1545539,0.1739675,-0.01941359,,,granular layer|rest
NDUFB5,0.17611957,0.19561078,-0.01949121,,,granular layer|rest
SEL1L3,0.31375968,0.33326688,-0.0195072,,,granular layer|rest
ACSL6,0.23697801,0.25650454,-0.019526526,,,granular layer|rest
B4GAT1,0.11511316,0.13472262,-0.019609459,,,granular layer|rest
SCAMP1,0.1455888,0.1652071,-0.019618303,,,granular layer|rest
ARHGEF40,0.14846194,0.16812405,-0.019662112,,,granular layer|rest
NSG2,0.10361778,0.123334505,-0.019716725,,,granular layer|rest
ARHGEF7,0.2931882,0.31290627,-0.019718051,,,granular layer|rest
DDX24,0.21191987,0.23166461,-0.019744739,,,granular layer|rest
PENK,0.13337822,0.15315159,-0.019773364,,,granular layer|rest
SLIT3,0.2625611,0.28235286,-0.019791752,,,granular layer|rest
PPP1R36,0.23836912,0.25818253,-0.019813403,,,granular layer|rest
PTK2B,0.34491894,0.36475432,-0.019835383,,,granular layer|rest
CSNK1A1,0.1969259,0.21676518,-0.019839287,,,granular layer|rest
PFKM,0.1870499,0.20692061,-0.019870713,,,granular layer|rest
KIF3A,0.14476186,0.16466255,-0.019900694,,,granular layer|rest
HERC1,0.2296728,0.24960616,-0.019933358,,,granular layer|rest
CDC42BPA,0.30361304,0.323565,-0.01995197,,,granular layer|rest
RMND5A,0.2983826,0.3183602,-0.0199776,,,granular layer|rest
COX7A1,0.12559618,0.14558896,-0.019992784,,,granular layer|rest
HUWE1,0.18354176,0.2035486,-0.020006835,,,granular layer|rest
RCAN2,0.18390931,0.20392066,-0.02001135,,,granular layer|rest
ELMO1,0.23895448,0.25898752,-0.020033032,,,granular layer|rest
SREBF2,0.13605362,0.15611218,-0.020058557,,,granular layer|rest
EIF5,0.21594638,0.23601197,-0.02006559,,,granular layer|rest
HSPH1,0.097896196,0.11796794,-0.020071745,,,granular layer|rest
MARCKSL1,0.15301612,0.1730912,-0.020075083,,,granular layer|rest
HNRNPU,0.16214047,0.18224904,-0.020108566,,,granular layer|rest
WDR82,0.2186014,0.2387131,-0.020111695,,,granular layer|rest
EPB41L3,0.21203233,0.2321571,-0.020124763,,,granular layer|rest
ATP8A1,0.1647051,0.18483211,-0.020127013,,,granular layer|rest
CUX1,0.27819526,0.29835993,-0.020164669,,,granular layer|rest
TCTE1,0.20744346,0.2276158,-0.020172343,,,granular layer|rest
CADM1,0.22219686,0.24238308,-0.020186216,,,granular layer|rest
CAMTA2,0.20095493,0.22117245,-0.020217523,,,granular layer|rest
BAIAP2,0.09293862,0.11317197,-0.020233355,,,granular layer|rest
GNB2,0.15613367,0.17636773,-0.020234063,,,granular layer|rest
NAB2,0.11155288,0.13183674,-0.020283863,,,granular layer|rest
EIF3K,0.3574685,0.37775272,-0.020284235,,,granular layer|rest
THY1,0.16642328,0.18671474,-0.020291463,,,granular layer|rest
MAL2,0.123837404,0.1441528,-0.020315401,,,granular layer|rest
BSCL2,0.22502106,0.24533671,-0.020315647,,,granular layer|rest
SPHKAP,0.39034778,0.41066372,-0.020315945,,,granular layer|rest
SND1,0.20727165,0.22764055,-0.020368904,,,granular layer|rest
CCK,0.06688675,0.08726184,-0.020375088,,,granular layer|rest
YBX1,0.13156398,0.15197425,-0.02041027,,,granular layer|rest
CCDC152,0.15736659,0.1777881,-0.020421505,,,granular layer|rest
HP1BP3,0.150384,0.17084299,-0.020458996,,,granular layer|rest
MYCBP2,0.3392335,0.35969922,-0.020465732,,,granular layer|rest
IQCH,0.15477768,0.17524943,-0.020471752,,,granular layer|rest
ENTPD4,0.14271303,0.16319545,-0.02048242,,,granular layer|rest
KIF3C,0.12592304,0.14640646,-0.02048342,,,granular layer|rest
MRPL12,0.14674646,0.1672473,-0.020500839,,,granular layer|rest
AKAP9,0.25925073,0.27978808,-0.020537347,,,granular layer|rest
CAND1,0.15617903,0.17672879,-0.02054976,,,granular layer|rest
STIP1,0.14928426,0.1698351,-0.020550847,,,granular layer|rest
RAB11A,0.15643306,0.17701282,-0.020579755,,,granular layer|rest
CBX6,0.15896723,0.1795656,-0.020598367,,,granular layer|rest
B4GALT6,0.11291788,0.133521,-0.020603128,,,granular layer|rest
YPEL,0.2962721,0.31688392,-0.020611823,,,granular layer|rest
EWSR1,0.182669,0.20332234,-0.020653337,,,granular layer|rest
LRPPRC,0.19129689,0.21197674,-0.020679846,,,granular layer|rest
MCTP1,0.6151939,0.63587385,-0.02067995,,,granular layer|rest
LAMTOR1,0.16446821,0.18515454,-0.020686328,,,granular layer|rest
PTGDS,0.1523365,0.1730523,-0.020715803,,,granular layer|rest
MRPL53,0.25294888,0.27367014,-0.020721257,,,granular layer|rest
ZFR,0.20080401,0.22154571,-0.020741701,,,granular layer|rest
CDC37,0.17691745,0.19767605,-0.020758599,,,granular layer|rest
SYT7,0.16222414,0.18299487,-0.020770729,,,granular layer|rest
TSPAN9,0.28173658,0.30259788,-0.020861298,,,granular layer|rest
ALKBH7,0.19854921,0.21944581,-0.020896599,,,granular layer|rest
NFS1,0.1659699,0.18696155,-0.020991653,,,granular layer|rest
DGCR2,0.12500218,0.14603671,-0.021034539,,,granular layer|rest
PSMD13,0.14050469,0.16154604,-0.021041349,,,granular layer|rest
SEPT3,0.2527746,0.27383596,-0.02106136,,,granular layer|rest
CPEB4,0.2053507,0.22641897,-0.021068275,,,granular layer|rest
RPS2,0.31819603,0.33928588,-0.021089852,,,granular layer|rest
EVL,0.24374372,0.26485974,-0.021116018,,,granular layer|rest
FBXL16,0.28456676,0.30570173,-0.021134973,,,granular layer|rest
MYO3B,0.053814877,0.07495759,-0.02114271,,,granular layer|rest
ANP32A,0.22020718,0.24140903,-0.021201849,,,granular layer|rest
BANF1,0.19062804,0.21185128,-0.021223247,,,granular layer|rest
DHX30,0.29093838,0.3121739,-0.021235526,,,granular layer|rest
ALS2,0.36669978,0.3879996,-0.02129981,,,granular layer|rest
PPIB,0.16133292,0.18267556,-0.021342635,,,granular layer|rest
ATL1,0.13651818,0.15789749,-0.021379307,,,granular layer|rest
CCT4,0.21008946,0.2314837,-0.021394238,,,granular layer|rest
KCNC1,0.23084061,0.252238,-0.021397397,,,granular layer|rest
NDUFS4,0.37278852,0.3941985,-0.021409988,,,granular layer|rest
ISCA1,0.1678871,0.18930894,-0.021421835,,,granular layer|rest
IK,0.17615077,0.19761589,-0.021465123,,,granular layer|rest
SSR4,0.23486184,0.25636154,-0.021499708,,,granular layer|rest
TF,0.15731598,0.17882024,-0.021504253,,,granular layer|rest
ATP6V1D,0.1710792,0.19264594,-0.021566734,,,granular layer|rest
MOBP,0.16475934,0.18637775,-0.021618411,,,granular layer|rest
FAM162A,0.23833823,0.2599642,-0.021625966,,,granular layer|rest
RAD21,0.19941647,0.22106807,-0.021651596,,,granular layer|rest
PINK1,0.17756556,0.19927447,-0.021708906,,,granular layer|rest
PSMD4,0.20864172,0.23035717,-0.021715447,,,granular layer|rest
ATP5G3,0.29156145,0.3132982,-0.021736741,,,granular layer|rest
ATOX1,0.25450736,0.27626136,-0.021753997,,,granular layer|rest
HNRNPD,0.30271322,0.3244748,-0.021761596,,,granular layer|rest
OTUB1,0.13742606,0.15918973,-0.021763667,,,granular layer|rest
AIP,0.1752327,0.19699687,-0.021764174,,,granular layer|rest
SPARC,0.13140675,0.15317965,-0.021772891,,,granular layer|rest
RUNDC3A,0.2564581,0.27823716,-0.02177906,,,granular layer|rest
SQSTM1,0.38958687,0.41140118,-0.021814317,,,granular layer|rest
WAC,0.34565145,0.3674727,-0.02182126,,,granular layer|rest
HSP90B1,0.20787618,0.22972058,-0.021844402,,,granular layer|rest
SNX3,0.36843184,0.390286,-0.021854162,,,granular layer|rest
TRAPPC4,0.16875264,0.19063768,-0.021885037,,,granular layer|rest
PPFIA4,0.2770358,0.29892293,-0.021887124,,,granular layer|rest
RPLP0,0.48727375,0.5091791,-0.021905363,,,granular layer|rest
CADM2,0.95414937,0.9760639,-0.021914542,,,granular layer|rest
PLEKHB2,0.22424984,0.24623448,-0.021984637,,,granular layer|rest
RBM4,0.20703994,0.22909527,-0.022055328,,,granular layer|rest
HNRNPH1,0.1500129,0.17208616,-0.022073269,,,granular layer|rest
DTWD2,0.10973292,0.13182493,-0.022092007,,,granular layer|rest
RPS9,0.9353726,0.9575271,-0.02215451,,,granular layer|rest
FAM168B,0.15649061,0.1787145,-0.02222389,,,granular layer|rest
PAX6,0.27211547,0.29434848,-0.02223301,,,granular layer|rest
MTSS1,0.2939268,0.3161654,-0.022238582,,,granular layer|rest
TCP1,0.18977034,0.21207926,-0.022308916,,,granular layer|rest
FAM131B,0.16238078,0.184695,-0.02231422,,,granular layer|rest
EDF1,0.4723192,0.49465856,-0.022339374,,,granular layer|rest
TSPAN3,0.20808116,0.23042116,-0.02234,,,granular layer|rest
SPPL3,0.14246294,0.16490473,-0.02244179,,,granular layer|rest
KIF5A,0.17362186,0.19609793,-0.022476062,,,granular layer|rest
CNTNAP2,0.538644,0.56114775,-0.022503734,,,granular layer|rest
CRTC1,0.2339487,0.25647366,-0.022524968,,,granular layer|rest
MICAL2,0.25491554,0.27747467,-0.022559136,,,granular layer|rest
UBTF,0.13481475,0.15738007,-0.02256532,,,granular layer|rest
RETREG2,0.2040753,0.22665077,-0.022575468,,,granular layer|rest
TMEM50B,0.19037466,0.2129681,-0.022593439,,,granular layer|rest
SSU72,0.23761368,0.26026866,-0.02265498,,,granular layer|rest
CTNNA3,0.23014756,0.25287792,-0.022730365,,,granular layer|rest
RAC1,0.321772,0.34455296,-0.022780955,,,granular layer|rest
NONO,0.17091437,0.19374648,-0.02283211,,,granular layer|rest
MDH2,0.19577838,0.21861658,-0.02283819,,,granular layer|rest
TECR,0.2335207,0.25637713,-0.02285643,,,granular layer|rest
SOD2,0.13407163,0.15694997,-0.022878334,,,granular layer|rest
FAM172A,0.15012525,0.1730137,-0.022888452,,,granular layer|rest
NDUFB6,0.33931613,0.36229345,-0.022977322,,,granular layer|rest
KMT2E,0.3234406,0.34642503,-0.022984415,,,granular layer|rest
SUPT5H,0.11556363,0.13855135,-0.022987723,,,granular layer|rest
ZMYND11,0.24650483,0.2695209,-0.02301608,,,granular layer|rest
TRIR,0.2147689,0.23783359,-0.023064688,,,granular layer|rest
TBL1XR1,0.23384126,0.25696,-0.02311875,,,granular layer|rest
SERPINI1,0.110778786,0.13392366,-0.023144878,,,granular layer|rest
HIPK1,0.15766446,0.18084213,-0.023177668,,,granular layer|rest
RTN4R,0.27784142,0.3010282,-0.023186773,,,granular layer|rest
ADD1,0.24312292,0.26633468,-0.023211762,,,granular layer|rest
PSMD2,0.17548315,0.1987138,-0.023230642,,,granular layer|rest
PNMA8A,0.15923397,0.18247019,-0.023236215,,,granular layer|rest
SCOC,0.18879351,0.21204162,-0.023248106,,,granular layer|rest
SF1,0.16780879,0.19106849,-0.0232597,,,granular layer|rest
PPP2CB,0.22413655,0.24741766,-0.023281112,,,granular layer|rest
GPR162,0.18039545,0.20371807,-0.023322612,,,granular layer|rest
MAGI2,0.7662616,0.7895863,-0.023324728,,,granular layer|rest
SIK3,0.28364977,0.3070606,-0.023410827,,,granular layer|rest
CDK2AP1,0.16474576,0.18817618,-0.023430422,,,granular layer|rest
USP11,0.16795193,0.19139345,-0.023441523,,,granular layer|rest
LSAMP,0.538588,0.5620573,-0.023469329,,,granular layer|rest
ATP5B,0.10942402,0.1329474,-0.023523383,,,granular layer|rest
CHD4,0.19110914,0.21465747,-0.023548335,,,granular layer|rest
ASB3,0.19771118,0.22130056,-0.023589373,,,granular layer|rest
PSIP1,0.3142747,0.33786422,-0.023589522,,,granular layer|rest
SLC12A5,0.28641006,0.31000072,-0.023590654,,,granular layer|rest
MYL12A,0.36616358,0.38975587,-0.023592293,,,granular layer|rest
PSMA7,0.39341933,0.41704574,-0.023626417,,,granular layer|rest
PI4KA,0.1915356,0.2152022,-0.02366659,,,granular layer|rest
NEGR1,1.097311,1.1210132,-0.023702145,,,granular layer|rest
PLCB1,0.36106747,0.38480398,-0.023736507,,,granular layer|rest
LRPAP1,0.22651689,0.2502906,-0.023773715,,,granular layer|rest
CACNA1E,0.13927126,0.16304547,-0.023774207,,,granular layer|rest
PTP4A2,0.15970728,0.18349507,-0.023787796,,,granular layer|rest
MPV17L2,0.24694113,0.27073264,-0.023791507,,,granular layer|rest
OCIAD1,0.16858271,0.19239554,-0.02381283,,,granular layer|rest
PGRMC1,0.13572091,0.15954213,-0.02382122,,,granular layer|rest
CLIP3,0.24483706,0.268711,-0.02387394,,,granular layer|rest
SRP9,0.2819426,0.30583057,-0.023887962,,,granular layer|rest
ACO2,0.24834171,0.27223343,-0.023891717,,,granular layer|rest
SORL1,0.22560498,0.24950282,-0.023897842,,,granular layer|rest
MARCH6,0.18586653,0.20976652,-0.023899987,,,granular layer|rest
PEA15,0.25920352,0.28317517,-0.023971647,,,granular layer|rest
HLF,0.14337882,0.16736795,-0.023989126,,,granular layer|rest
NTRK2,0.2407102,0.26477635,-0.02406615,,,granular layer|rest
ARL8B,0.14046788,0.16454212,-0.024074242,,,granular layer|rest
SLC25A4,0.2980213,0.32211518,-0.024093896,,,granular layer|rest
RNF146,0.21862549,0.24275291,-0.024127424,,,granular layer|rest
ID2,0.15956001,0.18372244,-0.024162427,,,granular layer|rest
PSMB6,0.3207684,0.34498003,-0.024211645,,,granular layer|rest
MLF2,0.3952604,0.41947454,-0.024214149,,,granular layer|rest
LIN7C,0.2233712,0.24769457,-0.024323374,,,granular layer|rest
POLR2I,0.288646,0.31298175,-0.024335742,,,granular layer|rest
ATP8,0.083454646,0.107818305,-0.02436366,,,granular layer|rest
UQCRB,0.19492738,0.21930748,-0.024380103,,,granular layer|rest
HTATSF1,0.18703088,0.21141285,-0.024381965,,,granular layer|rest
ARL6IP5,0.23502716,0.25947118,-0.024444014,,,granular layer|rest
HERC3,0.25824878,0.28272167,-0.024472892,,,granular layer|rest
NCAM1,0.32109985,0.34560823,-0.024508387,,,granular layer|rest
KIF1B,0.35966903,0.3841972,-0.024528176,,,granular layer|rest
FGFR1,0.36250916,0.38704446,-0.024535298,,,granular layer|rest
CFAP52,0.084226005,0.10879905,-0.024573043,,,granular layer|rest
SRCIN1,0.16963205,0.19421498,-0.024582937,,,granular layer|rest
MTPN,0.13481827,0.15946756,-0.024649292,,,granular layer|rest
VDAC1,0.24232532,0.26697946,-0.024654135,,,granular layer|rest
IGSF8,0.21408637,0.23874457,-0.024658203,,,granular layer|rest
FEM1B,0.15589744,0.18057558,-0.02467814,,,granular layer|rest
COPS6,0.24927437,0.27397868,-0.024704307,,,granular layer|rest
GRIA2,0.2725124,0.29722968,-0.024717271,,,granular layer|rest
PDE1A,0.46798062,0.49280834,-0.024827719,,,granular layer|rest
LRP1,0.22717716,0.2520241,-0.024846956,,,granular layer|rest
CFDP1,0.3435189,0.36837342,-0.024854511,,,granular layer|rest
FXYD6,0.18435179,0.20921715,-0.024865359,,,granular layer|rest
PPP1CC,0.2571034,0.2820764,-0.024972975,,,granular layer|rest
CCT3,0.19352272,0.21850175,-0.024979025,,,granular layer|rest
WASL,0.22287655,0.24792841,-0.025051862,,,granular layer|rest
HIF1A,0.17140357,0.19645731,-0.02505374,,,granular layer|rest
S100B,0.37841728,0.40350878,-0.0250915,,,granular layer|rest
PPP4R3B,0.16634287,0.19145226,-0.025109395,,,granular layer|rest
SEC11C,0.15817125,0.18333545,-0.025164202,,,granular layer|rest
RPL19,0.3362697,0.36148113,-0.025211424,,,granular layer|rest
RAB2A,0.2593725,0.28459635,-0.025223851,,,granular layer|rest
MTCH1,0.35566193,0.38093275,-0.02527082,,,granular layer|rest
GRIA4,0.4699817,0.49526167,-0.025279969,,,granular layer|rest
TMEM30A,0.19456035,0.21986711,-0.025306761,,,granular layer|rest
NEFL,0.22040948,0.24574518,-0.0253357,,,granular layer|rest
FBXW7,0.30750158,0.33289617,-0.025394589,,,granular layer|rest
ARF5,0.19977365,0.22517596,-0.025402308,,,granular layer|rest
SCN2A,0.69379884,0.7192452,-0.025446355,,,granular layer|rest
EIF3E,0.21759644,0.24306206,-0.025465623,,,granular layer|rest
CALR,0.18559726,0.21108861,-0.025491357,,,granular layer|rest
PUM1,0.22009236,0.24564286,-0.0255505,,,granular layer|rest
KIDINS220,0.22136496,0.24692285,-0.02555789,,,granular layer|rest
NAP1L4,0.22923519,0.2548675,-0.025632307,,,granular layer|rest
RPRD1A,0.18650267,0.21216007,-0.0256574,,,granular layer|rest
OAZ1,0.13440989,0.16009076,-0.02568087,,,granular layer|rest
GNG3,0.30766618,0.3333805,-0.025714308,,,granular layer|rest
ASH1L,0.3123946,0.3381626,-0.025768012,,,granular layer|rest
DNAJC6,0.25641865,0.28227234,-0.025853693,,,granular layer|rest
NDUFAB1,0.44458187,0.4704627,-0.025880843,,,granular layer|rest
DST,0.38385,0.40973845,-0.025888443,,,granular layer|rest
GSTM3,0.200429,0.22633927,-0.025910258,,,granular layer|rest
SRI,0.20434754,0.23029143,-0.02594389,,,granular layer|rest
MAP2K1,0.22352788,0.24948254,-0.025954664,,,granular layer|rest
CRTAC1,0.27655572,0.30257964,-0.026023924,,,granular layer|rest
TRAPPC9,0.27968165,0.3058314,-0.02614975,,,granular layer|rest
NAA20,0.2893153,0.31554726,-0.026231945,,,granular layer|rest
ETV1,0.5690949,0.5953583,-0.026263416,,,granular layer|rest
RNF115,0.1769536,0.20323467,-0.026281074,,,granular layer|rest
ATP6V0A1,0.19911794,0.22540466,-0.026286721,,,granular layer|rest
NDUFA11,0.45462134,0.48095006,-0.026328713,,,granular layer|rest
ARPP21,0.46063334,0.48697242,-0.026339084,,,granular layer|rest
NAP1L1,0.20270433,0.22905667,-0.026352346,,,granular layer|rest
CACYBP,0.36286205,0.38924667,-0.026384622,,,granular layer|rest
ZFYVE26,0.08290672,0.10931,-0.026403278,,,granular layer|rest
CNBP,0.3032873,0.3297031,-0.026415795,,,granular layer|rest
CHIC2,0.28933483,0.31575784,-0.026423007,,,granular layer|rest
C14orf132,0.5531734,0.57960314,-0.026429713,,,granular layer|rest
RUFY3,0.27244774,0.2989788,-0.02653107,,,granular layer|rest
MTCL1,0.5121524,0.53869,-0.026537597,,,granular layer|rest
PHACTR3,0.33245987,0.35901672,-0.02655685,,,granular layer|rest
C11orf58,0.25063983,0.2772275,-0.026587665,,,granular layer|rest
CELF1,0.24161433,0.2682367,-0.02662237,,,granular layer|rest
RGS4,0.06684438,0.093494214,-0.026649833,,,granular layer|rest
GTF2I,0.25259566,0.2792838,-0.026688129,,,granular layer|rest
RHOA,0.20856656,0.23537324,-0.026806682,,,granular layer|rest
HNRNPM,0.20904838,0.2358797,-0.026831329,,,granular layer|rest
CD200,0.16107348,0.1879226,-0.02684912,,,granular layer|rest
FHL1,0.23857504,0.26545328,-0.026878238,,,granular layer|rest
ATP5D,0.37375858,0.40066507,-0.02690649,,,granular layer|rest
SYBU,0.49690038,0.52388847,-0.02698809,,,granular layer|rest
TSC22D3,0.2566246,0.2837104,-0.027085781,,,granular layer|rest
VDAC3,0.32266977,0.34975556,-0.027085781,,,granular layer|rest
AUTS2,0.5081782,0.53529215,-0.027113974,,,granular layer|rest
ATP6V1B2,0.13499182,0.16217528,-0.027183458,,,granular layer|rest
MAPK1,0.27488896,0.3022463,-0.02735734,,,granular layer|rest
RPL7,0.9814697,1.0088904,-0.0274207,,,granular layer|rest
IQCJ-SCHIP1,0.26806054,0.2954963,-0.02743578,,,granular layer|rest
INPP5F,0.20187011,0.22948149,-0.027611375,,,granular layer|rest
NDUFA10,0.17671674,0.20441668,-0.027699932,,,granular layer|rest
PPA1,0.2928654,0.3205793,-0.027713895,,,granular layer|rest
MRLN,0.13749823,0.16523714,-0.027738914,,,granular layer|rest
SEC61G,0.24811797,0.27588063,-0.027762666,,,granular layer|rest
MORN1,0.41717905,0.4449573,-0.027778238,,,granular layer|rest
UBE2D3,0.29873568,0.32654914,-0.027813464,,,granular layer|rest
PET100,0.106104,0.13394035,-0.027836353,,,granular layer|rest
NPDC1,0.33344653,0.3613757,-0.027929157,,,granular layer|rest
NMNAT2,0.34097287,0.36891374,-0.02794087,,,granular layer|rest
FKBP4,0.24653606,0.27452752,-0.027991459,,,granular layer|rest
CA11,0.15750621,0.18550543,-0.027999222,,,granular layer|rest
ROBO2,0.22795413,0.25601003,-0.028055891,,,granular layer|rest
AAK1,0.21031168,0.23844285,-0.028131172,,,granular layer|rest
FAT2,0.35435262,0.38249716,-0.028144538,,,granular layer|rest
ITFG1,0.2706892,0.29889807,-0.028208882,,,granular layer|rest
TBCB,0.2983015,0.32666972,-0.028368235,,,granular layer|rest
UBL3,0.18231075,0.21074346,-0.028432712,,,granular layer|rest
NDUFA2,0.35734236,0.38581482,-0.028472453,,,granular layer|rest
COG5,0.32471016,0.3532019,-0.028491735,,,granular layer|rest
TRIM37,0.26629043,0.29479593,-0.028505504,,,granular layer|rest
C16orf72,0.17770587,0.206238,-0.028532133,,,granular layer|rest
PVALB,0.09227038,0.12085489,-0.02858451,,,granular layer|rest
MGST3,0.38526303,0.41397715,-0.02871412,,,granular layer|rest
RAB6B,0.22256199,0.25132507,-0.028763086,,,granular layer|rest
CAMK2N1,0.07511346,0.10388845,-0.028774992,,,granular layer|rest
SUB1,0.26704267,0.2959131,-0.028870434,,,granular layer|rest
GOLGA1,0.2290671,0.2579402,-0.0288731,,,granular layer|rest
APLP1,0.18905221,0.21793766,-0.028885454,,,granular layer|rest
VDAC2,0.31274316,0.34179398,-0.029050827,,,granular layer|rest
SEPT8,0.31092378,0.34023732,-0.029313534,,,granular layer|rest
PSMB4,0.263455,0.29286844,-0.029413432,,,granular layer|rest
NDUFC2,0.28623188,0.31564602,-0.029414147,,,granular layer|rest
SCN2B,0.19090207,0.2203174,-0.029415324,,,granular layer|rest
SON,0.32235467,0.3518592,-0.029504538,,,granular layer|rest
CTNNB1,0.15921967,0.18873286,-0.029513195,,,granular layer|rest
COX17,0.42582852,0.4553766,-0.029548079,,,granular layer|rest
KANSL1,0.2933683,0.32294595,-0.029577643,,,granular layer|rest
ZIC4,0.3925172,0.42217228,-0.02965507,,,granular layer|rest
ABI2,0.26469454,0.2943986,-0.029704064,,,granular layer|rest
APMAP,0.23797387,0.26777616,-0.029802293,,,granular layer|rest
FAM166A,0.31992045,0.34974167,-0.029821217,,,granular layer|rest
DNAJB6,0.2880671,0.31792134,-0.029854238,,,granular layer|rest
TMA7,0.20956638,0.23947191,-0.029905528,,,granular layer|rest
PSMC5,0.47584134,0.50576264,-0.029921293,,,granular layer|rest
ACOT7,0.2040472,0.2340643,-0.030017093,,,granular layer|rest
HNRNPC,0.26620355,0.29622266,-0.030019104,,,granular layer|rest
SNCA,0.3842697,0.4143391,-0.030069381,,,granular layer|rest
EIF4G2,0.26162797,0.29173326,-0.030105293,,,granular layer|rest
CHL1,0.28018695,0.3104434,-0.03025645,,,granular layer|rest
SYNPR,0.5009271,0.5311968,-0.030269682,,,granular layer|rest
ELAVL2,0.15277849,0.18306977,-0.030291274,,,granular layer|rest
RPN1,0.14104305,0.17137505,-0.030331999,,,granular layer|rest
SEPT5,0.28147697,0.31182548,-0.03034851,,,granular layer|rest
RPS15A,0.22881022,0.25919592,-0.030385703,,,granular layer|rest
PSMB5,0.22097449,0.25143173,-0.030457243,,,granular layer|rest
TOP2B,0.26169032,0.29220173,-0.030511409,,,granular layer|rest
TERF2IP,0.3182103,0.34875202,-0.030541718,,,granular layer|rest
BCL2L2-PABPN1,0.2643685,0.29519838,-0.030829877,,,granular layer|rest
SELENOW,0.0805233,0.11137017,-0.030846871,,,granular layer|rest
NDUFA8,0.33182403,0.36269298,-0.030868948,,,granular layer|rest
GHITM,0.20093949,0.23183353,-0.030894041,,,granular layer|rest
ATRX,0.3416382,0.37269568,-0.031057477,,,granular layer|rest
NDFIP1,0.28546327,0.31659335,-0.031130075,,,granular layer|rest
KCNK1,0.56074095,0.5919178,-0.031176865,,,granular layer|rest
RERE,0.30233353,0.33351716,-0.03118363,,,granular layer|rest
PRDX2,0.3926194,0.42388013,-0.03126073,,,granular layer|rest
RPL8,0.93904364,0.9703601,-0.03131646,,,granular layer|rest
MYO18B,0.09949056,0.1308953,-0.03140474,,,granular layer|rest
CBLN3,0.43282065,0.46430576,-0.03148511,,,granular layer|rest
SPOUT1,0.20320791,0.2347757,-0.031567797,,,granular layer|rest
CANX,0.1707264,0.20233637,-0.031609967,,,granular layer|rest
DYNLRB1,0.36342186,0.39503768,-0.031615824,,,granular layer|rest
GABRA1,0.25572976,0.28742486,-0.031695098,,,granular layer|rest
PSMB1,0.527187,0.5589131,-0.031726122,,,granular layer|rest
INA,0.36356127,0.39530873,-0.03174746,,,granular layer|rest
USP22,0.31419045,0.34601516,-0.031824708,,,granular layer|rest
CYC1,0.3657312,0.39760965,-0.03187844,,,granular layer|rest
PAFAH1B2,0.247961,0.27996033,-0.031999335,,,granular layer|rest
PTGES3,0.25002915,0.2820959,-0.032066762,,,granular layer|rest
CTSD,0.22510199,0.25720677,-0.032104775,,,granular layer|rest
ARF3,0.21219814,0.24442762,-0.032229483,,,granular layer|rest
FEZ1,0.40176636,0.43406954,-0.032303184,,,granular layer|rest
NDUFS7,0.37935436,0.4116623,-0.032307953,,,granular layer|rest
SNAP91,0.33068857,0.3630041,-0.032315522,,,granular layer|rest
PARK7,0.39276695,0.42509192,-0.03232497,,,granular layer|rest
SEZ6L2,0.25487763,0.2872426,-0.032364964,,,granular layer|rest
MAPRE2,0.33677867,0.36914474,-0.032366067,,,granular layer|rest
SNCB,0.48916665,0.52156454,-0.032397896,,,granular layer|rest
ARPP19,0.18221992,0.2146232,-0.032403275,,,granular layer|rest
CAMSAP2,0.24283655,0.2752479,-0.03241135,,,granular layer|rest
SOD1,0.36535838,0.39784366,-0.032485276,,,granular layer|rest
RACK1,0.59900963,0.6315482,-0.032538593,,,granular layer|rest
ATP1A4,0.23547077,0.26800984,-0.03253907,,,granular layer|rest
H2AFZ,0.39479175,0.42741346,-0.03262171,,,granular layer|rest
RPS20,0.25442684,0.28722423,-0.032797396,,,granular layer|rest
PAK1,0.43932155,0.4722812,-0.03295964,,,granular layer|rest
MAPK10,0.31430227,0.34731728,-0.033015013,,,granular layer|rest
PPIA,0.1292021,0.16223367,-0.033031568,,,granular layer|rest
HPCAL1,1.0379931,1.0711025,-0.033109426,,,granular layer|rest
SV2B,0.25338197,0.28654805,-0.03316608,,,granular layer|rest
ASPH,0.31014845,0.34334838,-0.033199936,,,granular layer|rest
CHD2,0.40216437,0.43542627,-0.033261895,,,granular layer|rest
CAP2,0.23406735,0.26750293,-0.033435583,,,granular layer|rest
PFDN2,0.35208252,0.38565212,-0.033569604,,,granular layer|rest
CLASP2,0.38881344,0.42246288,-0.033649445,,,granular layer|rest
ATP6V0B,0.32889345,0.36257654,-0.03368309,,,granular layer|rest
NAA38,0.29707128,0.33075592,-0.03368464,,,granular layer|rest
QDPR,0.3920137,0.425756,-0.03374231,,,granular layer|rest
TRAF3,0.29024002,0.32398403,-0.033744007,,,granular layer|rest
NTM,0.6935255,0.72728676,-0.033761263,,,granular layer|rest
EFR3A,0.30733976,0.34132704,-0.033987284,,,granular layer|rest
UQCRC1,0.24357699,0.2776338,-0.034056798,,,granular layer|rest
SUPT20H,0.2086467,0.2427829,-0.034136206,,,granular layer|rest
CYFIP2,0.35958886,0.3937483,-0.03415945,,,granular layer|rest
PFDN5,0.54685986,0.5810583,-0.034198463,,,granular layer|rest
GADD45GIP1,0.34444126,0.3787338,-0.03429255,,,granular layer|rest
RPL5,0.3336712,0.36818278,-0.034511566,,,granular layer|rest
TUBA3E,0.6625611,0.6971451,-0.034583986,,,granular layer|rest
RPH3A,0.19227648,0.2268776,-0.034601122,,,granular layer|rest
DSTN,0.37133104,0.4060031,-0.03467205,,,granular layer|rest
G3BP2,0.19551131,0.23021014,-0.03469883,,,granular layer|rest
GRM4,0.57261276,0.60742575,-0.034812987,,,granular layer|rest
SNRPD2,0.340407,0.37541145,-0.035004437,,,granular layer|rest
SHF,0.28933412,0.32453737,-0.03520325,,,granular layer|rest
SYNGR1,0.2373752,0.27261603,-0.03524083,,,granular layer|rest
PPP2CA,0.26221448,0.2974613,-0.03524682,,,granular layer|rest
XRCC6,0.3514178,0.38668188,-0.035264075,,,granular layer|rest
WBP2,0.30621365,0.34148526,-0.035271615,,,granular layer|rest
SMIM13,0.23491071,0.27020845,-0.035297737,,,granular layer|rest
CADM3,0.36043885,0.39579245,-0.0353536,,,granular layer|rest
RAN,0.30656615,0.34193227,-0.035366118,,,granular layer|rest
GSTP1,0.33378235,0.36915928,-0.035376936,,,granular layer|rest
LRRTM4,0.22864519,0.2640512,-0.03540601,,,granular layer|rest
ATP1A3,0.148237,0.18384479,-0.035607785,,,granular layer|rest
NME7,0.17146534,0.2071455,-0.03568016,,,granular layer|rest
OGFRL1,0.378762,0.41465515,-0.035893142,,,granular layer|rest
GABBR1,0.1901627,0.22622904,-0.03606634,,,granular layer|rest
NDUFB7,0.3973619,0.43356055,-0.036198646,,,granular layer|rest
VPS28,0.28003344,0.31652194,-0.036488503,,,granular layer|rest
STK33,0.07513325,0.11167379,-0.036540538,,,granular layer|rest
GNAO1,0.4205175,0.4570907,-0.0365732,,,granular layer|rest
POLDIP3,0.22897153,0.2658315,-0.036859974,,,granular layer|rest
ATP5J,0.6861661,0.7230502,-0.03688407,,,granular layer|rest
PDE4D,0.23710342,0.27414224,-0.037038818,,,granular layer|rest
DPP6,0.9865726,1.0236472,-0.037074566,,,granular layer|rest
GABRG2,0.19073085,0.22798057,-0.037249714,,,granular layer|rest
BEX1,0.43724108,0.474496,-0.03725493,,,granular layer|rest
H2AFY,0.20699488,0.24429603,-0.037301153,,,granular layer|rest
ATP2A2,0.25034252,0.28764942,-0.037306905,,,granular layer|rest
NRG1,1.0156125,1.053098,-0.03748548,,,granular layer|rest
PLD3,0.20647235,0.24414037,-0.03766802,,,granular layer|rest
SIRPA,0.24179924,0.27954748,-0.037748247,,,granular layer|rest
FAM13A,0.4155247,0.45335624,-0.037831545,,,granular layer|rest
CPLX1,0.23388186,0.27173752,-0.037855655,,,granular layer|rest
MAGED1,0.24487683,0.28279498,-0.03791815,,,granular layer|rest
ELOB,0.5389528,0.57690126,-0.03794843,,,granular layer|rest
TRIM2,0.3012616,0.339367,-0.0381054,,,granular layer|rest
FIS1,0.28203228,0.32033306,-0.038300782,,,granular layer|rest
NELL2,0.4189444,0.4573331,-0.0383887,,,granular layer|rest
NSF,0.34953412,0.38805926,-0.038525134,,,granular layer|rest
TUBB4B,0.32196987,0.3605077,-0.03853783,,,granular layer|rest
TTC28,0.14092813,0.17980598,-0.038877845,,,granular layer|rest
DDX6,0.17579927,0.21470484,-0.038905576,,,granular layer|rest
RNF11,0.2162165,0.25513688,-0.038920373,,,granular layer|rest
TUBA4A,0.3562131,0.39535972,-0.039146632,,,granular layer|rest
ROMO1,0.30749637,0.34722942,-0.039733052,,,granular layer|rest
DDX17,0.3653974,0.4052114,-0.039813995,,,granular layer|rest
SEC62,0.41328582,0.45323026,-0.03994444,,,granular layer|rest
APBB1,0.346665,0.38668934,-0.04002434,,,granular layer|rest
MAP4K3,0.3582958,0.3983468,-0.040051013,,,granular layer|rest
RPS26,0.357858,0.3979628,-0.040104806,,,granular layer|rest
CAMK2D,0.44309786,0.4832145,-0.040116638,,,granular layer|rest
GNB1,0.29048905,0.33062768,-0.040138632,,,granular layer|rest
GFAP,0.21099234,0.2514103,-0.04041797,,,granular layer|rest
GABARAP,0.3556879,0.3962231,-0.04053521,,,granular layer|rest
COX7B,0.5603192,0.60092944,-0.040610254,,,granular layer|rest
DCTN1,0.25254732,0.29330316,-0.04075584,,,granular layer|rest
ENO1,0.34916517,0.3899603,-0.040795118,,,granular layer|rest
COX6B1,0.6485064,0.6894812,-0.040974796,,,granular layer|rest
PTGR1,0.42120472,0.4622065,-0.041001797,,,granular layer|rest
KCNK2,0.09813334,0.13920458,-0.041071236,,,granular layer|rest
PAFAH1B1,0.3748075,0.4159024,-0.0410949,,,granular layer|rest
HYPK,0.40650323,0.4476031,-0.041099876,,,granular layer|rest
PAGR1,0.57611716,0.61724305,-0.041125894,,,granular layer|rest
NUCKS1,0.5211343,0.56255966,-0.041425347,,,granular layer|rest
CSDE1,0.26307333,0.30453265,-0.041459322,,,granular layer|rest
SLC1A3,0.16853279,0.21017756,-0.041644767,,,granular layer|rest
YWHAB,0.72066134,0.7623781,-0.041716754,,,granular layer|rest
SULT4A1,0.27089754,0.31273457,-0.041837037,,,granular layer|rest
FTH1,0.39345717,0.43538433,-0.04192716,,,granular layer|rest
RPL32,0.4136127,0.45559663,-0.041983932,,,granular layer|rest
CCT8,0.23693259,0.27912185,-0.042189255,,,granular layer|rest
SPTBN1,0.41605064,0.45844242,-0.042391777,,,granular layer|rest
ALMS1,0.56784475,0.6103275,-0.042482734,,,granular layer|rest
CNN3,0.22972934,0.2722907,-0.042561367,,,granular layer|rest
HNRNPDL,0.35367,0.3965889,-0.04291889,,,granular layer|rest
BTG1,0.36518875,0.40813124,-0.042942494,,,granular layer|rest
SYNE1,0.8599271,0.9029844,-0.043057263,,,granular layer|rest
RPS24,0.39531407,0.43837506,-0.04306099,,,granular layer|rest
MAP1A,0.37459934,0.4180208,-0.043421477,,,granular layer|rest
CHP1,0.37326816,0.4168667,-0.043598533,,,granular layer|rest
SHC4,0.49972776,0.5433577,-0.043629915,,,granular layer|rest
GABRD,0.3964626,0.44025645,-0.043793857,,,granular layer|rest
EXOC2,0.11563982,0.15968284,-0.04404302,,,granular layer|rest
OLFM1,0.73022217,0.77428746,-0.044065297,,,granular layer|rest
SMARCC2,0.52381945,0.56796217,-0.044142723,,,granular layer|rest
HECTD1,0.35403857,0.39828616,-0.044247597,,,granular layer|rest
PPP2R1A,0.4137173,0.4579665,-0.044249207,,,granular layer|rest
AP2M1,0.42190772,0.46619755,-0.044289827,,,granular layer|rest
USMG5,0.5553197,0.59967196,-0.044352233,,,granular layer|rest
DDX5,0.4371112,0.4814817,-0.044370502,,,granular layer|rest
UCHL1,0.40954775,0.45394635,-0.044398606,,,granular layer|rest
TMEM178A,0.57043946,0.61486715,-0.044427693,,,granular layer|rest
GALNTL6,0.22372136,0.26821074,-0.044489384,,,granular layer|rest
ATPIF1,0.85974485,0.9044132,-0.044668376,,,granular layer|rest
SLIRP,0.39553425,0.44025537,-0.044721127,,,granular layer|rest
NBEA,0.7623395,0.80709213,-0.044752657,,,granular layer|rest
RPL10A,0.45359206,0.49844566,-0.044853598,,,granular layer|rest
RPS4X,0.5135314,0.5588756,-0.045344234,,,granular layer|rest
NDRG4,0.5398238,0.5851786,-0.045354843,,,granular layer|rest
RPL24,0.55535555,0.60108924,-0.04573369,,,granular layer|rest
ATP5O,0.6753744,0.7212045,-0.04583013,,,granular layer|rest
COPG2,0.39640024,0.44229943,-0.045899183,,,granular layer|rest
CLTA,0.4595702,0.5055199,-0.045949727,,,granular layer|rest
GDI1,0.30813354,0.35419452,-0.04606098,,,granular layer|rest
NDUFC1,0.46519446,0.5114229,-0.04622841,,,granular layer|rest
GRHL2,0.1137689,0.1607851,-0.047016196,,,granular layer|rest
MRPL20,0.37886006,0.42589515,-0.047035098,,,granular layer|rest
WDR62,0.34020332,0.387416,-0.04721269,,,granular layer|rest
ATP2B1,0.42813396,0.47552902,-0.04739505,,,granular layer|rest
RPS25,0.42690268,0.47462186,-0.04771918,,,granular layer|rest
ZFAND5,0.4181294,0.46599218,-0.04786277,,,granular layer|rest
NDUFS5,0.6870468,0.7349303,-0.04788345,,,granular layer|rest
RPS11,0.45349503,0.50156456,-0.048069537,,,granular layer|rest
GRID2,1.3281778,1.3763212,-0.048143387,,,granular layer|rest
SYN2,0.54211247,0.5902835,-0.048171043,,,granular layer|rest
ATP6AP1,0.2842843,0.33282742,-0.048543125,,,granular layer|rest
ZIC2,0.34734803,0.3959835,-0.048635453,,,granular layer|rest
TUBB3,0.35800767,0.40695813,-0.048950464,,,granular layer|rest
SLC17A7,0.4347393,0.48402563,-0.049286336,,,granular layer|rest
SCG5,0.34943122,0.39898634,-0.049555123,,,granular layer|rest
NCKAP1,0.36405018,0.41361135,-0.049561173,,,granular layer|rest
CAMTA1,0.493374,0.542982,-0.049607992,,,granular layer|rest
CRYAB,0.98322546,1.0333809,-0.0501554,,,granular layer|rest
NDUFA1,0.61835545,0.66865605,-0.0503006,,,granular layer|rest
CAPS2,0.41473272,0.46564502,-0.05091229,,,granular layer|rest
PGK1,0.4236797,0.4749757,-0.051295996,,,granular layer|rest
TMEM59L,0.4921896,0.54369307,-0.05150348,,,granular layer|rest
STXBP1,0.5277022,0.5794067,-0.051704466,,,granular layer|rest
RPL15,0.44513527,0.4969446,-0.05180934,,,granular layer|rest
IRAK2,0.16506553,0.21769896,-0.052633435,,,granular layer|rest
PPP1CB,0.29115498,0.34382668,-0.0526717,,,granular layer|rest
DYM,0.2424853,0.2955846,-0.05309929,,,granular layer|rest
STMN3,0.4103476,0.46350732,-0.053159714,,,granular layer|rest
DYNLL1,0.57081884,0.62399614,-0.053177297,,,granular layer|rest
RPS16,0.6290836,0.68230486,-0.053221285,,,granular layer|rest
RPL27,0.6599294,0.7132384,-0.053309023,,,granular layer|rest
ATP6V1E1,0.33401042,0.38741344,-0.05340302,,,granular layer|rest
MAP2,0.3921757,0.4457435,-0.053567797,,,granular layer|rest
MORF4L1,0.38091975,0.4345844,-0.053664654,,,granular layer|rest
GABRA6,0.47476143,0.5285117,-0.053750277,,,granular layer|rest
TIAM1,0.98401886,1.0379311,-0.053912222,,,granular layer|rest
PJA2,0.38705063,0.44126385,-0.054213226,,,granular layer|rest
SLC25A3,0.4522489,0.5067227,-0.054473788,,,granular layer|rest
FERMT2,0.40765584,0.46216205,-0.054506212,,,granular layer|rest
NDRG2,0.40725842,0.46178037,-0.054521948,,,granular layer|rest
ATP5A1,0.6287693,0.68340564,-0.05463636,,,granular layer|rest
NPTX1,0.38510606,0.43989238,-0.054786325,,,granular layer|rest
BEX3,0.56842387,0.6233776,-0.054953754,,,granular layer|rest
LRP1B,0.8583096,0.91329336,-0.054983735,,,granular layer|rest
RPL37,0.48387307,0.5388714,-0.05499834,,,granular layer|rest
CIRBP,0.3930512,0.44830975,-0.055258542,,,granular layer|rest
CFL1,0.86371416,0.91901374,-0.05529958,,,granular layer|rest
CSMD1,0.45716053,0.512503,-0.055342495,,,granular layer|rest
TCF4,0.7282515,0.78382283,-0.055571318,,,granular layer|rest
RPL18A,0.45886353,0.5144509,-0.05558738,,,granular layer|rest
HMGB1,0.515671,0.57137686,-0.055705845,,,granular layer|rest
HNRNPK,0.4093964,0.4651191,-0.055722684,,,granular layer|rest
UQCRQ,0.5018379,0.5575671,-0.05572921,,,granular layer|rest
RPS3A,0.3187122,0.37502107,-0.056308866,,,granular layer|rest
DPYSL2,0.4408379,0.49730745,-0.05646956,,,granular layer|rest
RPL22,0.49778712,0.5543508,-0.056563675,,,granular layer|rest
RELN,0.9131835,0.97012776,-0.05694425,,,granular layer|rest
TSC22D1,0.4654563,0.5225047,-0.05704838,,,granular layer|rest
PRKACB,0.46373543,0.5208059,-0.057070464,,,granular layer|rest
APOE,0.64414597,0.70142275,-0.057276785,,,granular layer|rest
ATP5G2,0.7136512,0.77096623,-0.05731505,,,granular layer|rest
RCHY1,0.5196181,0.5770497,-0.05743158,,,granular layer|rest
DNM1,0.62199974,0.67980796,-0.05780822,,,granular layer|rest
RPS29,0.37707773,0.4355886,-0.05851087,,,granular layer|rest
SPOCK1,0.5444359,0.60337305,-0.058937132,,,granular layer|rest
ZBTB18,0.41500467,0.47443354,-0.05942887,,,granular layer|rest
RPL34,0.7691615,0.8286103,-0.05944878,,,granular layer|rest
KIF5C,0.5214437,0.5811671,-0.059723377,,,granular layer|rest
AES,0.3452082,0.40495396,-0.05974576,,,granular layer|rest
RPS10,0.9347231,0.994585,-0.0598619,,,granular layer|rest
RPL11,0.55475795,0.61480767,-0.060049713,,,granular layer|rest
NDUFB10,0.5640611,0.62452626,-0.060465157,,,granular layer|rest
NUDT3,0.61127365,0.67184305,-0.060569406,,,granular layer|rest
NDUFB2,1.1223027,1.1829066,-0.060603976,,,granular layer|rest
APP,0.3466433,0.40774125,-0.06109795,,,granular layer|rest
SCN1B,0.87842065,0.93956757,-0.061146915,,,granular layer|rest
UBL5,0.59012365,0.651367,-0.061243355,,,granular layer|rest
RBX1,0.52758557,0.5891282,-0.06154263,,,granular layer|rest
CHN1,0.18691652,0.2487212,-0.061804682,,,granular layer|rest
COX6A1,0.7177919,0.77984035,-0.062048435,,,granular layer|rest
ND4L,0.24014959,0.30345175,-0.06330216,,,granular layer|rest
CNTN1,0.40557885,0.4689448,-0.06336594,,,granular layer|rest
SH3GL2,0.6646736,0.72833747,-0.06366384,,,granular layer|rest
SNRPN,1.5030398,1.5667058,-0.063665986,,,granular layer|rest
ATP2B2,0.5412287,0.6056541,-0.06442541,,,granular layer|rest
SNU13,0.5719786,0.6366281,-0.06464946,,,granular layer|rest
ATP5I,0.55786115,0.6237349,-0.06587374,,,granular layer|rest
RPS17,0.6089329,0.675037,-0.066104114,,,granular layer|rest
MT2,0.4091391,0.4758311,-0.066691995,,,granular layer|rest
NRXN1,1.6411761,1.707916,-0.06673992,,,granular layer|rest
CD81,0.6263198,0.69327044,-0.06695062,,,granular layer|rest
PCP4,0.3179148,0.3850164,-0.0671016,,,granular layer|rest
RPL4,0.57793605,0.6454139,-0.06747782,,,granular layer|rest
GAP43,0.8882271,0.95582527,-0.067598164,,,granular layer|rest
RPL10,1.0217006,1.0894123,-0.06771171,,,granular layer|rest
ND6,0.4978734,0.56572616,-0.067852765,,,granular layer|rest
NCOR1,0.3306046,0.39866486,-0.06806025,,,granular layer|rest
RPS8,1.1343632,1.2024602,-0.068096995,,,granular layer|rest
YWHAH,0.6029973,0.6720548,-0.069057524,,,granular layer|rest
RPSA,0.4973334,0.56691176,-0.06957835,,,granular layer|rest
RPL31,0.43760687,0.5074456,-0.0698387,,,granular layer|rest
ELAVL3,0.48855734,0.55853206,-0.06997472,,,granular layer|rest
SPARCL1,0.3711032,0.4421872,-0.07108399,,,granular layer|rest
CST3,0.7965335,0.86780566,-0.071272135,,,granular layer|rest
FSIP1,0.46961784,0.541893,-0.07227516,,,granular layer|rest
CALM3,0.538808,0.6117535,-0.072945535,,,granular layer|rest
YWHAE,0.56319654,0.6364881,-0.07329154,,,granular layer|rest
TAGLN3,0.6482702,0.72182965,-0.07355946,,,granular layer|rest
RPL23,0.5406387,0.6148799,-0.07424122,,,granular layer|rest
RTN3,0.5176921,0.5920385,-0.07434642,,,granular layer|rest
SETBP1,0.27931398,0.35412058,-0.0748066,,,granular layer|rest
NDUFB9,0.7939163,0.8692127,-0.0752964,,,granular layer|rest
GRTP1,0.33173317,0.40755764,-0.07582447,,,granular layer|rest
RPL7A,0.58786637,0.66376966,-0.0759033,,,granular layer|rest
SERTAD2,0.59890354,0.67519623,-0.07629269,,,granular layer|rest
SLC22A17,0.46652952,0.5430628,-0.07653329,,,granular layer|rest
EIF1,1.6630863,1.74188,-0.078793764,,,granular layer|rest
PCDH9,0.76979244,0.84864175,-0.078849316,,,granular layer|rest
YWHAG,0.44898313,0.5278762,-0.078893065,,,granular layer|rest
MDH1,0.6553773,0.7345949,-0.07921755,,,granular layer|rest
MINOS1,0.8955072,0.97541237,-0.07990515,,,granular layer|rest
NREP,1.0861338,1.166161,-0.0800271,,,granular layer|rest
HNRNPA2B1,0.58362454,0.6671749,-0.083550334,,,granular layer|rest
COMMD1,0.8780476,0.9616723,-0.08362472,,,granular layer|rest
RTN4,0.5707609,0.6549479,-0.08418697,,,granular layer|rest
TPT1,0.6563863,0.7413117,-0.08492541,,,granular layer|rest
RPS23,0.8786922,0.9636794,-0.08498716,,,granular layer|rest
SCRN1,0.7570763,0.8420841,-0.08500779,,,granular layer|rest
NPTN,0.45523897,0.5404667,-0.08522776,,,granular layer|rest
ARHGAP32,0.82700264,0.9130383,-0.08603567,,,granular layer|rest
SYT4,0.70701325,0.7931056,-0.08609235,,,granular layer|rest
TTR,0.10061563,0.18684141,-0.086225785,,,granular layer|rest
COX8A,1.2953533,1.3821942,-0.08684087,,,granular layer|rest
NAPB,0.7450401,0.83210677,-0.08706665,,,granular layer|rest
EEF1A1,0.31568155,0.40278855,-0.087107,,,granular layer|rest
ATP1B1,0.45814025,0.5452882,-0.08714795,,,granular layer|rest
GNAS,0.7679231,0.8554339,-0.087510765,,,granular layer|rest
RPL18,1.213642,1.3020121,-0.088370085,,,granular layer|rest
DKK3,0.655238,0.74543446,-0.09019649,,,granular layer|rest
RPS19,0.99013704,1.0812278,-0.09109074,,,granular layer|rest
ATP1A1,0.7772614,0.8688408,-0.09157944,,,granular layer|rest
RPL3,1.5382086,1.6298432,-0.09163463,,,granular layer|rest
NME1-NME2,0.6712457,0.76317394,-0.09192824,,,granular layer|rest
ACTG1,0.7479222,0.84055215,-0.09262997,,,granular layer|rest
UBB,1.6073788,1.702755,-0.095376134,,,granular layer|rest
ENO2,0.9110353,1.0068436,-0.09580827,,,granular layer|rest
PREPL,0.5712226,0.6673007,-0.0960781,,,granular layer|rest
DENND5B,0.7230235,0.8197105,-0.09668702,,,granular layer|rest
RPS21,0.8358527,0.93326527,-0.097412586,,,granular layer|rest
SERINC1,0.6303942,0.72935295,-0.09895873,,,granular layer|rest
RPS6,0.8107754,0.9099152,-0.09913981,,,granular layer|rest
RPL35,0.7010175,0.8046807,-0.103663206,,,granular layer|rest
CCNI,1.4413851,1.5451843,-0.103799105,,,granular layer|rest
PSAP,1.0222129,1.1271812,-0.10496831,,,granular layer|rest
RPLP2,0.65657747,0.76240176,-0.10582429,,,granular layer|rest
C12orf57,0.9973729,1.1032743,-0.10590142,,,granular layer|rest
GALNT12,0.2970737,0.40298852,-0.10591483,,,granular layer|rest
RPL27A,0.98908764,1.0963596,-0.10727197,,,granular layer|rest
CLU,1.1264092,1.2344984,-0.10808921,,,granular layer|rest
ACTB,0.33447292,0.44331574,-0.10884282,,,granular layer|rest
NDUFB4,1.1729654,1.284119,-0.1111536,,,granular layer|rest
MBP,1.6949052,1.8068235,-0.11191833,,,granular layer|rest
ALDOC,0.88749707,0.99971503,-0.11221796,,,granular layer|rest
VSNL1,1.522593,1.6376865,-0.11509347,,,granular layer|rest
RPL41,1.3791779,1.4961014,-0.11692345,,,granular layer|rest
TSPAN7,0.8175668,0.9346904,-0.117123604,,,granular layer|rest
PLP1,0.66861564,0.7910621,-0.12244648,,,granular layer|rest
BPHL,0.91272026,1.0378193,-0.125099,,,granular layer|rest
CBLN1,1.0326723,1.157928,-0.1252557,,,granular layer|rest
COX7C,0.8292493,0.95707524,-0.12782592,,,granular layer|rest
MAP1B,1.3690776,1.4997735,-0.13069594,,,granular layer|rest
METAP1,0.9684322,1.1016914,-0.13325918,,,granular layer|rest
PEBP1,1.5555096,1.6896282,-0.13411868,,,granular layer|rest
ATP6V0C,0.7192145,0.85561675,-0.13640225,,,granular layer|rest
RPL30,1.4594595,1.5959121,-0.13645256,,,granular layer|rest
TUBB,0.6443643,0.78394485,-0.13958055,,,granular layer|rest
SYT1,1.7473863,1.8885329,-0.14114654,,,granular layer|rest
PPP3CA,1.5927877,1.7346458,-0.1418581,,,granular layer|rest
FAU,1.3684475,1.510379,-0.14193141,,,granular layer|rest
EIF4A2,1.5002725,1.6430426,-0.14277005,,,granular layer|rest
HSPA8,1.3209894,1.4662006,-0.14521122,,,granular layer|rest
ND5,0.65135974,0.79711926,-0.14575952,,,granular layer|rest
ITM2B,1.3026,1.4494964,-0.14689636,,,granular layer|rest
RPS15,1.3015642,1.452408,-0.15084374,,,granular layer|rest
ZIC1,0.87835866,1.0304922,-0.15213352,,,granular layer|rest
NDUFA4,1.366886,1.5199776,-0.15309155,,,granular layer|rest
GAPDH,1.128397,1.2853998,-0.1570028,,,granular layer|rest
TMSB10,1.0682164,1.2257978,-0.15758133,,,granular layer|rest
RPL9,1.0476114,1.2079006,-0.16028929,,,granular layer|rest
STMN1,0.9836483,1.144818,-0.16116965,,,granular layer|rest
STMN2,1.9409872,2.1029205,-0.1619333,,,granular layer|rest
PRDX5,2.1602352,2.323514,-0.16327882,,,granular layer|rest
CDR1,1.2289985,1.3946187,-0.16562021,,,granular layer|rest
HSP90AA1,1.3995767,1.5679847,-0.16840804,,,granular layer|rest
RTN1,1.5056027,1.6798643,-0.17426157,,,granular layer|rest
CPE,1.3133888,1.5047188,-0.19132996,,,granular layer|rest
CALM2,2.3106763,2.5038307,-0.19315434,,,granular layer|rest
DLG2,0.76422924,0.966045,-0.20181578,,,granular layer|rest
GPM6A,1.5014911,1.7140409,-0.2125498,,,granular layer|rest
CHGB,1.6528565,1.8783927,-0.22553623,,,granular layer|rest
SLC24A3,0.5735048,0.8042502,-0.23074538,,,granular layer|rest
COX1,1.1538515,1.3962471,-0.24239564,,,granular layer|rest
Hsp90ab1,1.6181917,1.8710533,-0.25286162,,,granular layer|rest
CKB,1.9452248,2.2040296,-0.2588048,,,granular layer|rest
TUBA1B,2.9077966,3.1918588,-0.28406215,,,granular layer|rest
SNAP25,5.222976,5.5173836,-0.29440737,,,granular layer|rest
CYTB,1.7565436,2.0986397,-0.3420961,,,granular layer|rest
ND3,1.7220404,2.2982132,-0.5761728,,,granular layer|rest
ND2,3.2731311,3.9513948,-0.67826366,0.004975124378109453,0.045320308928834735,granular layer|rest
ND1,3.6999142,4.4826922,-0.782778,0.004975124378109453,0.05181062535369429,granular layer|rest
COX2,7.6382256,8.82648,-1.1882544,0.004975124378109453,0.11462586120930883,granular layer|rest
ND4,6.9692316,8.203492,-1.2342606,0.004975124378109453,0.10491439884453667,granular layer|rest
ATP6,10.177628,11.805862,-1.6282349,0.004975124378109453,0.1450640197532708,granular layer|rest
COX3,16.423006,20.187748,-3.764742,0.004975124378109453,0.2267891133764545,granular layer|rest
KCNIP4,1.688625,1.5977962,0.09082878,0.24378109452736318,0.013554611493993783,purkinje layer|rest
S100B,1.6550642,1.5715557,0.08350849,1.0,0.01754505798309977,purkinje layer|rest
RBFOX1,1.3758005,1.2970647,0.07873583,0.30845771144278605,0.012555493045441433,purkinje layer|rest
HPCAL1,1.6933005,1.6316353,0.061665177,1.0,0.012150539499494744,purkinje layer|rest
KCND2,0.83133525,0.7821421,0.049193144,0.27860696517412936,0.009253099210785225,purkinje layer|rest
APOE,2.6565325,2.607952,0.048580408,1.0,0.024774096940838052,purkinje layer|rest
LCAT,0.87338775,0.8321613,0.041226447,,,purkinje layer|rest
CADPS2,0.46207404,0.42098182,0.041092217,,,purkinje layer|rest
FGF14,0.61938864,0.5784075,0.040981114,,,purkinje layer|rest
GRIK2,0.42706722,0.39391172,0.0331555,,,purkinje layer|rest
GABARAPL2,0.8823153,0.8512698,0.031045496,,,purkinje layer|rest
TRPM3,0.29855236,0.2680716,0.030480772,,,purkinje layer|rest
FSTL5,0.38224703,0.35289487,0.029352158,,,purkinje layer|rest
RIMS1,0.40102848,0.37782705,0.023201436,,,purkinje layer|rest
NRXN3,0.7298207,0.7069063,0.02291441,,,purkinje layer|rest
ZNF804B,0.1786644,0.15682228,0.021842122,,,purkinje layer|rest
NEGR1,0.45701966,0.4356262,0.021393448,,,purkinje layer|rest
CADM2,0.5738076,0.5525457,0.02126187,,,purkinje layer|rest
LRP1B,0.53522766,0.5153025,0.019925177,,,purkinje layer|rest
LHFPL6,0.24770111,0.22900784,0.018693268,,,purkinje layer|rest
CA10,0.21559498,0.19715758,0.0184374,,,purkinje layer|rest
NRG1,0.51997346,0.501626,0.018347442,,,purkinje layer|rest
STXBP5L,0.2796836,0.2613621,0.018321484,,,purkinje layer|rest
SEPT4,1.0956972,1.077461,0.01823616,,,purkinje layer|rest
UNC13C,0.20385471,0.18598449,0.017870218,,,purkinje layer|rest
SGCZ,0.22623587,0.20927374,0.016962126,,,purkinje layer|rest
GSTM3,1.0475427,1.0310974,0.01644528,,,purkinje layer|rest
CHN2,0.1821113,0.16643386,0.015677437,,,purkinje layer|rest
RYR2,0.18965459,0.17449194,0.015162647,,,purkinje layer|rest
CALN1,0.17368555,0.15971436,0.013971195,,,purkinje layer|rest
PRKG1,0.5686656,0.5548423,0.01382333,,,purkinje layer|rest
GLUL,0.42490625,0.4111732,0.013733059,,,purkinje layer|rest
FGF12,0.20903409,0.19568302,0.013351068,,,purkinje layer|rest
CAMK4,0.17427607,0.16175756,0.01251851,,,purkinje layer|rest
NEBL,0.1737115,0.1613782,0.012333289,,,purkinje layer|rest
MAGI2,0.621098,0.60926473,0.0118332505,,,purkinje layer|rest
FOXN3,0.13695405,0.12518194,0.011772111,,,purkinje layer|rest
KAZN,0.35589215,0.34427387,0.011618286,,,purkinje layer|rest
RIMS2,0.21875736,0.20718682,0.011570543,,,purkinje layer|rest
WWOX,0.30071375,0.28962946,0.011084288,,,purkinje layer|rest
RGS7,0.20383634,0.19285136,0.010984972,,,purkinje layer|rest
PCLO,0.18193728,0.17120597,0.01073131,,,purkinje layer|rest
GPHN,0.19214475,0.18157005,0.010574698,,,purkinje layer|rest
CYSTM1,0.37087032,0.3603818,0.01048851,,,purkinje layer|rest
GPR158,0.101455405,0.09129589,0.010159515,,,purkinje layer|rest
CLSTN3,0.25535688,0.24531212,0.010044754,,,purkinje layer|rest
ZNF385D,0.12929414,0.11931971,0.009974435,,,purkinje layer|rest
ABLIM1,0.16365369,0.15373282,0.009920865,,,purkinje layer|rest
RABGAP1L,0.18574443,0.17601778,0.009726658,,,purkinje layer|rest
SPTAN1,0.3111313,0.30160215,0.009529144,,,purkinje layer|rest
SCN2A,0.25515798,0.24567167,0.009486303,,,purkinje layer|rest
OLFM3,0.12589443,0.11677313,0.009121299,,,purkinje layer|rest
PDE3A,0.10839218,0.09980696,0.008585222,,,purkinje layer|rest
TSC22D4,0.23483206,0.22629616,0.008535907,,,purkinje layer|rest
ASTN2,0.2277554,0.21923557,0.008519828,,,purkinje layer|rest
AFF3,0.19627371,0.18784638,0.008427337,,,purkinje layer|rest
PLCB4,0.21670078,0.20827447,0.008426309,,,purkinje layer|rest
H2AFV,0.18776391,0.17934285,0.008421063,,,purkinje layer|rest
GRID2,2.4031262,2.3947067,0.008419514,,,purkinje layer|rest
CACNA1A,0.26839316,0.26004475,0.008348405,,,purkinje layer|rest
NSG1,1.6566706,1.648329,0.008341551,,,purkinje layer|rest
ADGRB3,0.47764352,0.46932125,0.008322269,,,purkinje layer|rest
MCTP1,0.26240706,0.25427455,0.008132517,,,purkinje layer|rest
PHPT1,0.41613826,0.40808463,0.008053631,,,purkinje layer|rest
RAMP1,0.46176332,0.45404053,0.007722795,,,purkinje layer|rest
TENM1,0.096049696,0.08844925,0.007600449,,,purkinje layer|rest
SYNE1,0.48341897,0.4758267,0.007592261,,,purkinje layer|rest
ATP8A2,0.20029329,0.19275592,0.007537365,,,purkinje layer|rest
ERBB4,0.24040677,0.23294201,0.0074647516,,,purkinje layer|rest
NLGN1,0.3941689,0.38671345,0.007455468,,,purkinje layer|rest
PTPRD,0.12316879,0.115787424,0.0073813647,,,purkinje layer|rest
SMYD3,0.18713097,0.17976741,0.007363558,,,purkinje layer|rest
LRCH1,0.15412238,0.14680967,0.007312715,,,purkinje layer|rest
DGKG,0.3340063,0.3267989,0.0072074234,,,purkinje layer|rest
SEMA7A,0.20786339,0.20070778,0.007155612,,,purkinje layer|rest
MAML3,0.19685179,0.1897135,0.007138297,,,purkinje layer|rest
SORCS1,0.14301358,0.13596615,0.0070474297,,,purkinje layer|rest
CHD7,0.10576258,0.09875854,0.0070040375,,,purkinje layer|rest
SPHKAP,0.14731246,0.1404642,0.0068482608,,,purkinje layer|rest
ANK3,0.2453019,0.23849137,0.006810531,,,purkinje layer|rest
BICD1,0.11128276,0.10454621,0.0067365468,,,purkinje layer|rest
SLC35F3,0.16114827,0.1544363,0.00671196,,,purkinje layer|rest
KCNJ3,0.08630714,0.079625756,0.0066813827,,,purkinje layer|rest
DNM3,0.17176765,0.16509975,0.006667897,,,purkinje layer|rest
ETV1,0.19118518,0.18470988,0.0064752996,,,purkinje layer|rest
KRT10,0.2642425,0.2577819,0.006460607,,,purkinje layer|rest
NFIA,0.2534789,0.24702616,0.006452754,,,purkinje layer|rest
PDE4B,0.10032395,0.09403699,0.006286964,,,purkinje layer|rest
NEDD4L,0.097535275,0.091317296,0.006217979,,,purkinje layer|rest
PDE1A,0.17505266,0.16883782,0.006214842,,,purkinje layer|rest
KCNIP1,0.17841585,0.17226553,0.00615032,,,purkinje layer|rest
CDH18,0.13403296,0.12793005,0.0061029196,,,purkinje layer|rest
FMNL2,0.15971759,0.15362962,0.0060879737,,,purkinje layer|rest
NDUFA12,0.4219564,0.41593793,0.00601846,,,purkinje layer|rest
C3orf14,0.13015549,0.12417968,0.005975805,,,purkinje layer|rest
CACNB4,0.1568505,0.15088889,0.005961612,,,purkinje layer|rest
FOXN2,0.19955182,0.19364455,0.0059072673,,,purkinje layer|rest
GALNT13,0.114113405,0.108409725,0.00570368,,,purkinje layer|rest
ATP5C1,0.34014916,0.33456016,0.0055890083,,,purkinje layer|rest
MSRA,0.1309368,0.12535246,0.0055843443,,,purkinje layer|rest
EPHB1,0.0909237,0.085462704,0.0054609925,,,purkinje layer|rest
XKR6,0.13588673,0.13046557,0.0054211617,,,purkinje layer|rest
ZNF385B,0.10820198,0.10288978,0.005312197,,,purkinje layer|rest
ITPKA,0.19272055,0.18742053,0.005300015,,,purkinje layer|rest
SDHAF3,0.09817891,0.09302372,0.005155191,,,purkinje layer|rest
NDST3,0.08461649,0.07947296,0.0051435307,,,purkinje layer|rest
APLP2,0.131899,0.12701088,0.0048881173,,,purkinje layer|rest
CACNB2,0.11561632,0.110780284,0.0048360378,,,purkinje layer|rest
EP300,0.13553044,0.13075228,0.0047781616,,,purkinje layer|rest
CTNNA2,0.17495689,0.17025276,0.0047041327,,,purkinje layer|rest
MED13L,0.12737985,0.12280821,0.004571639,,,purkinje layer|rest
NRXN1,0.84163517,0.83708894,0.004546225,,,purkinje layer|rest
CAMK1D,0.09490613,0.090392485,0.0045136437,,,purkinje layer|rest
PTH1R,0.099727504,0.095227286,0.0045002177,,,purkinje layer|rest
PTPN2,0.1751683,0.17078769,0.0043806136,,,purkinje layer|rest
GABRB2,0.19480297,0.19045006,0.0043529123,,,purkinje layer|rest
GRM4,0.21476349,0.21042114,0.0043423474,,,purkinje layer|rest
NPAS3,0.33512655,0.33084255,0.0042839944,,,purkinje layer|rest
TRNAU1AP,0.1579928,0.153734,0.0042587966,,,purkinje layer|rest
SMDT1,0.39450112,0.3902865,0.0042146146,,,purkinje layer|rest
OXR1,0.27205142,0.26789477,0.004156649,,,purkinje layer|rest
PDE10A,0.111335285,0.10718832,0.0041469634,,,purkinje layer|rest
CAMK2B,0.13152157,0.1273766,0.0041449666,,,purkinje layer|rest
CBR1,0.2448438,0.24071436,0.0041294396,,,purkinje layer|rest
PCBD1,0.132005,0.12790245,0.004102558,,,purkinje layer|rest
COX20,0.11471413,0.11068053,0.004033603,,,purkinje layer|rest
CST3,0.80954957,0.80552924,0.0040203333,,,purkinje layer|rest
RNF207,0.1958959,0.19192061,0.003975287,,,purkinje layer|rest
CNTNAP2,0.26213923,0.25817192,0.003967315,,,purkinje layer|rest
STK17A,0.14869353,0.14472765,0.0039658844,,,purkinje layer|rest
LSAMP,0.4705249,0.46658352,0.003941387,,,purkinje layer|rest
JMJD1C,0.2738801,0.2699477,0.0039323866,,,purkinje layer|rest
MAGI1,0.15497033,0.15113151,0.0038388222,,,purkinje layer|rest
KSR2,0.08663665,0.08283308,0.003803566,,,purkinje layer|rest
GALNT17,0.17116982,0.16736804,0.003801778,,,purkinje layer|rest
BRINP3,0.089097,0.0853132,0.0037837997,,,purkinje layer|rest
KIRREL3,0.26249886,0.25873613,0.003762722,,,purkinje layer|rest
ARHGAP26,0.25786543,0.25411057,0.0037548542,,,purkinje layer|rest
EDF1,0.3819817,0.37833512,0.0036465824,,,purkinje layer|rest
AKT3,0.26448277,0.26084512,0.0036376417,,,purkinje layer|rest
PTK2B,0.14130576,0.13767122,0.0036345422,,,purkinje layer|rest
MACF1,0.25712886,0.25351867,0.0036101937,,,purkinje layer|rest
CTNND2,0.23994887,0.23640381,0.0035450608,,,purkinje layer|rest
HINT2,0.1479849,0.14445941,0.0035254955,,,purkinje layer|rest
CXXC5,0.091036685,0.08751465,0.0035220385,,,purkinje layer|rest
RAB31,0.14909993,0.1455822,0.003517732,,,purkinje layer|rest
PLTP,0.10226074,0.09875936,0.003501378,,,purkinje layer|rest
CNTN6,0.11253236,0.1090502,0.003482163,,,purkinje layer|rest
ZNF804A,0.0960498,0.09259462,0.003455177,,,purkinje layer|rest
RPS7,0.72114944,0.7177295,0.0034199357,,,purkinje layer|rest
SYNPR,0.16818231,0.16476662,0.0034156889,,,purkinje layer|rest
PRDX6,0.1258947,0.12254698,0.0033477172,,,purkinje layer|rest
FAM210B,0.15760139,0.15427819,0.0033231974,,,purkinje layer|rest
HSPB1,0.19246444,0.18916887,0.0032955706,,,purkinje layer|rest
NKAIN2,0.21993414,0.21666288,0.003271252,,,purkinje layer|rest
THY1,0.5020732,0.49881193,0.003261298,,,purkinje layer|rest
SOGA1,0.1097292,0.10647288,0.003256321,,,purkinje layer|rest
TSPAN5,0.091892555,0.088698365,0.0031941906,,,purkinje layer|rest
CCSER1,0.19123527,0.18805207,0.003183201,,,purkinje layer|rest
KCTD8,0.16664733,0.16346648,0.0031808466,,,purkinje layer|rest
C6orf48,0.11444738,0.111266695,0.0031806827,,,purkinje layer|rest
RDH5,0.15200566,0.14883293,0.0031727254,,,purkinje layer|rest
RELN,0.35117245,0.3480162,0.0031562448,,,purkinje layer|rest
RAPGEF1,0.11445637,0.111300625,0.0031557456,,,purkinje layer|rest
PPDPF,0.067623965,0.06447094,0.003153026,,,purkinje layer|rest
KDM4C,0.112824365,0.10971096,0.003113404,,,purkinje layer|rest
ANKRD17,0.11045759,0.107370205,0.0030873865,,,purkinje layer|rest
PPP1R17,0.66999,0.6669427,0.0030472875,,,purkinje layer|rest
AK1,0.15173721,0.14871679,0.0030204207,,,purkinje layer|rest
CWC15,0.19574271,0.19273345,0.0030092597,,,purkinje layer|rest
ICMT,0.15049206,0.14749978,0.0029922724,,,purkinje layer|rest
AP3D1,0.15362361,0.15064503,0.0029785782,,,purkinje layer|rest
DGKB,0.27954265,0.27657884,0.0029638112,,,purkinje layer|rest
GAD2,0.15708548,0.15412325,0.0029622316,,,purkinje layer|rest
NTRK3,0.090544745,0.08760085,0.0029438958,,,purkinje layer|rest
TIAM1,0.41196957,0.4090389,0.002930671,,,purkinje layer|rest
YWHAB,0.69511646,0.69219613,0.0029203296,,,purkinje layer|rest
CEP112,0.105494246,0.10257474,0.0029195026,,,purkinje layer|rest
MPPE1,0.11128353,0.10837199,0.0029115453,,,purkinje layer|rest
NAV2,0.116255365,0.11336216,0.002893202,,,purkinje layer|rest
MINDY2,0.07857465,0.0757509,0.0028237477,,,purkinje layer|rest
SPON1,0.11542075,0.11270152,0.002719231,,,purkinje layer|rest
TRAPPC1,0.20601441,0.20331247,0.0027019382,,,purkinje layer|rest
MTUS2,0.0805553,0.077874765,0.0026805326,,,purkinje layer|rest
TIMP4,0.17543298,0.17277932,0.0026536584,,,purkinje layer|rest
PTPRZ1,0.42811373,0.42548716,0.002626568,,,purkinje layer|rest
DCTN3,0.107459165,0.10484345,0.0026157126,,,purkinje layer|rest
PNRC1,0.11879776,0.1162244,0.002573356,,,purkinje layer|rest
C14orf132,0.23172246,0.22917299,0.0025494695,,,purkinje layer|rest
SF3B6,0.10765919,0.105134755,0.0025244355,,,purkinje layer|rest
SLC1A2,0.10070791,0.098219775,0.0024881363,,,purkinje layer|rest
DLGAP1,0.22039478,0.2179201,0.0024746805,,,purkinje layer|rest
CADPS,0.13497151,0.13250771,0.0024638027,,,purkinje layer|rest
HAGH,0.13144076,0.12900867,0.002432093,,,purkinje layer|rest
ACOT13,0.08438948,0.081976905,0.0024125725,,,purkinje layer|rest
LGI2,0.090564296,0.08815638,0.002407916,,,purkinje layer|rest
PRKCB,0.16850853,0.16614717,0.0023613572,,,purkinje layer|rest
TMTC2,0.1783413,0.17599198,0.002349317,,,purkinje layer|rest
EXOC6B,0.13391772,0.13157088,0.0023468435,,,purkinje layer|rest
SEC14L1,0.1137155,0.11137015,0.002345346,,,purkinje layer|rest
EXOC4,0.09358105,0.091249935,0.0023311153,,,purkinje layer|rest
GNPTG,0.079460405,0.07713292,0.0023274869,,,purkinje layer|rest
ALS2,0.14701618,0.14469428,0.002321899,,,purkinje layer|rest
ANK1,0.15268826,0.15037836,0.0023099035,,,purkinje layer|rest
DIP2B,0.20124063,0.19894488,0.0022957474,,,purkinje layer|rest
GMDS,0.081004694,0.07874435,0.0022603422,,,purkinje layer|rest
TULP4,0.08767956,0.0854461,0.0022334605,,,purkinje layer|rest
PAN3,0.08565172,0.08342293,0.002228789,,,purkinje layer|rest
KIF26B,0.08748958,0.0852717,0.0022178814,,,purkinje layer|rest
UBE2E2,0.115059346,0.112875685,0.0021836609,,,purkinje layer|rest
BCAS3,0.09280929,0.09062567,0.0021836162,,,purkinje layer|rest
ANK2,0.3486154,0.34643686,0.0021785498,,,purkinje layer|rest
TTYH1,0.48835343,0.48619938,0.0021540523,,,purkinje layer|rest
ECI1,0.120427504,0.11828257,0.0021449327,,,purkinje layer|rest
KLHDC3,0.12824129,0.12615417,0.0020871162,,,purkinje layer|rest
CIB1,0.08233973,0.080263376,0.0020763502,,,purkinje layer|rest
ERC1,0.15287767,0.15081468,0.0020629913,,,purkinje layer|rest
PAK5,0.15538636,0.15335788,0.0020284802,,,purkinje layer|rest
CDK2AP2,0.094422504,0.0924464,0.0019761026,,,purkinje layer|rest
ERP29,0.34014937,0.3381897,0.0019596815,,,purkinje layer|rest
JAKMIP2,0.108388335,0.10645298,0.0019353554,,,purkinje layer|rest
RNF7,0.08350083,0.08159392,0.001906909,,,purkinje layer|rest
MAML2,0.1491054,0.14719884,0.0019065589,,,purkinje layer|rest
RALY,0.21577397,0.21386836,0.0019056052,,,purkinje layer|rest
SLTM,0.07973993,0.07787481,0.0018651187,,,purkinje layer|rest
FSTL4,0.16326052,0.1613982,0.0018623173,,,purkinje layer|rest
ARPP21,0.17441007,0.17259607,0.0018140078,,,purkinje layer|rest
HMOX2,0.13699584,0.13520688,0.0017889589,,,purkinje layer|rest
RGCC,0.30277684,0.30101842,0.0017584264,,,purkinje layer|rest
AKT2,0.09003955,0.08828793,0.001751624,,,purkinje layer|rest
SDCCAG8,0.12563178,0.12391532,0.0017164573,,,purkinje layer|rest
MAP1LC3B,0.17732593,0.17562196,0.0017039776,,,purkinje layer|rest
NFKBIA,0.09573985,0.09407533,0.0016645193,,,purkinje layer|rest
SSBP2,0.092468835,0.09081722,0.0016516149,,,purkinje layer|rest
EIF3C,0.104066245,0.10244272,0.0016235262,,,purkinje layer|rest
MDGA2,0.17303601,0.17141652,0.001619488,,,purkinje layer|rest
RPL26L1,0.10743421,0.10583518,0.0015990362,,,purkinje layer|rest
MCF2L2,0.084280185,0.08269072,0.0015894622,,,purkinje layer|rest
MAPK8IP3,0.09400879,0.0924286,0.0015801862,,,purkinje layer|rest
ZNF638,0.1280855,0.12650749,0.0015780032,,,purkinje layer|rest
ETFB,0.1941621,0.19262575,0.0015363544,,,purkinje layer|rest
ZFPM2,0.2828792,0.28134897,0.00153023,,,purkinje layer|rest
CCDC78,0.073824875,0.07229735,0.0015275255,,,purkinje layer|rest
SNCG,0.52013326,0.51861376,0.0015195012,,,purkinje layer|rest
IFT27,0.29891527,0.29741108,0.0015041828,,,purkinje layer|rest
MACROD2,0.3172569,0.31579515,0.0014617443,,,purkinje layer|rest
DPF3,0.08553175,0.08407185,0.0014598966,,,purkinje layer|rest
KHNYN,0.088990144,0.08753429,0.0014558509,,,purkinje layer|rest
MMP24,0.09247357,0.09103294,0.0014406294,,,purkinje layer|rest
PRUNE2,0.071864225,0.0704371,0.0014271215,,,purkinje layer|rest
NSD3,0.07870796,0.077286154,0.0014218092,,,purkinje layer|rest
GTF2H5,0.1554959,0.1540926,0.001403302,,,purkinje layer|rest
EBNA1BP2,0.07769311,0.07629641,0.0013967007,,,purkinje layer|rest
GPC6,0.09494476,0.09356612,0.0013786405,,,purkinje layer|rest
CDK8,0.11037613,0.10906485,0.0013112798,,,purkinje layer|rest
MEF2A,0.1182891,0.11697995,0.001309149,,,purkinje layer|rest
AP3M2,0.0885047,0.087231174,0.0012735277,,,purkinje layer|rest
SNRNP70,0.09255059,0.091281034,0.0012695566,,,purkinje layer|rest
HECTD4,0.16028666,0.15905164,0.0012350231,,,purkinje layer|rest
GALNT7,0.089193344,0.08796023,0.0012331158,,,purkinje layer|rest
WBP4,0.086733036,0.08551854,0.0012144968,,,purkinje layer|rest
PIGT,0.084909454,0.083763964,0.0011454895,,,purkinje layer|rest
DLG1,0.10215916,0.10102834,0.0011308193,,,purkinje layer|rest
GRIN2C,0.098667316,0.09753809,0.0011292249,,,purkinje layer|rest
ZNF644,0.09248869,0.09137256,0.0011161342,,,purkinje layer|rest
VCP,0.19301252,0.19190386,0.0011086613,,,purkinje layer|rest
SUCLG1,0.11844546,0.117349714,0.0010957494,,,purkinje layer|rest
CUX1,0.17375283,0.17266178,0.0010910481,,,purkinje layer|rest
RORA,0.10252022,0.10147731,0.0010429099,,,purkinje layer|rest
PLD5,0.10732059,0.10628018,0.001040414,,,purkinje layer|rest
STAG1,0.107293345,0.106256016,0.0010373294,,,purkinje layer|rest
APPL2,0.1113498,0.11033753,0.0010122657,,,purkinje layer|rest
MYBPC1,0.13784121,0.13684624,0.0009949654,,,purkinje layer|rest
FBXL17,0.096290134,0.09531184,0.000978291,,,purkinje layer|rest
ANKS1B,0.51834023,0.5173781,0.0009621382,,,purkinje layer|rest
SLC38A1,0.117975146,0.1170214,0.0009537488,,,purkinje layer|rest
NUDT16,0.08399721,0.08306817,0.0009290427,,,purkinje layer|rest
NDUFAF3,0.12090149,0.11997526,0.0009262264,,,purkinje layer|rest
ZNF428,0.15196417,0.1510422,0.00092197955,,,purkinje layer|rest
SRP14,0.2533557,0.25243625,0.00091946125,,,purkinje layer|rest
FAM204A,0.078591414,0.0776917,0.0008997172,,,purkinje layer|rest
MRPS15,0.0801128,0.07922054,0.0008922592,,,purkinje layer|rest
DPYSL5,0.08908082,0.08819446,0.0008863583,,,purkinje layer|rest
SYNDIG1,0.34030956,0.33942714,0.00088241696,,,purkinje layer|rest
COA6,0.09717496,0.09630066,0.00087429583,,,purkinje layer|rest
SLC17A5,0.07570609,0.07484204,0.00086404383,,,purkinje layer|rest
VPS13C,0.12343527,0.12257652,0.00085874647,,,purkinje layer|rest
SV2C,0.09180592,0.090949506,0.00085641444,,,purkinje layer|rest
GLG1,0.124425046,0.1235769,0.0008481443,,,purkinje layer|rest
PNKD,0.111361876,0.11051454,0.00084733963,,,purkinje layer|rest
DNAJC19,0.10897467,0.10814586,0.00082881004,,,purkinje layer|rest
LHPP,0.074617326,0.073790364,0.0008269623,,,purkinje layer|rest
SLMAP,0.081414856,0.08059332,0.00082153827,,,purkinje layer|rest
IL16,0.09595124,0.09513644,0.0008147955,,,purkinje layer|rest
IFI27L2,0.12473697,0.123928405,0.0008085668,,,purkinje layer|rest
ZNF536,0.12447395,0.12366908,0.0008048713,,,purkinje layer|rest
HCN1,0.09217958,0.09137708,0.00080250204,,,purkinje layer|rest
RBFOX2,0.15769412,0.15693642,0.00075769424,,,purkinje layer|rest
JPT1,0.11968763,0.11893647,0.0007511601,,,purkinje layer|rest
CMSS1,0.09164342,0.090910725,0.00073269755,,,purkinje layer|rest
CCSER2,0.12754218,0.12681161,0.00073057413,,,purkinje layer|rest
PARK2,0.13277164,0.13205388,0.00071775913,,,purkinje layer|rest
STUB1,0.25334615,0.25264433,0.0007018149,,,purkinje layer|rest
NSFL1C,0.08159697,0.08091462,0.000682354,,,purkinje layer|rest
YAF2,0.09530891,0.094643906,0.0006650016,,,purkinje layer|rest
SAP18,0.16862974,0.16797346,0.00065627694,,,purkinje layer|rest
NDUFS8,0.10928892,0.10863392,0.0006550029,,,purkinje layer|rest
CMC2,0.124779746,0.12412813,0.0006516129,,,purkinje layer|rest
MYO9A,0.08015937,0.07952613,0.0006332472,,,purkinje layer|rest
PTPMT1,0.10587132,0.105242126,0.0006291941,,,purkinje layer|rest
PSD3,0.111764885,0.11114165,0.0006232336,,,purkinje layer|rest
BDP1,0.07701061,0.07641995,0.0005906597,,,purkinje layer|rest
NUDC,0.11823479,0.11764614,0.000588648,,,purkinje layer|rest
HIGD2A,0.1333825,0.13280177,0.00058072805,,,purkinje layer|rest
HADHA,0.087849036,0.08726872,0.0005803183,,,purkinje layer|rest
CDK13,0.07659103,0.07601077,0.00058025867,,,purkinje layer|rest
ZSWIM5,0.15057133,0.149997,0.00057433546,,,purkinje layer|rest
EXT1,0.08783894,0.08727815,0.0005607903,,,purkinje layer|rest
LANCL1,0.115544654,0.114989616,0.00055503845,,,purkinje layer|rest
MRPS11,0.136997,0.13644232,0.0005546808,,,purkinje layer|rest
NREP,0.4561184,0.45556393,0.0005544722,,,purkinje layer|rest
ST3GAL5,0.11002433,0.10948875,0.000535585,,,purkinje layer|rest
SLC8A1,0.11090913,0.11037631,0.00053281337,,,purkinje layer|rest
TAOK3,0.11650989,0.115994684,0.00051520765,,,purkinje layer|rest
KIF2A,0.09559443,0.09510629,0.0004881397,,,purkinje layer|rest
NOL4,0.08027228,0.079802155,0.00047012419,,,purkinje layer|rest
PI4K2A,0.07867481,0.07821215,0.0004626587,,,purkinje layer|rest
ALDH2,0.12884955,0.12839486,0.00045469403,,,purkinje layer|rest
ADK,0.098381534,0.097933754,0.0004477799,,,purkinje layer|rest
TRIM39,0.105150014,0.10471384,0.0004361719,,,purkinje layer|rest
CFL2,0.08717584,0.08674221,0.00043363124,,,purkinje layer|rest
FGFR1,0.18229838,0.18187357,0.0004248023,,,purkinje layer|rest
PPFIA4,0.104269646,0.10384508,0.00042456388,,,purkinje layer|rest
PPP1R12A,0.07891785,0.078493714,0.0004241392,,,purkinje layer|rest
CSTB,0.15186732,0.15145287,0.000414446,,,purkinje layer|rest
FAM96B,0.215788,0.21538693,0.00040107965,,,purkinje layer|rest
ZCCHC17,0.15377906,0.15337807,0.00040099025,,,purkinje layer|rest
ACAT1,0.08899354,0.08860346,0.0003900826,,,purkinje layer|rest
TNIK,0.26559907,0.26522484,0.00037422776,,,purkinje layer|rest
PPP1R14A,0.08083932,0.08047419,0.0003651306,,,purkinje layer|rest
ZNF521,0.13119504,0.1308336,0.00036144257,,,purkinje layer|rest
DPY30,0.11664317,0.116288185,0.0003549829,,,purkinje layer|rest
C9orf3,0.08660713,0.08627372,0.00033340603,,,purkinje layer|rest
BBX,0.07891476,0.078584015,0.00033074617,,,purkinje layer|rest
RABEP1,0.13279751,0.13249645,0.00030106306,,,purkinje layer|rest
SOBP,0.13288285,0.13258678,0.00029607117,,,purkinje layer|rest
TIMM23,0.11267355,0.11238422,0.0002893284,,,purkinje layer|rest
PYURF,0.12336368,0.12307468,0.00028900057,,,purkinje layer|rest
PNISR,0.11652771,0.11624356,0.0002841428,,,purkinje layer|rest
SELENOS,0.086043656,0.08576415,0.00027950853,,,purkinje layer|rest
UVRAG,0.074028,0.073757514,0.00027048588,,,purkinje layer|rest
MYDGF,0.082422726,0.082154356,0.0002683699,,,purkinje layer|rest
BRD4,0.08737305,0.08710687,0.00026617944,,,purkinje layer|rest
UBE2G1,0.0775065,0.07724926,0.00025723875,,,purkinje layer|rest
CDC5L,0.097361505,0.09712974,0.00023176521,,,purkinje layer|rest
SSBP1,0.103019856,0.10279435,0.00022550672,,,purkinje layer|rest
ABCA3,0.114795364,0.114573665,0.00022169948,,,purkinje layer|rest
LHX1,0.1455922,0.14538883,0.00020337105,,,purkinje layer|rest
GRM1,0.14467536,0.14447436,0.00020100176,,,purkinje layer|rest
SETD5,0.09898044,0.09878659,0.0001938492,,,purkinje layer|rest
MRPS9,0.11108582,0.1109022,0.00018361956,,,purkinje layer|rest
CACNG4,0.117612205,0.117433816,0.00017838925,,,purkinje layer|rest
ULK4,0.06408638,0.063914046,0.00017233193,,,purkinje layer|rest
IFT57,0.0810814,0.08091122,0.00017017871,,,purkinje layer|rest
CDKN2D,0.07508332,0.074921384,0.00016193837,,,purkinje layer|rest
GPSM1,0.07741991,0.07727901,0.00014089793,,,purkinje layer|rest
ARVCF,0.13689469,0.13675927,0.00013542175,,,purkinje layer|rest
EHBP1,0.1309566,0.13083544,0.00012116134,,,purkinje layer|rest
FMN2,0.12687816,0.12676226,0.00011590123,,,purkinje layer|rest
RBM25,0.07648492,0.07637685,0.00010807067,,,purkinje layer|rest
BEND6,0.09754538,0.09744092,0.00010445714,,,purkinje layer|rest
GPBP1,0.10946237,0.10935909,0.00010327995,,,purkinje layer|rest
RPN2,0.11871464,0.1186143,0.00010033697,,,purkinje layer|rest
FNDC3A,0.119112834,0.11901378,9.905547e-05,,,purkinje layer|rest
PLCB1,0.24623084,0.24613997,9.086728e-05,,,purkinje layer|rest
C15orf61,0.14071772,0.14063859,7.9125166e-05,,,purkinje layer|rest
PITPNC1,0.122655235,0.122581184,7.405132e-05,,,purkinje layer|rest
GPATCH8,0.12345283,0.12338059,7.224083e-05,,,purkinje layer|rest
GPX4,0.09006339,0.089994036,6.9357455e-05,,,purkinje layer|rest
SMC3,0.07954375,0.079486005,5.7742e-05,,,purkinje layer|rest
CUTA,0.18335088,0.18330044,5.044043e-05,,,purkinje layer|rest
FXYD1,0.07786031,0.07781949,4.082173e-05,,,purkinje layer|rest
PSMG4,0.11043629,0.11040576,3.053248e-05,,,purkinje layer|rest
SMG1,0.07851471,0.078492,2.270937e-05,,,purkinje layer|rest
FAM219A,0.088104986,0.08809804,6.943941e-06,,,purkinje layer|rest
NUDT16L1,0.08485889,0.084853105,5.7816505e-06,,,purkinje layer|rest
USP34,0.1405298,0.14052755,2.2500753e-06,,,purkinje layer|rest
PCCA,0.11052213,0.11052128,8.493662e-07,,,purkinje layer|rest
SELENOO,0.09150045,0.09150017,2.8312206e-07,,,purkinje layer|rest
GIT1,0.08087806,0.080908544,-3.0487776e-05,,,purkinje layer|rest
ATP9B,0.08536249,0.08539399,-3.1501055e-05,,,purkinje layer|rest
NDUFAF2,0.07578568,0.0758176,-3.1918287e-05,,,purkinje layer|rest
PPHLN1,0.16831817,0.16835047,-3.2305717e-05,,,purkinje layer|rest
LRRC8A,0.11305102,0.11308802,-3.6999583e-05,,,purkinje layer|rest
UNC79,0.08267224,0.0827129,-4.066527e-05,,,purkinje layer|rest
CNRIP1,0.12741931,0.12746397,-4.465878e-05,,,purkinje layer|rest
COPS7A,0.093134955,0.09318928,-5.4322183e-05,,,purkinje layer|rest
PAFAH1B3,0.07101245,0.07108907,-7.661432e-05,,,purkinje layer|rest
TMEM70,0.081503995,0.08158097,-7.697195e-05,,,purkinje layer|rest
EPS8L2,0.07683759,0.07691958,-8.198619e-05,,,purkinje layer|rest
PDE6D,0.09225812,0.09234136,-8.324534e-05,,,purkinje layer|rest
C19orf25,0.098255694,0.09835545,-9.975582e-05,,,purkinje layer|rest
LUZP1,0.0812376,0.081345074,-0.000107474625,,,purkinje layer|rest
MRPL46,0.08424288,0.08435077,-0.00010789186,,,purkinje layer|rest
NOP53,0.13098522,0.13110785,-0.00012263656,,,purkinje layer|rest
BPTF,0.10016595,0.10029442,-0.00012847036,,,purkinje layer|rest
PYGB,0.17923933,0.1793774,-0.00013807416,,,purkinje layer|rest
TTC3,0.09923207,0.09937445,-0.0001423806,,,purkinje layer|rest
NT5C3B,0.12678143,0.12693125,-0.00014981627,,,purkinje layer|rest
CSMD2,0.09918774,0.09933802,-0.00015027821,,,purkinje layer|rest
OPCML,0.15014982,0.15031028,-0.0001604557,,,purkinje layer|rest
EIF3K,0.24502344,0.24518797,-0.00016452372,,,purkinje layer|rest
FNBP1,0.1758016,0.17597713,-0.00017552078,,,purkinje layer|rest
MTCL1,0.22230552,0.2224826,-0.0001770854,,,purkinje layer|rest
SUSD4,0.12722479,0.12740216,-0.00017736852,,,purkinje layer|rest
CSAD,0.08785189,0.08803417,-0.00018227845,,,purkinje layer|rest
NT5C2,0.07210745,0.07230162,-0.00019416958,,,purkinje layer|rest
MYLIP,0.09901888,0.09921383,-0.00019495189,,,purkinje layer|rest
SMARCA2,0.084526636,0.08474448,-0.00021784753,,,purkinje layer|rest
MPC2,0.23737772,0.23759577,-0.00021804869,,,purkinje layer|rest
RAB4A,0.09110811,0.09133166,-0.00022354722,,,purkinje layer|rest
MEIS1,0.10644376,0.10668226,-0.00023850054,,,purkinje layer|rest
EIF4H,0.2431438,0.24340697,-0.0002631694,,,purkinje layer|rest
ALKBH5,0.36564383,0.36591068,-0.00026685,,,purkinje layer|rest
PHYHD1,0.106110245,0.1063947,-0.00028445572,,,purkinje layer|rest
TXN2,0.11640583,0.116693266,-0.00028743595,,,purkinje layer|rest
SFXN5,0.08423412,0.08454196,-0.0003078431,,,purkinje layer|rest
SCD5,0.13325614,0.13356976,-0.00031362474,,,purkinje layer|rest
CYTH3,0.10462818,0.10494621,-0.00031802803,,,purkinje layer|rest
HECW1,0.07753324,0.07785605,-0.0003228113,,,purkinje layer|rest
NCOA7,0.077929236,0.078252785,-0.0003235489,,,purkinje layer|rest
SEL1L3,0.15118773,0.15151465,-0.00032691658,,,purkinje layer|rest
SLC25A11,0.09707299,0.09740124,-0.00032825023,,,purkinje layer|rest
MXD4,0.08093446,0.08126534,-0.00033088028,,,purkinje layer|rest
EPN2,0.1184166,0.118748434,-0.00033183396,,,purkinje layer|rest
TFG,0.08942303,0.08976592,-0.00034289062,,,purkinje layer|rest
DAB2IP,0.11198434,0.11232806,-0.00034371763,,,purkinje layer|rest
GPRC5C,0.07173082,0.072075754,-0.00034493208,,,purkinje layer|rest
FRY,0.20793337,0.2082799,-0.0003465265,,,purkinje layer|rest
MTMR10,0.07469038,0.075038254,-0.00034787506,,,purkinje layer|rest
CTBP2,0.09682252,0.09717743,-0.0003549084,,,purkinje layer|rest
URGCP,0.10937227,0.10974221,-0.00036993623,,,purkinje layer|rest
NFIB,0.080056004,0.08043219,-0.00037618726,,,purkinje layer|rest
CDK16,0.086694434,0.08707102,-0.00037658215,,,purkinje layer|rest
MCU,0.14688748,0.14727286,-0.00038537383,,,purkinje layer|rest
SLC9A3R1,0.14373073,0.14411622,-0.00038549304,,,purkinje layer|rest
CCT7,0.1987289,0.19912724,-0.00039833784,,,purkinje layer|rest
XRCC5,0.087229826,0.08764236,-0.0004125312,,,purkinje layer|rest
CDH20,0.111287765,0.11170268,-0.00041491538,,,purkinje layer|rest
TMED2,0.071614206,0.07202915,-0.00041494519,,,purkinje layer|rest
UBE2V1,0.09678055,0.097196914,-0.0004163608,,,purkinje layer|rest
BIRC6,0.14241531,0.14283793,-0.00042261183,,,purkinje layer|rest
PARD3,0.08850842,0.08893281,-0.00042439252,,,purkinje layer|rest
FUNDC2,0.09156995,0.09199864,-0.00042868406,,,purkinje layer|rest
EPB41,0.22851196,0.22894701,-0.0004350543,,,purkinje layer|rest
MSI2,0.15488677,0.15532643,-0.00043965876,,,purkinje layer|rest
ADRM1,0.084050424,0.08449169,-0.0004412681,,,purkinje layer|rest
ZMYM4,0.08162096,0.082066014,-0.00044505298,,,purkinje layer|rest
TCEA1,0.08111799,0.081564315,-0.00044632703,,,purkinje layer|rest
WWC1,0.07342206,0.07387669,-0.00045462698,,,purkinje layer|rest
MIEN1,0.12828612,0.1287489,-0.00046277046,,,purkinje layer|rest
AHI1,0.1262652,0.12672806,-0.00046285987,,,purkinje layer|rest
CCDC12,0.08011254,0.080584526,-0.00047198683,,,purkinje layer|rest
RP9,0.10016284,0.10064023,-0.0004773885,,,purkinje layer|rest
LARP4B,0.107368685,0.10784661,-0.00047792494,,,purkinje layer|rest
ZMYND8,0.11561114,0.11610146,-0.00049031526,,,purkinje layer|rest
CCDC25,0.08994909,0.09045443,-0.0005053431,,,purkinje layer|rest
SCAP,0.07255665,0.07306413,-0.0005074814,,,purkinje layer|rest
POLR2H,0.0871358,0.08764364,-0.000507839,,,purkinje layer|rest
RAP1A,0.092412286,0.09292523,-0.0005129427,,,purkinje layer|rest
PAX6,0.15016024,0.15069987,-0.00053963065,,,purkinje layer|rest
GBF1,0.08256593,0.083109856,-0.0005439222,,,purkinje layer|rest
CARMIL1,0.12136272,0.12191124,-0.0005485192,,,purkinje layer|rest
COL4A3BP,0.091001034,0.09155657,-0.00055553764,,,purkinje layer|rest
FRMD5,0.10190869,0.10246461,-0.0005559176,,,purkinje layer|rest
THRA,0.16531336,0.16587228,-0.00055891275,,,purkinje layer|rest
ZC3H15,0.115838304,0.11639804,-0.0005597323,,,purkinje layer|rest
DCXR,0.10911488,0.10968592,-0.0005710423,,,purkinje layer|rest
ATXN10,0.14592783,0.14650083,-0.00057299435,,,purkinje layer|rest
TNRC6B,0.08541306,0.08599144,-0.0005783811,,,purkinje layer|rest
PRRC2C,0.09152077,0.09210108,-0.0005803108,,,purkinje layer|rest
HOOK3,0.17513683,0.17571737,-0.00058053434,,,purkinje layer|rest
CNTN4,0.07581162,0.076394506,-0.0005828887,,,purkinje layer|rest
ARHGEF10L,0.10008172,0.10067091,-0.0005891919,,,purkinje layer|rest
FAM53B,0.075179726,0.07577099,-0.0005912632,,,purkinje layer|rest
TJP2,0.13937421,0.13996994,-0.0005957335,,,purkinje layer|rest
SCAF8,0.074157685,0.0747553,-0.0005976185,,,purkinje layer|rest
REEP5,0.090816,0.091416,-0.0006000027,,,purkinje layer|rest
RADIL,0.0798164,0.08041945,-0.00060305,,,purkinje layer|rest
AUH,0.1153868,0.115991004,-0.00060420483,,,purkinje layer|rest
TROVE2,0.08301189,0.083625376,-0.00061348826,,,purkinje layer|rest
DTNB,0.10572115,0.106334955,-0.0006138012,,,purkinje layer|rest
MAT2A,0.115897216,0.11651544,-0.0006182268,,,purkinje layer|rest
C1H1orf43,0.10467261,0.105323404,-0.0006507933,,,purkinje layer|rest
NFX1,0.09834608,0.09900211,-0.0006560311,,,purkinje layer|rest
CNOT2,0.08250908,0.08316605,-0.00065696985,,,purkinje layer|rest
RICTOR,0.08391359,0.08458119,-0.0006676018,,,purkinje layer|rest
SMPX,0.09456107,0.0952298,-0.00066872686,,,purkinje layer|rest
FNDC5,0.17005359,0.17072734,-0.000673756,,,purkinje layer|rest
TWF2,0.077519916,0.07819418,-0.00067426264,,,purkinje layer|rest
CCM2,0.14791502,0.14859265,-0.0006776303,,,purkinje layer|rest
ARGLU1,0.08845471,0.089136586,-0.00068187714,,,purkinje layer|rest
SDHB,0.17655376,0.17724079,-0.00068703294,,,purkinje layer|rest
CDK14,0.08786641,0.0885622,-0.00069578737,,,purkinje layer|rest
HNRNPUL1,0.08712028,0.08781622,-0.00069594383,,,purkinje layer|rest
KRTCAP2,0.17130402,0.17201717,-0.0007131547,,,purkinje layer|rest
SIPA1L1,0.09518555,0.09590273,-0.00071718544,,,purkinje layer|rest
RPS19BP1,0.14590158,0.14662595,-0.00072437525,,,purkinje layer|rest
TSPAN9,0.1322227,0.13295616,-0.00073346496,,,purkinje layer|rest
MAP7,0.07761296,0.078348376,-0.000735417,,,purkinje layer|rest
EIF3B,0.06674749,0.067484535,-0.0007370487,,,purkinje layer|rest
CAP1,0.16616055,0.16689904,-0.00073848665,,,purkinje layer|rest
EHD1,0.09596408,0.09670837,-0.00074429065,,,purkinje layer|rest
WDR33,0.0937845,0.09453814,-0.0007536337,,,purkinje layer|rest
SYT9,0.09024761,0.09101503,-0.0007674247,,,purkinje layer|rest
BTBD9,0.079014145,0.07978332,-0.0007691756,,,purkinje layer|rest
WNK2,0.072340466,0.07312468,-0.00078421086,,,purkinje layer|rest
AUP1,0.103580594,0.10437709,-0.00079649687,,,purkinje layer|rest
LAGE3,0.13706423,0.13786489,-0.0008006543,,,purkinje layer|rest
TRIM44,0.16042319,0.16122887,-0.000805676,,,purkinje layer|rest
ARID1B,0.18910864,0.18991567,-0.000807032,,,purkinje layer|rest
ABLIM3,0.074473724,0.07528156,-0.00080783665,,,purkinje layer|rest
PSMB7,0.24978834,0.25060365,-0.00081530213,,,purkinje layer|rest
PPA2,0.076747745,0.07756881,-0.00082106143,,,purkinje layer|rest
FGF9,0.08614482,0.0869688,-0.00082398206,,,purkinje layer|rest
PREX2,0.17073292,0.17155926,-0.0008263439,,,purkinje layer|rest
SIVA1,0.11598071,0.11680916,-0.0008284524,,,purkinje layer|rest
BCAN,0.08605136,0.086883366,-0.00083200634,,,purkinje layer|rest
PHF21A,0.07756625,0.07839879,-0.0008325353,,,purkinje layer|rest
DOCK3,0.19311838,0.19395885,-0.0008404702,,,purkinje layer|rest
WDR6,0.07764642,0.07849384,-0.0008474216,,,purkinje layer|rest
ILF3,0.09645043,0.09729849,-0.0008480549,,,purkinje layer|rest
CLIP1,0.14819749,0.14904614,-0.00084865093,,,purkinje layer|rest
SEPT9,0.06760342,0.06845336,-0.0008499399,,,purkinje layer|rest
IGSF21,0.09550616,0.096360475,-0.0008543134,,,purkinje layer|rest
NUMA1,0.13186151,0.13272713,-0.00086562335,,,purkinje layer|rest
PSPC1,0.071854346,0.07272503,-0.0008706823,,,purkinje layer|rest
ACSBG1,0.078997545,0.07987014,-0.0008725971,,,purkinje layer|rest
DPP6,0.5649828,0.5658575,-0.00087475777,,,purkinje layer|rest
CRIP2,0.07761318,0.07849157,-0.0008783862,,,purkinje layer|rest
MAEA,0.077935725,0.07883388,-0.0008981526,,,purkinje layer|rest
SNRNP25,0.13176508,0.13266389,-0.00089880824,,,purkinje layer|rest
BLVRB,0.08947612,0.090382025,-0.0009059012,,,purkinje layer|rest
ACAP2,0.16521178,0.16611901,-0.0009072274,,,purkinje layer|rest
DNAJC15,0.09372986,0.09465567,-0.00092580914,,,purkinje layer|rest
POLR2F,0.19934249,0.20027274,-0.0009302497,,,purkinje layer|rest
RNF181,0.09450151,0.09543457,-0.00093305856,,,purkinje layer|rest
SLIT3,0.09751885,0.09845334,-0.0009344965,,,purkinje layer|rest
PIK3R1,0.08597459,0.08692921,-0.00095462054,,,purkinje layer|rest
NALCN,0.090625286,0.091587104,-0.0009618178,,,purkinje layer|rest
FAF1,0.091465,0.09242728,-0.0009622872,,,purkinje layer|rest
GET4,0.09052904,0.09149468,-0.00096563995,,,purkinje layer|rest
SDF4,0.072306946,0.07328102,-0.000974074,,,purkinje layer|rest
SETD2,0.083471835,0.08445233,-0.0009804964,,,purkinje layer|rest
SBF2,0.08731367,0.08830125,-0.0009875819,,,purkinje layer|rest
ATL2,0.09790299,0.09890614,-0.0010031462,,,purkinje layer|rest
RB1CC1,0.08646111,0.08746561,-0.0010044947,,,purkinje layer|rest
MYO10,0.09773401,0.0987401,-0.0010060892,,,purkinje layer|rest
SMIM19,0.07938988,0.08041191,-0.0010220334,,,purkinje layer|rest
EN2,0.09968185,0.10071124,-0.0010293946,,,purkinje layer|rest
CYP2C75,0.09259429,0.09362481,-0.0010305196,,,purkinje layer|rest
LSM7,0.1294962,0.1305416,-0.001045391,,,purkinje layer|rest
PTPRR,0.1413371,0.14238463,-0.0010475367,,,purkinje layer|rest
GALNT9,0.12077386,0.12182932,-0.0010554641,,,purkinje layer|rest
MORN2,0.08392021,0.08497611,-0.0010558963,,,purkinje layer|rest
GTF2E2,0.09575774,0.096815094,-0.0010573566,,,purkinje layer|rest
ATP6V1F,0.3008156,0.30187494,-0.0010593235,,,purkinje layer|rest
CDK5,0.10579755,0.10685799,-0.0010604411,,,purkinje layer|rest
THTPA,0.11278023,0.11384359,-0.0010633618,,,purkinje layer|rest
RALGAPA1,0.101776406,0.10284642,-0.0010700151,,,purkinje layer|rest
ISCU,0.29291683,0.29399562,-0.0010787845,,,purkinje layer|rest
GLRX3,0.09089144,0.091975056,-0.0010836124,,,purkinje layer|rest
PRKCE,0.15332368,0.15441097,-0.001087293,,,purkinje layer|rest
SEC61A1,0.13719483,0.13828719,-0.0010923594,,,purkinje layer|rest
KMT2E,0.18150213,0.18260773,-0.0011055917,,,purkinje layer|rest
KCNK1,0.24038367,0.24149823,-0.0011145622,,,purkinje layer|rest
COL27A1,0.07722663,0.078344956,-0.0011183247,,,purkinje layer|rest
PTPRM,0.105394766,0.10651426,-0.0011194944,,,purkinje layer|rest
C1orf35,0.08876646,0.08988655,-0.0011200905,,,purkinje layer|rest
CACNB3,0.07361856,0.074749105,-0.0011305436,,,purkinje layer|rest
ATXN2,0.16022873,0.16136572,-0.0011369884,,,purkinje layer|rest
GLO1,0.09771817,0.09885975,-0.001141578,,,purkinje layer|rest
RALGAPB,0.07041296,0.07155617,-0.0011432096,,,purkinje layer|rest
MAP3K13,0.09037606,0.09154554,-0.0011694804,,,purkinje layer|rest
OS9,0.08787628,0.08904829,-0.0011720061,,,purkinje layer|rest
AURKAIP1,0.13981505,0.14098974,-0.0011746883,,,purkinje layer|rest
UBE3A,0.18239704,0.18358706,-0.0011900216,,,purkinje layer|rest
URI1,0.07762677,0.07883168,-0.0012049079,,,purkinje layer|rest
XYLT1,0.1532596,0.1544648,-0.001205191,,,purkinje layer|rest
LSM4,0.08546479,0.086672805,-0.0012080148,,,purkinje layer|rest
NRN1,0.07574572,0.07695443,-0.0012087151,,,purkinje layer|rest
LUC7L3,0.14162277,0.14284164,-0.0012188703,,,purkinje layer|rest
MICU2,0.08986624,0.0910961,-0.0012298599,,,purkinje layer|rest
NSD1,0.13122013,0.13245168,-0.0012315512,,,purkinje layer|rest
SEC61A2,0.07421081,0.075445384,-0.0012345761,,,purkinje layer|rest
PPP2R2B,0.22180368,0.22304054,-0.001236856,,,purkinje layer|rest
MLLT10,0.13229683,0.13354889,-0.0012520552,,,purkinje layer|rest
FLOT1,0.13128112,0.13253325,-0.0012521297,,,purkinje layer|rest
DMXL1,0.09507893,0.09633244,-0.001253508,,,purkinje layer|rest
PRPF6,0.10948867,0.110747874,-0.0012592003,,,purkinje layer|rest
PRKCSH,0.06676425,0.0680367,-0.0012724474,,,purkinje layer|rest
C12orf76,0.07408793,0.07536458,-0.0012766495,,,purkinje layer|rest
PGP,0.1350301,0.13631138,-0.0012812763,,,purkinje layer|rest
DBI,0.46650854,0.4677996,-0.0012910664,,,purkinje layer|rest
RSRP1,0.10897494,0.110266805,-0.0012918636,,,purkinje layer|rest
VGLL4,0.087961935,0.08925645,-0.001294516,,,purkinje layer|rest
MRPL13,0.09587949,0.0971823,-0.001302816,,,purkinje layer|rest
FARP2,0.15182142,0.15313013,-0.0013087094,,,purkinje layer|rest
HOOK1,0.09979153,0.10110281,-0.0013112798,,,purkinje layer|rest
C4orf48,0.18102719,0.18234593,-0.0013187379,,,purkinje layer|rest
UQCC1,0.07608865,0.07740951,-0.0013208613,,,purkinje layer|rest
EFR3B,0.099695794,0.10101853,-0.0013227388,,,purkinje layer|rest
TRPC4AP,0.07530645,0.07666135,-0.0013548955,,,purkinje layer|rest
SPTB,0.085339285,0.086697266,-0.0013579801,,,purkinje layer|rest
WDR70,0.08083548,0.08219859,-0.0013631135,,,purkinje layer|rest
FGD6,0.0683521,0.06972671,-0.0013746098,,,purkinje layer|rest
ANGPT1,0.08345837,0.08483305,-0.0013746768,,,purkinje layer|rest
EPB41L1,0.1360856,0.13746475,-0.0013791472,,,purkinje layer|rest
CAMKK2,0.23611617,0.23750618,-0.0013900101,,,purkinje layer|rest
POLR2C,0.088917166,0.09030768,-0.0013905168,,,purkinje layer|rest
MRPL38,0.08755607,0.08895684,-0.0014007688,,,purkinje layer|rest
ZNF358,0.06790984,0.0693115,-0.0014016628,,,purkinje layer|rest
MRPL14,0.13896848,0.14037634,-0.0014078617,,,purkinje layer|rest
RCN1,0.07247674,0.0738932,-0.0014164597,,,purkinje layer|rest
MKKS,0.12758711,0.12900504,-0.0014179349,,,purkinje layer|rest
GTF3A,0.08815133,0.08957104,-0.0014197081,,,purkinje layer|rest
DARS,0.07487369,0.07630057,-0.0014268756,,,purkinje layer|rest
BUD31,0.11382569,0.11526076,-0.0014350712,,,purkinje layer|rest
NIPSNAP2,0.08706733,0.08850487,-0.0014375448,,,purkinje layer|rest
MRPL55,0.11081143,0.112251565,-0.0014401376,,,purkinje layer|rest
SNRNP200,0.19585414,0.19729765,-0.0014435053,,,purkinje layer|rest
NENF,0.100899726,0.102343544,-0.0014438182,,,purkinje layer|rest
POLE4,0.111764036,0.11321453,-0.0014504939,,,purkinje layer|rest
ARCN1,0.0713584,0.07281538,-0.0014569834,,,purkinje layer|rest
PDLIM2,0.086786255,0.08824513,-0.0014588758,,,purkinje layer|rest
SNX29,0.07295283,0.07441682,-0.0014639944,,,purkinje layer|rest
S100A16,0.116912924,0.11838077,-0.0014678463,,,purkinje layer|rest
STXBP5,0.09489899,0.09637552,-0.0014765263,,,purkinje layer|rest
COMMD9,0.08107453,0.0825564,-0.0014818683,,,purkinje layer|rest
GPRC5B,0.18280582,0.18429382,-0.0014880002,,,purkinje layer|rest
DCAF5,0.095381565,0.09688151,-0.0014999434,,,purkinje layer|rest
EIF3D,0.07831883,0.07982068,-0.0015018508,,,purkinje layer|rest
APPBP2,0.07820925,0.079714514,-0.0015052631,,,purkinje layer|rest
UBR4,0.09581429,0.09732104,-0.0015067533,,,purkinje layer|rest
GALNT18,0.08417669,0.085690334,-0.001513645,,,purkinje layer|rest
SESN1,0.087133735,0.08865068,-0.0015169457,,,purkinje layer|rest
BABAM1,0.09310085,0.0946329,-0.001532048,,,purkinje layer|rest
TXNL1,0.09127076,0.09280522,-0.001534462,,,purkinje layer|rest
DYRK1A,0.08920395,0.090738416,-0.0015344694,,,purkinje layer|rest
PSMA2,0.08200349,0.08353863,-0.00153514,,,purkinje layer|rest
CNST,0.08312898,0.08466881,-0.0015398264,,,purkinje layer|rest
PARP1,0.08297475,0.08451778,-0.0015430301,,,purkinje layer|rest
RAP1B,0.11789288,0.119438894,-0.0015460104,,,purkinje layer|rest
RAD23A,0.1359032,0.13745627,-0.0015530735,,,purkinje layer|rest
AIFM3,0.07831559,0.0798734,-0.0015578046,,,purkinje layer|rest
MTOR,0.081906945,0.08346579,-0.0015588477,,,purkinje layer|rest
UBAC2,0.08370854,0.085267745,-0.0015592054,,,purkinje layer|rest
RNF130,0.117710784,0.11927151,-0.0015607253,,,purkinje layer|rest
ZBTB20,0.11225348,0.113816045,-0.0015625656,,,purkinje layer|rest
AIG1,0.09051898,0.09208256,-0.0015635788,,,purkinje layer|rest
PSENEN,0.07843126,0.08000851,-0.0015772432,,,purkinje layer|rest
UBE2R2,0.1323259,0.13390735,-0.0015814453,,,purkinje layer|rest
MRPS33,0.114296176,0.115879394,-0.0015832186,,,purkinje layer|rest
ZRANB2,0.09297171,0.09457751,-0.0016058013,,,purkinje layer|rest
FAT2,0.12742479,0.12903327,-0.001608476,,,purkinje layer|rest
PHKB,0.13138698,0.13300833,-0.0016213506,,,purkinje layer|rest
RGS6,0.10982061,0.11144422,-0.0016236082,,,purkinje layer|rest
PSMB1,0.47846672,0.48009074,-0.001624018,,,purkinje layer|rest
ACTR1A,0.14942005,0.15104593,-0.0016258806,,,purkinje layer|rest
ISCA2,0.07978973,0.08142689,-0.0016371608,,,purkinje layer|rest
PSMD14,0.09090823,0.0925467,-0.0016384721,,,purkinje layer|rest
ZNF609,0.08716746,0.088811204,-0.0016437471,,,purkinje layer|rest
REEP1,0.14684504,0.14849421,-0.0016491711,,,purkinje layer|rest
ST3GAL3,0.10133759,0.10299933,-0.0016617402,,,purkinje layer|rest
PDS5A,0.07075892,0.07242861,-0.00166969,,,purkinje layer|rest
ACACA,0.0788157,0.080490716,-0.0016750172,,,purkinje layer|rest
SLC20A2,0.08797268,0.08965413,-0.0016814545,,,purkinje layer|rest
SNTG1,0.29087317,0.2925674,-0.0016942322,,,purkinje layer|rest
PPP1R36,0.15162954,0.15332703,-0.0016974956,,,purkinje layer|rest
SCYL1,0.094380744,0.0960799,-0.0016991571,,,purkinje layer|rest
NKIRAS1,0.13732181,0.13902271,-0.001700893,,,purkinje layer|rest
SSH2,0.0752063,0.07690742,-0.0017011166,,,purkinje layer|rest
SPOP,0.11720143,0.11890382,-0.0017023906,,,purkinje layer|rest
STRBP,0.07747667,0.07918032,-0.0017036498,,,purkinje layer|rest
RWDD1,0.43676776,0.4384727,-0.0017049313,,,purkinje layer|rest
MED29,0.07454381,0.07625398,-0.001710169,,,purkinje layer|rest
SPG7,0.09281578,0.0945277,-0.0017119199,,,purkinje layer|rest
MAPKAP1,0.07252683,0.07424954,-0.0017227158,,,purkinje layer|rest
TRAP1,0.095800936,0.09752499,-0.0017240569,,,purkinje layer|rest
SMARCA4,0.13463087,0.13635574,-0.001724869,,,purkinje layer|rest
SMARCAD1,0.07141816,0.073143184,-0.0017250255,,,purkinje layer|rest
AKAP9,0.14514928,0.14687724,-0.0017279685,,,purkinje layer|rest
NDUFAF4,0.15525924,0.15699992,-0.0017406791,,,purkinje layer|rest
MYCBP2,0.20767464,0.20943056,-0.001755923,,,purkinje layer|rest
ABHD12,0.14357454,0.14533277,-0.0017582327,,,purkinje layer|rest
COA5,0.1052605,0.107019365,-0.001758866,,,purkinje layer|rest
NUBP2,0.078122385,0.07988186,-0.001759477,,,purkinje layer|rest
UNC119,0.08385698,0.085622445,-0.0017654672,,,purkinje layer|rest
AHCYL2,0.09393136,0.0956976,-0.0017662346,,,purkinje layer|rest
GRM5,0.12752521,0.12929524,-0.0017700344,,,purkinje layer|rest
ROGDI,0.13867725,0.14044893,-0.0017716736,,,purkinje layer|rest
PTEN,0.1421726,0.14395422,-0.0017816126,,,purkinje layer|rest
MRPS12,0.093404524,0.09518854,-0.0017840192,,,purkinje layer|rest
SLC25A4,0.35815623,0.35994524,-0.0017890036,,,purkinje layer|rest
RSF1,0.10295771,0.10474901,-0.0017912984,,,purkinje layer|rest
SPOCK3,0.15210132,0.15389538,-0.0017940551,,,purkinje layer|rest
PDXK,0.12621826,0.12801619,-0.0017979294,,,purkinje layer|rest
PMPCB,0.106515534,0.10831495,-0.0017994121,,,purkinje layer|rest
PPFIA1,0.112561665,0.11436299,-0.0018013269,,,purkinje layer|rest
WASHC3,0.13034837,0.1321711,-0.0018227249,,,purkinje layer|rest
MRPL37,0.08368492,0.08551018,-0.0018252581,,,purkinje layer|rest
COQ9,0.07570564,0.077539556,-0.0018339157,,,purkinje layer|rest
SPAG7,0.10108934,0.102928996,-0.0018396527,,,purkinje layer|rest
BRSK2,0.075659156,0.07750057,-0.001841411,,,purkinje layer|rest
FAXDC2,0.07650437,0.07835204,-0.0018476695,,,purkinje layer|rest
CNDP2,0.073978335,0.0758314,-0.0018530637,,,purkinje layer|rest
FKBP3,0.106313005,0.108166985,-0.0018539801,,,purkinje layer|rest
ZDHHC14,0.113293715,0.11517235,-0.0018786341,,,purkinje layer|rest
MXI1,0.13534248,0.13722415,-0.0018816739,,,purkinje layer|rest
EPC1,0.081993446,0.083875716,-0.00188227,,,purkinje layer|rest
REEP3,0.099087216,0.10097186,-0.0018846467,,,purkinje layer|rest
CHD6,0.08775918,0.089655586,-0.0018964037,,,purkinje layer|rest
CISD2,0.106645845,0.108549125,-0.0019032806,,,purkinje layer|rest
TCF12,0.15399317,0.15590252,-0.0019093454,,,purkinje layer|rest
RGS8,0.45892003,0.46083042,-0.0019103885,,,purkinje layer|rest
ZHX3,0.122610874,0.12452279,-0.0019119158,,,purkinje layer|rest
YDJC,0.08083462,0.08276559,-0.001930967,,,purkinje layer|rest
BCLAF1,0.10698543,0.10891768,-0.0019322559,,,purkinje layer|rest
SECISBP2L,0.080395594,0.082341135,-0.0019455403,,,purkinje layer|rest
OLFM1,0.44461176,0.44656202,-0.001950264,,,purkinje layer|rest
CAPZA2,0.08036925,0.08232452,-0.0019552708,,,purkinje layer|rest
SASH1,0.07589221,0.077856846,-0.0019646361,,,purkinje layer|rest
PBRM1,0.079507336,0.08147198,-0.0019646436,,,purkinje layer|rest
FAM120A,0.08616527,0.08813117,-0.0019658953,,,purkinje layer|rest
EML5,0.10748038,0.10944641,-0.0019660294,,,purkinje layer|rest
GRAMD1B,0.14002305,0.14199562,-0.001972571,,,purkinje layer|rest
SDK1,0.07549268,0.07747333,-0.0019806474,,,purkinje layer|rest
CNOT1,0.11336143,0.11534317,-0.0019817352,,,purkinje layer|rest
FTO,0.1839721,0.18596172,-0.001989618,,,purkinje layer|rest
LRRC49,0.11324965,0.11524004,-0.0019903854,,,purkinje layer|rest
CREG1,0.09769497,0.09969491,-0.001999937,,,purkinje layer|rest
TACC1,0.08132136,0.08332534,-0.0020039827,,,purkinje layer|rest
ASAP2,0.089959696,0.091967195,-0.0020074993,,,purkinje layer|rest
TMCO1,0.07348585,0.07549459,-0.0020087361,,,purkinje layer|rest
USP48,0.07228368,0.07431929,-0.0020356104,,,purkinje layer|rest
PPP1R1A,0.07916406,0.08120093,-0.0020368695,,,purkinje layer|rest
VPS13B,0.12555249,0.12758946,-0.0020369738,,,purkinje layer|rest
MRPS24,0.20535767,0.20740063,-0.002042964,,,purkinje layer|rest
CGREF1,0.07789936,0.079943,-0.002043642,,,purkinje layer|rest
OPHN1,0.105073065,0.1071184,-0.0020453334,,,purkinje layer|rest
MAP2K2,0.14244033,0.144488,-0.0020476729,,,purkinje layer|rest
OLA1,0.09688997,0.09894041,-0.002050437,,,purkinje layer|rest
RAB10,0.14878237,0.15083556,-0.0020531863,,,purkinje layer|rest
BRWD1,0.1192614,0.12131528,-0.0020538792,,,purkinje layer|rest
VPS29,0.12529808,0.12735513,-0.0020570457,,,purkinje layer|rest
USP14,0.0767513,0.078815006,-0.0020637065,,,purkinje layer|rest
UBE4B,0.07418444,0.07624847,-0.002064027,,,purkinje layer|rest
EIF3H,0.12314311,0.12521419,-0.0020710826,,,purkinje layer|rest
GARNL3,0.09921266,0.101290256,-0.0020775944,,,purkinje layer|rest
OSBPL2,0.089484,0.09156789,-0.0020838901,,,purkinje layer|rest
SPTBN2,0.17556761,0.17765757,-0.0020899624,,,purkinje layer|rest
CHTF18,0.067034245,0.06912628,-0.0020920336,,,purkinje layer|rest
DAD1,0.11832169,0.120414935,-0.002093248,,,purkinje layer|rest
ZMYM2,0.1072496,0.10934294,-0.0020933375,,,purkinje layer|rest
PRPS1,0.07202414,0.07411993,-0.0020957962,,,purkinje layer|rest
LPIN2,0.09644691,0.09855618,-0.0021092743,,,purkinje layer|rest
PHF3,0.077766195,0.07988282,-0.002116628,,,purkinje layer|rest
AGL,0.081477635,0.08359531,-0.0021176785,,,purkinje layer|rest
TMEM132A,0.09446378,0.09658365,-0.002119869,,,purkinje layer|rest
TRA2B,0.09233256,0.09445345,-0.0021208897,,,purkinje layer|rest
PISD,0.10043598,0.102557555,-0.0021215752,,,purkinje layer|rest
RASA1,0.10948838,0.111612335,-0.002123952,,,purkinje layer|rest
PA2G4,0.073871836,0.07599743,-0.002125591,,,purkinje layer|rest
CRBN,0.07686078,0.07898711,-0.0021263286,,,purkinje layer|rest
NOS1AP,0.08749212,0.08962912,-0.0021369979,,,purkinje layer|rest
SH3GLB2,0.09551964,0.09766002,-0.0021403804,,,purkinje layer|rest
CCT2,0.13142416,0.1335844,-0.0021602362,,,purkinje layer|rest
PSMA5,0.075948834,0.07811431,-0.002165474,,,purkinje layer|rest
HPF1,0.10552287,0.10769101,-0.0021681413,,,purkinje layer|rest
ZEB1,0.08926033,0.09142975,-0.0021694154,,,purkinje layer|rest
RNF216,0.08703028,0.08920472,-0.0021744445,,,purkinje layer|rest
GOLGA4,0.123758085,0.12593256,-0.0021744743,,,purkinje layer|rest
CCNI2,0.07904854,0.081223994,-0.0021754578,,,purkinje layer|rest
FOXJ3,0.07612848,0.07830497,-0.002176486,,,purkinje layer|rest
ANKRD12,0.14716253,0.14933914,-0.0021766126,,,purkinje layer|rest
PFDN4,0.08949963,0.09168051,-0.0021808818,,,purkinje layer|rest
SEMA6A,0.0787948,0.08098944,-0.002194643,,,purkinje layer|rest
ARL8A,0.120627195,0.12282887,-0.0022016764,,,purkinje layer|rest
RBM8A,0.098499455,0.1007026,-0.0022031441,,,purkinje layer|rest
RBPJ,0.08127467,0.08348595,-0.0022112802,,,purkinje layer|rest
NHSL1,0.08353431,0.08574632,-0.0022120103,,,purkinje layer|rest
SNRPG,0.06624797,0.06846119,-0.0022132173,,,purkinje layer|rest
NETO2,0.17997284,0.18218932,-0.0022164732,,,purkinje layer|rest
S100A13,0.11636978,0.11859202,-0.00222224,,,purkinje layer|rest
SRSF4,0.07372503,0.075951084,-0.0022260547,,,purkinje layer|rest
MAGED2,0.19039056,0.19261664,-0.0022260845,,,purkinje layer|rest
XPO7,0.09955892,0.101785526,-0.002226606,,,purkinje layer|rest
APOO,0.08741581,0.08964299,-0.0022271797,,,purkinje layer|rest
PIP5K1B,0.07829563,0.08053238,-0.0022367463,,,purkinje layer|rest
UBAP1,0.08084488,0.08309415,-0.0022492707,,,purkinje layer|rest
ZFAND6,0.0870059,0.089255325,-0.0022494271,,,purkinje layer|rest
ZFYVE21,0.1181948,0.12044642,-0.0022516176,,,purkinje layer|rest
PRKCA,0.08628448,0.08854443,-0.0022599474,,,purkinje layer|rest
KLHL7,0.113632515,0.11589351,-0.002260998,,,purkinje layer|rest
TARDBP,0.08317537,0.085444644,-0.0022692755,,,purkinje layer|rest
HMGN3,0.20753886,0.2098091,-0.0022702366,,,purkinje layer|rest
FAM166A,0.27505556,0.277327,-0.0022714436,,,purkinje layer|rest
VEGFB,0.072286926,0.07455884,-0.002271913,,,purkinje layer|rest
PRELID1,0.15371598,0.15599273,-0.0022767484,,,purkinje layer|rest
EXTL2,0.077240154,0.079519965,-0.0022798106,,,purkinje layer|rest
NOVA1,0.12541868,0.12769954,-0.0022808611,,,purkinje layer|rest
FBXO7,0.07333902,0.075621314,-0.0022822917,,,purkinje layer|rest
RSRC2,0.11358944,0.115883626,-0.0022941828,,,purkinje layer|rest
HDLBP,0.12662336,0.12894297,-0.0023196042,,,purkinje layer|rest
FAM222B,0.08214407,0.08446577,-0.0023217052,,,purkinje layer|rest
HRAS,0.0893972,0.09172024,-0.0023230389,,,purkinje layer|rest
DHX9,0.087662384,0.08998585,-0.0023234636,,,purkinje layer|rest
KLHDC10,0.08430717,0.086633086,-0.0023259148,,,purkinje layer|rest
EEA1,0.115107305,0.11743624,-0.0023289323,,,purkinje layer|rest
SAMD4A,0.08713277,0.08947187,-0.0023391023,,,purkinje layer|rest
ATG9A,0.07331257,0.07565837,-0.0023458004,,,purkinje layer|rest
LARGE1,0.09984521,0.10219107,-0.00234586,,,purkinje layer|rest
MRPS26,0.12530662,0.12766229,-0.002355665,,,purkinje layer|rest
PPP1CA,0.07999015,0.08234625,-0.0023561046,,,purkinje layer|rest
CRK,0.09910792,0.101468265,-0.002360344,,,purkinje layer|rest
UPF1,0.0915576,0.09394532,-0.0023877174,,,purkinje layer|rest
PCSK6,0.08361009,0.085997835,-0.0023877472,,,purkinje layer|rest
CD302,0.07459038,0.07697924,-0.0023888648,,,purkinje layer|rest
PDLIM5,0.11256737,0.11497832,-0.0024109483,,,purkinje layer|rest
WIPI2,0.086194225,0.08861337,-0.002419144,,,purkinje layer|rest
RIDA,0.076924615,0.079344995,-0.0024203807,,,purkinje layer|rest
HIP1,0.07628164,0.07870542,-0.0024237856,,,purkinje layer|rest
KCNN2,0.08150693,0.08393097,-0.002424039,,,purkinje layer|rest
TCEA2,0.11819653,0.12062392,-0.0024273843,,,purkinje layer|rest
ERGIC2,0.16656342,0.16899176,-0.002428338,,,purkinje layer|rest
FBXO9,0.12993364,0.13236332,-0.002429679,,,purkinje layer|rest
C16orf45,0.09147554,0.093907274,-0.0024317354,,,purkinje layer|rest
ERGIC1,0.069431,0.07186302,-0.0024320185,,,purkinje layer|rest
BTBD10,0.10831638,0.11074858,-0.0024322048,,,purkinje layer|rest
SEPT3,0.11796675,0.12040028,-0.002433531,,,purkinje layer|rest
ABCD3,0.08170808,0.084145084,-0.002437003,,,purkinje layer|rest
ATP13A2,0.07093526,0.073372416,-0.0024371594,,,purkinje layer|rest
PDRG1,0.14086121,0.14330077,-0.0024395585,,,purkinje layer|rest
TMCC1,0.12718537,0.12962888,-0.0024435073,,,purkinje layer|rest
TTC19,0.07876145,0.08120748,-0.0024460256,,,purkinje layer|rest
JARID2,0.16322644,0.1656816,-0.00245516,,,purkinje layer|rest
VAPB,0.08996594,0.092423104,-0.0024571642,,,purkinje layer|rest
INPP4A,0.2033528,0.20581417,-0.0024613738,,,purkinje layer|rest
PPFIA2,0.12074923,0.12321606,-0.002466835,,,purkinje layer|rest
SPRED2,0.081667356,0.08414301,-0.0024756566,,,purkinje layer|rest
WDFY3,0.121375196,0.123859234,-0.0024840385,,,purkinje layer|rest
BCAS2,0.105289854,0.10777453,-0.0024846792,,,purkinje layer|rest
UBR2,0.0708688,0.07336141,-0.002492614,,,purkinje layer|rest
WASF3,0.18153572,0.18402953,-0.0024938136,,,purkinje layer|rest
ANAPC13,0.113942616,0.116439916,-0.0024973005,,,purkinje layer|rest
SAMM50,0.103838205,0.10633575,-0.0024975464,,,purkinje layer|rest
MARK1,0.07947346,0.08197445,-0.0025009885,,,purkinje layer|rest
HCFC1R1,0.16297713,0.16548705,-0.0025099218,,,purkinje layer|rest
ARFGAP2,0.073622055,0.076137856,-0.0025158003,,,purkinje layer|rest
GSPT1,0.103341356,0.10585874,-0.0025173873,,,purkinje layer|rest
KIF1B,0.29697642,0.29949555,-0.0025191307,,,purkinje layer|rest
ERC2,0.07425093,0.07677077,-0.0025198385,,,purkinje layer|rest
VTA1,0.07455405,0.077076085,-0.0025220364,,,purkinje layer|rest
PDE9A,0.11521374,0.117738426,-0.0025246888,,,purkinje layer|rest
IL20RA,0.088586934,0.091112904,-0.0025259703,,,purkinje layer|rest
RSBN1L,0.10398625,0.106513046,-0.0025267974,,,purkinje layer|rest
MEGF8,0.076868355,0.07939599,-0.0025276318,,,purkinje layer|rest
CDIP1,0.20101053,0.20354362,-0.002533093,,,purkinje layer|rest
CTNNBL1,0.10131722,0.1038513,-0.002534084,,,purkinje layer|rest
SRGAP3,0.15023859,0.15278913,-0.0025505424,,,purkinje layer|rest
CCNDBP1,0.19291109,0.19546586,-0.0025547743,,,purkinje layer|rest
SGSM1,0.07537255,0.07793353,-0.0025609806,,,purkinje layer|rest
HAX1,0.08555792,0.08811964,-0.0025617182,,,purkinje layer|rest
NR3C1,0.12200982,0.124577224,-0.002567403,,,purkinje layer|rest
RTF1,0.14434183,0.14690991,-0.002568081,,,purkinje layer|rest
SPATS2L,0.100927,0.1034967,-0.0025696978,,,purkinje layer|rest
MFGE8,0.09311313,0.09569459,-0.0025814548,,,purkinje layer|rest
HERC4,0.07490383,0.07750976,-0.00260593,,,purkinje layer|rest
SLC35F1,0.082426555,0.08503728,-0.0026107281,,,purkinje layer|rest
MRPS5,0.08047547,0.08309199,-0.0026165172,,,purkinje layer|rest
CTNNA3,0.21421267,0.21682924,-0.0026165694,,,purkinje layer|rest
RHOT1,0.079500385,0.08211707,-0.0026166886,,,purkinje layer|rest
SMPD1,0.06914465,0.07176554,-0.0026208907,,,purkinje layer|rest
RTCB,0.070716135,0.07333749,-0.0026213527,,,purkinje layer|rest
ZRANB3,0.15248647,0.15510827,-0.0026217997,,,purkinje layer|rest
FBXL5,0.07681074,0.07943406,-0.0026233196,,,purkinje layer|rest
SLC44A1,0.109016456,0.111653976,-0.0026375204,,,purkinje layer|rest
FXR2,0.095050246,0.097692795,-0.0026425496,,,purkinje layer|rest
PCOLCE2,0.058878183,0.061546113,-0.00266793,,,purkinje layer|rest
RNF13,0.10838671,0.111058846,-0.0026721358,,,purkinje layer|rest
SLC25A18,0.07193066,0.07460618,-0.0026755184,,,purkinje layer|rest
MRPS18A,0.08847241,0.09116116,-0.0026887506,,,purkinje layer|rest
VMP1,0.09281836,0.095509425,-0.0026910678,,,purkinje layer|rest
ITPK1,0.11126479,0.113962255,-0.0026974678,,,purkinje layer|rest
SDC2,0.0972589,0.09996171,-0.0027028099,,,purkinje layer|rest
GINM1,0.07796616,0.08066993,-0.002703771,,,purkinje layer|rest
SNRPB,0.07340195,0.07611049,-0.0027085394,,,purkinje layer|rest
SND1,0.19312511,0.19583738,-0.0027122647,,,purkinje layer|rest
INO80E,0.067753345,0.07046691,-0.0027135685,,,purkinje layer|rest
PSMC3,0.16344292,0.16616198,-0.0027190596,,,purkinje layer|rest
C18orf25,0.07854524,0.08126561,-0.002720371,,,purkinje layer|rest
VPS8,0.07586223,0.07858471,-0.0027224794,,,purkinje layer|rest
ANKRD11,0.11285726,0.11558851,-0.0027312487,,,purkinje layer|rest
ELOC,0.27236837,0.27511194,-0.002743572,,,purkinje layer|rest
C14H11orf49,0.11760835,0.12036037,-0.0027520135,,,purkinje layer|rest
GABRB1,0.14102958,0.14378236,-0.002752781,,,purkinje layer|rest
HNRNPD,0.18685398,0.18961053,-0.002756551,,,purkinje layer|rest
MAPK6,0.0730996,0.07585767,-0.0027580708,,,purkinje layer|rest
KIFAP3,0.18305534,0.18581837,-0.002763033,,,purkinje layer|rest
TSR2,0.07130522,0.07406921,-0.0027639866,,,purkinje layer|rest
GBA2,0.09918947,0.10197312,-0.0027836487,,,purkinje layer|rest
COG6,0.085502185,0.08829721,-0.0027950257,,,purkinje layer|rest
DHX30,0.2513915,0.254192,-0.0028004944,,,purkinje layer|rest
GLRX5,0.084819354,0.08762112,-0.0028017685,,,purkinje layer|rest
PRCP,0.081500545,0.0843144,-0.0028138533,,,purkinje layer|rest
UBE2H,0.15597525,0.15879245,-0.0028171986,,,purkinje layer|rest
ZCCHC7,0.08272939,0.085546695,-0.002817303,,,purkinje layer|rest
MRPL42,0.08125424,0.0840754,-0.0028211623,,,purkinje layer|rest
MICU3,0.11021391,0.11303707,-0.002823159,,,purkinje layer|rest
PAGR1,0.22882563,0.23165825,-0.0028326213,,,purkinje layer|rest
ZC3H13,0.127117,0.12994994,-0.0028329492,,,purkinje layer|rest
WLS,0.10306384,0.10589866,-0.0028348267,,,purkinje layer|rest
SAFB,0.16482992,0.16766644,-0.0028365105,,,purkinje layer|rest
DCLK1,0.08510896,0.087947525,-0.002838567,,,purkinje layer|rest
DAG1,0.13570946,0.13854851,-0.0028390437,,,purkinje layer|rest
PHACTR3,0.14663717,0.14948002,-0.0028428435,,,purkinje layer|rest
STK17B,0.13804287,0.14088957,-0.002846703,,,purkinje layer|rest
COMMD7,0.12569508,0.12854223,-0.00284715,,,purkinje layer|rest
BLVRA,0.107068196,0.10991571,-0.002847515,,,purkinje layer|rest
FLVCR2,0.112992264,0.11584131,-0.0028490424,,,purkinje layer|rest
FAM135B,0.07698045,0.079833075,-0.0028526261,,,purkinje layer|rest
CYB5R3,0.11232657,0.11518038,-0.0028538108,,,purkinje layer|rest
KMT2C,0.14544867,0.14831148,-0.002862811,,,purkinje layer|rest
FBXO44,0.0683123,0.07117653,-0.0028642267,,,purkinje layer|rest
C9orf129,0.09485704,0.09772285,-0.0028658137,,,purkinje layer|rest
PCYT2,0.07310943,0.07597667,-0.0028672367,,,purkinje layer|rest
KIF3B,0.09219015,0.095067665,-0.0028775185,,,purkinje layer|rest
TRAPPC3,0.08238279,0.08526066,-0.0028778687,,,purkinje layer|rest
TERF1,0.09258908,0.09546977,-0.0028806925,,,purkinje layer|rest
SELENOM,0.079597615,0.08248602,-0.0028884038,,,purkinje layer|rest
DTX3,0.0724332,0.07532255,-0.00288935,,,purkinje layer|rest
HSPA12A,0.10435647,0.10724731,-0.0028908402,,,purkinje layer|rest
RTFDC1,0.07549268,0.078385085,-0.0028924048,,,purkinje layer|rest
CDC42,0.11247491,0.115368955,-0.002894044,,,purkinje layer|rest
MFF,0.16342297,0.16632041,-0.0028974414,,,purkinje layer|rest
ANKFY1,0.06752665,0.070440814,-0.0029141605,,,purkinje layer|rest
PIK3R3,0.13458765,0.1375033,-0.0029156506,,,purkinje layer|rest
CAMK2G,0.1611639,0.16408066,-0.0029167682,,,purkinje layer|rest
IP6K1,0.10931756,0.11223834,-0.0029207766,,,purkinje layer|rest
PPP2R5B,0.07980985,0.08273117,-0.0029213205,,,purkinje layer|rest
TMEM14C,0.08419696,0.08711943,-0.002922468,,,purkinje layer|rest
RABGAP1,0.09086529,0.09378911,-0.0029238164,,,purkinje layer|rest
TUBA8,0.1775816,0.18051413,-0.0029325336,,,purkinje layer|rest
REPS1,0.07554264,0.078475334,-0.00293269,,,purkinje layer|rest
AP2S1,0.1717813,0.1747145,-0.0029332042,,,purkinje layer|rest
SRSF7,0.11223673,0.115184,-0.0029472709,,,purkinje layer|rest
MAN1C1,0.111239985,0.11418756,-0.0029475763,,,purkinje layer|rest
TNK2,0.18975966,0.19271344,-0.0029537827,,,purkinje layer|rest
DOCK9,0.10160669,0.10456334,-0.0029566512,,,purkinje layer|rest
PTCD3,0.08620106,0.08915984,-0.002958782,,,purkinje layer|rest
SERBP1,0.15642631,0.15938613,-0.0029598176,,,purkinje layer|rest
CAMTA2,0.10224441,0.105208844,-0.002964437,,,purkinje layer|rest
TMEM56,0.08980387,0.09277708,-0.0029732138,,,purkinje layer|rest
RALGPS1,0.07933061,0.08231104,-0.0029804334,,,purkinje layer|rest
OGDH,0.17517787,0.17816298,-0.002985105,,,purkinje layer|rest
CCDC92,0.09325433,0.096240796,-0.0029864684,,,purkinje layer|rest
ASB6,0.071141966,0.07412909,-0.002987124,,,purkinje layer|rest
STX12,0.1270924,0.130081,-0.0029885918,,,purkinje layer|rest
NCOA1,0.16382723,0.16682608,-0.0029988587,,,purkinje layer|rest
ATF7IP,0.09474304,0.09774374,-0.003000699,,,purkinje layer|rest
PNPO,0.07186083,0.07486545,-0.0030046254,,,purkinje layer|rest
ADAM23,0.084853575,0.08787513,-0.0030215532,,,purkinje layer|rest
PDE5A,0.12148528,0.12450758,-0.0030223057,,,purkinje layer|rest
C6orf106,0.09484013,0.09787568,-0.0030355453,,,purkinje layer|rest
NAXE,0.080858335,0.083895154,-0.0030368194,,,purkinje layer|rest
HERPUD2,0.15654653,0.15958753,-0.0030409992,,,purkinje layer|rest
USP47,0.13067715,0.1337233,-0.003046155,,,purkinje layer|rest
SPCS2,0.11082093,0.11386887,-0.003047943,,,purkinje layer|rest
HYI,0.069257714,0.07230854,-0.0030508265,,,purkinje layer|rest
MAST1,0.110925965,0.11397993,-0.0030539632,,,purkinje layer|rest
ENPP5,0.084966145,0.088020116,-0.0030539706,,,purkinje layer|rest
GRIN1,0.070925385,0.07398875,-0.0030633658,,,purkinje layer|rest
RAB5A,0.1067228,0.10978863,-0.0030658245,,,purkinje layer|rest
SNRNP27,0.08052251,0.08358972,-0.0030672103,,,purkinje layer|rest
LSM6,0.09507825,0.098152,-0.0030737445,,,purkinje layer|rest
PTBP2,0.07419465,0.07727291,-0.0030782595,,,purkinje layer|rest
MAPK4,0.13626407,0.13935298,-0.0030889064,,,purkinje layer|rest
TPM3,0.112843394,0.1159366,-0.0030932054,,,purkinje layer|rest
SUMO3,0.06963428,0.07272815,-0.0030938685,,,purkinje layer|rest
SNX4,0.084183656,0.08727776,-0.003094107,,,purkinje layer|rest
AGAP1,0.15420198,0.15729891,-0.0030969232,,,purkinje layer|rest
KIAA1109,0.14075531,0.1438555,-0.0031001866,,,purkinje layer|rest
TIMM10,0.09897831,0.10208285,-0.0031045377,,,purkinje layer|rest
MLF2,0.3908532,0.39395982,-0.003106624,,,purkinje layer|rest
MRPL28,0.07837528,0.081510335,-0.0031350553,,,purkinje layer|rest
PSMB10,0.08500597,0.08814386,-0.003137894,,,purkinje layer|rest
UBR1,0.07110815,0.07424785,-0.0031397045,,,purkinje layer|rest
ACTR3B,0.096493974,0.09963539,-0.003141418,,,purkinje layer|rest
TUSC3,0.1162284,0.119376265,-0.0031478629,,,purkinje layer|rest
EIF2S2,0.17962074,0.18277135,-0.003150612,,,purkinje layer|rest
PFDN1,0.13855691,0.14170963,-0.0031527132,,,purkinje layer|rest
BZW1,0.098823704,0.10198333,-0.0031596273,,,purkinje layer|rest
PKP4,0.10643662,0.109600894,-0.0031642765,,,purkinje layer|rest
CDC73,0.072633564,0.07580044,-0.0031668767,,,purkinje layer|rest
TCAF1,0.103806816,0.10697766,-0.0031708404,,,purkinje layer|rest
PHF20,0.094349645,0.09753001,-0.0031803623,,,purkinje layer|rest
MADD,0.1774773,0.18065965,-0.0031823516,,,purkinje layer|rest
KANSL3,0.0673535,0.070537634,-0.0031841323,,,purkinje layer|rest
SNRPB2,0.08950957,0.09269487,-0.003185302,,,purkinje layer|rest
TPRN,0.07746981,0.08066266,-0.0031928495,,,purkinje layer|rest
COPS5,0.09925224,0.10245135,-0.003199108,,,purkinje layer|rest
BACE1,0.086042374,0.08924733,-0.0032049567,,,purkinje layer|rest
LAPTM4A,0.13388175,0.13709179,-0.003210038,,,purkinje layer|rest
CREBBP,0.08727964,0.09048971,-0.0032100677,,,purkinje layer|rest
B4GALT5,0.09291198,0.096128866,-0.003216885,,,purkinje layer|rest
RAB3GAP1,0.081907496,0.085124955,-0.0032174587,,,purkinje layer|rest
MAST4,0.10113269,0.10435527,-0.0032225773,,,purkinje layer|rest
UBR3,0.15901375,0.16223998,-0.0032262355,,,purkinje layer|rest
UBE2F,0.09018578,0.09341433,-0.0032285526,,,purkinje layer|rest
CDK19,0.079640426,0.08287378,-0.0032333508,,,purkinje layer|rest
RAB11FIP2,0.08500242,0.08824379,-0.0032413676,,,purkinje layer|rest
APPL1,0.09246939,0.09571556,-0.0032461733,,,purkinje layer|rest
ECHDC1,0.07828562,0.08153476,-0.0032491386,,,purkinje layer|rest
CDR2L,0.0814243,0.08467548,-0.00325118,,,purkinje layer|rest
COPB2,0.08214966,0.0854095,-0.0032598376,,,purkinje layer|rest
NF1,0.19148362,0.19475785,-0.0032742321,,,purkinje layer|rest
YTHDF3,0.072590485,0.07587071,-0.0032802224,,,purkinje layer|rest
TMEM50A,0.095035486,0.09831703,-0.0032815412,,,purkinje layer|rest
NQO2,0.09212267,0.09540868,-0.0032860115,,,purkinje layer|rest
CHD9,0.14975339,0.15304095,-0.0032875538,,,purkinje layer|rest
KIF13A,0.13204832,0.13535132,-0.0033029914,,,purkinje layer|rest
UNC50,0.09454267,0.09785206,-0.0033093914,,,purkinje layer|rest
MPP6,0.08520564,0.08851588,-0.0033102408,,,purkinje layer|rest
PTPRG,0.19785845,0.20116909,-0.0033106357,,,purkinje layer|rest
TMEM38A,0.071591295,0.07491186,-0.0033205673,,,purkinje layer|rest
EIF6,0.08200667,0.08532986,-0.00332319,,,purkinje layer|rest
CD82,0.0707585,0.07408434,-0.0033258423,,,purkinje layer|rest
C21orf2,0.09358081,0.096911326,-0.0033305138,,,purkinje layer|rest
CDC123,0.07287276,0.076203905,-0.0033311471,,,purkinje layer|rest
CNKSR2,0.19054502,0.19387816,-0.0033331364,,,purkinje layer|rest
TNPO1,0.09038257,0.093715794,-0.0033332258,,,purkinje layer|rest
SCP2,0.12620375,0.12954032,-0.0033365786,,,purkinje layer|rest
VBP1,0.09747196,0.1008105,-0.003338538,,,purkinje layer|rest
CEP76,0.13404402,0.1373838,-0.0033397824,,,purkinje layer|rest
RPL19,0.22065401,0.22399485,-0.0033408403,,,purkinje layer|rest
MTX2,0.1221989,0.12554678,-0.0033478811,,,purkinje layer|rest
ADD3,0.14137095,0.14473511,-0.0033641607,,,purkinje layer|rest
CLK2,0.085186094,0.08855387,-0.0033677742,,,purkinje layer|rest
RABL6,0.13491473,0.13828257,-0.0033678412,,,purkinje layer|rest
ANAPC11,0.17740215,0.18077196,-0.0033698082,,,purkinje layer|rest
CRIM1,0.11173925,0.11511564,-0.0033763945,,,purkinje layer|rest
P4HB,0.17633484,0.17971201,-0.0033771694,,,purkinje layer|rest
TTC7B,0.13697712,0.14036758,-0.0033904612,,,purkinje layer|rest
TM9SF3,0.07027971,0.07367706,-0.003397353,,,purkinje layer|rest
EIF4G3,0.20004578,0.20345242,-0.0034066439,,,purkinje layer|rest
ANAPC16,0.074630655,0.078042924,-0.003412269,,,purkinje layer|rest
SMARCA5,0.0750369,0.07845149,-0.0034145936,,,purkinje layer|rest
RAPGEF4,0.12735541,0.1307772,-0.0034217834,,,purkinje layer|rest
NDUFAF8,0.1596067,0.16303052,-0.003423825,,,purkinje layer|rest
ADAR,0.08357141,0.08699645,-0.0034250394,,,purkinje layer|rest
CSRP1,0.28394982,0.2873802,-0.0034303665,,,purkinje layer|rest
LSM14A,0.07138173,0.07481901,-0.0034372807,,,purkinje layer|rest
PRPF19,0.07025949,0.07370212,-0.0034426302,,,purkinje layer|rest
SRP54,0.13473809,0.1381848,-0.003446713,,,purkinje layer|rest
FAM241B,0.121648416,0.12510587,-0.0034574568,,,purkinje layer|rest
WAC,0.19666396,0.20012856,-0.0034645945,,,purkinje layer|rest
ZIC4,0.17183693,0.17530686,-0.003469929,,,purkinje layer|rest
PSMC2,0.10269879,0.10616907,-0.0034702793,,,purkinje layer|rest
SEPT11,0.105386734,0.10886007,-0.003473334,,,purkinje layer|rest
UBE3C,0.08939409,0.09287331,-0.00347922,,,purkinje layer|rest
EGLN1,0.09112454,0.09460414,-0.0034796,,,purkinje layer|rest
STAU1,0.09113127,0.094613776,-0.0034825057,,,purkinje layer|rest
MICAL3,0.08809911,0.09158198,-0.0034828708,,,purkinje layer|rest
ZNF207,0.10887905,0.11236787,-0.0034888163,,,purkinje layer|rest
AFG3L2,0.07217418,0.07566483,-0.0034906566,,,purkinje layer|rest
KRAS,0.095668696,0.099166095,-0.0034973994,,,purkinje layer|rest
ZNF131,0.09615119,0.09965174,-0.003500551,,,purkinje layer|rest
CHCHD1,0.16773406,0.1712386,-0.0035045445,,,purkinje layer|rest
KLHDC2,0.13113497,0.13465545,-0.0035204738,,,purkinje layer|rest
DIABLO,0.09954643,0.10306872,-0.0035222843,,,purkinje layer|rest
RHBDD2,0.09347217,0.09699641,-0.0035242438,,,purkinje layer|rest
GYG1,0.14242163,0.14594638,-0.0035247505,,,purkinje layer|rest
WSCD1,0.0751765,0.07871164,-0.0035351366,,,purkinje layer|rest
MRPS18C,0.091649495,0.095185116,-0.0035356209,,,purkinje layer|rest
RPRD2,0.10099907,0.10453884,-0.0035397708,,,purkinje layer|rest
TMEM205,0.09562102,0.09916225,-0.0035412312,,,purkinje layer|rest
PHF14,0.10451198,0.10805914,-0.0035471544,,,purkinje layer|rest
ARID4B,0.1291354,0.13268308,-0.0035476834,,,purkinje layer|rest
PSMA1,0.17893124,0.18249545,-0.0035642087,,,purkinje layer|rest
GLRB,0.076518275,0.08009602,-0.0035777465,,,purkinje layer|rest
MOB4,0.12906836,0.1326514,-0.0035830438,,,purkinje layer|rest
BEX2,0.29124355,0.294829,-0.0035854578,,,purkinje layer|rest
ARAP2,0.08806487,0.091656506,-0.0035916343,,,purkinje layer|rest
WDR83OS,0.22881721,0.23241127,-0.0035940558,,,purkinje layer|rest
C20orf24,0.12369997,0.1272946,-0.0035946295,,,purkinje layer|rest
NLGN2,0.0781255,0.0817286,-0.0036031008,,,purkinje layer|rest
PRMT1,0.11072843,0.11433762,-0.0036091954,,,purkinje layer|rest
SNRK,0.094509944,0.098130494,-0.00362055,,,purkinje layer|rest
STAG2,0.08309566,0.08672543,-0.0036297664,,,purkinje layer|rest
ARHGAP21,0.16388524,0.16753073,-0.0036454946,,,purkinje layer|rest
MRPL51,0.13641025,0.14005797,-0.0036477149,,,purkinje layer|rest
AAMDC,0.11475026,0.11840037,-0.003650114,,,purkinje layer|rest
COPE,0.108451344,0.112102896,-0.003651552,,,purkinje layer|rest
CLIP3,0.19769,0.20135243,-0.0036624372,,,purkinje layer|rest
MRPS16,0.09254885,0.09621186,-0.003663011,,,purkinje layer|rest
CHMP2B,0.096439734,0.10010307,-0.0036633387,,,purkinje layer|rest
ARPC2,0.15969984,0.1633648,-0.0036649555,,,purkinje layer|rest
TMEM248,0.077333525,0.080998816,-0.0036652908,,,purkinje layer|rest
RPS9,0.5509431,0.5546174,-0.0036743283,,,purkinje layer|rest
APBA1,0.074757054,0.078432344,-0.0036752895,,,purkinje layer|rest
NDUFB6,0.3459345,0.34962252,-0.0036880076,,,purkinje layer|rest
FAM222A,0.106391236,0.11008129,-0.0036900565,,,purkinje layer|rest
TMEM35A,0.07468363,0.07838061,-0.003696978,,,purkinje layer|rest
PPME1,0.07494671,0.07864451,-0.0036977977,,,purkinje layer|rest
HDAC5,0.067197464,0.07089661,-0.0036991462,,,purkinje layer|rest
SERP1,0.12830934,0.13200955,-0.0037002116,,,purkinje layer|rest
PPOX,0.08324907,0.0869584,-0.0037093312,,,purkinje layer|rest
CDIPT,0.12829506,0.13200799,-0.0037129223,,,purkinje layer|rest
NUDT9,0.07667454,0.08038965,-0.0037151054,,,purkinje layer|rest
SPTSSA,0.093900256,0.09762638,-0.0037261248,,,purkinje layer|rest
KTN1,0.16506904,0.16880211,-0.0037330687,,,purkinje layer|rest
CCT5,0.13741387,0.14114831,-0.0037344396,,,purkinje layer|rest
MROH1,0.0772437,0.0809861,-0.0037423968,,,purkinje layer|rest
RHOBTB3,0.14163376,0.14538607,-0.003752306,,,purkinje layer|rest
EPB41L3,0.17069262,0.17444931,-0.003756687,,,purkinje layer|rest
PHAX,0.13931784,0.14308055,-0.003762707,,,purkinje layer|rest
CTSA,0.10117413,0.104949996,-0.0037758648,,,purkinje layer|rest
FGFR2,0.13513666,0.13891453,-0.0037778616,,,purkinje layer|rest
CCAR1,0.08755663,0.09133484,-0.0037782118,,,purkinje layer|rest
OPA1,0.09948569,0.103264704,-0.0037790164,,,purkinje layer|rest
PIP4K2A,0.0809023,0.084681824,-0.003779523,,,purkinje layer|rest
PSMC1,0.11049076,0.11427539,-0.0037846267,,,purkinje layer|rest
SMAP2,0.07121531,0.075002514,-0.0037872046,,,purkinje layer|rest
NISCH,0.08446703,0.08825478,-0.0037877485,,,purkinje layer|rest
SRSF5,0.14818427,0.15197283,-0.0037885606,,,purkinje layer|rest
SGCE,0.114534214,0.118327476,-0.003793262,,,purkinje layer|rest
HK1,0.1508317,0.15463282,-0.0038011223,,,purkinje layer|rest
GOLGA7,0.118200816,0.1220023,-0.0038014874,,,purkinje layer|rest
PPIG,0.12075253,0.124554835,-0.003802307,,,purkinje layer|rest
RNF38,0.09055891,0.09436163,-0.0038027242,,,purkinje layer|rest
AP1B1,0.115408145,0.11921565,-0.0038075075,,,purkinje layer|rest
ST8SIA6,0.068667375,0.07247593,-0.003808558,,,purkinje layer|rest
PIK3CB,0.08102528,0.084843,-0.0038177222,,,purkinje layer|rest
CACNA1G,0.16337416,0.16719322,-0.0038190633,,,purkinje layer|rest
WDR7,0.14597455,0.14979754,-0.0038229972,,,purkinje layer|rest
OBSL1,0.088255286,0.09208583,-0.0038305447,,,purkinje layer|rest
RFWD2,0.08820303,0.09204175,-0.0038387254,,,purkinje layer|rest
ADAP1,0.08222775,0.086069115,-0.003841363,,,purkinje layer|rest
CDKN1B,0.089530274,0.0933729,-0.003842622,,,purkinje layer|rest
BAZ1B,0.08584212,0.08969015,-0.0038480312,,,purkinje layer|rest
KHDRBS3,0.08734666,0.09119724,-0.0038505793,,,purkinje layer|rest
HMBOX1,0.07649824,0.08034902,-0.0038507804,,,purkinje layer|rest
KPNB1,0.15029427,0.15414605,-0.0038517714,,,purkinje layer|rest
ADGRL3,0.19668204,0.20055737,-0.00387533,,,purkinje layer|rest
CEP170,0.14330988,0.14718594,-0.0038760602,,,purkinje layer|rest
WAPL,0.08309858,0.08697544,-0.0038768575,,,purkinje layer|rest
DIXDC1,0.085256204,0.08914065,-0.0038844496,,,purkinje layer|rest
CADM1,0.12191362,0.12579972,-0.0038860962,,,purkinje layer|rest
TNRC6C,0.09305906,0.096949354,-0.0038902909,,,purkinje layer|rest
MEA1,0.18732445,0.19123216,-0.0039077103,,,purkinje layer|rest
PKIG,0.07722031,0.08112844,-0.0039081275,,,purkinje layer|rest
EIF1B,0.22575343,0.229667,-0.0039135665,,,purkinje layer|rest
PCSK2,0.08688725,0.090805046,-0.0039177984,,,purkinje layer|rest
ESRRA,0.1504032,0.15433079,-0.0039275885,,,purkinje layer|rest
CNTN2,0.07786609,0.08179751,-0.003931418,,,purkinje layer|rest
DYNC1I1,0.13480367,0.13873838,-0.003934711,,,purkinje layer|rest
DPP10,0.07115843,0.075102754,-0.0039443225,,,purkinje layer|rest
NIPBL,0.08947691,0.093427874,-0.003950961,,,purkinje layer|rest
BTRC,0.11203386,0.11598541,-0.0039515495,,,purkinje layer|rest
SCG3,0.4608865,0.46483862,-0.003952116,,,purkinje layer|rest
SNX12,0.073076196,0.07702951,-0.0039533153,,,purkinje layer|rest
LY6H,0.12698051,0.13094059,-0.003960073,,,purkinje layer|rest
IL1RAPL1,0.22215079,0.22612184,-0.003971055,,,purkinje layer|rest
CFAP36,0.083034836,0.087012045,-0.0039772093,,,purkinje layer|rest
SSB,0.16586272,0.16984004,-0.0039773136,,,purkinje layer|rest
AGAP3,0.1037016,0.10768173,-0.00398013,,,purkinje layer|rest
HSPD1,0.115403906,0.11938913,-0.003985226,,,purkinje layer|rest
TXNL4A,0.24704337,0.25103503,-0.0039916635,,,purkinje layer|rest
RBM12,0.07995281,0.08395205,-0.0039992332,,,purkinje layer|rest
SLU7,0.08426096,0.08826038,-0.0039994195,,,purkinje layer|rest
TMBIM6,0.224964,0.2289641,-0.0040001124,,,purkinje layer|rest
EPS15,0.08351224,0.087516345,-0.004004106,,,purkinje layer|rest
ALDH9A1,0.08242294,0.0864284,-0.0040054545,,,purkinje layer|rest
PRKDC,0.08271578,0.08672264,-0.0040068626,,,purkinje layer|rest
RAB24,0.091476604,0.09548884,-0.0040122345,,,purkinje layer|rest
IMMP2L,0.16370444,0.16771716,-0.004012719,,,purkinje layer|rest
UBE2V2,0.12832354,0.13233684,-0.0040133,,,purkinje layer|rest
FAM213A,0.076738,0.08075278,-0.0040147826,,,purkinje layer|rest
STARD7,0.11989844,0.12392066,-0.0040222183,,,purkinje layer|rest
GOT1,0.0983292,0.102352306,-0.004023105,,,purkinje layer|rest
NMT1,0.07762373,0.08165731,-0.0040335804,,,purkinje layer|rest
MRPL18,0.07795588,0.08199737,-0.004041493,,,purkinje layer|rest
FXR1,0.096693665,0.10073767,-0.004044004,,,purkinje layer|rest
COG5,0.26502395,0.26906893,-0.00404498,,,purkinje layer|rest
DEGS1,0.08760236,0.09165992,-0.0040575564,,,purkinje layer|rest
YEATS2,0.11254917,0.116619594,-0.0040704235,,,purkinje layer|rest
PFDN6,0.08578277,0.08985836,-0.0040755942,,,purkinje layer|rest
RANBP2,0.0707293,0.07480574,-0.004076436,,,purkinje layer|rest
BNIP3,0.14486778,0.14894423,-0.004076451,,,purkinje layer|rest
WFIKKN1,0.11401856,0.11810075,-0.004082188,,,purkinje layer|rest
UBE2I,0.10933839,0.113423884,-0.004085496,,,purkinje layer|rest
POLR2L,0.08746242,0.09156799,-0.0041055754,,,purkinje layer|rest
CS,0.113102615,0.11720859,-0.0041059777,,,purkinje layer|rest
GDE1,0.14225474,0.14636081,-0.0041060746,,,purkinje layer|rest
BTBD1,0.10430027,0.1084129,-0.004112631,,,purkinje layer|rest
IFNAR1,0.074767224,0.078884736,-0.004117511,,,purkinje layer|rest
BAG6,0.07572276,0.07984191,-0.0041191503,,,purkinje layer|rest
CHURC1-FNTB,0.14364311,0.14777438,-0.0041312724,,,purkinje layer|rest
ARPC3,0.1335394,0.13768584,-0.004146442,,,purkinje layer|rest
DAAM1,0.14943118,0.15357895,-0.004147768,,,purkinje layer|rest
ABI1,0.07626193,0.080410175,-0.004148245,,,purkinje layer|rest
OXA1L,0.075985394,0.080135725,-0.004150331,,,purkinje layer|rest
FAM3C,0.06972399,0.07388336,-0.0041593686,,,purkinje layer|rest
IMMP1L,0.08837989,0.09253987,-0.0041599795,,,purkinje layer|rest
DTNBP1,0.09949909,0.10366017,-0.004161082,,,purkinje layer|rest
BRI3,0.20427468,0.20843732,-0.0041626394,,,purkinje layer|rest
SPHK2,0.091562286,0.09572568,-0.004163392,,,purkinje layer|rest
ZMIZ1,0.09175068,0.09591688,-0.0041662008,,,purkinje layer|rest
BAALC,0.18695684,0.19113383,-0.004176989,,,purkinje layer|rest
GARS,0.07614153,0.080322385,-0.004180856,,,purkinje layer|rest
MRPS6,0.09491654,0.09909983,-0.0041832924,,,purkinje layer|rest
ACBD7,0.104630515,0.10882015,-0.004189633,,,purkinje layer|rest
NUDCD3,0.10470782,0.10890788,-0.004200056,,,purkinje layer|rest
EMC7,0.12950481,0.13370605,-0.0042012334,,,purkinje layer|rest
CSPP1,0.082446195,0.08665273,-0.004206538,,,purkinje layer|rest
IAH1,0.097955294,0.102163374,-0.0042080805,,,purkinje layer|rest
N4BP2L2,0.087043606,0.09125491,-0.0042113066,,,purkinje layer|rest
ABHD16A,0.089133665,0.09335421,-0.0042205453,,,purkinje layer|rest
SEC22B,0.07265013,0.07687345,-0.0042233244,,,purkinje layer|rest
GRID1,0.087635145,0.09186113,-0.004225984,,,purkinje layer|rest
ARNT2,0.11432058,0.11854794,-0.004227355,,,purkinje layer|rest
TTC9B,0.17535932,0.17959303,-0.004233703,,,purkinje layer|rest
MRPS34,0.16431957,0.16855358,-0.004234001,,,purkinje layer|rest
MBNL1,0.098021016,0.10226495,-0.0042439327,,,purkinje layer|rest
HINT3,0.079550624,0.08379577,-0.004245147,,,purkinje layer|rest
ZER1,0.06874561,0.072998285,-0.004252672,,,purkinje layer|rest
PRPF8,0.11004633,0.1142992,-0.0042528734,,,purkinje layer|rest
PACS2,0.070709296,0.07497231,-0.0042630136,,,purkinje layer|rest
PDIA6,0.075443,0.07970726,-0.004264258,,,purkinje layer|rest
CDC42SE2,0.07138828,0.07565508,-0.0042667985,,,purkinje layer|rest
BAG1,0.11783266,0.12210984,-0.004277177,,,purkinje layer|rest
CHTOP,0.087512456,0.0917901,-0.0042776465,,,purkinje layer|rest
FTL,0.45680535,0.4610842,-0.0042788386,,,purkinje layer|rest
TTC37,0.11465724,0.118939824,-0.0042825863,,,purkinje layer|rest
DSCAM,0.10210509,0.10640629,-0.004301198,,,purkinje layer|rest
HDGFL3,0.09753937,0.10184365,-0.004304275,,,purkinje layer|rest
ANKS1A,0.09287326,0.09718254,-0.0043092817,,,purkinje layer|rest
PHC2,0.16398785,0.16829902,-0.004311174,,,purkinje layer|rest
NDUFV1,0.15703824,0.16135648,-0.0043182373,,,purkinje layer|rest
HNRNPAB,0.12679528,0.13111994,-0.0043246597,,,purkinje layer|rest
DAZAP1,0.108646914,0.11297581,-0.004328899,,,purkinje layer|rest
PAIP1,0.10661943,0.11095555,-0.0043361187,,,purkinje layer|rest
NDUFS4,0.29630178,0.3006406,-0.0043388307,,,purkinje layer|rest
AKAP6,0.18067361,0.18502346,-0.0043498427,,,purkinje layer|rest
TMEM41A,0.10483009,0.10918477,-0.004354678,,,purkinje layer|rest
LAMTOR2,0.097715646,0.1020712,-0.0043555573,,,purkinje layer|rest
TMEM208,0.087791376,0.09214774,-0.004356362,,,purkinje layer|rest
CIPC,0.08368122,0.088045545,-0.0043643266,,,purkinje layer|rest
AHSA1,0.11276741,0.11713958,-0.0043721646,,,purkinje layer|rest
SHOC2,0.079946615,0.0843219,-0.0043752864,,,purkinje layer|rest
C3orf58,0.08017923,0.0845554,-0.004376173,,,purkinje layer|rest
KIAA0408,0.09912318,0.10350079,-0.004377611,,,purkinje layer|rest
MCF2L,0.10315903,0.107541315,-0.0043822825,,,purkinje layer|rest
NEURL1,0.07048948,0.07488685,-0.00439737,,,purkinje layer|rest
MPHOSPH6,0.09101385,0.095412605,-0.0043987557,,,purkinje layer|rest
AARS,0.08388208,0.08829007,-0.0044079944,,,purkinje layer|rest
SNX14,0.08223325,0.086642325,-0.004409075,,,purkinje layer|rest
FAM32A,0.10854036,0.1129502,-0.0044098347,,,purkinje layer|rest
ADAM11,0.091310784,0.09572865,-0.0044178665,,,purkinje layer|rest
DPP8,0.07525323,0.07967391,-0.0044206753,,,purkinje layer|rest
APBB2,0.08205056,0.086475976,-0.004425414,,,purkinje layer|rest
CCDC149,0.06786677,0.072298706,-0.004431933,,,purkinje layer|rest
FBXW5,0.10100164,0.10544601,-0.004444368,,,purkinje layer|rest
WNK1,0.17148204,0.17592855,-0.0044465065,,,purkinje layer|rest
NARS,0.1537837,0.15824515,-0.0044614524,,,purkinje layer|rest
MAP6,0.089460574,0.09392243,-0.0044618547,,,purkinje layer|rest
TMEM126A,0.10971111,0.11418866,-0.004477553,,,purkinje layer|rest
MYH10,0.14330052,0.14778829,-0.004487768,,,purkinje layer|rest
PTPRA,0.13054338,0.13503295,-0.004489571,,,purkinje layer|rest
LIN7C,0.11312397,0.11762077,-0.0044968054,,,purkinje layer|rest
SVOPL,0.063104644,0.06760886,-0.0045042187,,,purkinje layer|rest
SNX17,0.10192308,0.106437944,-0.0045148656,,,purkinje layer|rest
COPB1,0.07480075,0.07931671,-0.004515961,,,purkinje layer|rest
THOC7,0.12054068,0.12506476,-0.004524082,,,purkinje layer|rest
PDPK1,0.08606124,0.09058927,-0.0045280308,,,purkinje layer|rest
RMND5A,0.14542545,0.14995462,-0.0045291632,,,purkinje layer|rest
CKAP5,0.11748771,0.12203151,-0.004543796,,,purkinje layer|rest
PPP1R12B,0.108044356,0.11259102,-0.0045466647,,,purkinje layer|rest
STOML2,0.123753674,0.12830514,-0.004551463,,,purkinje layer|rest
GANAB,0.06531601,0.069869034,-0.0045530275,,,purkinje layer|rest
BCL11A,0.07811918,0.08267363,-0.0045544505,,,purkinje layer|rest
RHOQ,0.07475091,0.079313524,-0.0045626163,,,purkinje layer|rest
JAM2,0.086577624,0.091144696,-0.004567072,,,purkinje layer|rest
SELENOH,0.064067565,0.06864035,-0.0045727864,,,purkinje layer|rest
USF2,0.06599166,0.07056853,-0.0045768693,,,purkinje layer|rest
TAX1BP1,0.19793732,0.20252502,-0.004587695,,,purkinje layer|rest
MRPS7,0.07289947,0.077498645,-0.0045991763,,,purkinje layer|rest
HIVEP2,0.10041199,0.1050171,-0.0046051145,,,purkinje layer|rest
UNC5C,0.12453804,0.12914683,-0.0046087876,,,purkinje layer|rest
SLC41A3,0.1199551,0.12456515,-0.0046100467,,,purkinje layer|rest
EMC9,0.095721126,0.100334354,-0.004613228,,,purkinje layer|rest
SPSB3,0.07699747,0.08161167,-0.004614204,,,purkinje layer|rest
AKAP8L,0.067037165,0.07167362,-0.0046364516,,,purkinje layer|rest
JAK1,0.07483323,0.07948717,-0.004653938,,,purkinje layer|rest
GNAI1,0.11208437,0.1167399,-0.0046555325,,,purkinje layer|rest
RBFA,0.07448727,0.079147324,-0.004660055,,,purkinje layer|rest
GPAT4,0.10433023,0.10899836,-0.0046681315,,,purkinje layer|rest
NAA10,0.08863835,0.09331248,-0.004674129,,,purkinje layer|rest
DCTN4,0.07221026,0.07688645,-0.004676193,,,purkinje layer|rest
DPCD,0.109634034,0.11432086,-0.004686825,,,purkinje layer|rest
RAC1,0.30703285,0.31172597,-0.0046931207,,,purkinje layer|rest
PTPA,0.06736661,0.07206994,-0.0047033355,,,purkinje layer|rest
PCDH17,0.10202953,0.10674356,-0.004714027,,,purkinje layer|rest
DDB1,0.10625089,0.11097395,-0.004723057,,,purkinje layer|rest
SMIM7,0.096309595,0.10103489,-0.0047252923,,,purkinje layer|rest
EEF1G,0.106616154,0.11134299,-0.0047268346,,,purkinje layer|rest
NCBP2,0.13892843,0.14365722,-0.004728794,,,purkinje layer|rest
PQBP1,0.08536913,0.09010163,-0.004732497,,,purkinje layer|rest
ARL6IP4,0.08468136,0.089429185,-0.004747823,,,purkinje layer|rest
MRPS18B,0.0834547,0.08820407,-0.0047493726,,,purkinje layer|rest
SGTA,0.0969835,0.10173353,-0.0047500283,,,purkinje layer|rest
ASIC2,0.10598698,0.11074366,-0.004756674,,,purkinje layer|rest
KIAA0232,0.12410743,0.12886584,-0.00475841,,,purkinje layer|rest
MAP4K4,0.1038774,0.1086374,-0.004759997,,,purkinje layer|rest
DTNA,0.38725856,0.39202777,-0.004769206,,,purkinje layer|rest
GBA,0.07544612,0.08021549,-0.00476937,,,purkinje layer|rest
ZKSCAN1,0.07119851,0.075967915,-0.004769407,,,purkinje layer|rest
ASTN1,0.15746853,0.16224185,-0.004773319,,,purkinje layer|rest
RSRC1,0.08633289,0.091107644,-0.0047747567,,,purkinje layer|rest
SYT12,0.09662802,0.10140792,-0.004779905,,,purkinje layer|rest
TUFM,0.15310772,0.15789674,-0.0047890246,,,purkinje layer|rest
SURF4,0.0955318,0.100327656,-0.004795857,,,purkinje layer|rest
RDX,0.104845405,0.10964167,-0.0047962666,,,purkinje layer|rest
KDM2A,0.107654124,0.11246564,-0.004811518,,,purkinje layer|rest
WDR61,0.13770121,0.14252031,-0.004819095,,,purkinje layer|rest
NAA35,0.10441237,0.10925505,-0.0048426837,,,purkinje layer|rest
HSD17B10,0.072293475,0.07714275,-0.0048492774,,,purkinje layer|rest
C9orf78,0.16058238,0.16544114,-0.004858762,,,purkinje layer|rest
RAP1GDS1,0.11638915,0.121248804,-0.004859656,,,purkinje layer|rest
SNRPD1,0.1261426,0.13101065,-0.0048680454,,,purkinje layer|rest
DNAJA4,0.075492576,0.08036259,-0.0048700124,,,purkinje layer|rest
RAP1GAP,0.07910426,0.08397611,-0.0048718527,,,purkinje layer|rest
SH3KBP1,0.081055924,0.08594122,-0.0048852935,,,purkinje layer|rest
RANGAP1,0.06856222,0.07345714,-0.0048949197,,,purkinje layer|rest
WWP1,0.08448028,0.089375824,-0.0048955455,,,purkinje layer|rest
CSNK1A1,0.168587,0.17348713,-0.0049001276,,,purkinje layer|rest
SACM1L,0.07695416,0.08186495,-0.0049107894,,,purkinje layer|rest
FAM49B,0.094477415,0.09938967,-0.004912257,,,purkinje layer|rest
MAPK9,0.17433338,0.17924726,-0.0049138814,,,purkinje layer|rest
MORN1,0.25771457,0.2626288,-0.004914224,,,purkinje layer|rest
RETREG1,0.13155544,0.13647011,-0.004914671,,,purkinje layer|rest
DDR1,0.07368829,0.078609064,-0.004920773,,,purkinje layer|rest
ZC2HC1A,0.086193964,0.09112018,-0.0049262196,,,purkinje layer|rest
IARS,0.06900825,0.07393652,-0.0049282685,,,purkinje layer|rest
CHIC2,0.17579786,0.18073107,-0.004933208,,,purkinje layer|rest
COPS3,0.09786541,0.10280111,-0.0049356967,,,purkinje layer|rest
HOMER3,0.9553955,0.9603345,-0.00493896,,,purkinje layer|rest
MGLL,0.06914442,0.0740838,-0.0049393773,,,purkinje layer|rest
ARMC8,0.09419399,0.099142484,-0.004948497,,,purkinje layer|rest
NR2F1,0.29831582,0.30326903,-0.0049532056,,,purkinje layer|rest
CTTN,0.07533975,0.080297746,-0.0049579963,,,purkinje layer|rest
TCF25,0.1253386,0.13029855,-0.004959956,,,purkinje layer|rest
CALCOCO2,0.08988128,0.094846666,-0.0049653873,,,purkinje layer|rest
RBM5,0.087315805,0.092281856,-0.0049660504,,,purkinje layer|rest
GNA12,0.08912743,0.094098195,-0.0049707666,,,purkinje layer|rest
CSNK1D,0.10058495,0.10555632,-0.00497137,,,purkinje layer|rest
ZMYND11,0.17365569,0.17863432,-0.004978627,,,purkinje layer|rest
API5,0.07342885,0.07841194,-0.00498309,,,purkinje layer|rest
CACNA2D2,0.12666565,0.1316603,-0.0049946457,,,purkinje layer|rest
CARM1,0.065659136,0.070657566,-0.0049984306,,,purkinje layer|rest
TOX4,0.09286225,0.09786734,-0.0050050914,,,purkinje layer|rest
CSE1L,0.08418116,0.089189835,-0.005008675,,,purkinje layer|rest
ANXA7,0.10955596,0.11456792,-0.005011961,,,purkinje layer|rest
GPR155,0.08879467,0.09381899,-0.0050243214,,,purkinje layer|rest
KITLG,0.12695707,0.13198143,-0.0050243586,,,purkinje layer|rest
MALSU1,0.10082288,0.10584907,-0.0050261915,,,purkinje layer|rest
SEC23A,0.07154835,0.07658056,-0.0050322115,,,purkinje layer|rest
FBXW11,0.13201335,0.13705803,-0.005044684,,,purkinje layer|rest
NME3,0.14536214,0.15040857,-0.0050464272,,,purkinje layer|rest
HAPLN4,0.11354718,0.11860081,-0.0050536245,,,purkinje layer|rest
PTPRF,0.09444795,0.099503234,-0.005055286,,,purkinje layer|rest
MAP2K4,0.091054276,0.09611265,-0.005058378,,,purkinje layer|rest
FGFR3,0.3365965,0.3416571,-0.005060613,,,purkinje layer|rest
FBXO21,0.07999974,0.085061766,-0.0050620288,,,purkinje layer|rest
NACC2,0.15486082,0.15994057,-0.0050797462,,,purkinje layer|rest
TTC1,0.1129103,0.11799095,-0.0050806478,,,purkinje layer|rest
MICAL2,0.11606486,0.121148504,-0.005083643,,,purkinje layer|rest
APC,0.17717852,0.18226649,-0.0050879717,,,purkinje layer|rest
PRAF2,0.1435272,0.14862,-0.0050927997,,,purkinje layer|rest
SSR1,0.08388795,0.089001074,-0.005113125,,,purkinje layer|rest
SQSTM1,0.27876392,0.28388137,-0.005117446,,,purkinje layer|rest
PSMA4,0.17467184,0.17979035,-0.005118504,,,purkinje layer|rest
PBX1,0.15378252,0.15891062,-0.0051281005,,,purkinje layer|rest
KIF21A,0.18917684,0.19431774,-0.0051409006,,,purkinje layer|rest
SKA2,0.11074409,0.11589124,-0.0051471516,,,purkinje layer|rest
CUL1,0.115769535,0.12092479,-0.005155258,,,purkinje layer|rest
NDUFA11,0.37890714,0.38406706,-0.0051599145,,,purkinje layer|rest
P4HTM,0.10690314,0.11206646,-0.0051633194,,,purkinje layer|rest
SKIV2L2,0.09969593,0.104860105,-0.005164176,,,purkinje layer|rest
MARK3,0.1709164,0.17608197,-0.005165577,,,purkinje layer|rest
CHMP2A,0.16529945,0.1704666,-0.0051671565,,,purkinje layer|rest
ACLY,0.08081564,0.08598429,-0.0051686466,,,purkinje layer|rest
RALA,0.07599216,0.081171654,-0.0051794946,,,purkinje layer|rest
ECE2,0.12577537,0.13097247,-0.005197108,,,purkinje layer|rest
USP7,0.10926939,0.11447007,-0.005200684,,,purkinje layer|rest
MAP1LC3A,0.067382716,0.072584696,-0.0052019805,,,purkinje layer|rest
ATRX,0.21269047,0.21790537,-0.0052149,,,purkinje layer|rest
COPA,0.15408126,0.15929623,-0.0052149743,,,purkinje layer|rest
DDX42,0.087639265,0.092856616,-0.005217351,,,purkinje layer|rest
METAP2,0.11995137,0.12517059,-0.005219221,,,purkinje layer|rest
RPS2,0.22154714,0.22676988,-0.005222738,,,purkinje layer|rest
RPLP0,0.30287755,0.3081008,-0.0052232444,,,purkinje layer|rest
C12orf75,0.21655723,0.2217859,-0.0052286685,,,purkinje layer|rest
CCDC136,0.08335162,0.088586636,-0.0052350163,,,purkinje layer|rest
SOS1,0.15655327,0.1618013,-0.005248025,,,purkinje layer|rest
YTHDC1,0.08641742,0.09168363,-0.005266212,,,purkinje layer|rest
SNX2,0.138658,0.14392455,-0.005266547,,,purkinje layer|rest
YLPM1,0.074453965,0.07972062,-0.0052666515,,,purkinje layer|rest
IFNGR2,0.06609883,0.07136634,-0.0052675083,,,purkinje layer|rest
HDGF,0.082482755,0.08775865,-0.0052758977,,,purkinje layer|rest
RAB5C,0.08084241,0.08612067,-0.0052782595,,,purkinje layer|rest
CDC42BPA,0.2295412,0.23482138,-0.0052801818,,,purkinje layer|rest
C6orf62,0.08947797,0.094769254,-0.005291283,,,purkinje layer|rest
CCSAP,0.07735675,0.08265122,-0.005294472,,,purkinje layer|rest
RNF157,0.0679233,0.07322411,-0.0053008124,,,purkinje layer|rest
TRAPPC9,0.1869507,0.19225618,-0.005305484,,,purkinje layer|rest
ARPC4,0.070905276,0.07621182,-0.005306542,,,purkinje layer|rest
PSMC5,0.31977054,0.32507753,-0.005306989,,,purkinje layer|rest
ARL3,0.22483489,0.23014663,-0.0053117424,,,purkinje layer|rest
PSMD3,0.1415417,0.1468579,-0.005316198,,,purkinje layer|rest
SCAPER,0.15826276,0.16359068,-0.005327925,,,purkinje layer|rest
ANKRD40,0.07342547,0.07875447,-0.005328998,,,purkinje layer|rest
ASNA1,0.09293653,0.098276295,-0.005339764,,,purkinje layer|rest
NRG3,0.13210551,0.13744593,-0.0053404123,,,purkinje layer|rest
CAMKK1,0.07598579,0.0813264,-0.0053406134,,,purkinje layer|rest
NDUFS5,0.6207521,0.6260978,-0.005345702,,,purkinje layer|rest
BCL2L2-PABPN1,0.18633446,0.19168673,-0.0053522736,,,purkinje layer|rest
PCM1,0.12971674,0.1350777,-0.005360961,,,purkinje layer|rest
APBA2,0.15597458,0.16134983,-0.005375251,,,purkinje layer|rest
NFASC,0.10737472,0.112754576,-0.0053798556,,,purkinje layer|rest
SPRYD3,0.11105454,0.11643998,-0.0053854436,,,purkinje layer|rest
GATC,0.07767023,0.083058015,-0.005387783,,,purkinje layer|rest
UBB,1.7263416,1.7317302,-0.0053886175,,,purkinje layer|rest
NAE1,0.100381054,0.10577156,-0.0053905025,,,purkinje layer|rest
INA,0.46599913,0.47139302,-0.0053938925,,,purkinje layer|rest
TSG101,0.09487328,0.100271255,-0.0053979754,,,purkinje layer|rest
CMAS,0.12714756,0.1325583,-0.0054107457,,,purkinje layer|rest
SYBU,0.33015776,0.33558235,-0.005424589,,,purkinje layer|rest
WASF1,0.08675752,0.092189625,-0.0054321066,,,purkinje layer|rest
GRIA4,0.5063911,0.51182353,-0.005432427,,,purkinje layer|rest
SSX2IP,0.087016955,0.09245658,-0.005439624,,,purkinje layer|rest
GRIA1,0.18910092,0.1945421,-0.005441174,,,purkinje layer|rest
KDSR,0.08155076,0.08701613,-0.005465366,,,purkinje layer|rest
MBOAT2,0.08413073,0.089599125,-0.0054683983,,,purkinje layer|rest
SREBF2,0.0798134,0.0852839,-0.0054704994,,,purkinje layer|rest
TSPAN3,0.35967714,0.3651512,-0.005474061,,,purkinje layer|rest
PAPOLA,0.12928489,0.13476533,-0.0054804385,,,purkinje layer|rest
MRPL49,0.08938026,0.09486149,-0.0054812357,,,purkinje layer|rest
COX16,0.14142956,0.14691629,-0.0054867268,,,purkinje layer|rest
RER1,0.10473196,0.11023223,-0.0055002645,,,purkinje layer|rest
STRN3,0.12919766,0.13469863,-0.0055009723,,,purkinje layer|rest
TPGS2,0.09572756,0.10122996,-0.0055023953,,,purkinje layer|rest
SCN1A,0.07182092,0.07732606,-0.005505137,,,purkinje layer|rest
DDX1,0.16391201,0.16941975,-0.0055077374,,,purkinje layer|rest
EXOC5,0.123160355,0.12867087,-0.0055105165,,,purkinje layer|rest
FBXL16,0.1541384,0.15965383,-0.0055154264,,,purkinje layer|rest
HERPUD1,0.08872696,0.09424263,-0.0055156723,,,purkinje layer|rest
MYL12A,0.9060215,0.9115385,-0.005517006,,,purkinje layer|rest
GNB5,0.09138419,0.096904986,-0.0055207983,,,purkinje layer|rest
TOMM70,0.06820933,0.07373318,-0.005523853,,,purkinje layer|rest
YPEL,0.19152246,0.19704859,-0.0055261254,,,purkinje layer|rest
RBM26,0.14871535,0.15424733,-0.0055319816,,,purkinje layer|rest
SNRPD3,0.122674435,0.12822226,-0.0055478215,,,purkinje layer|rest
RNF40,0.078195885,0.08374678,-0.0055508986,,,purkinje layer|rest
MXRA7,0.07476782,0.08033713,-0.005569309,,,purkinje layer|rest
DTD1,0.18824846,0.19382294,-0.0055744797,,,purkinje layer|rest
NUDT4,0.11482849,0.12040967,-0.005581178,,,purkinje layer|rest
KCTD2,0.1580101,0.1635934,-0.005583301,,,purkinje layer|rest
SLC4A4,0.72026324,0.7258515,-0.0055882335,,,purkinje layer|rest
TIMM17A,0.115566656,0.12115518,-0.005588524,,,purkinje layer|rest
HSPA4,0.10155674,0.107157566,-0.005600825,,,purkinje layer|rest
TMEM14A,0.1540308,0.15964583,-0.0056150258,,,purkinje layer|rest
EMC2,0.0739114,0.07952971,-0.0056183115,,,purkinje layer|rest
ZNF462,0.08937702,0.09500007,-0.00562305,,,purkinje layer|rest
PARD6A,0.088411406,0.09403484,-0.0056234375,,,purkinje layer|rest
DAGLA,0.08083497,0.08646097,-0.0056260005,,,purkinje layer|rest
PRELP,0.085202776,0.090835676,-0.0056328997,,,purkinje layer|rest
PFKM,0.18829302,0.19392838,-0.005635351,,,purkinje layer|rest
PIP4K2B,0.12097816,0.12661427,-0.005636111,,,purkinje layer|rest
ARHGAP12,0.1324772,0.1381141,-0.0056369007,,,purkinje layer|rest
KALRN,0.18138225,0.18701948,-0.0056372285,,,purkinje layer|rest
CFDP1,0.25037506,0.25601503,-0.0056399703,,,purkinje layer|rest
UBE2E1,0.07511649,0.08075679,-0.005640298,,,purkinje layer|rest
ATP8A1,0.0778231,0.083467245,-0.0056441426,,,purkinje layer|rest
FDFT1,0.16032276,0.16597177,-0.0056490153,,,purkinje layer|rest
PTGES2,0.11067733,0.11633403,-0.005656697,,,purkinje layer|rest
AMPH,0.09824158,0.1039018,-0.005660221,,,purkinje layer|rest
SAT2,0.101018205,0.10667856,-0.005660355,,,purkinje layer|rest
HNRNPR,0.09964942,0.10531163,-0.0056622103,,,purkinje layer|rest
NDUFV3,0.19871055,0.20437463,-0.0056640804,,,purkinje layer|rest
USP33,0.116568714,0.12223414,-0.005665429,,,purkinje layer|rest
AGPAT3,0.11221967,0.117904045,-0.0056843758,,,purkinje layer|rest
RNH1,0.08635097,0.092038736,-0.005687766,,,purkinje layer|rest
ZNHIT1,0.16653182,0.17222738,-0.0056955665,,,purkinje layer|rest
SPNS2,0.08739646,0.093103044,-0.005706586,,,purkinje layer|rest
TMEM127,0.08357134,0.089282274,-0.005710937,,,purkinje layer|rest
MRPL15,0.07629217,0.0820033,-0.005711131,,,purkinje layer|rest
PENK,0.12089597,0.12660755,-0.0057115853,,,purkinje layer|rest
EXOC1,0.08722478,0.09293892,-0.005714141,,,purkinje layer|rest
CBLN3,0.13636428,0.14208034,-0.0057160556,,,purkinje layer|rest
PINK1,0.18796627,0.19368243,-0.00571616,,,purkinje layer|rest
AASDHPPT,0.10130997,0.10702797,-0.0057180002,,,purkinje layer|rest
LEPROTL1,0.08110124,0.086828135,-0.005726896,,,purkinje layer|rest
DST,0.31723377,0.32296377,-0.005730003,,,purkinje layer|rest
APRT,0.13301936,0.13874954,-0.005730182,,,purkinje layer|rest
TMED9,0.08418428,0.08991981,-0.0057355314,,,purkinje layer|rest
PTK2,0.14717312,0.15290958,-0.0057364553,,,purkinje layer|rest
SNAP91,0.19296026,0.19871204,-0.0057517737,,,purkinje layer|rest
RPS10,0.5981564,0.6039109,-0.0057545304,,,purkinje layer|rest
FCHSD2,0.15362182,0.1593801,-0.0057582706,,,purkinje layer|rest
TP53BP1,0.13828382,0.14404953,-0.0057657063,,,purkinje layer|rest
EIF3M,0.09063817,0.096411094,-0.005772926,,,purkinje layer|rest
PLXDC1,0.1284451,0.13421804,-0.0057729334,,,purkinje layer|rest
SGK1,0.08717365,0.09294887,-0.0057752207,,,purkinje layer|rest
ZFYVE27,0.080490224,0.08626694,-0.0057767183,,,purkinje layer|rest
ABHD17B,0.07329226,0.07907833,-0.0057860687,,,purkinje layer|rest
POLDIP2,0.09267668,0.09846392,-0.005787246,,,purkinje layer|rest
TBC1D9B,0.098936014,0.10473052,-0.005794503,,,purkinje layer|rest
HOPX,0.075888865,0.08168601,-0.0057971478,,,purkinje layer|rest
FBXO10,0.21604797,0.22184767,-0.005799696,,,purkinje layer|rest
EIF5B,0.1297327,0.1355332,-0.0058005005,,,purkinje layer|rest
MAN1A2,0.080888346,0.08669258,-0.0058042333,,,purkinje layer|rest
SF3A1,0.079743475,0.08555447,-0.0058109984,,,purkinje layer|rest
SIK3,0.22563508,0.23144704,-0.0058119595,,,purkinje layer|rest
SLC38A2,0.09305574,0.09886925,-0.005813509,,,purkinje layer|rest
UNC80,0.13682657,0.14264236,-0.005815789,,,purkinje layer|rest
CISD1,0.21987708,0.22569516,-0.005818084,,,purkinje layer|rest
DYNC1LI2,0.14219946,0.14803429,-0.005834833,,,purkinje layer|rest
TMED10,0.09857058,0.10440726,-0.0058366805,,,purkinje layer|rest
VAPA,0.17470284,0.18054447,-0.0058416277,,,purkinje layer|rest
SEPT2,0.1090594,0.11490232,-0.0058429167,,,purkinje layer|rest
DNAJA1,0.11684813,0.122692525,-0.005844392,,,purkinje layer|rest
ABHD17A,0.1023264,0.10817408,-0.0058476776,,,purkinje layer|rest
RAD21,0.15892549,0.16478568,-0.0058601946,,,purkinje layer|rest
TMEM9B,0.09122424,0.09709454,-0.005870305,,,purkinje layer|rest
DMXL2,0.10548466,0.11136321,-0.005878553,,,purkinje layer|rest
RAB12,0.08268983,0.08857449,-0.0058846623,,,purkinje layer|rest
ARHGEF12,0.11874965,0.1246462,-0.0058965534,,,purkinje layer|rest
ACIN1,0.08725665,0.093156435,-0.005899787,,,purkinje layer|rest
FAM189A1,0.0883019,0.094208375,-0.0059064776,,,purkinje layer|rest
NEFL,0.34446546,0.35037342,-0.005907953,,,purkinje layer|rest
COPRS,0.19218135,0.19810316,-0.005921811,,,purkinje layer|rest
TMCO6,0.06931642,0.075238384,-0.0059219673,,,purkinje layer|rest
SYN1,0.06930423,0.075226985,-0.005922757,,,purkinje layer|rest
UBA1,0.10517128,0.11109414,-0.0059228614,,,purkinje layer|rest
HPCAL4,0.088838026,0.094767675,-0.005929649,,,purkinje layer|rest
CCPG1,0.07057952,0.07651077,-0.0059312508,,,purkinje layer|rest
ARG2,0.12322645,0.1291669,-0.005940452,,,purkinje layer|rest
GOT2,0.15407765,0.16001913,-0.0059414804,,,purkinje layer|rest
PHYHIPL,0.18192388,0.18787698,-0.0059531033,,,purkinje layer|rest
DNAJC7,0.088393345,0.094347805,-0.0059544593,,,purkinje layer|rest
IMPAD1,0.09813127,0.10410127,-0.005970001,,,purkinje layer|rest
KDM1A,0.07382814,0.079799645,-0.0059715062,,,purkinje layer|rest
MRPL27,0.18634436,0.19232447,-0.005980119,,,purkinje layer|rest
GGNBP2,0.11592225,0.12190261,-0.0059803575,,,purkinje layer|rest
ATP6V1G2,0.17247893,0.1784656,-0.0059866756,,,purkinje layer|rest
SRCIN1,0.07149093,0.07748047,-0.005989544,,,purkinje layer|rest
ARL1,0.10133987,0.107333176,-0.0059933066,,,purkinje layer|rest
ECSIT,0.09085555,0.09685536,-0.005999811,,,purkinje layer|rest
SFPQ,0.14459437,0.15060297,-0.006008595,,,purkinje layer|rest
TMEM8B,0.11039475,0.11640807,-0.006013319,,,purkinje layer|rest
MAPRE2,0.3059641,0.31199074,-0.0060266256,,,purkinje layer|rest
LRPAP1,0.16577114,0.17179795,-0.0060268044,,,purkinje layer|rest
RACK1,0.37680718,0.3828423,-0.0060351193,,,purkinje layer|rest
CCT3,0.17084998,0.17688525,-0.0060352683,,,purkinje layer|rest
EVL,0.16535626,0.17141908,-0.0060628206,,,purkinje layer|rest
COPS8,0.15518178,0.16124688,-0.0060651004,,,purkinje layer|rest
LCMT1,0.083349556,0.08942055,-0.006070994,,,purkinje layer|rest
TMEM53,0.110278666,0.11635857,-0.0060799047,,,purkinje layer|rest
LARP1,0.14169466,0.14777799,-0.0060833246,,,purkinje layer|rest
NDUFAB1,0.4220498,0.4281373,-0.006087512,,,purkinje layer|rest
CELF2,0.23952003,0.24561423,-0.0060942024,,,purkinje layer|rest
C7orf55-LUC7L2,0.18444793,0.19054526,-0.0060973316,,,purkinje layer|rest
PFKFB3,0.11922561,0.12532803,-0.006102428,,,purkinje layer|rest
INTS3,0.06974383,0.07585131,-0.0061074793,,,purkinje layer|rest
ASH1L,0.2158234,0.22193305,-0.006109655,,,purkinje layer|rest
ACTR3,0.10005827,0.106171854,-0.0061135814,,,purkinje layer|rest
DNAJB11,0.0755128,0.081627905,-0.0061151087,,,purkinje layer|rest
STK25,0.078055866,0.084174514,-0.0061186478,,,purkinje layer|rest
USO1,0.11471998,0.12084758,-0.0061276034,,,purkinje layer|rest
GSTA4,0.10952452,0.11565645,-0.006131932,,,purkinje layer|rest
NCOA2,0.12362592,0.12976807,-0.0061421543,,,purkinje layer|rest
ZDHHC17,0.072346956,0.078490935,-0.0061439797,,,purkinje layer|rest
ZFP36L1,0.07624512,0.08240144,-0.006156318,,,purkinje layer|rest
TPRG1L,0.10570752,0.11186518,-0.006157659,,,purkinje layer|rest
CA11,0.07592903,0.08208736,-0.0061583295,,,purkinje layer|rest
NDUFA7,0.25855812,0.26471686,-0.0061587393,,,purkinje layer|rest
SEMA6D,0.2106748,0.21684423,-0.0061694235,,,purkinje layer|rest
MFN2,0.082836546,0.089010745,-0.0061741993,,,purkinje layer|rest
ATP9A,0.13348746,0.1396628,-0.006175339,,,purkinje layer|rest
SF3B2,0.122550346,0.12873025,-0.0061799064,,,purkinje layer|rest
RAB21,0.106679246,0.11286431,-0.006185062,,,purkinje layer|rest
GSTM5,0.18383364,0.19002129,-0.0061876476,,,purkinje layer|rest
CUL5,0.10803162,0.11421959,-0.006187968,,,purkinje layer|rest
BRD8,0.09796513,0.10415315,-0.00618802,,,purkinje layer|rest
RPL8,0.5255405,0.531731,-0.0061905384,,,purkinje layer|rest
ATP6V0D1,0.12538424,0.13157582,-0.0061915815,,,purkinje layer|rest
TRIO,0.22313453,0.22932725,-0.006192714,,,purkinje layer|rest
SS18L2,0.12104101,0.12724155,-0.0062005445,,,purkinje layer|rest
STEAP2,0.07624825,0.08244944,-0.0062011927,,,purkinje layer|rest
MPZL1,0.071764454,0.07796914,-0.006204687,,,purkinje layer|rest
FBXO11,0.12390542,0.13011107,-0.006205648,,,purkinje layer|rest
ADNP,0.13945784,0.14566702,-0.0062091798,,,purkinje layer|rest
ANXA6,0.10574322,0.111955695,-0.006212473,,,purkinje layer|rest
GRK2,0.08091916,0.0871349,-0.0062157363,,,purkinje layer|rest
ARID1A,0.0727491,0.0789682,-0.0062190965,,,purkinje layer|rest
MRPL35,0.1351313,0.14136024,-0.0062289387,,,purkinje layer|rest
GNPAT,0.07602546,0.082256906,-0.006231442,,,purkinje layer|rest
IVNS1ABP,0.15732488,0.1635585,-0.0062336177,,,purkinje layer|rest
SMARCD3,0.08724079,0.093483634,-0.0062428415,,,purkinje layer|rest
SEZ6L,0.08809584,0.09436926,-0.006273426,,,purkinje layer|rest
CDK17,0.09359157,0.0998729,-0.006281331,,,purkinje layer|rest
STAU2,0.14470775,0.15099233,-0.0062845796,,,purkinje layer|rest
EFNA5,0.10602905,0.11231577,-0.006286718,,,purkinje layer|rest
RAB3A,0.07036599,0.07667006,-0.0063040704,,,purkinje layer|rest
R3HDM2,0.08576311,0.092079625,-0.006316513,,,purkinje layer|rest
KCNMB4,0.08923359,0.095552735,-0.006319143,,,purkinje layer|rest
CRMP1,0.23201989,0.23833904,-0.0063191503,,,purkinje layer|rest
EEF1D,0.11625661,0.122575924,-0.0063193142,,,purkinje layer|rest
TMX3,0.07809903,0.08442458,-0.0063255504,,,purkinje layer|rest
BCAP31,0.16298924,0.16932328,-0.0063340366,,,purkinje layer|rest
CDC37,0.12202243,0.12835848,-0.0063360557,,,purkinje layer|rest
AGPAT5,0.11007407,0.11641236,-0.0063382834,,,purkinje layer|rest
ATP6V1G1,0.23069571,0.23703924,-0.0063435286,,,purkinje layer|rest
CHPF,0.08424424,0.09058972,-0.0063454807,,,purkinje layer|rest
PPP2CB,0.21740314,0.22374955,-0.0063464046,,,purkinje layer|rest
GLS,0.11440629,0.12076068,-0.0063543916,,,purkinje layer|rest
NCAM2,0.12333258,0.12969393,-0.006361343,,,purkinje layer|rest
ARHGEF7,0.16118379,0.16754599,-0.0063622,,,purkinje layer|rest
STK11,0.08035963,0.08672425,-0.006364621,,,purkinje layer|rest
IDH3G,0.07467113,0.08104197,-0.0063708425,,,purkinje layer|rest
IP6K2,0.11447173,0.120848104,-0.006376371,,,purkinje layer|rest
GPS1,0.13297491,0.13935228,-0.006377369,,,purkinje layer|rest
SYNJ1,0.11517475,0.121558666,-0.006383918,,,purkinje layer|rest
CADM4,0.07348197,0.07986689,-0.006384924,,,purkinje layer|rest
CTNNA1,0.09933988,0.10572559,-0.0063857064,,,purkinje layer|rest
EIF3F,0.104382746,0.11076946,-0.006386712,,,purkinje layer|rest
FAM171B,0.1083717,0.1147677,-0.006396003,,,purkinje layer|rest
PTPN11,0.11363706,0.120040834,-0.006403774,,,purkinje layer|rest
TMEM25,0.13169397,0.13811132,-0.006417349,,,purkinje layer|rest
POLR2I,0.16874428,0.17517549,-0.006431207,,,purkinje layer|rest
EEF1B2,0.15668961,0.16312242,-0.0064328015,,,purkinje layer|rest
RUSC1,0.09613753,0.1025868,-0.0064492673,,,purkinje layer|rest
IQCH,0.104593575,0.11105707,-0.006463498,,,purkinje layer|rest
CRKL,0.09809193,0.10455815,-0.0064662173,,,purkinje layer|rest
SKOR1,0.09783765,0.10430866,-0.006471008,,,purkinje layer|rest
LMBRD1,0.13439666,0.14087012,-0.0064734668,,,purkinje layer|rest
WDR47,0.089291036,0.095766604,-0.006475568,,,purkinje layer|rest
MAN1A1,0.08283538,0.089314036,-0.0064786524,,,purkinje layer|rest
THYN1,0.08439307,0.09089061,-0.0064975396,,,purkinje layer|rest
VSTM2L,0.11662718,0.1231292,-0.0065020174,,,purkinje layer|rest
RSL24D1,0.091160774,0.09766707,-0.006506294,,,purkinje layer|rest
SURF1,0.10663841,0.113147944,-0.006509535,,,purkinje layer|rest
PRRC2B,0.11167442,0.11818459,-0.0065101683,,,purkinje layer|rest
ROBO2,0.28109428,0.2876179,-0.006523609,,,purkinje layer|rest
LAMP2,0.09918381,0.10571994,-0.006536126,,,purkinje layer|rest
ACTR10,0.16484375,0.17138067,-0.006536916,,,purkinje layer|rest
TNRC18,0.074687086,0.0812311,-0.0065440163,,,purkinje layer|rest
RAB18,0.14386238,0.1504095,-0.006547123,,,purkinje layer|rest
PPP2R5E,0.13032344,0.13687858,-0.00655514,,,purkinje layer|rest
FKBP4,0.14018112,0.14673994,-0.0065588206,,,purkinje layer|rest
SAT1,0.12528455,0.13184534,-0.0065607876,,,purkinje layer|rest
PRMT2,0.18387242,0.19043931,-0.006566897,,,purkinje layer|rest
RUFY3,0.25508708,0.26166594,-0.0065788627,,,purkinje layer|rest
TRPC3,0.18566768,0.19225858,-0.006590903,,,purkinje layer|rest
IDH3B,0.14564812,0.15224586,-0.0065977424,,,purkinje layer|rest
PSIP1,0.2118191,0.21841875,-0.00659965,,,purkinje layer|rest
CRTC1,0.11537273,0.12197419,-0.0066014603,,,purkinje layer|rest
ACSL6,0.2273012,0.23390864,-0.006607443,,,purkinje layer|rest
ELAVL4,0.09342861,0.100045934,-0.0066173226,,,purkinje layer|rest
NCDN,0.0675956,0.07422009,-0.00662449,,,purkinje layer|rest
SAE1,0.101108536,0.107738554,-0.0066300184,,,purkinje layer|rest
LIMCH1,0.18761574,0.19424595,-0.006630212,,,purkinje layer|rest
ZMAT2,0.09735545,0.10399934,-0.0066438913,,,purkinje layer|rest
ATP5J,0.61831427,0.6249676,-0.006653309,,,purkinje layer|rest
NDUFS3,0.21450341,0.22116145,-0.0066580474,,,purkinje layer|rest
ANKRD46,0.09231639,0.09897598,-0.0066595897,,,purkinje layer|rest
RTN4R,0.1164277,0.12309025,-0.006662555,,,purkinje layer|rest
TCEAL4,0.08226744,0.0889321,-0.006664656,,,purkinje layer|rest
MSH6,0.0730222,0.07968769,-0.0066654906,,,purkinje layer|rest
CAB39,0.12570268,0.13237417,-0.0066714883,,,purkinje layer|rest
FMR1,0.068778425,0.075454816,-0.0066763908,,,purkinje layer|rest
SON,0.26345244,0.27013484,-0.006682396,,,purkinje layer|rest
COX17,0.29549438,0.3021926,-0.006698221,,,purkinje layer|rest
CLCN3,0.119072735,0.12577716,-0.00670442,,,purkinje layer|rest
DNM1L,0.14479005,0.15149476,-0.006704703,,,purkinje layer|rest
IL6ST,0.15497923,0.16170618,-0.0067269504,,,purkinje layer|rest
PPM1B,0.19651765,0.20325257,-0.0067349225,,,purkinje layer|rest
GUCY1B3,0.094802864,0.1015437,-0.0067408383,,,purkinje layer|rest
CHD4,0.16089109,0.16763455,-0.006743461,,,purkinje layer|rest
WDR82,0.15369953,0.16044739,-0.0067478567,,,purkinje layer|rest
LRP11,0.082250424,0.08900068,-0.006750256,,,purkinje layer|rest
TMX2,0.11836328,0.12512393,-0.0067606494,,,purkinje layer|rest
NLK,0.07497364,0.0817355,-0.0067618564,,,purkinje layer|rest
NDUFA2,0.46504813,0.47181132,-0.00676319,,,purkinje layer|rest
KAT2B,0.09347093,0.10023463,-0.0067636967,,,purkinje layer|rest
NELFB,0.08511018,0.09187442,-0.0067642406,,,purkinje layer|rest
SPINT2,0.07110519,0.077873275,-0.006768085,,,purkinje layer|rest
POLR2B,0.09281923,0.09958875,-0.006769523,,,purkinje layer|rest
ARHGAP35,0.25285107,0.25962412,-0.0067730546,,,purkinje layer|rest
SETD7,0.09935953,0.10614572,-0.00678619,,,purkinje layer|rest
RBM10,0.082324326,0.08911195,-0.0067876205,,,purkinje layer|rest
CLTB,0.19813606,0.20492728,-0.006791219,,,purkinje layer|rest
UBE2D2,0.14083605,0.14762838,-0.0067923367,,,purkinje layer|rest
CALY,0.068691656,0.07550637,-0.006814711,,,purkinje layer|rest
BCCIP,0.112288386,0.11910495,-0.006816566,,,purkinje layer|rest
ARL6IP5,0.16178674,0.16860396,-0.0068172216,,,purkinje layer|rest
LAPTM4B,0.10648634,0.11332039,-0.006834045,,,purkinje layer|rest
ELOVL5,0.08083898,0.08767508,-0.0068361014,,,purkinje layer|rest
UBE2B,0.12924816,0.13608816,-0.0068400055,,,purkinje layer|rest
DCAF6,0.10868696,0.11552872,-0.0068417564,,,purkinje layer|rest
TCP1,0.15746747,0.16431391,-0.006846443,,,purkinje layer|rest
RPS26,0.23663206,0.24348186,-0.0068497956,,,purkinje layer|rest
GRB10,0.11685006,0.123706885,-0.0068568215,,,purkinje layer|rest
MSMO1,0.069900826,0.07676353,-0.0068627074,,,purkinje layer|rest
CTBP1,0.093180604,0.10004977,-0.006869167,,,purkinje layer|rest
ARHGEF33,0.13491958,0.14179859,-0.006879002,,,purkinje layer|rest
GTF3C1,0.083308965,0.09018824,-0.0068792775,,,purkinje layer|rest
DUS2,0.057719834,0.06461349,-0.006893657,,,purkinje layer|rest
PNMA8A,0.12109685,0.12802283,-0.006925985,,,purkinje layer|rest
GABRA6,0.16916947,0.17609584,-0.0069263726,,,purkinje layer|rest
TGOLN2,0.11537432,0.122308604,-0.006934285,,,purkinje layer|rest
TM2D1,0.11678808,0.12372968,-0.0069416016,,,purkinje layer|rest
PPP1R9B,0.07508372,0.08204027,-0.006956555,,,purkinje layer|rest
PAK1,0.2008849,0.2078467,-0.0069618076,,,purkinje layer|rest
NFE2L1,0.11326184,0.12022484,-0.0069629997,,,purkinje layer|rest
SEZ6,0.07562932,0.08259411,-0.006964788,,,purkinje layer|rest
HDAC2,0.07470078,0.08166826,-0.0069674775,,,purkinje layer|rest
TECR,0.18227099,0.18924512,-0.006974131,,,purkinje layer|rest
KIF5B,0.122851074,0.12983951,-0.006988436,,,purkinje layer|rest
HNRNPU,0.10904666,0.116042726,-0.0069960654,,,purkinje layer|rest
CUL3,0.118137375,0.12513457,-0.006997198,,,purkinje layer|rest
SV2A,0.1686654,0.17567034,-0.0070049465,,,purkinje layer|rest
ERLEC1,0.07794904,0.084957965,-0.007008925,,,purkinje layer|rest
BCR,0.16491567,0.17192718,-0.007011518,,,purkinje layer|rest
PMP22,0.12143671,0.12845226,-0.0070155486,,,purkinje layer|rest
BOLA3,0.23297986,0.24000871,-0.007028848,,,purkinje layer|rest
UBE2Q1,0.082103476,0.08913984,-0.0070363656,,,purkinje layer|rest
PSMA7,0.34841207,0.35546085,-0.0070487857,,,purkinje layer|rest
CPEB4,0.16898137,0.17603101,-0.007049635,,,purkinje layer|rest
ATOX1,0.24084955,0.24790521,-0.007055655,,,purkinje layer|rest
NUDT6,0.084843434,0.09190065,-0.0070572123,,,purkinje layer|rest
LRPPRC,0.16464923,0.17172812,-0.007078886,,,purkinje layer|rest
SLC35E2B,0.07147162,0.07856917,-0.0070975497,,,purkinje layer|rest
PPP1R7,0.08215705,0.08925679,-0.00709974,,,purkinje layer|rest
ATP5A1,0.6045479,0.61165804,-0.007110119,,,purkinje layer|rest
FXYD6,0.116104364,0.123216085,-0.0071117207,,,purkinje layer|rest
CD99L2,0.106877595,0.11400453,-0.007126935,,,purkinje layer|rest
SLC9A6,0.07512008,0.08226737,-0.00714729,,,purkinje layer|rest
CDH2,0.1399565,0.14711154,-0.007155031,,,purkinje layer|rest
SRPX,0.15595165,0.16311128,-0.0071596354,,,purkinje layer|rest
SUMO1,0.13047247,0.137633,-0.0071605295,,,purkinje layer|rest
GOLPH3,0.07666443,0.08383579,-0.007171355,,,purkinje layer|rest
TMEM160,0.101004265,0.10818028,-0.007176012,,,purkinje layer|rest
CD47,0.083558396,0.0907391,-0.0071807057,,,purkinje layer|rest
ANP32A,0.15573162,0.16292171,-0.0071900934,,,purkinje layer|rest
CNOT7,0.08357837,0.09077158,-0.0071932077,,,purkinje layer|rest
PEG3,0.116567396,0.12376099,-0.007193595,,,purkinje layer|rest
DMD,0.2391172,0.24632652,-0.007209316,,,purkinje layer|rest
AKAP2,0.0989428,0.10616697,-0.0072241724,,,purkinje layer|rest
POP5,0.08247627,0.089708045,-0.007231772,,,purkinje layer|rest
KCNC1,0.12632859,0.13356584,-0.0072372556,,,purkinje layer|rest
SHF,0.11103339,0.118276805,-0.007243417,,,purkinje layer|rest
SDHD,0.0895097,0.09677148,-0.0072617754,,,purkinje layer|rest
USP9X,0.1316422,0.13891032,-0.007268131,,,purkinje layer|rest
SLC2A1,0.085395925,0.092666365,-0.0072704405,,,purkinje layer|rest
UBA2,0.079084426,0.08636958,-0.0072851554,,,purkinje layer|rest
GMFB,0.10613877,0.1134257,-0.0072869286,,,purkinje layer|rest
SNX10,0.13454194,0.14183427,-0.0072923303,,,purkinje layer|rest
CCDC88A,0.1974756,0.20477393,-0.0072983354,,,purkinje layer|rest
CELF1,0.15164772,0.15895459,-0.007306874,,,purkinje layer|rest
CAPZA1,0.08829272,0.09559998,-0.007307261,,,purkinje layer|rest
IPO9,0.19453333,0.20184247,-0.007309139,,,purkinje layer|rest
FAM162A,0.24308422,0.2503937,-0.0073094666,,,purkinje layer|rest
DDRGK1,0.13146797,0.13880529,-0.007337317,,,purkinje layer|rest
RPL24,0.29101792,0.29837227,-0.007354349,,,purkinje layer|rest
PSMD1,0.14644457,0.15380913,-0.007364556,,,purkinje layer|rest
DRAP1,0.10493108,0.11230317,-0.0073720887,,,purkinje layer|rest
VMA21,0.097002774,0.104380295,-0.00737752,,,purkinje layer|rest
CCT4,0.16816273,0.17554812,-0.007385388,,,purkinje layer|rest
IMMT,0.08912058,0.096517734,-0.0073971525,,,purkinje layer|rest
RNF6,0.07788624,0.08529978,-0.0074135438,,,purkinje layer|rest
NMNAT2,0.18786146,0.19529279,-0.0074313283,,,purkinje layer|rest
SUPT16H,0.085872054,0.09330578,-0.0074337274,,,purkinje layer|rest
GNA11,0.07939053,0.08683005,-0.0074395165,,,purkinje layer|rest
LMO3,0.0724676,0.07991407,-0.007446468,,,purkinje layer|rest
AK6,0.16630358,0.17377852,-0.007474944,,,purkinje layer|rest
EIF3A,0.10264162,0.1101198,-0.0074781775,,,purkinje layer|rest
PACSIN1,0.0871341,0.09462396,-0.00748986,,,purkinje layer|rest
PLEKHB2,0.21127051,0.21876942,-0.007498905,,,purkinje layer|rest
CD63,0.24778731,0.25529107,-0.007503763,,,purkinje layer|rest
PUM1,0.16846256,0.17597052,-0.007507965,,,purkinje layer|rest
DNAJB2,0.19446027,0.20197718,-0.0075169057,,,purkinje layer|rest
CAPRIN1,0.12823851,0.13576968,-0.007531166,,,purkinje layer|rest
CBX6,0.1103161,0.11785813,-0.007542029,,,purkinje layer|rest
RPAIN,0.11230684,0.11985525,-0.0075484067,,,purkinje layer|rest
SPG11,0.112176284,0.119731724,-0.00755544,,,purkinje layer|rest
SPIRE1,0.1507112,0.15827248,-0.0075612813,,,purkinje layer|rest
SHANK2,0.09409303,0.10166283,-0.0075697973,,,purkinje layer|rest
HSPA5,0.2305071,0.23807937,-0.0075722635,,,purkinje layer|rest
UBE2K,0.19604155,0.2036196,-0.007578045,,,purkinje layer|rest
ZNF136,0.08656418,0.09415865,-0.007594466,,,purkinje layer|rest
NUCKS1,0.44531474,0.45291534,-0.0076006055,,,purkinje layer|rest
UBP1,0.0702298,0.07785667,-0.007626869,,,purkinje layer|rest
TIMM13,0.14838305,0.15601738,-0.007634327,,,purkinje layer|rest
RPL28,0.09068757,0.0983253,-0.0076377243,,,purkinje layer|rest
SNX3,0.365099,0.3727384,-0.0076393783,,,purkinje layer|rest
GSTO1,0.17142715,0.17906679,-0.0076396465,,,purkinje layer|rest
GNL1,0.09846407,0.10610881,-0.0076447353,,,purkinje layer|rest
AHCYL1,0.44960764,0.4572604,-0.0076527596,,,purkinje layer|rest
PDHB,0.16395018,0.17161104,-0.007660866,,,purkinje layer|rest
OAT,0.15598746,0.16365278,-0.007665321,,,purkinje layer|rest
CDC42BPB,0.08800986,0.09568725,-0.007677391,,,purkinje layer|rest
SRSF3,0.1174898,0.12517568,-0.007685885,,,purkinje layer|rest
ACYP2,0.08393208,0.09162377,-0.007691689,,,purkinje layer|rest
SLC4A10,0.1354664,0.1431606,-0.0076941997,,,purkinje layer|rest
IGSF8,0.16730642,0.17500934,-0.007702917,,,purkinje layer|rest
RCAN2,0.17062634,0.17833489,-0.0077085495,,,purkinje layer|rest
NTM,0.5319778,0.53969437,-0.007716596,,,purkinje layer|rest
PSMB4,0.2528764,0.26059487,-0.0077184737,,,purkinje layer|rest
PUM2,0.119519114,0.12726437,-0.007745251,,,purkinje layer|rest
IPO5,0.15116751,0.15892252,-0.0077550113,,,purkinje layer|rest
PTN,0.47610608,0.48386487,-0.007758796,,,purkinje layer|rest
CHPT1,0.09982569,0.1076125,-0.0077868104,,,purkinje layer|rest
ELOB,0.49548605,0.50328314,-0.007797092,,,purkinje layer|rest
ARF4,0.12456644,0.13236506,-0.0077986196,,,purkinje layer|rest
UROS,0.13439108,0.1421929,-0.007801816,,,purkinje layer|rest
GOLGA1,0.13561012,0.14341602,-0.007805899,,,purkinje layer|rest
ATP5G3,0.35010925,0.35791957,-0.0078103244,,,purkinje layer|rest
PSMB6,0.25214472,0.25996554,-0.007820815,,,purkinje layer|rest
SGCB,0.08628481,0.09410867,-0.007823862,,,purkinje layer|rest
SUCLA2,0.12194969,0.1297754,-0.007825717,,,purkinje layer|rest
PICALM,0.13390271,0.1417312,-0.007828489,,,purkinje layer|rest
ACBD5,0.08157749,0.089406155,-0.007828668,,,purkinje layer|rest
MGEA5,0.12371956,0.13155867,-0.0078391135,,,purkinje layer|rest
VPS26B,0.12990426,0.1377722,-0.007867947,,,purkinje layer|rest
NELL2,0.22874542,0.23662695,-0.007881537,,,purkinje layer|rest
DPP7,0.1044071,0.11230717,-0.007900067,,,purkinje layer|rest
SLC12A5,0.29303902,0.30094564,-0.007906616,,,purkinje layer|rest
ADGRL1,0.13522936,0.1431378,-0.007908434,,,purkinje layer|rest
NECAB1,0.08501741,0.09294645,-0.0079290345,,,purkinje layer|rest
LRRTM4,0.40931937,0.41724914,-0.007929772,,,purkinje layer|rest
TCTE1,0.11854448,0.12647995,-0.007935472,,,purkinje layer|rest
TMEM14B,0.1582609,0.16623655,-0.007975653,,,purkinje layer|rest
ZNF706,0.19753456,0.20551229,-0.007977724,,,purkinje layer|rest
NBR1,0.10300331,0.111009456,-0.008006148,,,purkinje layer|rest
CDS1,0.114083245,0.12209194,-0.008008696,,,purkinje layer|rest
NDFIP2,0.1259879,0.13400632,-0.008018419,,,purkinje layer|rest
TERF2IP,0.24380997,0.25183472,-0.008024752,,,purkinje layer|rest
DENND5A,0.09571629,0.10374632,-0.008030027,,,purkinje layer|rest
PLPPR4,0.07969995,0.08773299,-0.008033045,,,purkinje layer|rest
RAB14,0.17335562,0.18138894,-0.00803332,,,purkinje layer|rest
TKT,0.13562757,0.14366765,-0.008040085,,,purkinje layer|rest
PRKCG,0.07946462,0.08751602,-0.008051395,,,purkinje layer|rest
RCOR3,0.07178734,0.07984203,-0.008054689,,,purkinje layer|rest
CYHR1,0.10969884,0.11776254,-0.008063704,,,purkinje layer|rest
ZBTB4,0.11789185,0.12595809,-0.008066237,,,purkinje layer|rest
CCDC51,0.06101144,0.0690878,-0.008076362,,,purkinje layer|rest
CAND1,0.12564972,0.13372831,-0.00807859,,,purkinje layer|rest
ERH,0.15648395,0.1645648,-0.008080855,,,purkinje layer|rest
SNCB,0.24204257,0.25012928,-0.008086711,,,purkinje layer|rest
TRIP12,0.12771945,0.13580966,-0.008090213,,,purkinje layer|rest
ATP2C1,0.120343715,0.12844387,-0.008100152,,,purkinje layer|rest
POLR2E,0.20744742,0.2155481,-0.008100674,,,purkinje layer|rest
HIPK1,0.091677845,0.09980005,-0.008122206,,,purkinje layer|rest
LRIG1,0.17148587,0.17961258,-0.008126706,,,purkinje layer|rest
AP1S2,0.18033975,0.18847647,-0.008136719,,,purkinje layer|rest
SARAF,0.09310013,0.10123999,-0.008139856,,,purkinje layer|rest
CORO2B,0.13872378,0.14686762,-0.008143842,,,purkinje layer|rest
B3GAT1,0.080446474,0.08859554,-0.008149065,,,purkinje layer|rest
PHF10,0.12175806,0.12991045,-0.0081523955,,,purkinje layer|rest
CNBP,0.20368473,0.21183999,-0.0081552565,,,purkinje layer|rest
PCBP1,0.07287555,0.08103614,-0.008160591,,,purkinje layer|rest
SSR4,0.20084488,0.20900624,-0.008161351,,,purkinje layer|rest
ARHGEF40,0.0897568,0.09792183,-0.008165032,,,purkinje layer|rest
UBXN1,0.14843652,0.15660232,-0.0081658065,,,purkinje layer|rest
TM9SF2,0.09798348,0.1061506,-0.008167118,,,purkinje layer|rest
CBX3,0.1306839,0.138855,-0.008171096,,,purkinje layer|rest
NOP10,0.21551201,0.22368659,-0.008174583,,,purkinje layer|rest
HTATSF1,0.124460176,0.13265584,-0.008195668,,,purkinje layer|rest
CADM3,0.17982273,0.18802252,-0.008199796,,,purkinje layer|rest
SMIM29,0.15144119,0.1596412,-0.00820002,,,purkinje layer|rest
PUF60,0.122365005,0.13056682,-0.008201815,,,purkinje layer|rest
STARD3NL,0.14235769,0.15057538,-0.008217692,,,purkinje layer|rest
UBXN11,0.18720478,0.19544584,-0.008241057,,,purkinje layer|rest
ELOVL2,0.08927412,0.09751797,-0.008243844,,,purkinje layer|rest
TF,0.11467392,0.1229432,-0.00826928,,,purkinje layer|rest
RPL5,0.18475667,0.19304715,-0.008290485,,,purkinje layer|rest
SLC17A7,0.19400613,0.2023083,-0.008302167,,,purkinje layer|rest
MTSS1,0.4856457,0.49394795,-0.008302242,,,purkinje layer|rest
GPR162,0.094331056,0.102637075,-0.008306019,,,purkinje layer|rest
HSPA9,0.14850363,0.15681186,-0.008308232,,,purkinje layer|rest
AKIRIN2,0.07780316,0.08612124,-0.0083180815,,,purkinje layer|rest
TRIM37,0.2521364,0.26045585,-0.0083194375,,,purkinje layer|rest
RUSC2,0.09540249,0.1037318,-0.008329317,,,purkinje layer|rest
MRPS23,0.123192795,0.13152768,-0.008334883,,,purkinje layer|rest
HERC1,0.14040895,0.14874408,-0.008335128,,,purkinje layer|rest
CLASP2,0.26166186,0.27000836,-0.008346498,,,purkinje layer|rest
TALDO1,0.1489227,0.15726928,-0.008346587,,,purkinje layer|rest
IDH2,0.08760632,0.095976435,-0.008370116,,,purkinje layer|rest
SMG7,0.071428016,0.07980814,-0.0083801225,,,purkinje layer|rest
AGBL5,0.09053702,0.0989188,-0.008381784,,,purkinje layer|rest
WASL,0.16546078,0.17384583,-0.008385047,,,purkinje layer|rest
BRD2,0.082577005,0.09096656,-0.008389555,,,purkinje layer|rest
HUWE1,0.12920257,0.13759379,-0.008391216,,,purkinje layer|rest
SNF8,0.16555755,0.17396186,-0.0084043145,,,purkinje layer|rest
SSNA1,0.12793379,0.13634428,-0.0084104985,,,purkinje layer|rest
KIAA1191,0.07363204,0.08204519,-0.008413151,,,purkinje layer|rest
NOL7,0.26181793,0.27024016,-0.008422226,,,purkinje layer|rest
HIF1A,0.12379963,0.13223004,-0.008430414,,,purkinje layer|rest
LUC7L,0.106626816,0.11507981,-0.008452997,,,purkinje layer|rest
CLDND1,0.09423694,0.102692485,-0.008455545,,,purkinje layer|rest
TRIR,0.15174955,0.16021362,-0.008464068,,,purkinje layer|rest
HNRNPH3,0.11805452,0.12652329,-0.0084687695,,,purkinje layer|rest
CELSR2,0.08727414,0.095758334,-0.008484192,,,purkinje layer|rest
SYN3,0.12688941,0.13538483,-0.00849542,,,purkinje layer|rest
GNAL,0.08329527,0.091799095,-0.0085038245,,,purkinje layer|rest
SCAMP1,0.14109842,0.14960472,-0.008506298,,,purkinje layer|rest
B4GALT6,0.07198743,0.08049597,-0.008508541,,,purkinje layer|rest
CRYAB,0.61446565,0.6229843,-0.008518636,,,purkinje layer|rest
GABRD,0.1488939,0.15741488,-0.008520991,,,purkinje layer|rest
GRIK1,0.22314706,0.23166984,-0.008522779,,,purkinje layer|rest
SUPT5H,0.075339444,0.08386428,-0.008524835,,,purkinje layer|rest
ANO4,0.08691722,0.095471315,-0.008554094,,,purkinje layer|rest
SYT7,0.20148265,0.21004497,-0.0085623115,,,purkinje layer|rest
GABBR2,0.14926918,0.15783711,-0.008567929,,,purkinje layer|rest
PDHX,0.076937445,0.08554634,-0.008608893,,,purkinje layer|rest
ALMS1,0.2546649,0.26328087,-0.008615971,,,purkinje layer|rest
PTP4A2,0.1395575,0.14817373,-0.008616239,,,purkinje layer|rest
SPCS1,0.27928972,0.28791654,-0.008626819,,,purkinje layer|rest
DDHD2,0.117890105,0.1265212,-0.008631095,,,purkinje layer|rest
PPP1R12C,0.06692751,0.075579196,-0.008651689,,,purkinje layer|rest
EIF4B,0.06488576,0.073570736,-0.008684978,,,purkinje layer|rest
TRAF7,0.11900146,0.12769854,-0.008697078,,,purkinje layer|rest
IQCK,0.39651746,0.40521565,-0.008698195,,,purkinje layer|rest
NRCAM,0.34502822,0.35372734,-0.008699119,,,purkinje layer|rest
CHKA,0.100787506,0.10949451,-0.008707002,,,purkinje layer|rest
CSDC2,0.09110591,0.09982367,-0.00871776,,,purkinje layer|rest
ARPC1A,0.09228303,0.101003975,-0.008720942,,,purkinje layer|rest
HNRNPH1,0.08404142,0.09276863,-0.008727215,,,purkinje layer|rest
CAMK2A,0.07331655,0.08205043,-0.008733876,,,purkinje layer|rest
GNAI2,0.12082511,0.12956734,-0.008742228,,,purkinje layer|rest
EHD3,0.11310732,0.121883824,-0.008776501,,,purkinje layer|rest
RANBP1,0.10247211,0.111257106,-0.0087849945,,,purkinje layer|rest
STIP1,0.104007915,0.11280973,-0.008801818,,,purkinje layer|rest
SKP1,0.057713833,0.06653414,-0.0088203065,,,purkinje layer|rest
TMEM178A,0.2045005,0.21332198,-0.008821487,,,purkinje layer|rest
TNPO2,0.058596008,0.06743568,-0.008839674,,,purkinje layer|rest
OSBPL1A,0.17525922,0.18410787,-0.008848652,,,purkinje layer|rest
RIC3,0.11880661,0.12765689,-0.008850284,,,purkinje layer|rest
FEZ1,0.28496173,0.29383665,-0.008874923,,,purkinje layer|rest
AKR1B1,0.18029295,0.18917038,-0.008877426,,,purkinje layer|rest
PLA2G16,0.12853034,0.13741702,-0.00888668,,,purkinje layer|rest
QSOX1,0.089380614,0.09828717,-0.008906558,,,purkinje layer|rest
ESRRG,0.15826517,0.16717964,-0.008914471,,,purkinje layer|rest
PRDX3,0.14267397,0.15159431,-0.008920342,,,purkinje layer|rest
ARF1,0.16254431,0.17148449,-0.008940175,,,purkinje layer|rest
MAPK1,0.2483338,0.2572787,-0.008944914,,,purkinje layer|rest
POMP,0.19986536,0.2088263,-0.008960947,,,purkinje layer|rest
ARL2,0.21116199,0.22015215,-0.008990169,,,purkinje layer|rest
MAP4K3,0.21086958,0.21987174,-0.009002164,,,purkinje layer|rest
RPS11,0.3373831,0.34640425,-0.009021163,,,purkinje layer|rest
SMIM4,0.13648167,0.14551677,-0.009035096,,,purkinje layer|rest
RPL27,0.52058023,0.52961665,-0.009036422,,,purkinje layer|rest
RAPGEF2,0.109113045,0.118158564,-0.009045519,,,purkinje layer|rest
EIF5,0.21939062,0.22843623,-0.009045616,,,purkinje layer|rest
PPP1CC,0.18682979,0.19589314,-0.009063348,,,purkinje layer|rest
COX6B1,0.6548741,0.66395336,-0.0090792775,,,purkinje layer|rest
RPS15A,0.13945697,0.14855146,-0.009094492,,,purkinje layer|rest
ATF4,0.17480263,0.18389936,-0.009096727,,,purkinje layer|rest
ATP5D,0.37940875,0.38850963,-0.009100884,,,purkinje layer|rest
TMEM147,0.24663413,0.25574744,-0.009113312,,,purkinje layer|rest
PTCH1,0.15859863,0.16771537,-0.009116739,,,purkinje layer|rest
DYNC1I2,0.14897494,0.15809894,-0.009123996,,,purkinje layer|rest
PSMD4,0.18994842,0.1991103,-0.009161875,,,purkinje layer|rest
LAMTOR4,0.14065011,0.1498149,-0.009164795,,,purkinje layer|rest
SYT1,0.79740155,0.8065712,-0.009169638,,,purkinje layer|rest
HNRNPC,0.21960174,0.22878219,-0.009180456,,,purkinje layer|rest
TUBA3E,0.509063,0.5182572,-0.009194195,,,purkinje layer|rest
RBM4,0.14489907,0.15409704,-0.009197965,,,purkinje layer|rest
CLDN11,0.09416487,0.1033701,-0.00920523,,,purkinje layer|rest
BSCL2,0.17021449,0.17942066,-0.009206176,,,purkinje layer|rest
MEGF9,0.21850343,0.22771728,-0.00921385,,,purkinje layer|rest
CLK1,0.079377495,0.088603124,-0.009225629,,,purkinje layer|rest
HEPACAM,0.11766909,0.12693913,-0.009270042,,,purkinje layer|rest
SEC62,0.355279,0.364557,-0.009277999,,,purkinje layer|rest
NAP1L1,0.16058812,0.16987142,-0.009283304,,,purkinje layer|rest
AAK1,0.15326914,0.16255623,-0.009287089,,,purkinje layer|rest
SNCA,0.2539159,0.26321286,-0.009296954,,,purkinje layer|rest
TARS,0.09366622,0.10297599,-0.009309769,,,purkinje layer|rest
FYN,0.17450227,0.18381758,-0.009315312,,,purkinje layer|rest
FGL2,0.11471454,0.12404996,-0.009335421,,,purkinje layer|rest
KIDINS220,0.19081977,0.20016144,-0.009341672,,,purkinje layer|rest
NDUFA1,0.5536149,0.5629695,-0.009354591,,,purkinje layer|rest
RHEB,0.25226033,0.2616195,-0.009359181,,,purkinje layer|rest
ATP6AP2,0.18212695,0.19151357,-0.009386614,,,purkinje layer|rest
REEP2,0.19969058,0.2090821,-0.009391516,,,purkinje layer|rest
BANF1,0.13676158,0.14617164,-0.009410068,,,purkinje layer|rest
COTL1,0.18257505,0.19198927,-0.009414226,,,purkinje layer|rest
DNAJC6,0.16999048,0.1794092,-0.009418726,,,purkinje layer|rest
PTPRN,0.07344927,0.082884595,-0.009435326,,,purkinje layer|rest
TENM3,0.10308874,0.11252553,-0.009436794,,,purkinje layer|rest
SMARCC2,0.46288407,0.47232202,-0.009437948,,,purkinje layer|rest
C1QBP,0.15147962,0.16093354,-0.0094539225,,,purkinje layer|rest
SNRPN,1.0240295,1.0334885,-0.009459019,,,purkinje layer|rest
SLC25A5,0.33848703,0.34795988,-0.009472847,,,purkinje layer|rest
FBXL3,0.11160241,0.12107844,-0.009476028,,,purkinje layer|rest
PRMT8,0.20497282,0.21445063,-0.009477809,,,purkinje layer|rest
GTF2A1L,0.16150634,0.1709927,-0.009486362,,,purkinje layer|rest
UBTF,0.08543623,0.094942465,-0.009506233,,,purkinje layer|rest
ITGB1BP1,0.34133995,0.35086647,-0.009526521,,,purkinje layer|rest
CAMTA1,0.35141796,0.3609515,-0.009533554,,,purkinje layer|rest
STMN4,0.2951544,0.30469826,-0.009543866,,,purkinje layer|rest
EIF3E,0.12643643,0.13599701,-0.009560585,,,purkinje layer|rest
RAB3GAP2,0.19230582,0.20187043,-0.009564608,,,purkinje layer|rest
METTL9,0.14861342,0.1581843,-0.009570882,,,purkinje layer|rest
PI4KB,0.070373364,0.079963915,-0.009590551,,,purkinje layer|rest
CACYBP,0.28861806,0.29822496,-0.009606898,,,purkinje layer|rest
TCF4,0.42109215,0.43071556,-0.009623408,,,purkinje layer|rest
UBE2N,0.097079754,0.10670846,-0.009628706,,,purkinje layer|rest
MCRIP1,0.0852496,0.094880745,-0.009631142,,,purkinje layer|rest
IQSEC1,0.14498703,0.15461898,-0.009631947,,,purkinje layer|rest
XRCC6,0.28559834,0.2952307,-0.009632349,,,purkinje layer|rest
SELENOT,0.11468519,0.12435905,-0.009673856,,,purkinje layer|rest
VDAC3,0.25314766,0.2628358,-0.009688139,,,purkinje layer|rest
NDUFC2,0.3126942,0.32238916,-0.009694964,,,purkinje layer|rest
RUNDC3A,0.18470049,0.19442157,-0.009721085,,,purkinje layer|rest
OTUB1,0.11035389,0.12008626,-0.009732373,,,purkinje layer|rest
DDX24,0.17617694,0.18598555,-0.009808615,,,purkinje layer|rest
PRDX2,0.42090043,0.43072662,-0.009826183,,,purkinje layer|rest
TMEM30A,0.17419478,0.1840463,-0.009851515,,,purkinje layer|rest
CASC4,0.13243605,0.1423026,-0.009866551,,,purkinje layer|rest
SRP9,0.2140687,0.22395018,-0.0098814815,,,purkinje layer|rest
FBXW7,0.16944242,0.17932546,-0.009883046,,,purkinje layer|rest
CUEDC2,0.09279878,0.10269565,-0.009896874,,,purkinje layer|rest
SYT4,0.31367606,0.32358494,-0.009908885,,,purkinje layer|rest
DCTN6,0.18547173,0.19538832,-0.009916589,,,purkinje layer|rest
SPIN1,0.10741334,0.11736221,-0.009948872,,,purkinje layer|rest
MTCH1,0.35570693,0.36568266,-0.009975731,,,purkinje layer|rest
PDCD6,0.18850447,0.19848064,-0.0099761635,,,purkinje layer|rest
GRM3,0.18561926,0.19561864,-0.0099993795,,,purkinje layer|rest
MTMR3,0.09687156,0.106901765,-0.010030203,,,purkinje layer|rest
ATP6V1H,0.16175547,0.17180851,-0.010053039,,,purkinje layer|rest
ALKBH7,0.14335015,0.15341778,-0.010067627,,,purkinje layer|rest
FAIM2,0.19517191,0.20524968,-0.0100777745,,,purkinje layer|rest
VDAC2,0.3144364,0.3245332,-0.010096788,,,purkinje layer|rest
HP1BP3,0.13644163,0.14656119,-0.010119557,,,purkinje layer|rest
ZFR,0.16515142,0.17528284,-0.010131419,,,purkinje layer|rest
USP22,0.24613284,0.25630465,-0.010171816,,,purkinje layer|rest
CYFIP2,0.29861346,0.30880818,-0.010194719,,,purkinje layer|rest
ATP6V1D,0.1916589,0.20186558,-0.0102066845,,,purkinje layer|rest
NDUFC1,0.40138298,0.41162354,-0.010240555,,,purkinje layer|rest
UGP2,0.16961832,0.17988114,-0.010262817,,,purkinje layer|rest
IK,0.13504678,0.1453333,-0.010286525,,,purkinje layer|rest
RTCA,0.11631861,0.12665345,-0.010334834,,,purkinje layer|rest
KANSL1,0.22567174,0.2360079,-0.010336161,,,purkinje layer|rest
ADD1,0.21264866,0.22302067,-0.010372013,,,purkinje layer|rest
CRTAC1,0.15211806,0.16249472,-0.010376662,,,purkinje layer|rest
TBCA,0.16671957,0.17710623,-0.010386661,,,purkinje layer|rest
CRY2,0.10577496,0.11617406,-0.010399096,,,purkinje layer|rest
DCUN1D5,0.1732052,0.18360876,-0.010403559,,,purkinje layer|rest
MOBP,0.09650091,0.106913134,-0.010412224,,,purkinje layer|rest
IGFBP7,0.065782525,0.07621881,-0.010436289,,,purkinje layer|rest
TSPAN13,0.08745385,0.09789567,-0.010441817,,,purkinje layer|rest
SSBP4,0.061608557,0.07208911,-0.010480557,,,purkinje layer|rest
MDH2,0.21829827,0.22878924,-0.010490969,,,purkinje layer|rest
SV2B,0.10327825,0.113775425,-0.010497175,,,purkinje layer|rest
SRPK2,0.15452105,0.16502842,-0.010507375,,,purkinje layer|rest
ACO2,0.19185553,0.20240062,-0.01054509,,,purkinje layer|rest
NAA20,0.22815648,0.23871796,-0.010561481,,,purkinje layer|rest
ERBB2,0.09003622,0.1006149,-0.010578677,,,purkinje layer|rest
MPV17L2,0.25532556,0.26594585,-0.010620296,,,purkinje layer|rest
OGFRL1,0.19890241,0.20957652,-0.010674104,,,purkinje layer|rest
MRPL53,0.26342216,0.27409688,-0.010674715,,,purkinje layer|rest
RAB6B,0.19045615,0.20115614,-0.010699987,,,purkinje layer|rest
TUBB4B,0.26968244,0.28038296,-0.010700524,,,purkinje layer|rest
MAP2K1,0.15973678,0.1704622,-0.010725424,,,purkinje layer|rest
KIAA0355,0.05320909,0.063950375,-0.010741286,,,purkinje layer|rest
LMO4,0.06786948,0.07861678,-0.010747306,,,purkinje layer|rest
TOP2B,0.15471983,0.16546884,-0.010749012,,,purkinje layer|rest
NPDC1,0.24433772,0.25509477,-0.010757044,,,purkinje layer|rest
PLEKHM2,0.10248893,0.11324804,-0.010759115,,,purkinje layer|rest
TBL1XR1,0.1755775,0.186341,-0.010763496,,,purkinje layer|rest
COPS6,0.1774656,0.18823402,-0.010768414,,,purkinje layer|rest
HSPA13,0.106083214,0.11686485,-0.010781638,,,purkinje layer|rest
SLC39A10,0.08358511,0.09442442,-0.010839306,,,purkinje layer|rest
ATL1,0.12285729,0.13370061,-0.010843322,,,purkinje layer|rest
SYNGR1,0.15518542,0.1660589,-0.010873482,,,purkinje layer|rest
RAB11A,0.17496215,0.18584374,-0.010881588,,,purkinje layer|rest
YBX1,0.09831068,0.109195635,-0.0108849555,,,purkinje layer|rest
ITM2C,0.0849374,0.095826685,-0.010889284,,,purkinje layer|rest
MYO5A,0.19182608,0.20272392,-0.010897845,,,purkinje layer|rest
RNF146,0.12631395,0.13721643,-0.010902479,,,purkinje layer|rest
TBCB,0.21818948,0.22916009,-0.010970607,,,purkinje layer|rest
LPL,0.095288485,0.10632063,-0.011032142,,,purkinje layer|rest
TRAF3,0.20363154,0.2146721,-0.011040568,,,purkinje layer|rest
MYL6B,0.16097057,0.17201547,-0.011044905,,,purkinje layer|rest
FEM1B,0.14926292,0.16033179,-0.011068866,,,purkinje layer|rest
DGCR2,0.107412964,0.11848383,-0.011070862,,,purkinje layer|rest
RPL34,0.40046883,0.41155282,-0.01108399,,,purkinje layer|rest
CLEC2L,0.17972574,0.19081204,-0.0110863,,,purkinje layer|rest
B4GAT1,0.151993,0.16310267,-0.011109665,,,purkinje layer|rest
VIM,0.13509698,0.14622432,-0.011127338,,,purkinje layer|rest
SCD,0.11138486,0.122513436,-0.011128575,,,purkinje layer|rest
VDAC1,0.30180198,0.31293258,-0.011130601,,,purkinje layer|rest
ATP5B,0.08506751,0.0962198,-0.01115229,,,purkinje layer|rest
MIC13,0.2011616,0.21231902,-0.011157423,,,purkinje layer|rest
PPP4R3B,0.106503665,0.117669865,-0.0111662,,,purkinje layer|rest
RETREG2,0.1578839,0.1690744,-0.011190504,,,purkinje layer|rest
GNB2,0.11447754,0.12567027,-0.011192732,,,purkinje layer|rest
FAM168A,0.14797112,0.15917389,-0.0112027675,,,purkinje layer|rest
GRIA3,0.14680137,0.15801543,-0.011214063,,,purkinje layer|rest
NEFM,0.20784059,0.21907404,-0.011233449,,,purkinje layer|rest
SF1,0.111225136,0.12246345,-0.011238314,,,purkinje layer|rest
PTGDS,0.38083386,0.39207307,-0.011239201,,,purkinje layer|rest
AUTS2,0.6532821,0.664544,-0.01126188,,,purkinje layer|rest
SSU72,0.17980525,0.19107267,-0.011267424,,,purkinje layer|rest
SORBS1,0.16123669,0.17253464,-0.011297956,,,purkinje layer|rest
CAMSAP2,0.20682278,0.21812236,-0.01129958,,,purkinje layer|rest
BTG1,0.14225657,0.15356278,-0.011306211,,,purkinje layer|rest
CACNA1E,0.096633844,0.10794091,-0.011307068,,,purkinje layer|rest
FAM13C,0.19940323,0.21072538,-0.011322156,,,purkinje layer|rest
ITGAV,0.1431753,0.15450184,-0.011326537,,,purkinje layer|rest
IQCJ-SCHIP1,0.1542962,0.16562392,-0.011327714,,,purkinje layer|rest
NFS1,0.17205423,0.18338235,-0.011328116,,,purkinje layer|rest
APMAP,0.14801736,0.15934633,-0.011328965,,,purkinje layer|rest
FABP3,0.2570617,0.26841992,-0.011358231,,,purkinje layer|rest
DBNDD2,0.30752066,0.31889772,-0.011377066,,,purkinje layer|rest
SPAG9,0.12828569,0.13969539,-0.0114097,,,purkinje layer|rest
ARF5,0.14896174,0.16037706,-0.011415318,,,purkinje layer|rest
MRPS14,0.10930854,0.12073592,-0.01142738,,,purkinje layer|rest
CHMP5,0.14289519,0.15433897,-0.011443779,,,purkinje layer|rest
STX8,0.1198396,0.1312877,-0.011448093,,,purkinje layer|rest
DNM1,0.36919814,0.380664,-0.0114658475,,,purkinje layer|rest
SEPT5,0.290254,0.30177695,-0.011522949,,,purkinje layer|rest
SHC4,0.3510308,0.36258137,-0.0115505755,,,purkinje layer|rest
CHL1,0.19453771,0.20610492,-0.011567205,,,purkinje layer|rest
PI4KA,0.17037135,0.18195225,-0.011580899,,,purkinje layer|rest
CAMK2D,0.24008848,0.25167155,-0.011583075,,,purkinje layer|rest
HLF,0.1177023,0.12931043,-0.011608131,,,purkinje layer|rest
MEF2C,0.07501419,0.086640775,-0.011626586,,,purkinje layer|rest
MARCH6,0.16780591,0.179446,-0.011640087,,,purkinje layer|rest
USP11,0.13432024,0.14597581,-0.011655569,,,purkinje layer|rest
SPP1,0.08044918,0.09214146,-0.011692278,,,purkinje layer|rest
SEL1L,0.120969154,0.13270417,-0.011735015,,,purkinje layer|rest
PPIB,0.2321708,0.24391705,-0.011746243,,,purkinje layer|rest
CFL1,0.6972248,0.70897144,-0.011746645,,,purkinje layer|rest
SPTBN1,0.2871723,0.29892772,-0.011755437,,,purkinje layer|rest
CHD2,0.24722658,0.2589912,-0.011764631,,,purkinje layer|rest
CCK,0.07035573,0.08212311,-0.01176738,,,purkinje layer|rest
NONO,0.13380666,0.14557655,-0.011769891,,,purkinje layer|rest
EWSR1,0.13836113,0.15013702,-0.011775896,,,purkinje layer|rest
ITFG1,0.22789384,0.23970579,-0.011811942,,,purkinje layer|rest
TRAPPC4,0.15731512,0.16921616,-0.011901036,,,purkinje layer|rest
GAD1,0.42506847,0.4370249,-0.0119564235,,,purkinje layer|rest
RPRD1A,0.14717527,0.15913977,-0.0119645,,,purkinje layer|rest
ASB3,0.26119563,0.27316996,-0.011974335,,,purkinje layer|rest
DAZAP2,0.21496697,0.22695117,-0.011984199,,,purkinje layer|rest
SRI,0.13656436,0.14860009,-0.0120357275,,,purkinje layer|rest
ANXA1,0.28055784,0.29261845,-0.012060612,,,purkinje layer|rest
PARK7,0.46604332,0.47813454,-0.012091219,,,purkinje layer|rest
ZEB2,0.10855702,0.120672494,-0.012115471,,,purkinje layer|rest
RPS4X,0.27324855,0.2853689,-0.012120336,,,purkinje layer|rest
GDI2,0.12185472,0.13398825,-0.012133524,,,purkinje layer|rest
CD200,0.13157074,0.14373022,-0.012159482,,,purkinje layer|rest
ELMO1,0.19289674,0.2050603,-0.012163565,,,purkinje layer|rest
RPL7,0.45578352,0.46794975,-0.012166232,,,purkinje layer|rest
ELAVL2,0.123754255,0.13593313,-0.0121788755,,,purkinje layer|rest
MRPS25,0.12845352,0.14066684,-0.01221332,,,purkinje layer|rest
TSC22D3,0.17797564,0.19024321,-0.012267575,,,purkinje layer|rest
MAPK10,0.28005397,0.29234222,-0.012288243,,,purkinje layer|rest
RTRAF,0.1592228,0.17151488,-0.012292087,,,purkinje layer|rest
PTGR1,0.21130699,0.22361718,-0.012310192,,,purkinje layer|rest
CLCN4,0.13072287,0.14303471,-0.012311846,,,purkinje layer|rest
WBP2,0.22781171,0.2401243,-0.012312591,,,purkinje layer|rest
RERE,0.21457905,0.22690992,-0.012330875,,,purkinje layer|rest
NAP1L4,0.20219989,0.21460712,-0.012407228,,,purkinje layer|rest
LRP1,0.22607198,0.23848154,-0.012409553,,,purkinje layer|rest
ATP8,0.0697169,0.08216351,-0.012446612,,,purkinje layer|rest
KIF5A,0.17071325,0.18316373,-0.012450486,,,purkinje layer|rest
PGRMC1,0.13424252,0.1466976,-0.012455076,,,purkinje layer|rest
AIP,0.18114887,0.19366646,-0.012517586,,,purkinje layer|rest
HNRNPM,0.11959605,0.13212493,-0.012528881,,,purkinje layer|rest
RAB2A,0.22203843,0.23458815,-0.012549713,,,purkinje layer|rest
EFR3A,0.25817147,0.27072355,-0.012552083,,,purkinje layer|rest
GNG3,0.2822951,0.29488546,-0.012590349,,,purkinje layer|rest
C16orf72,0.13619678,0.14881851,-0.012621731,,,purkinje layer|rest
CFAP52,0.06452187,0.077148065,-0.012626193,,,purkinje layer|rest
PSMB5,0.27063033,0.28328222,-0.0126518905,,,purkinje layer|rest
MLC1,0.17373179,0.18639718,-0.012665391,,,purkinje layer|rest
CAPZB,0.15521452,0.16789086,-0.012676343,,,purkinje layer|rest
FAM107A,0.233535,0.24621955,-0.012684539,,,purkinje layer|rest
SYN2,0.36121368,0.37395155,-0.01273787,,,purkinje layer|rest
TMA7,0.21748024,0.23024182,-0.012761578,,,purkinje layer|rest
GTF2I,0.24414642,0.25692993,-0.0127835125,,,purkinje layer|rest
FHL1,0.20103154,0.21384105,-0.012809515,,,purkinje layer|rest
SDCBP,0.12640391,0.13921797,-0.01281406,,,purkinje layer|rest
PDIA3,0.077536605,0.09041868,-0.012882076,,,purkinje layer|rest
INPP5F,0.19673897,0.2096399,-0.012900934,,,purkinje layer|rest
FAM172A,0.113411784,0.12632038,-0.012908593,,,purkinje layer|rest
EIF4G1,0.13158593,0.14451598,-0.0129300505,,,purkinje layer|rest
JTB,0.21550846,0.22846001,-0.012951553,,,purkinje layer|rest
FAM168B,0.14226863,0.15523022,-0.012961596,,,purkinje layer|rest
SEPT8,0.26786062,0.28083244,-0.012971818,,,purkinje layer|rest
CAP2,0.15292019,0.16589813,-0.012977943,,,purkinje layer|rest
SPOCK1,0.34225273,0.35523346,-0.012980729,,,purkinje layer|rest
ISCA1,0.18392013,0.1969203,-0.013000175,,,purkinje layer|rest
MTPN,0.15230896,0.165311,-0.013002038,,,purkinje layer|rest
PSMD2,0.1877148,0.20077349,-0.013058692,,,purkinje layer|rest
DTWD2,0.08478221,0.09786853,-0.013086319,,,purkinje layer|rest
SCN2B,0.11994882,0.1330463,-0.01309748,,,purkinje layer|rest
RAPGEF5,0.069711186,0.082848884,-0.013137698,,,purkinje layer|rest
NDRG4,0.94572943,0.9588791,-0.013149679,,,purkinje layer|rest
SPPL3,0.12220355,0.13538812,-0.01318457,,,purkinje layer|rest
NDUFA5,0.22423434,0.23746182,-0.013227478,,,purkinje layer|rest
TAC1,0.091047525,0.10427939,-0.013231866,,,purkinje layer|rest
SLC32A1,0.13332608,0.14656958,-0.013243496,,,purkinje layer|rest
DGKZ,0.13043943,0.14371857,-0.01327914,,,purkinje layer|rest
HSP90B1,0.30776837,0.32106614,-0.013297766,,,purkinje layer|rest
CCDC152,0.123377934,0.13670246,-0.013324529,,,purkinje layer|rest
ATP2B1,0.21564755,0.22897598,-0.013328433,,,purkinje layer|rest
APBB1,0.22236714,0.23569596,-0.0133288205,,,purkinje layer|rest
GAP43,0.33789444,0.3512952,-0.013400763,,,purkinje layer|rest
KIF3C,0.1613567,0.17477019,-0.013413489,,,purkinje layer|rest
RPS24,0.23560955,0.24902795,-0.013418406,,,purkinje layer|rest
PRDX1,0.20118937,0.21466531,-0.01347594,,,purkinje layer|rest
NCAM1,0.47249526,0.48601317,-0.013517916,,,purkinje layer|rest
ATP6V1B2,0.12343332,0.13696113,-0.013527811,,,purkinje layer|rest
NBEA,0.416867,0.4304676,-0.013600618,,,purkinje layer|rest
PSMB2,0.086267434,0.09990646,-0.013639025,,,purkinje layer|rest
RPS8,0.6165247,0.6301672,-0.01364249,,,purkinje layer|rest
SERPINE2,0.17770174,0.19140583,-0.013704091,,,purkinje layer|rest
SLC20A1,0.27858186,0.29233047,-0.013748616,,,purkinje layer|rest
DNAJB6,0.21931879,0.23307434,-0.013755545,,,purkinje layer|rest
ABI2,0.32595974,0.33973294,-0.013773203,,,purkinje layer|rest
SCN1B,0.41245878,0.4262645,-0.013805717,,,purkinje layer|rest
ITPR1,0.49263275,0.5065091,-0.013876379,,,purkinje layer|rest
TXNIP,0.09331596,0.10721363,-0.013897672,,,purkinje layer|rest
PAFAH1B2,0.21430483,0.22821012,-0.013905287,,,purkinje layer|rest
MYO3B,0.048317153,0.06224358,-0.013926428,,,purkinje layer|rest
SERINC3,0.121630825,0.13558105,-0.013950221,,,purkinje layer|rest
TMEM59,0.17800361,0.19196425,-0.013960645,,,purkinje layer|rest
PDZK1,0.09856325,0.11253747,-0.013974227,,,purkinje layer|rest
POLDIP3,0.17247608,0.18645369,-0.013977602,,,purkinje layer|rest
CNP,0.111595586,0.12562732,-0.014031738,,,purkinje layer|rest
SERPINI1,0.17936748,0.19342251,-0.014055029,,,purkinje layer|rest
PPP1R1B,0.15415135,0.16824947,-0.014098123,,,purkinje layer|rest
UQCRB,0.2304333,0.2445431,-0.014109805,,,purkinje layer|rest
PSD2,0.27643007,0.29076907,-0.014339,,,purkinje layer|rest
CDK2AP1,0.22135083,0.23573303,-0.014382198,,,purkinje layer|rest
OCIAD1,0.15681238,0.17124905,-0.014436662,,,purkinje layer|rest
ABAT,0.26659295,0.2811145,-0.014521539,,,purkinje layer|rest
PPA1,0.23127809,0.24580517,-0.014527082,,,purkinje layer|rest
RPS20,0.20292386,0.21750772,-0.014583856,,,purkinje layer|rest
PEA15,0.29672614,0.31131408,-0.014587939,,,purkinje layer|rest
C11orf58,0.19556716,0.21016978,-0.014602616,,,purkinje layer|rest
ATPIF1,0.7861425,0.8007629,-0.014620364,,,purkinje layer|rest
GADD45GIP1,0.24179131,0.25641227,-0.01462096,,,purkinje layer|rest
NDFIP1,0.2638981,0.2785299,-0.014631808,,,purkinje layer|rest
MRPL12,0.19193785,0.20660956,-0.014671713,,,purkinje layer|rest
TMEM50B,0.21369806,0.2283923,-0.014694244,,,purkinje layer|rest
NDUFA8,0.33767533,0.35238838,-0.014713049,,,purkinje layer|rest
COX7A1,0.14711434,0.16191341,-0.014799073,,,purkinje layer|rest
AP2M1,0.33303726,0.3478712,-0.014833957,,,purkinje layer|rest
HERC3,0.22050346,0.23533964,-0.014836177,,,purkinje layer|rest
SCOC,0.27381775,0.28866953,-0.014851779,,,purkinje layer|rest
PSMD13,0.14190769,0.15676348,-0.014855787,,,purkinje layer|rest
TUBA4A,0.32766378,0.34257644,-0.014912665,,,purkinje layer|rest
ARF3,0.17209412,0.18700927,-0.014915153,,,purkinje layer|rest
KIF3A,0.17947514,0.1944254,-0.0149502605,,,purkinje layer|rest
DDX5,0.29800603,0.31296527,-0.014959246,,,purkinje layer|rest
GNAO1,0.58750564,0.60250527,-0.014999628,,,purkinje layer|rest
GPM6B,0.24113783,0.25614786,-0.015010029,,,purkinje layer|rest
SLIRP,0.35746962,0.37248096,-0.01501134,,,purkinje layer|rest
KCNMA1,0.2380277,0.25308254,-0.015054837,,,purkinje layer|rest
PCDH9,0.76431185,0.7794615,-0.015149653,,,purkinje layer|rest
STXBP1,0.29789287,0.31306818,-0.015175313,,,purkinje layer|rest
WDR62,0.18945841,0.20474796,-0.015289545,,,purkinje layer|rest
RPL11,0.381833,0.39717793,-0.015344948,,,purkinje layer|rest
ZBTB18,0.20546253,0.22081855,-0.015356019,,,purkinje layer|rest
DSTN,0.4085116,0.423924,-0.01541239,,,purkinje layer|rest
BEX1,0.3254971,0.3409237,-0.015426606,,,purkinje layer|rest
CLU,1.1666411,1.1820923,-0.015451193,,,purkinje layer|rest
MAP1A,0.24660341,0.26211518,-0.015511766,,,purkinje layer|rest
CYC1,0.3772866,0.39280623,-0.015519619,,,purkinje layer|rest
ARL8B,0.13111182,0.14667115,-0.015559331,,,purkinje layer|rest
ELAVL3,0.27191782,0.2875319,-0.015614092,,,purkinje layer|rest
RPL4,0.3097597,0.32540944,-0.015649736,,,purkinje layer|rest
ENTPD4,0.16256545,0.17821959,-0.015654132,,,purkinje layer|rest
RPL37,0.2770624,0.29275706,-0.015694678,,,purkinje layer|rest
NTRK2,0.34991547,0.36563176,-0.015716285,,,purkinje layer|rest
H2AFZ,0.2912988,0.30703488,-0.015736073,,,purkinje layer|rest
SUPT20H,0.1399545,0.15569209,-0.015737578,,,purkinje layer|rest
UBE2D3,0.27336112,0.289103,-0.015741885,,,purkinje layer|rest
NAA38,0.21688879,0.2327097,-0.01582092,,,purkinje layer|rest
OAZ1,0.111729726,0.12768131,-0.015951589,,,purkinje layer|rest
RPL22,0.3073997,0.3233516,-0.015951902,,,purkinje layer|rest
SUB1,0.37392247,0.3899067,-0.015984237,,,purkinje layer|rest
ATP6V0A1,0.18719879,0.20320116,-0.016002372,,,purkinje layer|rest
PFDN5,0.33105817,0.34706867,-0.016010493,,,purkinje layer|rest
DDOST,0.14923693,0.16527167,-0.016034737,,,purkinje layer|rest
RPH3A,0.11593693,0.13200828,-0.016071357,,,purkinje layer|rest
EIF4G2,0.26816785,0.28429115,-0.016123295,,,purkinje layer|rest
SEZ6L2,0.28482792,0.3009881,-0.01616019,,,purkinje layer|rest
NSF,0.31505576,0.33121893,-0.01616317,,,purkinje layer|rest
LAMTOR1,0.17536688,0.19153513,-0.016168252,,,purkinje layer|rest
NDUFA10,0.1934584,0.20965141,-0.016193017,,,purkinje layer|rest
DYNLRB1,0.3080405,0.32424575,-0.016205251,,,purkinje layer|rest
FRMD4A,0.24949917,0.2657269,-0.016227722,,,purkinje layer|rest
ELMOD1,0.23916374,0.25539666,-0.016232923,,,purkinje layer|rest
FERMT2,0.30792397,0.32415852,-0.016234547,,,purkinje layer|rest
TMEM59L,0.3934877,0.4097842,-0.016296506,,,purkinje layer|rest
ZFYVE26,0.07504723,0.091346905,-0.016299672,,,purkinje layer|rest
NDUFB5,0.23966853,0.25597194,-0.016303405,,,purkinje layer|rest
ZFAND5,0.28466684,0.3009889,-0.016322076,,,purkinje layer|rest
COPG2,0.24809775,0.26442212,-0.016324371,,,purkinje layer|rest
APLP1,0.13719739,0.15355577,-0.016358376,,,purkinje layer|rest
DDX17,0.31698573,0.33341017,-0.016424447,,,purkinje layer|rest
SEC61G,0.24880001,0.2653338,-0.016533792,,,purkinje layer|rest
NSG2,0.16213562,0.1787283,-0.016592681,,,purkinje layer|rest
VAT1L,0.3398781,0.35649553,-0.016617417,,,purkinje layer|rest
GRIA2,0.27978262,0.29652724,-0.016744614,,,purkinje layer|rest
CTNNB1,0.13824701,0.15501878,-0.016771764,,,purkinje layer|rest
SNRPD2,0.30809468,0.3248761,-0.01678142,,,purkinje layer|rest
UQCRC1,0.21608464,0.23291107,-0.016826421,,,purkinje layer|rest
SIRPA,0.17948246,0.19630972,-0.016827255,,,purkinje layer|rest
ATP6V0B,0.41795126,0.43481064,-0.016859382,,,purkinje layer|rest
HECTD1,0.32690474,0.34381273,-0.01690799,,,purkinje layer|rest
TRIM2,0.2637862,0.28069884,-0.01691264,,,purkinje layer|rest
MARCKSL1,0.11684285,0.13376357,-0.016920716,,,purkinje layer|rest
PLEKHB1,0.118930876,0.13587855,-0.016947672,,,purkinje layer|rest
USMG5,0.5953773,0.6123737,-0.016996384,,,purkinje layer|rest
HLA-E,0.22201909,0.23904471,-0.01702562,,,purkinje layer|rest
TMEM167A,0.1902623,0.20731488,-0.017052576,,,purkinje layer|rest
RNF115,0.14857876,0.1657021,-0.017123342,,,purkinje layer|rest
NUDT3,0.4256596,0.44282052,-0.017160922,,,purkinje layer|rest
PET100,0.101969555,0.11918444,-0.017214887,,,purkinje layer|rest
PFDN2,0.24025558,0.25748897,-0.017233387,,,purkinje layer|rest
GNB1,0.2266963,0.24395557,-0.01725927,,,purkinje layer|rest
CHP1,0.26878634,0.28616664,-0.017380297,,,purkinje layer|rest
NDUFS7,0.33645812,0.35403153,-0.017573416,,,purkinje layer|rest
PAFAH1B1,0.3260784,0.3436652,-0.017586827,,,purkinje layer|rest
ATP5O,0.77906877,0.79666626,-0.017597497,,,purkinje layer|rest
ACOT7,0.20656429,0.22421971,-0.017655417,,,purkinje layer|rest
SMIM13,0.24167845,0.25933957,-0.017661124,,,purkinje layer|rest
FIS1,0.29083332,0.30859637,-0.017763048,,,purkinje layer|rest
SEC11C,0.21789387,0.23569554,-0.017801672,,,purkinje layer|rest
CLTA,0.29217666,0.31001988,-0.017843217,,,purkinje layer|rest
RPL10A,0.24796598,0.26586473,-0.017898753,,,purkinje layer|rest
CD59,0.2571228,0.27510935,-0.017986536,,,purkinje layer|rest
TUBB3,0.66572297,0.68372345,-0.018000484,,,purkinje layer|rest
AES,0.1626171,0.18064497,-0.018027872,,,purkinje layer|rest
ATP1A4,0.77648276,0.794522,-0.018039227,,,purkinje layer|rest
ND6,0.39817148,0.41625822,-0.018086731,,,purkinje layer|rest
PRKACB,0.2475187,0.26564866,-0.01812996,,,purkinje layer|rest
RPN1,0.1517118,0.16986167,-0.018149868,,,purkinje layer|rest
PDE4D,0.21832089,0.23651108,-0.01819019,,,purkinje layer|rest
TRIM9,0.42789456,0.44617963,-0.018285066,,,purkinje layer|rest
RHOA,0.21827753,0.23658718,-0.018309653,,,purkinje layer|rest
SNU13,0.51387376,0.5323326,-0.018458843,,,purkinje layer|rest
MYO18B,0.08801183,0.106473655,-0.018461823,,,purkinje layer|rest
NDUFB7,0.37368968,0.39215237,-0.018462688,,,purkinje layer|rest
AP2B1,0.21000722,0.2286788,-0.018671572,,,purkinje layer|rest
GSTP1,0.35777006,0.37644842,-0.018678367,,,purkinje layer|rest
RPL32,0.22866258,0.24744365,-0.018781066,,,purkinje layer|rest
ARHGAP5,0.31374153,0.3326831,-0.018941551,,,purkinje layer|rest
DCTN1,0.1892498,0.20819345,-0.018943653,,,purkinje layer|rest
COX7B,0.7235306,0.7425167,-0.018986106,,,purkinje layer|rest
G3BP2,0.15908056,0.1781512,-0.01907064,,,purkinje layer|rest
MAP1B,0.82577026,0.8448841,-0.019113839,,,purkinje layer|rest
PTGES3,0.2348017,0.25396946,-0.019167766,,,purkinje layer|rest
GHITM,0.22831559,0.24756558,-0.01924999,,,purkinje layer|rest
DKK3,0.2683216,0.28761244,-0.019290835,,,purkinje layer|rest
SCRN1,0.45003176,0.46936277,-0.019331008,,,purkinje layer|rest
ZIC2,0.18921605,0.20865917,-0.019443125,,,purkinje layer|rest
CALB1,1.8334248,1.852883,-0.019458175,,,purkinje layer|rest
BEX3,0.47976553,0.49926245,-0.019496918,,,purkinje layer|rest
SCG5,0.22021843,0.23973624,-0.01951781,,,purkinje layer|rest
CBLN1,0.38155246,0.40109447,-0.019542009,,,purkinje layer|rest
CALR,0.28885794,0.30879992,-0.019941986,,,purkinje layer|rest
HSPH1,0.23344065,0.25343487,-0.019994214,,,purkinje layer|rest
UBL3,0.22884884,0.24884947,-0.020000622,,,purkinje layer|rest
RCHY1,0.37641776,0.39645076,-0.020033002,,,purkinje layer|rest
VPS28,0.2420073,0.26207072,-0.020063415,,,purkinje layer|rest
HYPK,0.2736076,0.2937094,-0.020101786,,,purkinje layer|rest
GPR37L1,0.2862952,0.3064121,-0.020116895,,,purkinje layer|rest
RPS3A,0.18811476,0.20829795,-0.02018319,,,purkinje layer|rest
UCHL1,0.79865277,0.8188638,-0.020211041,,,purkinje layer|rest
SORL1,0.38966405,0.40994117,-0.020277113,,,purkinje layer|rest
BAIAP2,0.20007749,0.22036137,-0.020283878,,,purkinje layer|rest
SOD1,0.44102877,0.4613833,-0.02035454,,,purkinje layer|rest
SPOUT1,0.2463633,0.26676485,-0.020401552,,,purkinje layer|rest
CANX,0.21977112,0.24018887,-0.02041775,,,purkinje layer|rest
PPP2CA,0.2284525,0.24903005,-0.02057755,,,purkinje layer|rest
QDPR,0.28973138,0.31053516,-0.02080378,,,purkinje layer|rest
FAM13A,0.24527869,0.2660846,-0.020805925,,,purkinje layer|rest
RGS4,0.06960676,0.09045827,-0.020851508,,,purkinje layer|rest
RPS16,0.414341,0.43538487,-0.021043867,,,purkinje layer|rest
MRPL20,0.31209412,0.33314273,-0.021048605,,,purkinje layer|rest
SULT4A1,0.19919187,0.22024396,-0.021052092,,,purkinje layer|rest
PPIA,0.110960454,0.13205901,-0.021098554,,,purkinje layer|rest
HNRNPDL,0.28830177,0.3094924,-0.021190643,,,purkinje layer|rest
FABP7,1.1291054,1.1504232,-0.02131772,,,purkinje layer|rest
DYNLL1,0.51593864,0.53744954,-0.021510899,,,purkinje layer|rest
GDI1,0.27787092,0.29939753,-0.021526605,,,purkinje layer|rest
RPS23,0.5009734,0.5227168,-0.021743417,,,purkinje layer|rest
ROMO1,0.31605566,0.33782688,-0.021771222,,,purkinje layer|rest
MGST3,0.38925457,0.41106126,-0.021806687,,,purkinje layer|rest
GABRA1,0.36922723,0.39104638,-0.021819144,,,purkinje layer|rest
PLD3,0.17576246,0.19765148,-0.021889016,,,purkinje layer|rest
KIF5C,0.3850436,0.40697473,-0.021931142,,,purkinje layer|rest
RPL18A,0.3022533,0.32431808,-0.022064775,,,purkinje layer|rest
ASPH,0.40668282,0.42888686,-0.022204041,,,purkinje layer|rest
RPS29,0.2921814,0.314469,-0.022287607,,,purkinje layer|rest
ENO1,0.5811446,0.6035925,-0.022447944,,,purkinje layer|rest
ARPP19,0.18891165,0.21136658,-0.022454932,,,purkinje layer|rest
RAN,0.30434492,0.32690603,-0.022561103,,,purkinje layer|rest
CSDE1,0.2736747,0.2962594,-0.022584707,,,purkinje layer|rest
NCKAP1,0.2782838,0.3008934,-0.022609591,,,purkinje layer|rest
CCT8,0.18400775,0.20664725,-0.022639498,,,purkinje layer|rest
COMMD1,0.7069191,0.7295781,-0.022659004,,,purkinje layer|rest
ENO2,0.5455465,0.5682403,-0.022693813,,,purkinje layer|rest
ATP2B2,0.80651975,0.82925427,-0.022734523,,,purkinje layer|rest
STARD4,0.19784154,0.22057752,-0.022735983,,,purkinje layer|rest
RPS25,0.30951017,0.33280495,-0.023294777,,,purkinje layer|rest
HNRNPK,0.3748991,0.39829007,-0.023390979,,,purkinje layer|rest
MAGED1,0.2772574,0.3006721,-0.023414701,,,purkinje layer|rest
ATP2A2,0.63822997,0.6616952,-0.023465216,,,purkinje layer|rest
ATP6AP1,0.21278863,0.23625988,-0.023471251,,,purkinje layer|rest
FTH1,0.31140965,0.33490437,-0.02349472,,,purkinje layer|rest
GABARAP,0.36954755,0.3932385,-0.023690969,,,purkinje layer|rest
TTC28,0.15016443,0.17387325,-0.02370882,,,purkinje layer|rest
RPSA,0.33218235,0.35591206,-0.023729712,,,purkinje layer|rest
CTSD,0.27816576,0.30193034,-0.02376458,,,purkinje layer|rest
EIF1,1.2849983,1.3088882,-0.0238899,,,purkinje layer|rest
SH3GL2,0.39625266,0.42032018,-0.024067521,,,purkinje layer|rest
DDX6,0.1785388,0.20264108,-0.024102286,,,purkinje layer|rest
PJA2,0.30043373,0.32480735,-0.02437362,,,purkinje layer|rest
H2AFY,0.17148434,0.19587794,-0.024393603,,,purkinje layer|rest
NDUFB2,1.0488212,1.0733141,-0.02449286,,,purkinje layer|rest
ATP1A1,0.44538116,0.46991107,-0.024529904,,,purkinje layer|rest
RPL15,0.32592776,0.3504676,-0.024539828,,,purkinje layer|rest
MAP2,0.30330732,0.3279596,-0.024652272,,,purkinje layer|rest
CNN3,0.28219295,0.307245,-0.02505204,,,purkinje layer|rest
RPL27A,0.5359443,0.5611867,-0.025242388,,,purkinje layer|rest
UBL5,0.5701787,0.5954387,-0.025260031,,,purkinje layer|rest
GNAS,0.6613787,0.6866826,-0.0253039,,,purkinje layer|rest
CPLX1,0.24987006,0.27517802,-0.025307953,,,purkinje layer|rest
CCNI,0.55503565,0.58046675,-0.025431097,,,purkinje layer|rest
SPARC,0.24613345,0.27169576,-0.025562316,,,purkinje layer|rest
PPP3CA,0.6875382,0.71317416,-0.025635958,,,purkinje layer|rest
CDR1,0.51059115,0.5362791,-0.025687933,,,purkinje layer|rest
PGK1,0.34825993,0.37398353,-0.025723606,,,purkinje layer|rest
RNF11,0.21703556,0.24281049,-0.025774926,,,purkinje layer|rest
PPP2R1A,0.50861365,0.5346415,-0.026027858,,,purkinje layer|rest
DPYSL2,0.3711953,0.39726394,-0.026068658,,,purkinje layer|rest
HMGB1,0.40777725,0.4340491,-0.02627185,,,purkinje layer|rest
STK33,0.07638265,0.102672756,-0.026290104,,,purkinje layer|rest
RPL31,0.33586475,0.36250758,-0.02664283,,,purkinje layer|rest
MINOS1,0.6683503,0.6950667,-0.026716411,,,purkinje layer|rest
NPTX1,0.47606963,0.5028706,-0.02680099,,,purkinje layer|rest
RBX1,0.4168247,0.44397235,-0.02714765,,,purkinje layer|rest
NAPB,0.36935702,0.39663357,-0.027276546,,,purkinje layer|rest
KCNK2,0.086593084,0.11397948,-0.027386397,,,purkinje layer|rest
TSC22D1,0.5221795,0.5499817,-0.027802229,,,purkinje layer|rest
CAPS2,0.36827683,0.39610583,-0.027828991,,,purkinje layer|rest
ATP6V1E1,0.31070423,0.33859575,-0.027891517,,,purkinje layer|rest
NDUFB9,0.5001928,0.5282973,-0.028104484,,,purkinje layer|rest
ATP5G2,0.4704341,0.4986231,-0.028189003,,,purkinje layer|rest
EXOC2,0.096585885,0.12486563,-0.028279744,,,purkinje layer|rest
RPL23,0.39835832,0.4269143,-0.02855599,,,purkinje layer|rest
YWHAE,0.4818966,0.5105681,-0.028671473,,,purkinje layer|rest
NDUFB4,0.7714037,0.80018026,-0.028776586,,,purkinje layer|rest
MORF4L1,0.27282363,0.30160043,-0.028776795,,,purkinje layer|rest
COX6A1,0.686913,0.716005,-0.029092014,,,purkinje layer|rest
GRHL2,0.099070646,0.12816332,-0.029092677,,,purkinje layer|rest
INPP5A,0.5476996,0.57680655,-0.029106975,,,purkinje layer|rest
RTN3,0.3940041,0.42312485,-0.029120743,,,purkinje layer|rest
SELENOW,0.087145254,0.11630414,-0.029158883,,,purkinje layer|rest
SERTAD2,0.33515579,0.36439326,-0.029237479,,,purkinje layer|rest
GFAP,0.2335027,0.26280397,-0.02930127,,,purkinje layer|rest
RPL18,0.69877803,0.72851926,-0.029741228,,,purkinje layer|rest
FSIP1,0.3188753,0.34867918,-0.029803872,,,purkinje layer|rest
NDUFB10,0.5425214,0.57249457,-0.02997315,,,purkinje layer|rest
SLC25A3,0.4407385,0.47110373,-0.030365229,,,purkinje layer|rest
CD81,1.0291892,1.0597768,-0.030587554,,,purkinje layer|rest
UQCRQ,0.5668823,0.59762377,-0.030741453,,,purkinje layer|rest
ZIC1,0.39474636,0.425561,-0.030814648,,,purkinje layer|rest
SLC1A6,0.58768135,0.6189316,-0.03125024,,,purkinje layer|rest
ARHGAP32,0.82505465,0.85630625,-0.03125161,,,purkinje layer|rest
GABRG2,0.2532833,0.28459138,-0.031308085,,,purkinje layer|rest
RPL3,0.6499181,0.68126285,-0.03134477,,,purkinje layer|rest
CNTN1,0.29515004,0.3270923,-0.03194225,,,purkinje layer|rest
STMN3,0.54282427,0.57483315,-0.032008886,,,purkinje layer|rest
CIRBP,0.33422056,0.36627004,-0.032049477,,,purkinje layer|rest
RPL7A,0.38818532,0.42034516,-0.032159835,,,purkinje layer|rest
COX8A,1.0286359,1.0608349,-0.032199025,,,purkinje layer|rest
MT2,0.91103786,0.94430065,-0.03326279,,,purkinje layer|rest
DYM,0.20516525,0.2385569,-0.033391654,,,purkinje layer|rest
PPP1CB,0.21848543,0.25193116,-0.03344573,,,purkinje layer|rest
CAMK2N1,0.20266517,0.23626927,-0.0336041,,,purkinje layer|rest
ATP1A3,0.26540118,0.29910436,-0.03370318,,,purkinje layer|rest
ATP5I,0.7709233,0.80480355,-0.033880234,,,purkinje layer|rest
IRAK2,0.14908724,0.1831994,-0.03411217,,,purkinje layer|rest
HNRNPA2B1,0.4126422,0.44694,-0.034297794,,,purkinje layer|rest
APP,0.33879057,0.3730913,-0.034300745,,,purkinje layer|rest
SETBP1,0.18999657,0.224394,-0.034397423,,,purkinje layer|rest
ND4L,0.21761845,0.2521774,-0.034558937,,,purkinje layer|rest
CERK,0.48813567,0.5232754,-0.03513971,,,purkinje layer|rest
GALNTL6,0.24043931,0.27566478,-0.035225466,,,purkinje layer|rest
TAGLN3,0.25213182,0.28749964,-0.035367817,,,purkinje layer|rest
VSNL1,0.4926993,0.5281364,-0.035437077,,,purkinje layer|rest
SOD2,0.27307138,0.30864567,-0.035574287,,,purkinje layer|rest
RPS21,0.5851826,0.62094796,-0.03576535,,,purkinje layer|rest
TMSB10,0.48898947,0.52523655,-0.036247075,,,purkinje layer|rest
METAP1,0.538002,0.5749251,-0.03692311,,,purkinje layer|rest
RPS17,0.43700853,0.47417346,-0.037164927,,,purkinje layer|rest
NCOR1,0.25124523,0.2885415,-0.037296265,,,purkinje layer|rest
RPL10,0.5001404,0.5374433,-0.03730285,,,purkinje layer|rest
GRTP1,0.33503923,0.37237895,-0.037339717,,,purkinje layer|rest
SNAP25,2.3087723,2.346978,-0.038205624,,,purkinje layer|rest
CALM3,0.48014748,0.51844674,-0.038299263,,,purkinje layer|rest
EEF1A1,0.18446109,0.22315633,-0.038695246,,,purkinje layer|rest
RPL35,0.45709276,0.49607834,-0.03898558,,,purkinje layer|rest
YWHAG,0.38769403,0.42692745,-0.039233416,,,purkinje layer|rest
SLC22A17,0.5155927,0.55540174,-0.03980905,,,purkinje layer|rest
RPS6,0.40853393,0.44858527,-0.04005134,,,purkinje layer|rest
CHN1,0.68320847,0.7242385,-0.04103005,,,purkinje layer|rest
GABBR1,0.49803755,0.539599,-0.041561455,,,purkinje layer|rest
PREPL,0.3904361,0.43241984,-0.041983724,,,purkinje layer|rest
NME7,0.40104154,0.4435546,-0.042513072,,,purkinje layer|rest
SPARCL1,1.7622801,1.805546,-0.04326594,,,purkinje layer|rest
YWHAH,2.0443888,2.0877132,-0.04332447,,,purkinje layer|rest
CSMD1,0.41912287,0.46254957,-0.043426692,,,purkinje layer|rest
TPT1,0.5494468,0.5929492,-0.04350239,,,purkinje layer|rest
PSAP,1.0040073,1.047773,-0.043765664,,,purkinje layer|rest
NPTN,0.54775846,0.5916896,-0.043931127,,,purkinje layer|rest
RPL41,0.9248253,0.9708432,-0.046017885,,,purkinje layer|rest
C12orf57,0.71416897,0.76037765,-0.04620868,,,purkinje layer|rest
FAM107B,0.6365826,0.6854409,-0.048858285,,,purkinje layer|rest
CA8,1.6829826,1.7323837,-0.049401164,,,purkinje layer|rest
RPLP2,0.48727632,0.53711283,-0.049836516,,,purkinje layer|rest
RTN4,0.6812434,0.7312292,-0.049985766,,,purkinje layer|rest
STMN2,1.3653153,1.415505,-0.050189734,,,purkinje layer|rest
CHGB,0.6676175,0.7179448,-0.0503273,,,purkinje layer|rest
EIF4A2,0.98889065,1.0393785,-0.050487876,,,purkinje layer|rest
RPS19,0.889391,0.9413083,-0.051917315,,,purkinje layer|rest
RPS15,0.98177624,1.0341947,-0.05241847,,,purkinje layer|rest
FAU,0.86514324,0.91759235,-0.052449107,,,purkinje layer|rest
BPHL,0.8486883,0.9018602,-0.053171873,,,purkinje layer|rest
MDH1,1.0865741,1.1405767,-0.054002643,,,purkinje layer|rest
ID2,0.69302416,0.74784833,-0.054824173,,,purkinje layer|rest
NDUFA4,0.9161991,0.9718308,-0.055631697,,,purkinje layer|rest
HSP90AA1,1.5581146,1.6140779,-0.055963278,,,purkinje layer|rest
RPL30,0.9468235,1.0033871,-0.056563616,,,purkinje layer|rest
RTN1,0.81012917,0.86701757,-0.0568884,,,purkinje layer|rest
SERINC1,0.6546419,0.7117088,-0.057066858,,,purkinje layer|rest
ACTG1,0.9158745,0.9746008,-0.05872631,,,purkinje layer|rest
COX7C,0.66525793,0.72508776,-0.05982983,,,purkinje layer|rest
GAPDH,1.133545,1.1938721,-0.060327053,,,purkinje layer|rest
TSPAN7,0.6382981,0.69958895,-0.06129086,,,purkinje layer|rest
NME1-NME2,0.7447365,0.8066584,-0.061921895,,,purkinje layer|rest
CALM2,2.8708005,2.933084,-0.062283516,,,purkinje layer|rest
ITM2B,1.8620778,1.9266071,-0.0645293,,,purkinje layer|rest
PEBP1,2.21662,2.2818937,-0.06527376,,,purkinje layer|rest
DENND5B,0.80639154,0.87193924,-0.065547705,,,purkinje layer|rest
RPL9,0.59958136,0.665467,-0.06588566,,,purkinje layer|rest
TUBB,0.4167926,0.4878639,-0.0710713,,,purkinje layer|rest
PRDX5,1.1746647,1.2460083,-0.07134354,,,purkinje layer|rest
PLP1,0.48967594,0.5631093,-0.07343334,,,purkinje layer|rest
ACTB,0.3201337,0.3956329,-0.07549921,,,purkinje layer|rest
TUBA1B,2.1325712,2.209803,-0.077231884,,,purkinje layer|rest
PCP2,2.246135,2.3265548,-0.08041978,,,purkinje layer|rest
ATP6V0C,0.6056434,0.68968666,-0.084043264,,,purkinje layer|rest
ND5,0.58677197,0.67269075,-0.085918784,,,purkinje layer|rest
GPM6A,1.3560976,1.4451885,-0.08909094,,,purkinje layer|rest
ATP1B1,1.3108497,1.4024466,-0.09159696,,,purkinje layer|rest
STMN1,0.71755713,0.81154716,-0.09399003,,,purkinje layer|rest
NDRG2,1.1764586,1.2718517,-0.09539306,,,purkinje layer|rest
HSPA8,1.5838423,1.6813408,-0.097498536,,,purkinje layer|rest
PCP4,8.697265,8.799621,-0.10235596,,,purkinje layer|rest
TTR,0.097070776,0.19953024,-0.10245947,,,purkinje layer|rest
MBP,0.88023096,0.98421603,-0.10398507,,,purkinje layer|rest
GALNT12,0.36456805,0.4742181,-0.109650046,,,purkinje layer|rest
SLC1A3,2.4127114,2.5256252,-0.11291385,,,purkinje layer|rest
COX1,0.8665994,0.9837014,-0.11710203,,,purkinje layer|rest
CKB,3.0273678,3.1507752,-0.123407364,,,purkinje layer|rest
DLG2,0.761861,0.8894761,-0.1276151,,,purkinje layer|rest
CPE,1.752468,1.8829376,-0.13046956,,,purkinje layer|rest
Hsp90ab1,1.5573952,1.6959568,-0.1385616,,,purkinje layer|rest
SLC24A3,0.6392632,0.8031677,-0.16390449,,,purkinje layer|rest
CYTB,1.4012312,1.5707774,-0.16954625,,,purkinje layer|rest
ND2,2.3929417,2.7041454,-0.31120372,,,purkinje layer|rest
ND1,2.7987216,3.1427417,-0.34402013,,,purkinje layer|rest
ND3,1.5508757,1.9175103,-0.3666346,,,purkinje layer|rest
PVALB,2.762835,3.130064,-0.36722898,0.004975124378109453,0.027130088900839146,purkinje layer|rest
ALDOC,5.28344,5.6741815,-0.39074135,0.004975124378109453,0.05915371490004546,purkinje layer|rest
COX2,5.2694263,5.668236,-0.39880943,0.004975124378109453,0.07664684519009585,purkinje layer|rest
ND4,5.833484,6.401306,-0.567822,0.004975124378109453,0.08591755856156295,purkinje layer|rest
ATP6,8.053489,8.84736,-0.7938709,0.004975124378109453,0.1158413992639257,purkinje layer|rest
COX3,14.353398,16.555532,-2.2021341,0.004975124378109453,0.1842463524146965,purkinje layer|rest
MBP,3.9446135,3.298695,0.64591837,0.004975124378109453,0.11206126075485945,white matter|rest
COX3,5.866343,5.600011,0.26633215,1.0,0.17672616543752712,white matter|rest
COX2,2.089723,1.8289016,0.26082146,1.0,0.0683373442799934,white matter|rest
ND4,2.520424,2.3208532,0.19957066,1.0,0.08235127506142875,white matter|rest
SNAP25,0.5155699,0.36881936,0.14675057,1.0,0.031373171475942666,white matter|rest
ATP6,3.5542457,3.4174135,0.13683224,1.0,0.11400591180451715,white matter|rest
KCNIP4,0.3327438,0.20575455,0.12698925,,,white matter|rest
PLP1,2.0543492,1.9307023,0.123646855,,,white matter|rest
TUBA1B,0.9336931,0.8159352,0.11775792,,,white matter|rest
RBFOX1,0.32585278,0.21394631,0.11190647,,,white matter|rest
CRYAB,0.92846817,0.81944484,0.10902333,,,white matter|rest
CALM2,0.44610447,0.34129944,0.10480502,,,white matter|rest
QDPR,0.4587934,0.3591934,0.09959999,,,white matter|rest
CST3,0.61267483,0.5139269,0.09874791,,,white matter|rest
EIF1,0.42549238,0.3383741,0.08711827,,,white matter|rest
CKB,0.5860658,0.5019966,0.08406925,,,white matter|rest
UBB,0.48627654,0.4058375,0.08043903,,,white matter|rest
PRDX5,0.30623046,0.23268272,0.073547736,,,white matter|rest
PEBP1,0.38258922,0.30979803,0.07279119,,,white matter|rest
KCND2,0.1857213,0.116089225,0.06963207,,,white matter|rest
CDR1,0.26482263,0.19611539,0.06870724,,,white matter|rest
PCDH9,0.31510675,0.24863155,0.0664752,,,white matter|rest
RPS8,0.36114746,0.2947853,0.06636217,,,white matter|rest
STMN1,0.37982306,0.31375223,0.066070825,,,white matter|rest
RPS7,0.3231233,0.26044467,0.062678635,,,white matter|rest
Hsp90ab1,0.3814472,0.31908122,0.06236598,,,white matter|rest
RPL3,0.25902,0.19753158,0.06148842,,,white matter|rest
NRXN1,0.19576854,0.13431536,0.06145318,,,white matter|rest
RPL41,0.51018953,0.44876316,0.06142637,,,white matter|rest
MAGI2,0.26420096,0.20286144,0.061339512,,,white matter|rest
SYT1,0.1777736,0.1177041,0.060069494,,,white matter|rest
FTL,0.48651063,0.42677316,0.059737474,,,white matter|rest
PPP3CA,0.18181424,0.124192625,0.057621613,,,white matter|rest
MAP1B,0.2584001,0.200819,0.05758111,,,white matter|rest
GPM6A,0.28357783,0.22626334,0.057314485,,,white matter|rest
RPL30,0.44715342,0.3898937,0.05725971,,,white matter|rest
HSPA8,0.35465446,0.29771456,0.0569399,,,white matter|rest
MOBP,0.652126,0.5953861,0.056739926,,,white matter|rest
CCNI,0.20691213,0.151279,0.055633128,,,white matter|rest
CLU,0.4352243,0.38043517,0.054789126,,,white matter|rest
RPL10,0.29630458,0.2415322,0.054772377,,,white matter|rest
STMN2,0.15568161,0.101101905,0.054579705,,,white matter|rest
EIF4A2,0.21773258,0.16430692,0.053425655,,,white matter|rest
S100B,1.2203785,1.1675347,0.05284381,,,white matter|rest
COX8A,0.28863853,0.23626867,0.052369863,,,white matter|rest
FAU,0.36124504,0.3112111,0.050033927,,,white matter|rest
CHGB,0.17131369,0.12135113,0.049962558,,,white matter|rest
ALDOC,0.30554217,0.25642246,0.04911971,,,white matter|rest
CPE,0.39506808,0.34634396,0.048724115,,,white matter|rest
GRID2,0.15939786,0.11092141,0.048476443,,,white matter|rest
FTH1,0.40627787,0.35784182,0.048436046,,,white matter|rest
APOE,0.3701781,0.321863,0.048315108,,,white matter|rest
FGF14,0.11842022,0.070532516,0.047887705,,,white matter|rest
MINOS1,0.32951233,0.28226942,0.04724291,,,white matter|rest
ERMN,0.25268182,0.20558645,0.047095373,,,white matter|rest
RTN1,0.18537124,0.13903439,0.046336845,,,white matter|rest
GAPDH,0.20624645,0.16003445,0.046212003,,,white matter|rest
ANKS1B,0.1821361,0.1361555,0.045980603,,,white matter|rest
NRXN3,0.12648758,0.080530964,0.04595662,,,white matter|rest
RPL8,0.22902201,0.18309444,0.04592757,,,white matter|rest
ITM2B,0.24808392,0.20248863,0.04559529,,,white matter|rest
HSP90AA1,0.38565245,0.3405267,0.045125753,,,white matter|rest
GLUL,0.22057673,0.1758063,0.044770434,,,white matter|rest
SNRPN,0.21969774,0.17498365,0.044714093,,,white matter|rest
NDUFB4,0.18302746,0.1386985,0.044328958,,,white matter|rest
PSAP,0.2410383,0.1967301,0.044308186,,,white matter|rest
RPL7,0.23487465,0.19066188,0.044212773,,,white matter|rest
DLG2,0.25443995,0.21022722,0.04421273,,,white matter|rest
RPS6,0.28143787,0.23757306,0.043864816,,,white matter|rest
RPS15,0.34579653,0.3020173,0.043779224,,,white matter|rest
NDUFB2,0.29415593,0.25043088,0.043725044,,,white matter|rest
CNP,0.3383929,0.29467896,0.043713957,,,white matter|rest
ACTG1,0.28951406,0.24592808,0.043585986,,,white matter|rest
RPS9,0.28400144,0.24095239,0.043049052,,,white matter|rest
DPYSL2,0.24195315,0.19894262,0.043010533,,,white matter|rest
VSNL1,0.14641961,0.10361845,0.042801164,,,white matter|rest
GNAS,0.16153109,0.11903955,0.04249154,,,white matter|rest
DYNLL1,0.32668597,0.28446683,0.042219132,,,white matter|rest
NUCKS1,0.19902454,0.15712996,0.041894585,,,white matter|rest
RPL18,0.31032595,0.26859018,0.04173577,,,white matter|rest
CFL1,0.2175007,0.17600827,0.041492432,,,white matter|rest
DPP6,0.11317292,0.07277845,0.04039447,,,white matter|rest
RPS19,0.40353045,0.3632323,0.040298134,,,white matter|rest
LRP1B,0.15970814,0.119602464,0.04010568,,,white matter|rest
ATPIF1,0.21281578,0.17299862,0.039817154,,,white matter|rest
RPL34,0.23900771,0.19947806,0.03952965,,,white matter|rest
RTN4,0.2746055,0.23509468,0.03951083,,,white matter|rest
PPP1R14A,0.2813957,0.24259001,0.038805693,,,white matter|rest
RPS23,0.250149,0.21140295,0.03874606,,,white matter|rest
NDUFA4,0.29244033,0.25411338,0.03832695,,,white matter|rest
SYNE1,0.12675464,0.088471346,0.038283296,,,white matter|rest
TMSB10,0.18629484,0.14805296,0.03824188,,,white matter|rest
TCF4,0.15785135,0.11986328,0.037988074,,,white matter|rest
RPS10,0.22535919,0.18744482,0.037914366,,,white matter|rest
RPL27A,0.28831238,0.2507897,0.037522674,,,white matter|rest
CADM2,0.117693834,0.08042316,0.037270673,,,white matter|rest
HPCAL1,0.12071852,0.08366403,0.037054487,,,white matter|rest
NTM,0.15570956,0.118926905,0.03678266,,,white matter|rest
NDUFB9,0.24091712,0.20463167,0.036285445,,,white matter|rest
YWHAB,0.14406526,0.10795818,0.03610708,,,white matter|rest
AUTS2,0.14427671,0.10851939,0.03575732,,,white matter|rest
PEA15,0.28099027,0.24568546,0.035304815,,,white matter|rest
SPARCL1,0.2844686,0.24927029,0.0351983,,,white matter|rest
NME1-NME2,0.22725058,0.192103,0.035147578,,,white matter|rest
RELN,0.123163186,0.08826248,0.034900703,,,white matter|rest
DST,0.15002759,0.11550641,0.034521177,,,white matter|rest
TIAM1,0.09273916,0.059139706,0.03359945,,,white matter|rest
CYTB,0.5965183,0.56327194,0.03324634,,,white matter|rest
WWOX,0.1161752,0.08306766,0.033107534,,,white matter|rest
YWHAE,0.1786997,0.14561047,0.033089235,,,white matter|rest
BPHL,0.15653138,0.12414559,0.03238579,,,white matter|rest
LSAMP,0.13997386,0.107699126,0.032274738,,,white matter|rest
ND3,0.6194266,0.5877503,0.031676292,,,white matter|rest
RPS17,0.19856288,0.16707163,0.03149125,,,white matter|rest
YWHAH,0.14833464,0.11685204,0.0314826,,,white matter|rest
TPT1,0.24037075,0.20907913,0.03129162,,,white matter|rest
ENO2,0.11183071,0.08071073,0.03111998,,,white matter|rest
COX7C,0.19476072,0.16370696,0.031053767,,,white matter|rest
SHC4,0.12438701,0.09333541,0.031051598,,,white matter|rest
ATP5J,0.16993208,0.13905005,0.03088203,,,white matter|rest
NPAS3,0.15195382,0.121267885,0.030685931,,,white matter|rest
FEZ1,0.24742106,0.21681455,0.030606508,,,white matter|rest
PDE4B,0.12352947,0.093086354,0.030443117,,,white matter|rest
HNRNPA2B1,0.14623462,0.115807354,0.030427262,,,white matter|rest
METAP1,0.27579075,0.2455821,0.030208647,,,white matter|rest
HMGB1,0.18068188,0.15060176,0.030080125,,,white matter|rest
RPL27,0.18673001,0.15671846,0.03001155,,,white matter|rest
RGCC,0.27487272,0.24506535,0.029807374,,,white matter|rest
RPL7A,0.1673977,0.13773975,0.029657945,,,white matter|rest
TUBA3E,0.18513577,0.15557033,0.029565439,,,white matter|rest
NREP,0.09702126,0.06750242,0.029518843,,,white matter|rest
KIF1B,0.14313982,0.113663815,0.02947601,,,white matter|rest
C12orf57,0.21293382,0.18350954,0.02942428,,,white matter|rest
RPS16,0.18522228,0.1559105,0.029311776,,,white matter|rest
RPL9,0.24762751,0.21835433,0.029273182,,,white matter|rest
RPLP2,0.2133337,0.18420206,0.029131636,,,white matter|rest
PFDN5,0.17675206,0.14765145,0.029100612,,,white matter|rest
OLFM1,0.102410756,0.07361444,0.028796315,,,white matter|rest
ZIC1,0.085977666,0.057256773,0.028720893,,,white matter|rest
KIRREL3,0.10775581,0.0794522,0.028303608,,,white matter|rest
COMMD1,0.20790096,0.17963031,0.028270647,,,white matter|rest
RPSA,0.18346982,0.15527429,0.02819553,,,white matter|rest
PCP4,0.4298755,0.40197682,0.02789867,,,white matter|rest
SCN1B,0.10717083,0.07927593,0.0278949,,,white matter|rest
GABARAPL2,0.17278945,0.14490782,0.027881637,,,white matter|rest
ATP5O,0.17400053,0.14621605,0.027784482,,,white matter|rest
ANLN,0.12904349,0.10126564,0.02777785,,,white matter|rest
SEPT8,0.16456975,0.13701023,0.027559519,,,white matter|rest
FMNL2,0.12364028,0.09637669,0.02726359,,,white matter|rest
BCAS1,0.21879855,0.19154055,0.027257994,,,white matter|rest
NCAM1,0.13462926,0.1073872,0.027242064,,,white matter|rest
ELOB,0.16302156,0.13596821,0.027053356,,,white matter|rest
RPS21,0.31050575,0.2834932,0.027012557,,,white matter|rest
RTN3,0.15135348,0.124790706,0.026562773,,,white matter|rest
RPL22,0.14393796,0.11764365,0.026294313,,,white matter|rest
PIP4K2A,0.14884536,0.12255987,0.026285492,,,white matter|rest
ACTB,0.15969183,0.13348,0.026211828,,,white matter|rest
RPS4X,0.15015522,0.124051735,0.026103482,,,white matter|rest
SLC22A17,0.12647553,0.10042076,0.02605477,,,white matter|rest
CLASP2,0.119549744,0.09350129,0.026048452,,,white matter|rest
RPL35,0.24376124,0.21772377,0.02603747,,,white matter|rest
CTNNA3,0.119265795,0.09332979,0.025936007,,,white matter|rest
SMARCC2,0.14909366,0.123164356,0.025929302,,,white matter|rest
COX6B1,0.16099079,0.1350726,0.025918186,,,white matter|rest
SERTAD2,0.1600609,0.13421184,0.02584906,,,white matter|rest
SPTBN1,0.1182499,0.09243638,0.02581352,,,white matter|rest
SNU13,0.116046645,0.090319574,0.02572707,,,white matter|rest
ND1,1.4695698,1.4438688,0.025701046,,,white matter|rest
KAZN,0.10689291,0.08129095,0.02560196,,,white matter|rest
ATP5G2,0.15327488,0.12773803,0.02553685,,,white matter|rest
MDH1,0.124337584,0.09885797,0.025479615,,,white matter|rest
DNM1,0.08158864,0.056200903,0.025387738,,,white matter|rest
TMTC2,0.10501043,0.07976459,0.025245838,,,white matter|rest
DBI,0.2822086,0.25710052,0.02510807,,,white matter|rest
NDUFA1,0.14661157,0.12155203,0.025059544,,,white matter|rest
COX6A1,0.22595507,0.20099542,0.024959654,,,white matter|rest
CAMTA1,0.109058075,0.08414242,0.024915658,,,white matter|rest
ATP5A1,0.10981156,0.08491726,0.024894297,,,white matter|rest
DENND5B,0.17691189,0.15202026,0.02489163,,,white matter|rest
ATP1B1,0.16230996,0.13747014,0.024839818,,,white matter|rest
RACK1,0.14431791,0.11950519,0.02481272,,,white matter|rest
TSPAN7,0.13383456,0.10904235,0.02479221,,,white matter|rest
CBR1,0.15078838,0.12604986,0.02473852,,,white matter|rest
ARHGAP32,0.20175137,0.17702472,0.024726644,,,white matter|rest
RBX1,0.15636902,0.13170858,0.024660438,,,white matter|rest
SIK3,0.09898207,0.07433276,0.024649315,,,white matter|rest
RPL24,0.13867216,0.11403709,0.02463507,,,white matter|rest
DIP2B,0.099403255,0.07480791,0.024595343,,,white matter|rest
TSC22D1,0.15407003,0.1294805,0.024589539,,,white matter|rest
RPL37,0.17683399,0.15241839,0.024415597,,,white matter|rest
ELMO1,0.10708043,0.08267486,0.024405569,,,white matter|rest
MT2,0.25572264,0.23132871,0.024393931,,,white matter|rest
PRKACB,0.11643648,0.09207042,0.024366058,,,white matter|rest
PHPT1,0.11101557,0.086690485,0.024325088,,,white matter|rest
ARHGAP21,0.12465479,0.10041216,0.024242632,,,white matter|rest
TSC22D4,0.1722602,0.14825356,0.024006635,,,white matter|rest
SLC44A1,0.16033417,0.13650091,0.02383326,,,white matter|rest
DDX17,0.11704866,0.09324409,0.023804568,,,white matter|rest
ATP1A1,0.09667629,0.07287414,0.023802146,,,white matter|rest
RAC1,0.13659546,0.112835065,0.023760393,,,white matter|rest
UBL5,0.16751947,0.14399348,0.023525983,,,white matter|rest
SERINC1,0.16571863,0.1422529,0.023465723,,,white matter|rest
PSMB1,0.12147641,0.098239295,0.023237117,,,white matter|rest
DDX5,0.11073469,0.08750399,0.023230702,,,white matter|rest
WNK1,0.13528012,0.11212864,0.02315148,,,white matter|rest
NAPB,0.088257454,0.065113805,0.02314365,,,white matter|rest
NDUFS5,0.1608188,0.13769582,0.023122981,,,white matter|rest
YWHAG,0.10232557,0.07921262,0.023112953,,,white matter|rest
TRIM2,0.10907057,0.08600873,0.023061842,,,white matter|rest
CALM3,0.12673879,0.10377079,0.022967994,,,white matter|rest
FNBP1,0.11126099,0.08837194,0.022889048,,,white matter|rest
RERE,0.08774167,0.06505,0.022691675,,,white matter|rest
BEX3,0.09681859,0.074689835,0.022128753,,,white matter|rest
RPS11,0.13181357,0.10971152,0.02210205,,,white matter|rest
RPS2,0.12346975,0.101388484,0.022081263,,,white matter|rest
SCRN1,0.10299882,0.08101903,0.021979794,,,white matter|rest
RPLP0,0.13662514,0.11467111,0.02195403,,,white matter|rest
MACF1,0.103230104,0.081294045,0.021936059,,,white matter|rest
APLP1,0.19424921,0.1723644,0.021884814,,,white matter|rest
APP,0.12758565,0.105724774,0.021860875,,,white matter|rest
CSRP1,0.1575295,0.13574854,0.021780968,,,white matter|rest
ENO1,0.15877983,0.13706087,0.021718964,,,white matter|rest
SEC62,0.1330739,0.11145457,0.021619327,,,white matter|rest
STMN4,0.23198794,0.21041362,0.021574318,,,white matter|rest
DBNDD2,0.15271789,0.13119827,0.021519616,,,white matter|rest
ATP2B2,0.09099847,0.069736086,0.021262385,,,white matter|rest
MORF4L1,0.10347275,0.08224148,0.021231264,,,white matter|rest
NDUFB10,0.12182469,0.10065227,0.02117242,,,white matter|rest
PTP4A2,0.11347712,0.09231171,0.021165408,,,white matter|rest
RPL10A,0.122796126,0.10166125,0.021134876,,,white matter|rest
ZEB2,0.13177769,0.110664755,0.021112934,,,white matter|rest
RPL23,0.19047949,0.1693862,0.021093294,,,white matter|rest
NDRG4,0.08743144,0.066409916,0.021021523,,,white matter|rest
PREPL,0.08730574,0.06628642,0.021019317,,,white matter|rest
SECISBP2L,0.09531565,0.074329235,0.020986415,,,white matter|rest
UCHL1,0.0872637,0.0662941,0.020969607,,,white matter|rest
CHD2,0.10794637,0.086981945,0.020964429,,,white matter|rest
NTRK2,0.22458869,0.20372295,0.020865738,,,white matter|rest
CLTA,0.11416908,0.09337563,0.020793453,,,white matter|rest
ATP6V0C,0.13591391,0.11514769,0.020766221,,,white matter|rest
PLA2G16,0.15878688,0.1380384,0.020748481,,,white matter|rest
STXBP1,0.075166196,0.054489806,0.02067639,,,white matter|rest
RPL4,0.118932046,0.09835069,0.020581357,,,white matter|rest
ELAVL3,0.09097317,0.07039791,0.020575255,,,white matter|rest
NF1,0.106638186,0.08609554,0.020542644,,,white matter|rest
SNX3,0.102058955,0.08161596,0.020442992,,,white matter|rest
COX7B,0.15239011,0.13209881,0.020291299,,,white matter|rest
GNAO1,0.082169145,0.06192047,0.020248674,,,white matter|rest
SLC25A3,0.09637467,0.07612735,0.020247318,,,white matter|rest
SLC24A3,0.18623377,0.1661646,0.020069167,,,white matter|rest
HNRNPDL,0.09719102,0.07729675,0.019894272,,,white matter|rest
PJA2,0.09368096,0.07379181,0.019889154,,,white matter|rest
YPEL,0.088154666,0.06828004,0.019874625,,,white matter|rest
ALMS1,0.09781472,0.077991955,0.019822761,,,white matter|rest
RCHY1,0.17145416,0.1517541,0.019700065,,,white matter|rest
TUBB,0.09995127,0.08035909,0.01959218,,,white matter|rest
NDUFAB1,0.08647878,0.06710262,0.019376159,,,white matter|rest
GABARAP,0.15745996,0.13810459,0.019355372,,,white matter|rest
SON,0.09671919,0.07740953,0.019309662,,,white matter|rest
HNRNPK,0.111869074,0.09263519,0.019233882,,,white matter|rest
RWDD1,0.10696545,0.087761395,0.019204058,,,white matter|rest
HYPK,0.109960236,0.09092694,0.019033298,,,white matter|rest
CEP170,0.097660646,0.07868167,0.018978976,,,white matter|rest
PSMC5,0.09308289,0.07411103,0.01897186,,,white matter|rest
CCDC152,0.24339166,0.22443308,0.018958583,,,white matter|rest
CHN1,0.08355167,0.06465644,0.018895231,,,white matter|rest
GALNT12,0.53271526,0.5138326,0.018882632,,,white matter|rest
CCDC88A,0.09629611,0.07749928,0.018796831,,,white matter|rest
HOOK3,0.09835456,0.079579435,0.018775128,,,white matter|rest
RPL11,0.15104471,0.13229935,0.018745363,,,white matter|rest
PFDN2,0.09489048,0.07619996,0.018690519,,,white matter|rest
MAPRE2,0.109929174,0.09123885,0.018690325,,,white matter|rest
UBXN11,0.12901545,0.11048159,0.018533856,,,white matter|rest
RPL32,0.14151509,0.122988984,0.018526107,,,white matter|rest
NDUFC1,0.10661122,0.08812072,0.0184905,,,white matter|rest
FIS1,0.17461266,0.15612249,0.018490165,,,white matter|rest
SMDT1,0.12299907,0.10452273,0.018476345,,,white matter|rest
RPL18A,0.12456012,0.106119104,0.018441014,,,white matter|rest
MARCKSL1,0.18193413,0.16351213,0.018422008,,,white matter|rest
UBE2D3,0.10466048,0.086277656,0.018382825,,,white matter|rest
OSBPL1A,0.093891576,0.07556557,0.018326007,,,white matter|rest
EDF1,0.10375386,0.08545524,0.018298618,,,white matter|rest
SEPT4,0.11437243,0.09625598,0.018116452,,,white matter|rest
RPS26,0.10502624,0.08702941,0.017996825,,,white matter|rest
FAM13A,0.100266285,0.08235485,0.017911434,,,white matter|rest
MTCH1,0.078351565,0.060442086,0.017909478,,,white matter|rest
KIF5C,0.08650376,0.068635225,0.017868534,,,white matter|rest
ALKBH5,0.1427844,0.12495623,0.017828174,,,white matter|rest
CFDP1,0.09185075,0.074027546,0.017823204,,,white matter|rest
AP2M1,0.080402456,0.06268735,0.017715104,,,white matter|rest
RHOA,0.11136471,0.09378082,0.017583884,,,white matter|rest
MAP4K4,0.10459866,0.08703613,0.017562523,,,white matter|rest
NUDT3,0.16133071,0.14379339,0.017537326,,,white matter|rest
PAFAH1B1,0.08569194,0.06819289,0.017499045,,,white matter|rest
MRPL20,0.09572904,0.07827316,0.017455876,,,white matter|rest
RPS25,0.14803492,0.13067864,0.017356277,,,white matter|rest
CIRBP,0.09960534,0.082304694,0.017300643,,,white matter|rest
USMG5,0.1532856,0.1359945,0.017291099,,,white matter|rest
NDUFA11,0.104395404,0.087139346,0.017256059,,,white matter|rest
TBCB,0.09929086,0.082177624,0.017113239,,,white matter|rest
SLC1A3,0.10401986,0.08722596,0.0167939,,,white matter|rest
SYN2,0.07607856,0.05933369,0.016744867,,,white matter|rest
RPL15,0.093680516,0.07704989,0.016630627,,,white matter|rest
SPP1,0.24618341,0.22962134,0.016562074,,,white matter|rest
NDUFA12,0.084868036,0.06837179,0.016496249,,,white matter|rest
SUB1,0.09350537,0.07711753,0.016387835,,,white matter|rest
ATP6V1E1,0.08097851,0.06467445,0.01630406,,,white matter|rest
DSTN,0.11169797,0.095448956,0.016249016,,,white matter|rest
ZFPM2,0.07853927,0.062377766,0.016161501,,,white matter|rest
STMN3,0.08260133,0.06643997,0.01616136,,,white matter|rest
COX17,0.10414964,0.087993085,0.016156554,,,white matter|rest
GALNTL6,0.23842403,0.22228615,0.016137883,,,white matter|rest
UQCRQ,0.18340665,0.1673214,0.016085252,,,white matter|rest
DTNA,0.103320725,0.08725455,0.016066179,,,white matter|rest
EIF4G2,0.08779865,0.07174841,0.016050234,,,white matter|rest
RPL19,0.09274953,0.076738395,0.016011134,,,white matter|rest
PARK7,0.09116586,0.07515777,0.016008094,,,white matter|rest
PPA1,0.08444158,0.06843866,0.016002923,,,white matter|rest
IQCJ-SCHIP1,0.082512364,0.06661444,0.015897922,,,white matter|rest
KANSL1,0.07661119,0.060714368,0.015896823,,,white matter|rest
PTGDS,0.17531806,0.15954755,0.01577051,,,white matter|rest
SQSTM1,0.08104566,0.06529578,0.01574988,,,white matter|rest
MAP1A,0.0799771,0.06423612,0.015740983,,,white matter|rest
MSANTD3-TMEFF1,0.10403692,0.08834065,0.015696272,,,white matter|rest
SLIRP,0.12744056,0.11175936,0.0156812,,,white matter|rest
ATP5I,0.19898751,0.18349844,0.015489072,,,white matter|rest
SOD1,0.101273194,0.08581392,0.015459277,,,white matter|rest
SORL1,0.09188457,0.07646623,0.015418336,,,white matter|rest
RPL31,0.13661467,0.12125095,0.015363716,,,white matter|rest
EPB41L2,0.10818874,0.09282985,0.015358888,,,white matter|rest
PTGES3,0.08423657,0.06889056,0.015346013,,,white matter|rest
ND6,0.17079352,0.15545772,0.015335798,,,white matter|rest
FOXN2,0.090059556,0.07478389,0.015275665,,,white matter|rest
DYNLRB1,0.10057971,0.08532115,0.015258558,,,white matter|rest
ID2,0.08694717,0.07180739,0.015139781,,,white matter|rest
PLEKHB1,0.19544137,0.18031943,0.015121937,,,white matter|rest
ASB3,0.121148914,0.10604576,0.015103154,,,white matter|rest
APBB1,0.08411985,0.06904025,0.015079603,,,white matter|rest
FARP2,0.112431295,0.09753692,0.014894374,,,white matter|rest
NDUFS7,0.09932849,0.084487334,0.014841154,,,white matter|rest
EIF3K,0.0803168,0.06560151,0.014715284,,,white matter|rest
RAPGEF5,0.10837863,0.093680136,0.0146984905,,,white matter|rest
ATP1A4,0.16848557,0.15380402,0.014681548,,,white matter|rest
POLR2F,0.095444866,0.08083924,0.014605626,,,white matter|rest
MGST3,0.1037507,0.08920497,0.014545731,,,white matter|rest
ABI2,0.07960639,0.06506309,0.014543302,,,white matter|rest
CSMD1,0.11666932,0.102164574,0.014504746,,,white matter|rest
RPS29,0.14808325,0.13358979,0.014493465,,,white matter|rest
RPS24,0.09587228,0.08139731,0.014474973,,,white matter|rest
GPM6B,0.13342515,0.119056344,0.014368802,,,white matter|rest
RPL5,0.07461647,0.06030648,0.014309991,,,white matter|rest
SPTAN1,0.07684008,0.06253833,0.014301747,,,white matter|rest
SCD,0.14908777,0.13479352,0.014294252,,,white matter|rest
MAP4K3,0.08831556,0.07405083,0.014264733,,,white matter|rest
EEF1A1,0.113499425,0.09930495,0.014194474,,,white matter|rest
CLDN11,0.11629893,0.10215402,0.014144912,,,white matter|rest
WDR62,0.10981904,0.09568362,0.01413542,,,white matter|rest
DGKB,0.092860684,0.07880151,0.014059171,,,white matter|rest
SLAIN1,0.09748729,0.08344949,0.014037803,,,white matter|rest
DNAJC7,0.083211064,0.06929646,0.013914607,,,white matter|rest
EDIL3,0.08823375,0.07432596,0.01390779,,,white matter|rest
NDUFB7,0.094090365,0.08043443,0.013655938,,,white matter|rest
ATP6V0B,0.080445595,0.06684065,0.013604946,,,white matter|rest
NPTN,0.07541589,0.061877772,0.013538115,,,white matter|rest
WBP2,0.075165235,0.061674833,0.013490401,,,white matter|rest
HECTD1,0.077955395,0.06453326,0.013422132,,,white matter|rest
ARPP19,0.0816075,0.068216175,0.013391323,,,white matter|rest
TF,0.40250546,0.38913164,0.013373822,,,white matter|rest
SRP14,0.0777872,0.06449237,0.013294831,,,white matter|rest
PPP1CB,0.08880786,0.07559322,0.01321464,,,white matter|rest
CNTN1,0.11736525,0.10416111,0.013204135,,,white matter|rest
LRRTM4,0.07979488,0.066643775,0.013151102,,,white matter|rest
TTYH1,0.09743172,0.084281355,0.013150364,,,white matter|rest
NCOR1,0.084781274,0.07165532,0.013125956,,,white matter|rest
ATP5D,0.072870515,0.059837483,0.013033032,,,white matter|rest
NDUFA2,0.09782829,0.08480009,0.013028204,,,white matter|rest
REEP3,0.08468447,0.07167478,0.01300969,,,white matter|rest
CHP1,0.11792099,0.10498541,0.012935579,,,white matter|rest
MYL12A,0.09666661,0.08377567,0.012890942,,,white matter|rest
CLDND1,0.14491291,0.13230374,0.012609169,,,white matter|rest
PMP22,0.16354392,0.15097515,0.012568772,,,white matter|rest
CD81,0.39350745,0.3809878,0.012519658,,,white matter|rest
GSTP1,0.1234424,0.11136209,0.012080304,,,white matter|rest
EP300,0.0703439,0.058377314,0.011966582,,,white matter|rest
ATOX1,0.08162745,0.06972405,0.011903398,,,white matter|rest
SNRPD2,0.084618926,0.07280779,0.011811137,,,white matter|rest
C4orf48,0.0815659,0.06978815,0.011777751,,,white matter|rest
BAALC,0.10294209,0.09123181,0.011710279,,,white matter|rest
RPS20,0.13467833,0.12306838,0.011609957,,,white matter|rest
ENPP2,0.09628957,0.08473245,0.011557117,,,white matter|rest
RPS3A,0.09021599,0.07866226,0.011553727,,,white matter|rest
GDI1,0.070322916,0.058927406,0.01139551,,,white matter|rest
RPS15A,0.08761995,0.07737264,0.0102473125,,,white matter|rest
HSP90B1,0.08919473,0.079104304,0.010090426,,,white matter|rest
CAPS2,0.10594705,0.09599432,0.009952724,,,white matter|rest
CD63,0.10465821,0.09481101,0.009847201,,,white matter|rest
FERMT2,0.11646363,0.10669978,0.009763852,,,white matter|rest
ROBO2,0.08076357,0.07142689,0.00933668,,,white matter|rest
CALR,0.075015835,0.06580454,0.009211294,,,white matter|rest
ROMO1,0.10164887,0.09260669,0.009042174,,,white matter|rest
MRPL53,0.0786128,0.06958826,0.009024538,,,white matter|rest
ITM2C,0.074399345,0.065465145,0.0089342,,,white matter|rest
NDRG2,0.35211423,0.3433861,0.008728117,,,white matter|rest
ND2,1.1181788,1.1095502,0.008628607,,,white matter|rest
Ndrg1,0.15714839,0.14867283,0.008475557,,,white matter|rest
DYM,0.06419909,0.056042247,0.0081568435,,,white matter|rest
CTSD,0.07801673,0.07007753,0.007939197,,,white matter|rest
CD74,0.087715596,0.08004436,0.007671237,,,white matter|rest
CHKA,0.074673004,0.06738602,0.0072869807,,,white matter|rest
PRDX1,0.14596409,0.13869014,0.007273942,,,white matter|rest
FSIP1,0.09904658,0.09185562,0.0071909577,,,white matter|rest
MPV17L2,0.07302469,0.06587092,0.007153772,,,white matter|rest
TMA7,0.08216412,0.0756818,0.0064823255,,,white matter|rest
POLDIP3,0.07631521,0.07014967,0.0061655417,,,white matter|rest
SERPINI1,0.08521884,0.07908436,0.0061344802,,,white matter|rest
CNN3,0.1262373,0.12028553,0.0059517696,,,white matter|rest
TPPP3,0.0847821,0.07906061,0.0057214946,,,white matter|rest
CDK2AP1,0.09934008,0.09364415,0.0056959316,,,white matter|rest
GSN,0.16316873,0.15786439,0.0053043365,,,white matter|rest
SETBP1,0.06576649,0.060923584,0.004842907,,,white matter|rest
MAG,0.19556941,0.19091141,0.0046579987,,,white matter|rest
SPARC,0.17211467,0.16778298,0.004331693,,,white matter|rest
PVALB,0.1098063,0.105515525,0.0042907745,,,white matter|rest
GRTP1,0.09761784,0.09380452,0.003813319,,,white matter|rest
HLA-E,0.08536089,0.08297859,0.0023823008,,,white matter|rest
ERBB2,0.061396044,0.060896352,0.0004996918,,,white matter|rest
ND5,0.32821408,0.3281441,6.997585e-05,,,white matter|rest
CDK19,0.09147085,0.09179575,-0.00032489747,1.0,0.0038181837409702866,white matter|rest
ENTPD4,0.118386164,0.11887172,-0.00048555434,1.0,0.0049595015654576935,white matter|rest
PCP2,0.34328318,0.34614414,-0.0028609633,0.9850746268656716,0.014016951604714967,white matter|rest
ND4L,0.12022017,0.1264175,-0.0061973333,0.7412935323383084,0.005155322918762849,white matter|rest
COX1,0.5915094,0.60276,-0.011250615,0.9800995024875622,0.019786982741723743,white matter|rest
GFAP,0.75092167,0.765184,-0.014262319,0.9900497512437811,0.03188247995571746,white matter|rest
