interface,gene,mean_bulge,mean_dent,lfc,p_geomnull,null_sd
midgut,epsilonTry,2.0027726,1.2141559,0.78861666,0.004975124378109453,0.11172516586500728
midgut,deltaTry,2.2156706,1.6833338,0.53233683,0.014925373134328358,0.19447503580192602
midgut,Jon99Ciii,2.573891,2.0664515,0.5074394,0.004975124378109453,0.12224059978072754
midgut,Jon99Cii,2.4939413,2.0386658,0.45527554,0.004975124378109453,0.1293266644534947
midgut,Jon25Bii,1.4411668,0.9948997,0.44626707,0.01990049751243781,0.11478541068201313
midgut,CG18180,1.6974194,1.3117298,0.38568962,0.004975124378109453,0.08517208057445455
midgut,betaTry,0.9619567,0.58055925,0.38139743,,
midgut,CG5767,0.8639187,0.49050042,0.3734183,,
midgut,mt:lrRNA,1.2230895,0.8849979,0.33809155,,
midgut,alphaTry,0.8169689,0.5066484,0.3103205,,
midgut,Jon25Biii,1.8710873,1.5650008,0.30608654,,
midgut,CG6403,0.84254503,0.55101097,0.29153407,,
midgut,Jon65Aiii,1.974706,1.691442,0.28326404,,
midgut,CG30031,0.6784613,0.40192848,0.27653283,,
midgut,Jon44E,1.0308547,0.7629068,0.2679479,,
midgut,CG5399,0.8557227,0.59279865,0.26292408,,
midgut,Muc55B,0.40234572,0.14189036,0.26045537,,
midgut,Jon66Ci,2.1252577,1.8833648,0.24189293,,
midgut,Jon99Fii,0.83950144,0.60443556,0.23506588,,
midgut,thetaTry,0.3963549,0.16401283,0.23234208,,
midgut,CG33128,0.56781375,0.33574504,0.23206872,,
midgut,Jon65Aiv,2.3076146,2.0775914,0.23002315,,
midgut,Jon25Bi,0.94479907,0.71857405,0.22622502,,
midgut,Vha16-1,0.92239696,0.69724107,0.22515589,,
midgut,yip7,1.6671848,1.4451603,0.22202456,,
midgut,dpr2,1.0651588,0.8584988,0.20666003,,
midgut,CG8560,0.48009932,0.27372023,0.20637909,,
midgut,Jon65Ai,0.9244575,0.7380419,0.18641561,,
midgut,mt:CoII,1.3167089,1.1433247,0.17338419,,
midgut,pre-rRNA:CR45856,1.0272167,0.861627,0.16558969,,
midgut,CG10910,0.34940386,0.18466318,0.16474068,,
midgut,CG7290,0.48860034,0.32772136,0.16087899,,
midgut,CG31041,0.27186045,0.11164809,0.16021237,,
midgut,Vha68-2,0.4936255,0.3338717,0.1597538,,
midgut,Peritrophin-15a,1.6340905,1.4761971,0.15789342,,
midgut,CG8661,0.5006199,0.34581608,0.15480381,,
midgut,CG3868,0.5787644,0.42887536,0.14988902,,
midgut,CG10912,0.24480665,0.09578787,0.14901878,,
midgut,Vha55,0.6286995,0.480486,0.14821348,,
midgut,Jon99Fi,0.6424583,0.49471027,0.14774805,,
midgut,CG15423,0.5700559,0.4237396,0.14631629,,
midgut,Muc18B,0.35015717,0.20506679,0.14509039,,
midgut,Vha26,0.40341082,0.26265684,0.14075398,,
midgut,mt:CoI,1.4358119,1.3028039,0.133008,,
midgut,CG17571,0.65483856,0.52220035,0.13263822,,
midgut,Tsp42Ec,0.30024508,0.18120803,0.11903705,,
midgut,Amy-p,0.61360705,0.49481565,0.1187914,,
midgut,CG3819,0.23902965,0.12111482,0.117914826,,
midgut,Vha13,0.8922123,0.7743894,0.117822886,,
midgut,LysB,0.30594873,0.19208497,0.113863766,,
midgut,CG6296,0.20948176,0.09684431,0.11263745,,
midgut,CG32302,0.42679065,0.31519285,0.111597806,,
midgut,Vha100-4,0.16411339,0.05490626,0.10920712,,
midgut,Jon66Cii,0.28067532,0.17171729,0.108958036,,
midgut,Jon65Aii,0.43680114,0.33202145,0.10477969,,
midgut,mt:ATPase6,1.2989681,1.1942811,0.104686975,,
midgut,CG9682,0.36285195,0.2586458,0.104206145,,
midgut,mt:Cyt-b,0.8722369,0.7710566,0.101180315,,
midgut,Ag5r2,0.9099562,0.8090788,0.100877404,,
midgut,CG17633,0.37195456,0.27633864,0.09561592,,
midgut,CG31446,0.13155651,0.037493866,0.09406264,,
midgut,VhaM9.7-b,0.4515344,0.35768086,0.09385353,,
midgut,VhaAC39-1,0.32291037,0.23143442,0.09147595,,
midgut,RNASEK,0.52051073,0.43124223,0.089268506,,
midgut,CG6933,0.59096485,0.5017241,0.08924073,,
midgut,CG7298,0.42492378,0.3357243,0.08919948,,
midgut,VhaAC45,0.2666424,0.17946112,0.08718127,,
midgut,RpL37a,0.9943926,0.90919363,0.08519894,,
midgut,mt:CoIII,1.0623679,0.978444,0.083923936,,
midgut,CG5770,0.17589614,0.09250456,0.08339158,,
midgut,CG8562,0.1495658,0.06727617,0.08228963,,
midgut,RpL39,1.4933361,1.4110827,0.08225334,,
midgut,mt:ND4,0.3903758,0.30844912,0.08192667,,
midgut,CAH1,0.24513951,0.16445328,0.08068623,,
midgut,Drip,0.1804857,0.10135527,0.079130426,,
midgut,CG4734,0.17604594,0.09881026,0.07723568,,
midgut,CG18493,0.19617613,0.12155178,0.074624345,,
midgut,CG43774,0.2167848,0.14240438,0.07438043,,
midgut,VhaPPA1-1,0.28347892,0.21154986,0.07192905,,
midgut,Vha14-1,0.37858224,0.30896118,0.06962106,,
midgut,Vha36-1,0.3029402,0.23513454,0.06780565,,
midgut,Npc2f,0.17985696,0.113693,0.06616396,,
midgut,CG15422,0.25270125,0.18656354,0.066137716,,
midgut,gammaTry,0.15031807,0.0903631,0.05995497,,
midgut,Vha44,0.2123299,0.15311603,0.05921386,,
midgut,Fer1HCH,0.21968248,0.1607443,0.05893819,,
midgut,CG10911,0.11107366,0.052410867,0.05866279,,
midgut,CG30479,0.14506997,0.08703074,0.058039233,,
midgut,PGRP-SC2,0.13965097,0.08221223,0.05743874,,
midgut,mt:ND1,0.16202068,0.105445445,0.05657524,,
midgut,Mal-A6,0.073865294,0.017554905,0.05631039,,
midgut,VhaSFD,0.1760319,0.12136616,0.054665744,,
midgut,CG13323,0.4083949,0.35444045,0.053954452,,
midgut,eEF2,0.5269052,0.4730147,0.053890467,,
midgut,CG6996,0.08655096,0.032759767,0.05379119,,
midgut,CG34026,0.092356645,0.044065263,0.04829138,,
midgut,CG30025,0.086803794,0.039216388,0.047587406,,
midgut,hiro,0.13333517,0.086032845,0.047302328,,
midgut,COX8,0.7260441,0.67924106,0.046803057,,
midgut,18SrRNA-Psi:CR41602,0.2919669,0.24574564,0.04622124,,
midgut,Amy-d,0.24430098,0.19851741,0.045783564,,
midgut,eEF1alpha1,1.2342852,1.1885319,0.04575336,,
midgut,CG5773,0.256184,0.21185017,0.044333845,,
midgut,ATPsynbeta,0.73548526,0.69121885,0.044266403,,
midgut,CG7252,0.13010156,0.08602862,0.04407294,,
midgut,mt:ND5,0.10473014,0.062385805,0.04234433,,
midgut,CG5883,0.09300902,0.05083269,0.04217633,,
midgut,CG6484,0.072413936,0.030728122,0.041685812,,
midgut,RpL4,0.40529072,0.36368877,0.041601956,,
midgut,blw,0.5180928,0.48056567,0.037527144,,
midgut,CG8952,0.11447236,0.0772258,0.037246563,,
midgut,CG1246,0.09405474,0.058133587,0.035921156,,
midgut,Lcp65Ac,0.1260591,0.09065925,0.035399847,,
midgut,CG3609,0.09390345,0.058954716,0.034948736,,
midgut,CG32483,0.087156355,0.052548274,0.03460808,,
midgut,Vha100-2,0.13000278,0.09618821,0.03381457,,
midgut,OtopLb,0.06478361,0.03100508,0.03377853,,
midgut,Xrp1,0.16092496,0.12752335,0.03340161,,
midgut,RpL35A,0.5558992,0.52286756,0.033031642,,
midgut,Cyp9b2,0.059935205,0.02696256,0.032972645,,
midgut,Tsp42Ed,0.1485887,0.11639007,0.03219863,,
midgut,CG11911,0.309305,0.27713522,0.03216979,,
midgut,RNaseMRP:RNA,0.08678524,0.05497959,0.031805653,,
midgut,CG9672,0.17416784,0.14238624,0.0317816,,
midgut,CG14989,0.070525326,0.039711334,0.030813992,,
midgut,CG10182,0.06719927,0.036534894,0.030664373,,
midgut,ATP6AP2,0.33216664,0.30244696,0.02971968,,
midgut,CG14818,0.18226334,0.15340263,0.028860718,,
midgut,Fer2LCH,0.25709766,0.22838199,0.02871567,,
midgut,lectin-37Db,0.07554426,0.046887014,0.028657246,,
midgut,RpS18,0.68829924,0.6600108,0.028288424,,
midgut,CG18547,0.051700857,0.023419835,0.028281022,,
midgut,AdSS,0.12512292,0.09687479,0.028248131,,
midgut,Nc73EF,0.106120616,0.079378925,0.026741691,,
midgut,CG9331,0.12993546,0.10320729,0.026728168,,
midgut,Cht9,0.10832948,0.082556784,0.025772698,,
midgut,RpS16,0.68575156,0.6609313,0.024820268,,
midgut,Xbp1,0.13588333,0.11164064,0.024242692,,
midgut,CG17574,0.11738641,0.093366824,0.024019584,,
midgut,CycG,0.23243873,0.20887522,0.023563504,,
midgut,CG4741,0.07816813,0.054646134,0.023521997,,
midgut,CG14963,0.058251638,0.0349449,0.023306739,,
midgut,Cyt-b5-r,0.116398476,0.09348845,0.022910029,,
midgut,D2hgdh,0.15388276,0.13156703,0.022315726,,
midgut,CG12171,0.05997669,0.037798066,0.022178624,,
midgut,Acbp6,0.20399822,0.18222034,0.021777883,,
midgut,MtnD,0.14952198,0.12796852,0.021553457,,
midgut,Tsp29Fb,0.30066466,0.27927545,0.021389216,,
midgut,CG32278,0.06591202,0.044806387,0.021105636,,
midgut,CG15127,0.05866056,0.03818602,0.020474538,,
midgut,CG34288,0.091026,0.07091024,0.020115763,,
midgut,Gale,0.09861979,0.07851974,0.02010005,,
midgut,CG17109,0.1124132,0.092343785,0.020069413,,
midgut,Arc1,0.15259936,0.13266768,0.019931689,,
midgut,Muc11A,0.101004995,0.081148624,0.019856371,,
midgut,ND-MWFE,0.25718954,0.23790836,0.019281179,,
midgut,CG15818,0.20130989,0.18251538,0.018794507,,
midgut,Hsc70-4,0.46376103,0.44509307,0.018667966,,
midgut,RpL41,1.8147511,1.7962509,0.018500209,,
midgut,crc,0.15222232,0.13387103,0.018351287,,
midgut,Treh,0.08532374,0.067202255,0.018121488,,
midgut,CG6084,0.06313812,0.04514418,0.017993938,,
midgut,mAcon1,0.16623315,0.14851302,0.017720133,,
midgut,Sec61alpha,0.0707955,0.05339498,0.017400518,,
midgut,Jheh3,0.09557204,0.07824043,0.017331608,,
midgut,MtnE,0.18065028,0.16346753,0.017182752,,
midgut,Adat1,0.045971956,0.028900642,0.017071314,,
midgut,CG12974,0.12672904,0.109786145,0.016942896,,
midgut,CG7054,0.07157297,0.05482364,0.016749326,,
midgut,Myo31DF,0.07582988,0.059209857,0.016620021,,
midgut,RFeSP,0.29246053,0.27635285,0.016107678,,
midgut,CG13067,0.088521965,0.07243405,0.016087912,,
midgut,Gclc,0.048974242,0.032926332,0.01604791,,
midgut,HnRNP-K,0.06753372,0.051670037,0.01586368,,
midgut,CG9394,0.06603255,0.050444894,0.015587658,,
midgut,Pdi,0.14412746,0.1285757,0.015551761,,
midgut,SdhA,0.095576786,0.08027049,0.015306294,,
midgut,Sar1,0.0876552,0.0729579,0.014697298,,
midgut,IA-2,0.08735348,0.07272035,0.014633134,,
midgut,mex1,0.13734534,0.122748114,0.01459723,,
midgut,AANAT1,0.051901333,0.037434496,0.014466837,,
midgut,SdhB,0.13706765,0.12268985,0.014377795,,
midgut,ScsbetaA,0.06625124,0.052343737,0.013907503,,
midgut,Vha100-5,0.09461475,0.08075683,0.013857923,,
midgut,kcc,0.058454864,0.044667736,0.013787128,,
midgut,lncRNA:roX1,0.09963743,0.08608239,0.013555035,,
midgut,asRNA:CR45264,0.098292,0.08492845,0.013363548,,
midgut,CG15043,0.080148324,0.06685477,0.013293557,,
midgut,RpS6,0.51330256,0.50007015,0.01323241,,
midgut,UQCR-C1,0.19499952,0.18185219,0.013147324,,
midgut,UQCR-6.4,0.36579916,0.35273746,0.013061702,,
midgut,Fkbp14,0.07685703,0.06380037,0.013056658,,
midgut,Fst,0.31261316,0.299581,0.013032168,,
midgut,CG31974,0.05975601,0.046745297,0.013010714,,
midgut,Ugt37D1,0.047545988,0.034565903,0.012980085,,
midgut,CG9034,0.18562679,0.17268084,0.01294595,,
midgut,muc,0.06495553,0.052080795,0.012874737,,
midgut,levy,0.6905057,0.6777553,0.012750387,,
midgut,Cyp12a4,0.052448865,0.039709743,0.012739122,,
midgut,Decay,0.04970356,0.037105955,0.012597606,,
midgut,AOX1,0.065576985,0.05310353,0.012473457,,
midgut,ATPsynF,0.6118566,0.5993894,0.0124672055,,
midgut,CG1882,0.084745966,0.072421156,0.01232481,,
midgut,COX7A,0.50698286,0.4949626,0.01202026,,
midgut,ref(2)P,0.05097386,0.03896419,0.012009669,,
midgut,Chd64,0.1921532,0.18068676,0.011466444,,
midgut,roh,0.45548853,0.44406396,0.011424571,,
midgut,CG4928,0.095764086,0.084363215,0.011400871,,
midgut,Cpr,0.046772566,0.035492007,0.011280559,,
midgut,Idh3a,0.09674852,0.0855553,0.011193223,,
midgut,CG9759,0.07999754,0.06886436,0.011133179,,
midgut,CG8177,0.08062726,0.06966917,0.01095809,,
midgut,Atpalpha,0.056727406,0.045856968,0.010870438,,
midgut,CAH7,0.045516934,0.034708977,0.0108079575,,
midgut,Shawl,0.08195944,0.07117512,0.0107843205,,
midgut,CG43110,0.055880923,0.04516368,0.010717243,,
midgut,CG32276,0.108026944,0.09736977,0.010657176,,
midgut,mesh,0.08640772,0.07585362,0.010554098,,
midgut,Gclm,0.07026165,0.059712123,0.010549527,,
midgut,mt:srRNA,0.076004855,0.06546419,0.010540664,,
midgut,CG1927,0.055331048,0.04479206,0.010538988,,
midgut,Dp1,0.066029415,0.05570855,0.010320865,,
midgut,RpS25,1.3182516,1.3079945,0.010257125,,
midgut,CG15152,0.09472551,0.084510624,0.010214888,,
midgut,Mur29B,0.084935576,0.07474505,0.010190524,,
midgut,CG9380,0.07979506,0.06984845,0.0099466145,,
midgut,CG41128,0.13282286,0.12290631,0.009916544,,
midgut,CG3106,0.119997315,0.11019147,0.009805843,,
midgut,eEF5,0.45127952,0.44153178,0.009747744,,
midgut,Mlc-c,0.05169812,0.0420959,0.009602219,,
midgut,ND-15,0.13238473,0.12283049,0.009554245,,
midgut,CG31098,0.044700757,0.035168733,0.009532023,,
midgut,eEF1beta,0.4052832,0.395878,0.0094052255,,
midgut,wdp,0.071657285,0.06228895,0.009368334,,
midgut,path,0.044625055,0.03528905,0.009336006,,
midgut,CG1532,0.05048375,0.04128681,0.009196937,,
midgut,CG14191,0.05058137,0.041443855,0.009137515,,
midgut,Lamp1,0.052210305,0.04327019,0.008940116,,
midgut,Mpcp2,0.30787012,0.2989407,0.008929431,,
midgut,CG34232,0.21168594,0.20278545,0.008900493,,
midgut,eff,0.061526455,0.052773975,0.00875248,,
midgut,mt:tRNA:Tyr-GTA,0.034485213,0.025820749,0.008664465,,
midgut,Adi1,0.07567924,0.067018755,0.008660488,,
midgut,hebe,0.119319186,0.11068603,0.008633159,,
midgut,CG9674,0.060634486,0.052042384,0.008592103,,
midgut,CG45089,0.2119413,0.20365888,0.008282423,,
midgut,ox,0.42959505,0.4215897,0.008005351,,
midgut,Aldh,0.14961566,0.14163448,0.007981181,,
midgut,sqd,0.09730076,0.08940042,0.007900342,,
midgut,CG17691,0.07773957,0.06984963,0.007889934,,
midgut,Tsp29Fa,0.115074806,0.10719549,0.007879317,,
midgut,CG15237,0.05291919,0.045054033,0.007865157,,
midgut,SdhC,0.2538175,0.24595624,0.007861257,,
midgut,CG46315,0.05296792,0.045182787,0.007785134,,
midgut,CG42813,0.058865808,0.05132318,0.007542629,,
midgut,AcCoAS,0.04560572,0.038088154,0.007517565,,
midgut,SsRbeta,0.04841834,0.04093952,0.0074788183,,
midgut,ps,0.07953488,0.07208814,0.0074467435,,
midgut,Rm62,0.10438522,0.09695775,0.007427469,,
midgut,CG13868,0.050169867,0.04280087,0.0073689967,,
midgut,RpL40,0.88782686,0.88047194,0.007354915,,
midgut,cnc,0.06618839,0.058976274,0.0072121136,,
midgut,CG13506,0.042772073,0.035566546,0.0072055273,,
midgut,pre-rRNA:CR45845,0.046245098,0.039042104,0.007202994,,
midgut,CG8785,0.053306498,0.04610395,0.007202547,,
midgut,Tsp42Eq,0.07039859,0.06325532,0.007143274,,
midgut,kdn,0.098296925,0.091199875,0.0070970505,,
midgut,CG7220,0.077420354,0.070354685,0.0070656687,,
midgut,RpL3,0.65381664,0.64675605,0.0070605874,,
midgut,CG13230,0.0691233,0.06211002,0.007013276,,
midgut,mt:tRNA:Cys-GCA,0.037341963,0.03057722,0.0067647435,,
midgut,Eip71CD,0.048334762,0.04164992,0.0066848435,,
midgut,TppII,0.18655486,0.17996272,0.0065921396,,
midgut,CG2556,0.049402483,0.043079443,0.0063230395,,
midgut,Tudor-SN,0.044736695,0.038431093,0.0063056014,,
midgut,bru3,0.06779699,0.061516907,0.006280083,,
midgut,vsg,0.056355026,0.050178107,0.0061769187,,
midgut,CG17896,0.08220238,0.07609462,0.0061077625,,
midgut,pix,0.048389312,0.042377345,0.0060119666,,
midgut,CG15093,0.11620139,0.11026191,0.0059394836,,
midgut,eIF3e,0.04930778,0.043488014,0.005819764,,
midgut,Fum1,0.07065577,0.064907655,0.0057481155,,
midgut,Arf79F,0.039500274,0.033904087,0.005596187,,
midgut,CG1907,0.05388575,0.04830542,0.005580332,,
midgut,ND-18,0.101359375,0.09591205,0.005447328,,
midgut,Ran,0.07378211,0.068341754,0.0054403543,,
midgut,CG5903,0.09376548,0.088647634,0.0051178485,,
midgut,CG7714,0.37452903,0.369439,0.005090028,,
midgut,CG45050,0.064668134,0.059617907,0.005050227,,
midgut,CG5214,0.114639185,0.109789595,0.0048495904,,
midgut,Chchd3,0.069029994,0.06422369,0.0048063025,,
midgut,RpS29,0.91613907,0.9113367,0.004802346,,
midgut,CG17931,0.052049037,0.047431488,0.0046175495,,
midgut,cype,0.92737347,0.9228297,0.0045437813,,
midgut,Clic,0.040027443,0.035597183,0.0044302605,,
midgut,Idh3b,0.06068143,0.056269452,0.004411977,,
midgut,CG32267,0.056687895,0.052326456,0.0043614395,,
midgut,CG6178,0.04784309,0.0434981,0.0043449923,,
midgut,Ttd14,0.05341248,0.049130388,0.004282091,,
midgut,CG10576,0.052033737,0.0477861,0.0042476356,,
midgut,Indy,0.04044687,0.036259312,0.004187558,,
midgut,CG3679,0.06108989,0.057093605,0.003996283,,
midgut,Dic1,0.04727449,0.043293428,0.0039810613,,
midgut,KdelR,0.037922002,0.03402628,0.0038957223,,
midgut,ND-AGGG,0.12545896,0.12162617,0.0038327873,,
midgut,CG30269,0.045313023,0.041560035,0.0037529878,,
midgut,CG10863,0.045656405,0.0420739,0.0035825036,,
midgut,CG9065,0.044586588,0.04103644,0.0035501495,,
midgut,CG10086,0.04719094,0.043664783,0.003526155,,
midgut,CCHa2,0.048596725,0.045178343,0.0034183823,,
midgut,slmo,0.05661562,0.05320039,0.0034152307,,
midgut,ND-20,0.09540492,0.09205866,0.0033462644,,
midgut,Mtpalpha,0.03819478,0.034885064,0.0033097155,,
midgut,MtnA,0.10214525,0.09884712,0.0032981262,,
midgut,CG6299,0.083684124,0.08050438,0.003179744,,
midgut,CG8860,0.04469086,0.04161981,0.0030710474,,
midgut,RhoGDI,0.057102192,0.05416941,0.0029327832,,
midgut,Mpc1,0.040349077,0.037443366,0.0029057115,,
midgut,CG15201,0.045295786,0.04241836,0.0028774254,,
midgut,GstD1,0.050586525,0.04774659,0.002839934,,
midgut,CG6300,0.04780354,0.044978503,0.0028250366,,
midgut,CG7920,0.17683066,0.17401296,0.0028177053,,
midgut,Tom7,0.18647693,0.18366218,0.0028147548,,
midgut,shot,0.0715435,0.06876454,0.0027789623,,
midgut,ND-B14.5B,0.16479658,0.16202171,0.0027748644,,
midgut,GstO2,0.048396476,0.045631845,0.002764631,,
midgut,Cyt-c1,0.24404456,0.24130838,0.002736181,,
midgut,CG8907,0.081518725,0.07888687,0.002631858,,
midgut,Tspo,0.16158693,0.15898918,0.0025977492,,
midgut,Karybeta3,0.043920107,0.041351233,0.0025688745,,
midgut,Rack1,0.5029389,0.5003904,0.0025485158,,
midgut,CG17508,0.041939776,0.039432634,0.0025071427,,
midgut,mtd,0.040878974,0.03841132,0.0024676546,,
midgut,lectin-37Da,0.034501538,0.032070998,0.0024305396,,
midgut,Roc1a,0.049600665,0.04725112,0.0023495443,,
midgut,Synd,0.041715987,0.039514028,0.0022019595,,
midgut,Not1,0.04128509,0.039163373,0.0021217167,,
midgut,Vap33,0.037673436,0.035578664,0.0020947717,,
midgut,Hrb27C,0.10042176,0.09835595,0.0020658076,,
midgut,CG15784,0.10558716,0.10355744,0.0020297244,,
midgut,Oda,0.5008747,0.49893305,0.0019416511,,
midgut,CG34251,0.08068066,0.07877314,0.00190752,,
midgut,kud,0.04128563,0.039389726,0.0018959045,,
midgut,Kap-alpha3,0.05068675,0.048804536,0.0018822141,,
midgut,ATPsynO,0.3326018,0.3307356,0.0018661916,,
midgut,Got2,0.05687131,0.05519162,0.0016796887,,
midgut,Cp1,0.08129058,0.079645656,0.0016449243,,
midgut,Arpc1,0.04520428,0.04361379,0.0015904903,,
midgut,CG7430,0.07769527,0.07613655,0.0015587211,,
midgut,Mitofilin,0.04010571,0.038586777,0.001518935,,
midgut,CG34132,0.051815744,0.050326638,0.0014891066,,
midgut,CG13704,0.13059388,0.1291059,0.0014879853,,
midgut,Pink1,0.05088255,0.04942079,0.0014617629,,
midgut,JhI-26,0.043339074,0.041919958,0.0014191158,,
midgut,vig2,0.03903519,0.037629936,0.001405254,,
midgut,SCOT,0.0462729,0.044869214,0.0014036857,,
midgut,CG40472,0.03712923,0.03576986,0.0013593696,,
midgut,Mec2,0.042829502,0.041521825,0.0013076775,,
midgut,mbl,0.047762282,0.046488464,0.0012738183,,
midgut,Pdha,0.0630522,0.061801862,0.0012503378,,
midgut,Ufm1,0.039489042,0.038275458,0.0012135841,,
midgut,SWIP,0.050837014,0.04965785,0.0011791624,,
midgut,CG9877,0.06828869,0.0671373,0.0011513904,,
midgut,Idh,0.0805673,0.07943577,0.0011315271,,
midgut,CG5506,0.11062131,0.10955854,0.0010627732,,
midgut,ATPsynD,0.29954505,0.29848766,0.0010573864,,
midgut,RpL35,0.7163698,0.71532047,0.0010493398,,
midgut,Hsc70-5,0.069587156,0.06855075,0.0010364056,,
midgut,CG17776,0.05753441,0.056514863,0.0010195486,,
midgut,SelT,0.041686576,0.0406824,0.0010041744,,
midgut,Irp-1B,0.100214265,0.09926921,0.000945054,,
midgut,CG5885,0.08722148,0.08638363,0.0008378476,,
midgut,CG7630,0.67137074,0.6705835,0.00078725815,,
midgut,IP3K1,0.041743886,0.040977646,0.00076624006,,
midgut,Prosbeta3,0.046398662,0.045749187,0.00064947456,,
midgut,Mdh2,0.2897043,0.28907588,0.00062841177,,
midgut,CG31715,0.048678804,0.048072662,0.000606142,,
midgut,RpL7A,0.6248795,0.6242891,0.000590384,,
midgut,Alg-2,0.05242046,0.051832337,0.00058812276,,
midgut,eIF2alpha,0.042848047,0.042448804,0.0003992431,,
midgut,IscU,0.057361085,0.05703055,0.00033053383,,
midgut,CG3420,0.046470765,0.046143297,0.00032746792,,
midgut,alpha-Spec,0.0752127,0.07490491,0.00030779094,,
midgut,CG4364,0.04973469,0.049437996,0.0002966933,,
midgut,awd,0.26653582,0.2662392,0.00029662251,,
midgut,ThrRS,0.04984693,0.04962552,0.0002214089,,
midgut,CG12279,0.03957918,0.039377995,0.0002011843,,
midgut,ATPsynCF6,0.5309259,0.53075874,0.00016719103,,
midgut,CG2064,0.04902478,0.04899168,3.3099204e-05,,
midgut,ND-ASHI,0.10317829,0.103181176,-2.8833747e-06,,
midgut,twr,0.048901215,0.048925817,-2.4601817e-05,,
midgut,eIF2beta,0.055637833,0.055705916,-6.8083405e-05,,
midgut,Tapdelta,0.12864156,0.12875055,-0.00010898709,,
midgut,CG8993,0.06668028,0.066794954,-0.000114671886,,
midgut,Sam-S,0.05590067,0.056054033,-0.00015336275,,
midgut,PCB,0.04652355,0.046727594,-0.00020404533,,
midgut,CG14566,0.060465276,0.060703754,-0.00023847818,,
midgut,ND-23,0.07995186,0.080240294,-0.00028843433,,
midgut,CG42394,0.04200947,0.04234139,-0.00033191964,,
midgut,CG12963,0.053917482,0.05428967,-0.0003721863,,
midgut,Sod2,0.109260574,0.109662436,-0.00040186197,,
midgut,eIF3f1,0.07077317,0.0711794,-0.000406228,,
midgut,Npc2d,0.04289163,0.043335013,-0.00044338405,,
midgut,CG32687,0.046386663,0.0468971,-0.00051043555,,
midgut,asRNA:CR45604,0.058997374,0.059530884,-0.00053351,,
midgut,AspRS,0.044317245,0.044855814,-0.00053856894,,
midgut,CG7414,0.072394885,0.072937064,-0.00054217875,,
midgut,Sply,0.048294976,0.048862647,-0.0005676709,,
midgut,bai,0.061775472,0.062385548,-0.0006100759,,
midgut,ArgRS-m,0.043218512,0.043867357,-0.000648845,,
midgut,CG14817,0.05461554,0.055295,-0.00067946315,,
midgut,ND-49,0.060810424,0.06156454,-0.00075411424,,
midgut,CG8066,0.0742739,0.075037315,-0.0007634163,,
midgut,Hsp60A,0.05722246,0.057992198,-0.0007697381,,
midgut,Sec61gamma,0.076601006,0.07737902,-0.000778012,,
midgut,Arpc4,0.052376457,0.053345796,-0.00096933916,,
midgut,CG10165,0.03782262,0.038796593,-0.0009739734,,
midgut,CG12163,0.061628588,0.062698945,-0.0010703579,,
midgut,Eglp4,0.08223383,0.08331971,-0.0010858774,,
midgut,ND-B12,0.34255144,0.34363937,-0.0010879338,,
midgut,eIF3d1,0.048559528,0.049725704,-0.001166176,,
midgut,hpRNA:CR18854,0.04019073,0.04138269,-0.0011919588,,
midgut,beta-Spec,0.046142925,0.047442894,-0.0012999699,,
midgut,CG12384,0.117477216,0.11879299,-0.0013157725,,
midgut,CG15922,0.03782803,0.039155528,-0.0013274997,,
midgut,UQCR-C2,0.37765363,0.3790089,-0.0013552606,,
midgut,Hexo1,0.037202906,0.038564444,-0.0013615377,,
midgut,CG17734,0.07326226,0.074639805,-0.0013775453,,
midgut,CG11791,0.054977342,0.056355454,-0.0013781115,,
midgut,mRpL28,0.041890383,0.043273695,-0.001383312,,
midgut,eIF3h,0.08329718,0.08469128,-0.0013941005,,
midgut,Neb-cGP,0.5788554,0.5802629,-0.0014075041,,
midgut,CG31265,0.03324299,0.034706417,-0.0014634281,,
midgut,CLIP-190,0.034131076,0.035622075,-0.001490999,,
midgut,Pp1-87B,0.040866204,0.04236154,-0.0014953353,,
midgut,Tim17b,0.05462823,0.056134664,-0.0015064329,,
midgut,ABCB7,0.05603748,0.05754851,-0.0015110336,,
midgut,SdhD,0.1337488,0.13529743,-0.001548633,,
midgut,CG10650,0.09434518,0.095912,-0.0015668198,,
midgut,Sfxn1-3,0.05524787,0.056822665,-0.0015747957,,
midgut,eIF1,0.10344456,0.1050744,-0.0016298369,,
midgut,CG11686,0.08968644,0.09138743,-0.0017009899,,
midgut,ND-51,0.105490625,0.107204795,-0.00171417,,
midgut,Pfdn2,0.05674727,0.05846458,-0.0017173104,,
midgut,CG8397,0.047948737,0.04970297,-0.0017542318,,
midgut,Ect4,0.0735381,0.07530555,-0.0017674491,,
midgut,28SrRNA-Psi:CR40596,0.16825397,0.17004894,-0.0017949641,,
midgut,shep,0.035076365,0.036873408,-0.0017970428,,
midgut,CG2811,0.046526365,0.048385542,-0.0018591769,,
midgut,Kyat,0.04489131,0.046795156,-0.0019038469,,
midgut,Jwa,0.05971393,0.06165817,-0.0019442402,,
midgut,CG11378,0.06341029,0.06536932,-0.0019590333,,
midgut,fbp,0.04063699,0.04269832,-0.0020613298,,
midgut,aay,0.036304444,0.03840335,-0.0020989068,,
midgut,ND-24,0.11306385,0.11520878,-0.0021449327,,
midgut,Sec61beta,0.106473066,0.108635254,-0.0021621883,,
midgut,Pp2A-29B,0.0409595,0.043122042,-0.0021625422,,
midgut,Dak1,0.035091545,0.03727686,-0.002185315,,
midgut,Atg8a,0.11333539,0.11553352,-0.00219813,,
midgut,Ubi-p5E,0.077434175,0.07964399,-0.0022098124,,
midgut,ND-SGDH,0.15671058,0.1589398,-0.0022292137,,
midgut,Nap1,0.09966517,0.10193849,-0.0022733212,,
midgut,CG30423,0.045766164,0.04812257,-0.0023564063,,
midgut,Diap1,0.048926964,0.051292695,-0.0023657307,,
midgut,Prosbeta1,0.040000495,0.042391848,-0.0023913532,,
midgut,CG7394,0.045863245,0.04829363,-0.0024303868,,
midgut,RhoL,0.042207565,0.044762295,-0.0025547296,,
midgut,EloC,0.038774367,0.041351113,-0.002576746,,
midgut,mEFTu1,0.04568296,0.04830071,-0.0026177503,,
midgut,CHOp24,0.0385181,0.041167106,-0.0026490055,,
midgut,Uev1A,0.042853262,0.045533083,-0.002679821,,
midgut,Lpin,0.037597895,0.04029358,-0.002695687,,
midgut,Hsp83,0.050438818,0.053255226,-0.0028164089,,
midgut,Ldh,0.061312918,0.06413942,-0.0028265007,,
midgut,lost,0.085036665,0.08788329,-0.0028466284,,
midgut,Pgi,0.066773266,0.06966173,-0.0028884634,,
midgut,ND-39,0.17878509,0.18173563,-0.0029505491,,
midgut,l(2)37Cc,0.069247454,0.07223763,-0.0029901788,,
midgut,RpL34a,0.13720566,0.14019635,-0.0029906929,,
midgut,Rel,0.056113455,0.05912063,-0.0030071735,,
midgut,Syb,0.094798684,0.09789635,-0.0030976683,,
midgut,CG7465,0.04031508,0.043416236,-0.0031011552,,
midgut,GstO3,0.07712079,0.08025877,-0.0031379834,,
midgut,CG42239,0.06596546,0.069106735,-0.0031412765,,
midgut,eIF4E1,0.044918995,0.048148796,-0.0032298006,,
midgut,CG3168,0.12504216,0.12827547,-0.0032333136,,
midgut,CG11699,0.044237267,0.04747818,-0.0032409132,,
midgut,Mtpbeta,0.047076497,0.05037763,-0.0033011325,,
midgut,kraken,0.06278452,0.06612046,-0.0033359379,,
midgut,ND-30,0.116648994,0.12000122,-0.0033522248,,
midgut,ctp,0.081881784,0.08524511,-0.0033633262,,
midgut,CG42837,0.07614398,0.07958138,-0.0034373999,,
midgut,Prosbeta6,0.038920272,0.042436,-0.0035157278,,
midgut,CG14777,0.047723845,0.051303416,-0.0035795718,,
midgut,alc,0.037165966,0.04074852,-0.0035825558,,
midgut,RpS26,1.0708481,1.0744431,-0.0035949945,,
midgut,CG44001,0.04726546,0.050884947,-0.0036194883,,
midgut,ND-13A,0.10649228,0.11021673,-0.0037244484,,
midgut,CG6770,0.40228176,0.40606907,-0.003787309,,
midgut,CG6028,0.070145376,0.073975876,-0.0038305,,
midgut,Gbeta13F,0.052850682,0.05679064,-0.0039399564,,
midgut,Pino,0.045703188,0.0496863,-0.003983114,,
midgut,eIF4G1,0.06633885,0.07032278,-0.0039839298,,
midgut,CG8128,0.045609433,0.04964106,-0.0040316284,,
midgut,CG44194,0.044882186,0.04898886,-0.0041066743,,
midgut,CG12825,0.14017119,0.1442908,-0.0041196197,,
midgut,fau,0.08295092,0.087117404,-0.004166484,,
midgut,kst,0.075118795,0.079298526,-0.004179731,,
midgut,Mgstl,0.081173606,0.08535817,-0.0041845664,,
midgut,S6k,0.03718536,0.04139746,-0.0042121,,
midgut,Taldo,0.06197053,0.06622355,-0.0042530186,,
midgut,mRpL27,0.0399175,0.04422502,-0.0043075196,,
midgut,CG17272,0.06989046,0.074226685,-0.004336223,,
midgut,asRNA:CR43787,0.053555615,0.05791686,-0.004361246,,
midgut,und,0.05640852,0.06081561,-0.004407089,,
midgut,Moe,0.075885236,0.080317214,-0.004431978,,
midgut,yip2,0.0677896,0.07224668,-0.004457079,,
midgut,Phb2,0.07256508,0.07703835,-0.004473269,,
midgut,CG9119,0.046522778,0.05101379,-0.0044910125,,
midgut,CG13124,0.052314796,0.05684507,-0.0045302734,,
midgut,rempA,0.05602647,0.060599536,-0.004573066,,
midgut,CG5532,0.07262452,0.077214286,-0.0045897663,,
midgut,sqh,0.05437853,0.05899676,-0.004618231,,
midgut,Glt,0.053535502,0.058288947,-0.0047534443,,
midgut,Rho1,0.1256727,0.13047203,-0.004799336,,
midgut,CG42336,0.12913498,0.13393526,-0.004800275,,
midgut,AdenoK,0.042695157,0.047506146,-0.004810989,,
midgut,mRpL33,0.043341134,0.048158806,-0.004817672,,
midgut,CG13751,0.07186239,0.07669823,-0.0048358366,,
midgut,SNRPG,0.041234408,0.04609321,-0.004858803,,
midgut,CG3987,0.08657147,0.09143116,-0.0048596933,,
midgut,vkg,0.059470877,0.06441195,-0.004941076,,
midgut,Sec13,0.04445697,0.0494053,-0.004948329,,
midgut,CG12848,0.036654294,0.041603897,-0.004949603,,
midgut,Prosbeta4,0.043947935,0.048940614,-0.0049926788,,
midgut,Rab5,0.047671746,0.05272273,-0.0050509833,,
midgut,Sem1,0.040726606,0.045805108,-0.005078502,,
midgut,ND-B17.2,0.14654636,0.15163553,-0.005089164,,
midgut,Pepck2,0.03614848,0.041257877,-0.005109396,,
midgut,CG1572,0.05184468,0.056962963,-0.0051182844,,
midgut,RpL36,0.9515242,0.95666194,-0.0051377416,,
midgut,RpS24,0.44708088,0.4522366,-0.0051557124,,
midgut,CG2006,0.043696187,0.04885201,-0.005155824,,
midgut,Tim10,0.092776634,0.097971834,-0.0051952004,,
midgut,Pomp,0.035496723,0.04070819,-0.005211469,,
midgut,eIF3m,0.08268717,0.08790069,-0.0052135214,,
midgut,CG14407,0.037236582,0.042451616,-0.005215034,,
midgut,Jon99Ci,0.1708542,0.17607573,-0.005221531,,
midgut,Myo61F,0.06067991,0.06590487,-0.005224962,,
midgut,CG8206,0.13362204,0.13887149,-0.0052494556,,
midgut,CG3625,0.037264682,0.042545807,-0.0052811243,,
midgut,ReepB,0.068153046,0.073487006,-0.00533396,,
midgut,CG1265,0.041839473,0.047176827,-0.005337354,,
midgut,eIF3b,0.08473937,0.09008528,-0.005345911,,
midgut,Spase22-23,0.05940332,0.064846314,-0.0054429956,,
midgut,Bsg,0.06852752,0.074014,-0.005486481,,
midgut,Cyt-b5,0.1465029,0.15201871,-0.005515814,,
midgut,Gs1,0.06393605,0.06946783,-0.0055317804,,
midgut,Mfe2,0.055232346,0.06081152,-0.0055791736,,
midgut,CG32576,0.2714601,0.27708584,-0.0056257546,,
midgut,Sap-r,0.11294241,0.118568234,-0.0056258217,,
midgut,r-l,0.033369828,0.039080985,-0.005711157,,
midgut,SkpA,0.03302074,0.038773622,-0.005752884,,
midgut,CG8036,0.060851008,0.06660488,-0.005753875,,
midgut,CG33170,0.06502109,0.070778064,-0.005756974,,
midgut,QIL1,0.11762762,0.1234131,-0.00578548,,
midgut,CG11470,0.047941536,0.053831838,-0.0058903024,,
midgut,Pdp1,0.06599609,0.071889676,-0.005893588,,
midgut,chic,0.119284846,0.12518814,-0.005903296,,
midgut,Past1,0.05032326,0.05627529,-0.0059520304,,
midgut,bun,0.093168736,0.099130675,-0.0059619397,,
midgut,LTV1,0.05327889,0.059248593,-0.005969703,,
midgut,CG34301,0.3083082,0.3142958,-0.0059875846,,
midgut,eca,0.032817636,0.038923576,-0.006105941,,
midgut,Fkbp12,0.10609,0.112236865,-0.006146863,,
midgut,CG34417,0.04119519,0.047411367,-0.006216176,,
midgut,eIF3a,0.04705192,0.053285073,-0.006233152,,
midgut,Prosalpha7,0.033492822,0.03988328,-0.006390456,,
midgut,Ggamma1,0.092897184,0.09930723,-0.0064100474,,
midgut,Pdxk,0.03883932,0.045273382,-0.0064340606,,
midgut,Cisd2,0.059124187,0.06562271,-0.006498523,,
midgut,Grx1,0.07115131,0.07765593,-0.0065046176,,
midgut,DOR,0.03653463,0.043054257,-0.006519627,,
midgut,Gdi,0.043347158,0.04990652,-0.006559361,,
midgut,Nph,0.040588625,0.04717009,-0.0065814666,,
midgut,Prosbeta7,0.033843305,0.040442675,-0.0065993704,,
midgut,CG2862,0.11125302,0.117862165,-0.006609142,,
midgut,CG44242,0.10396061,0.110625,-0.006664388,,
midgut,CG8468,0.047294587,0.053966206,-0.0066716187,,
midgut,CG5254,0.045408234,0.052087158,-0.006678924,,
midgut,ATPsyngamma,0.36202255,0.3687445,-0.0067219436,,
midgut,CG16749,0.16644406,0.17319137,-0.0067473054,,
midgut,Csp,0.043978233,0.0507331,-0.0067548677,,
midgut,28SrRNA-Psi:CR45851,0.056726564,0.06350494,-0.006778378,,
midgut,L2HGDH,0.036549658,0.043358374,-0.006808717,,
midgut,CG6180,0.04822809,0.055051547,-0.006823458,,
midgut,Vps25,0.04322063,0.05006114,-0.0068405084,,
midgut,eIF3g1,0.07190971,0.07883865,-0.0069289356,,
midgut,Fim,0.0393251,0.046265315,-0.006940216,,
midgut,ringer,0.042138897,0.04914366,-0.007004764,,
midgut,Pex19,0.046384957,0.053422276,-0.0070373192,,
midgut,Tom20,0.073514655,0.08059052,-0.007075861,,
midgut,CG45076,0.03485819,0.04194747,-0.0070892796,,
midgut,CG15347,0.16697934,0.17408726,-0.0071079135,,
midgut,CG31937,0.042065304,0.04917982,-0.0071145147,,
midgut,Prosalpha3,0.039157018,0.046312917,-0.007155899,,
midgut,mxt,0.037478942,0.04469031,-0.0072113685,,
midgut,CG31548,0.07394322,0.0811914,-0.007248178,,
midgut,ND-PDSW,0.21882121,0.22608465,-0.007263437,,
midgut,CG33155,0.03782219,0.045096025,-0.007273834,,
midgut,CG6891,0.049955647,0.05723333,-0.0072776824,,
midgut,CG33199,0.07028946,0.07765546,-0.007365994,,
midgut,CG40045,0.037523065,0.04497865,-0.0074555837,,
midgut,Nlp,0.05147112,0.05897817,-0.0075070485,,
midgut,asRNA:CR43964,0.044747625,0.052277118,-0.0075294934,,
midgut,CG14483,0.13264649,0.14020297,-0.007556483,,
midgut,Act5C,0.85648733,0.8640948,-0.00760746,,
midgut,COX7C,0.8154566,0.8231143,-0.007657647,,
midgut,Arf102F,0.04855347,0.056323305,-0.0077698343,,
midgut,Oatp33Eb,0.05158153,0.059418283,-0.007836752,,
midgut,REPTOR-BP,0.052786306,0.06065135,-0.007865045,,
midgut,Obp99a,0.03842665,0.046333566,-0.0079069175,,
midgut,Myo28B1,0.041499943,0.049408097,-0.007908154,,
midgut,Lfg,0.110211305,0.11812816,-0.007916853,,
midgut,CG7834,0.100678384,0.108611286,-0.007932901,,
midgut,Adk1,0.036309317,0.04428093,-0.007971615,,
midgut,Pgm1,0.047711313,0.055774823,-0.00806351,,
midgut,RpL24-like,0.116043895,0.124144174,-0.008100279,,
midgut,robl,0.049221937,0.057355676,-0.008133739,,
midgut,CG3566,0.06790405,0.07609143,-0.008187383,,
midgut,RpS7,0.8207492,0.8289374,-0.008188188,,
midgut,Gpdh1,0.07652631,0.08479434,-0.008268036,,
midgut,Sod3,0.069390036,0.07768027,-0.008290231,,
midgut,Hsc70-3,0.070859596,0.079168946,-0.008309349,,
midgut,CG11137,0.051038224,0.05938738,-0.008349154,,
midgut,CG1640,0.051981997,0.06039737,-0.008415375,,
midgut,Rpt4,0.0419654,0.050383735,-0.0084183365,,
midgut,CG34200,0.09603722,0.10448884,-0.008451626,,
midgut,CG3792,0.03623512,0.044797666,-0.008562546,,
midgut,ND-B22,0.21229637,0.22087158,-0.008575216,,
midgut,MFS3,0.03814649,0.046746533,-0.008600045,,
midgut,CG4562,0.038463213,0.04707034,-0.008607127,,
midgut,UQCR-Q,0.43127024,0.43991038,-0.00864014,,
midgut,SelG,0.040199272,0.048948083,-0.008748811,,
midgut,Acsl,0.063259825,0.07204034,-0.008780517,,
midgut,Rab18,0.03640226,0.045187786,-0.008785527,,
midgut,Pdhb,0.11579331,0.12461941,-0.008826099,,
midgut,Prosalpha2,0.04477194,0.053625662,-0.008853722,,
midgut,maf-S,0.048612934,0.057469103,-0.00885617,,
midgut,Hacl,0.05866991,0.06752924,-0.008859329,,
midgut,HmgZ,0.061164156,0.070036724,-0.008872569,,
midgut,Cyp1,0.2687139,0.27760488,-0.008890986,,
midgut,arm,0.043090317,0.05212453,-0.009034213,,
midgut,p23,0.054397013,0.06343279,-0.009035777,,
midgut,RpL6,0.73518735,0.7442389,-0.009051561,,
midgut,pst,0.17558485,0.18466413,-0.0090792775,,
midgut,ND-B17,0.12396301,0.1331546,-0.009191588,,
midgut,His3.3A,0.08149778,0.09073794,-0.009240158,,
midgut,Acbp1,0.05154311,0.060847968,-0.009304859,,
midgut,CG14933,0.03376166,0.043081965,-0.009320304,,
midgut,bgm,0.06844932,0.077771984,-0.009322666,,
midgut,Fis1,0.03908954,0.048440643,-0.0093511045,,
midgut,ERp60,0.0555461,0.06489916,-0.00935306,,
midgut,aqz,0.07251836,0.08195794,-0.009439573,,
midgut,mtTFB1,0.04143413,0.050955515,-0.009521384,,
midgut,Jafrac1,0.15378764,0.16337186,-0.009584218,,
midgut,Act57B,0.39380985,0.40344715,-0.009637296,,
midgut,CG44008,0.60700744,0.61666006,-0.009652615,,
midgut,lncRNA:CR40469,0.46290734,0.47256485,-0.009657502,,
midgut,CG44014,0.047181685,0.05704489,-0.009863205,,
midgut,sgg,0.052496407,0.062361248,-0.009864841,,
midgut,zip,0.055575088,0.065492466,-0.009917378,,
midgut,SLIRP1,0.03978557,0.049713295,-0.009927724,,
midgut,UQCR-11,0.1819974,0.19194551,-0.009948105,,
midgut,Desat1,0.12448277,0.13447735,-0.009994574,,
midgut,Glo1,0.106683634,0.11669699,-0.010013357,,
midgut,CG13364,0.19635549,0.20638327,-0.010027781,,
midgut,CG3663,0.03898718,0.049026202,-0.010039024,,
midgut,Manf,0.03248318,0.042650323,-0.010167144,,
midgut,Pgk,0.07297436,0.08319072,-0.010216355,,
midgut,RpII18,0.04064937,0.050866954,-0.010217585,,
midgut,Act87E,0.048749156,0.059013773,-0.010264616,,
midgut,asRNA:CR45281,0.11303249,0.123318166,-0.0102856755,,
midgut,sls,0.041931137,0.052254703,-0.010323565,,
midgut,Phae2,0.04483117,0.055382416,-0.010551244,,
midgut,28SrRNA-Psi:CR41609,0.04245125,0.053058423,-0.010607172,,
midgut,CDase,0.040910147,0.051518966,-0.010608818,,
midgut,Pax,0.039146855,0.049905874,-0.010759018,,
midgut,Rab1,0.055342466,0.066156246,-0.01081378,,
midgut,CG42249,0.114555895,0.12553544,-0.010979548,,
midgut,CG11752,0.122903734,0.13392557,-0.011021838,,
midgut,CG3348,0.1122918,0.12335473,-0.011062935,,
midgut,Got1,0.05567793,0.066769294,-0.011091363,,
midgut,ND-19,0.11485438,0.12594916,-0.011094779,,
midgut,eIF3c,0.115240276,0.12643287,-0.01119259,,
midgut,ND-B15,0.20358282,0.21487677,-0.011293948,,
midgut,ND-ACP,0.17375526,0.18505704,-0.011301786,,
midgut,Prosbeta5,0.03832207,0.049626466,-0.011304397,,
midgut,pAbp,0.2776402,0.28904048,-0.011400282,,
midgut,eIF3i,0.08761132,0.09913645,-0.011525132,,
midgut,CG17597,0.07449318,0.08610881,-0.011615634,,
midgut,Nurf-38,0.097306706,0.10898733,-0.011680625,,
midgut,Lk6,0.14241603,0.15412903,-0.011712998,,
midgut,CG1468,0.042831652,0.054593276,-0.011761624,,
midgut,CG16743,0.050573092,0.062406156,-0.011833064,,
midgut,ND-B14.5A,0.20832871,0.22016256,-0.011833847,,
midgut,RpL38,0.866274,0.8781311,-0.011857092,,
midgut,TfIIA-S,0.038778838,0.050750785,-0.011971947,,
midgut,RpS3A,0.65539145,0.6673742,-0.011982739,,
midgut,Gel,0.045987025,0.057974,-0.011986975,,
midgut,CG44325,0.03619581,0.04820927,-0.012013458,,
midgut,Ahcy,0.05782646,0.06989439,-0.012067929,,
midgut,ND-B14.7,0.10971799,0.12183471,-0.012116723,,
midgut,CG13220,0.075335234,0.08747461,-0.0121393725,,
midgut,CG6726,0.04305786,0.055288065,-0.012230206,,
midgut,Cpr57A,0.042192712,0.05452436,-0.012331646,,
midgut,Tsp2A,0.11305224,0.12538454,-0.012332298,,
midgut,Ip259,0.11554591,0.12788516,-0.012339249,,
midgut,GstE12,0.105699174,0.11814352,-0.012444347,,
midgut,CG9757,0.11593059,0.12840426,-0.012473673,,
midgut,Prx3,0.03202412,0.04466062,-0.012636501,,
midgut,dj-1beta,0.033299815,0.04599183,-0.012692016,,
midgut,CG11961,0.06266897,0.075388536,-0.012719564,,
midgut,Zasp66,0.085216,0.09794547,-0.012729466,,
midgut,eIF1A,0.102579564,0.115433216,-0.012853652,,
midgut,inc,0.04417923,0.057054296,-0.012875065,,
midgut,NP15.6,0.18329516,0.19621098,-0.01291582,,
midgut,Fdh,0.04991951,0.06304843,-0.013128921,,
midgut,CG17029,0.11338409,0.12660865,-0.0132245645,,
midgut,ND-42,0.10720206,0.1204415,-0.013239436,,
midgut,glob1,0.055140357,0.06851027,-0.013369914,,
midgut,elm,0.056704644,0.07016078,-0.013456132,,
midgut,Lsd-2,0.06122704,0.074699126,-0.013472088,,
midgut,His3.3B,0.05371096,0.06726325,-0.013552293,,
midgut,COX5A,0.5795532,0.59325755,-0.0137043595,,
midgut,betaTub97EF,0.09757177,0.11134084,-0.013769075,,
midgut,CG12116,0.07038071,0.08418301,-0.013802297,,
midgut,Adk2,0.07678825,0.090638086,-0.01384984,,
midgut,Gnmt,0.04535052,0.059209768,-0.013859246,,
midgut,COX4,0.548891,0.5627942,-0.013903201,,
midgut,Gpat4,0.09509643,0.10904888,-0.013952449,,
midgut,28SrRNA-Psi:CR45860,0.03446616,0.04859094,-0.014124781,,
midgut,sug,0.03599754,0.050155617,-0.014158078,,
midgut,28SrRNA-Psi:CR40741,0.07316008,0.08734024,-0.014180161,,
midgut,SNF4Agamma,0.046321284,0.06073399,-0.014412705,,
midgut,pre-rRNA:CR45847,0.11317895,0.12761624,-0.014437288,,
midgut,CG15515,0.047707524,0.0621933,-0.014485776,,
midgut,Apoltp,0.04682733,0.061313592,-0.014486261,,
midgut,CG46426,0.032646626,0.047217198,-0.0145705715,,
midgut,CG11267,0.08678027,0.10144723,-0.01466696,,
midgut,smt3,0.06762019,0.082295276,-0.014675088,,
midgut,Gdh,0.106804706,0.121503994,-0.014699288,,
midgut,CG2852,0.11979697,0.134596,-0.014799036,,
midgut,Tctp,0.2948051,0.30969927,-0.014894158,,
midgut,bt,0.063812844,0.07871035,-0.014897503,,
midgut,CG31789,0.29265818,0.3077961,-0.015137911,,
midgut,RpL10,0.8541724,0.86931264,-0.015140235,,
midgut,CG2915,0.04617957,0.061385565,-0.015205994,,
midgut,CG15255,0.060639113,0.075899996,-0.015260883,,
midgut,Ldsdh1,0.05343925,0.068702795,-0.015263546,,
midgut,Argk,0.16318436,0.1784578,-0.015273437,,
midgut,Gp150,0.12334872,0.13883275,-0.015484028,,
midgut,ND-13B,0.16690557,0.18241255,-0.015506983,,
midgut,CG6878,0.069740824,0.08545445,-0.015713625,,
midgut,CG5590,0.043057807,0.058977384,-0.015919577,,
midgut,Chchd2,0.10994275,0.12599821,-0.016055465,,
midgut,Act42A,0.038868383,0.055137534,-0.016269151,,
midgut,ATPsyndelta,0.23401752,0.2503817,-0.016364187,,
midgut,AnxB9,0.07349331,0.089890115,-0.016396806,,
midgut,RpL34b,0.5544775,0.57100654,-0.016529024,,
midgut,CG5958,0.07710529,0.093675,-0.016569711,,
midgut,ND-B14,0.1514999,0.1681757,-0.0166758,,
midgut,Sod1,0.25262642,0.26938057,-0.01675415,,
midgut,CG13044,0.055176448,0.07196618,-0.01678973,,
midgut,Ssk,0.16588777,0.18284236,-0.016954586,,
midgut,Muc96D,0.11172861,0.12878376,-0.017055154,,
midgut,CG8664,0.23456778,0.25162956,-0.017061785,,
midgut,asRNA:CR45350,0.074128,0.091304176,-0.017176174,,
midgut,CG34176,0.050618473,0.067806765,-0.017188292,,
midgut,obst-E,0.038350668,0.05561091,-0.017260242,,
midgut,Trx-2,0.16143586,0.17887773,-0.017441869,,
midgut,CG11852,0.06074859,0.078324266,-0.017575677,,
midgut,PIG-Z,0.038237013,0.055822406,-0.017585393,,
midgut,CG12338,0.03574206,0.053361632,-0.017619573,,
midgut,ND-MLRQ,0.6066651,0.62445056,-0.01778549,,
midgut,CG7215,0.12060811,0.13840619,-0.017798074,,
midgut,Idgf4,0.041838236,0.059767123,-0.017928887,,
midgut,CG3662,0.13865605,0.15661773,-0.01796168,,
midgut,CG16762,0.06325852,0.081256405,-0.017997883,,
midgut,Spn43Ab,0.0424915,0.0606964,-0.018204901,,
midgut,asRNA:CR46089,0.043258242,0.061550483,-0.01829224,,
midgut,Spn42Da,0.04430986,0.06264945,-0.018339593,,
midgut,CG10513,0.049100216,0.067457534,-0.018357318,,
midgut,CG31463,0.039571885,0.05793107,-0.018359184,,
midgut,kra,0.099711284,0.11808343,-0.018372148,,
midgut,CG10672,0.03705241,0.055463202,-0.01841079,,
midgut,CG10214,0.030250039,0.04876892,-0.01851888,,
midgut,Cyt-c-p,0.12553048,0.14405277,-0.018522292,,
midgut,Lsd-1,0.031991113,0.050527144,-0.018536031,,
midgut,Rtnl1,0.121007666,0.13959925,-0.018591583,,
midgut,trol,0.061131828,0.07973122,-0.018599391,,
midgut,lncRNA:CR42862,0.1642755,0.18289699,-0.01862149,,
midgut,Clc,0.0803312,0.09901508,-0.01868388,,
midgut,CG15254,0.041543648,0.060282655,-0.018739007,,
midgut,CG42565,0.12500651,0.14377971,-0.018773198,,
midgut,CG4619,0.08576457,0.10469717,-0.018932596,,
midgut,RpL29,0.8724098,0.89134544,-0.01893562,,
midgut,CG13887,0.08401112,0.10304171,-0.019030586,,
midgut,CG32603,0.043455828,0.06263929,-0.01918346,,
midgut,PHGPx,0.119174786,0.13848127,-0.019306488,,
midgut,Lcp3,0.07270275,0.092093356,-0.019390605,,
midgut,CG13321,0.3120519,0.3314962,-0.019444317,,
midgut,cathD,0.082259715,0.101717696,-0.019457981,,
midgut,eIF4A,0.24714334,0.26677138,-0.019628033,,
midgut,ND-B18,0.14619257,0.16583507,-0.019642502,,
midgut,28SrRNA-Psi:CR45859,0.16561311,0.18537347,-0.019760355,,
midgut,CNBP,0.11320069,0.13304755,-0.019846864,,
midgut,CG9451,0.039909884,0.05977585,-0.019865967,,
midgut,28SrRNA-Psi:CR45862,0.22418068,0.24449696,-0.020316273,,
midgut,scu,0.13979264,0.16013946,-0.02034682,,
midgut,RpL23,1.150685,1.171142,-0.02045703,,
midgut,RpL13,0.6296941,0.6501804,-0.020486295,,
midgut,RpL19,1.0272528,1.0477568,-0.020503998,,
midgut,lncRNA:CR34335,0.32558784,0.34609744,-0.0205096,,
midgut,CG2772,0.04307775,0.063602716,-0.020524967,,
midgut,eIF3k,0.1183998,0.13919127,-0.020791471,,
midgut,RpS23,0.82484823,0.84582525,-0.02097702,,
midgut,wal,0.12949915,0.15047707,-0.020977914,,
midgut,Muc26B,0.0971386,0.11812489,-0.020986289,,
midgut,CG8773,0.063650236,0.08466977,-0.021019533,,
midgut,Gpo1,0.069529705,0.09059626,-0.021066554,,
midgut,CG15282,0.084459394,0.10564372,-0.021184325,,
midgut,SERCA,0.08245664,0.10392094,-0.021464296,,
midgut,colt,0.09888892,0.12049356,-0.021604642,,
midgut,Mcad,0.039756637,0.061563574,-0.021806937,,
midgut,ATPsynG,0.64728266,0.669596,-0.022313356,,
midgut,NimB2,0.040713098,0.06314945,-0.022436354,,
midgut,Npc2g,0.04205156,0.064568646,-0.022517085,,
midgut,Clect27,0.05595345,0.07857715,-0.022623703,,
midgut,ATPsynE,0.54349977,0.566183,-0.022683203,,
midgut,CG7470,0.062239103,0.08495921,-0.022720106,,
midgut,CG9527,0.06703284,0.089851335,-0.022818498,,
midgut,RpL15,0.8761321,0.89898384,-0.022851765,,
midgut,Agpat4,0.13207914,0.15509537,-0.02301623,,
midgut,RpS19a,0.82723147,0.8504083,-0.023176849,,
midgut,wupA,0.13135251,0.15459771,-0.0232452,,
midgut,CG9691,0.03659919,0.05988022,-0.02328103,,
midgut,CG10527,0.051619537,0.07494226,-0.023322724,,
midgut,CG31323,0.37538618,0.39889613,-0.02350995,,
midgut,CG13460,0.030592063,0.05435159,-0.023759527,,
midgut,PyK,0.111899555,0.13567212,-0.023772568,,
midgut,CG11370,0.09810942,0.1219119,-0.023802482,,
midgut,Lcp4,0.051756617,0.07557724,-0.02382062,,
midgut,RpS13,0.6606088,0.684766,-0.024157166,,
midgut,Trxr-1,0.06280203,0.08703178,-0.02422975,,
midgut,Calr,0.1526847,0.17693321,-0.02424851,,
midgut,hui,0.038027685,0.062277783,-0.024250098,,
midgut,porin,0.39684612,0.4211161,-0.024269998,,
midgut,bic,0.25156343,0.27593943,-0.024376005,,
midgut,CG11151,0.151319,0.1758754,-0.024556398,,
midgut,RpS20,0.85605365,0.8807502,-0.024696529,,
midgut,atilla,0.048204876,0.07292517,-0.024720296,,
midgut,CG34215,0.038990073,0.06383485,-0.02484478,,
midgut,Alp5,0.09153367,0.11639341,-0.024859741,,
midgut,CtsB1,0.20911732,0.23399663,-0.024879307,,
midgut,CG31313,0.043658104,0.06876992,-0.025111813,,
midgut,pirk,0.029794306,0.055016965,-0.02522266,,
midgut,Tpi,0.10120548,0.126456,-0.025250524,,
midgut,CG17549,0.06822865,0.093660615,-0.025431968,,
midgut,RpS15Aa,0.5067281,0.5322511,-0.025523007,,
midgut,Mdh1,0.15846404,0.18400048,-0.025536433,,
midgut,CG31233,0.09558142,0.12112594,-0.025544517,,
midgut,Pdk,0.031784292,0.057341814,-0.025557522,,
midgut,Msp300,0.104697146,0.1303847,-0.025687553,,
midgut,Tm1,0.21792077,0.24379195,-0.025871187,,
midgut,CG7296,0.085767455,0.1118654,-0.026097946,,
midgut,Gapdh1,0.23444737,0.2607555,-0.026308134,,
midgut,CG13482,0.105026536,0.13137123,-0.026344694,,
midgut,CG3604,0.02733923,0.0538802,-0.02654097,,
midgut,mts,0.101389684,0.12799838,-0.026608698,,
midgut,Cpr49Af,0.064666845,0.0913269,-0.026660055,,
midgut,CG44250,0.13535619,0.16202839,-0.0266722,,
midgut,l(2)efl,0.054983348,0.081680596,-0.026697248,,
midgut,Scsalpha1,0.14029616,0.16710778,-0.026811615,,
midgut,Jabba,0.046194103,0.07318508,-0.026990976,,
midgut,CG42502,0.04949151,0.07666983,-0.027178317,,
midgut,Gapdh2,0.17592366,0.2037325,-0.027808845,,
midgut,CG6409,0.03453782,0.062434856,-0.027897038,,
midgut,Pglym78,0.09285021,0.12105512,-0.02820491,,
midgut,Eno,0.17164515,0.19986328,-0.028218135,,
midgut,fon,0.08220854,0.11043386,-0.028225325,,
midgut,Echs1,0.14883444,0.1771168,-0.02828236,,
midgut,CG17826,0.12169625,0.15000881,-0.028312564,,
midgut,CG10154,0.040152047,0.06856234,-0.028410297,,
midgut,CG12115,0.042632654,0.07125679,-0.028624132,,
midgut,asRNA:CR45874,0.04737385,0.07632738,-0.028953534,,
midgut,dmGlut,0.052434243,0.08149609,-0.029061846,,
midgut,Swim,0.045844123,0.074954994,-0.029110871,,
midgut,RpL24,0.6857242,0.7148918,-0.029167593,,
midgut,CG2233,0.086756185,0.11626887,-0.029512689,,
midgut,sesB,0.86000526,0.8896817,-0.029676437,,
midgut,ND-B16.6,0.16632946,0.19614682,-0.029817358,,
midgut,Men,0.09095886,0.12097331,-0.030014448,,
midgut,CG4563,0.08217533,0.11222844,-0.030053109,,
midgut,RpLP0,0.7847797,0.8149453,-0.030165553,,
midgut,FASN1,0.12410051,0.15430519,-0.030204684,,
midgut,CG6115,0.11793957,0.14830002,-0.030360453,,
midgut,RpS21,0.7542819,0.78474325,-0.030461371,,
midgut,CG13160,0.03263313,0.06324109,-0.030607957,,
midgut,Obp99c,0.06688924,0.097846806,-0.030957565,,
midgut,CG7294,0.08214043,0.11330655,-0.031166121,,
midgut,CG5011,0.29285163,0.32416415,-0.031312525,,
midgut,ND-75,0.124659866,0.15619165,-0.03153178,,
midgut,RpS12,0.99165905,1.0232921,-0.03163302,,
midgut,Prm,0.09852635,0.13024303,-0.031716682,,
midgut,vir-1,0.039458163,0.071197405,-0.031739242,,
midgut,CG18417,0.031443268,0.063215986,-0.031772718,,
midgut,Tina-1,0.18210968,0.21400589,-0.031896204,,
midgut,regucalcin,0.098018125,0.13017184,-0.03215371,,
midgut,CG32198,0.021856446,0.054034334,-0.032177888,,
midgut,RpLP1,1.2833297,1.3157351,-0.032405376,,
midgut,Adh,0.2996298,0.3322998,-0.03266999,,
midgut,RpL37A,0.8138242,0.8466758,-0.032851636,,
midgut,CG44040,0.045030206,0.07810659,-0.033076383,,
midgut,CG1648,0.061130036,0.09428214,-0.033152107,,
midgut,TpnC47D,0.18159744,0.21481049,-0.03321305,,
midgut,CG13731,0.0763634,0.10969707,-0.033333674,,
midgut,Bacc,0.08913144,0.12248395,-0.03335251,,
midgut,CG1368,0.0697055,0.10307929,-0.033373788,,
midgut,RpS5a,0.6586475,0.6920383,-0.03339082,,
midgut,frm,0.03333855,0.06688946,-0.033550907,,
midgut,obst-F,0.05221198,0.08596063,-0.033748645,,
midgut,CG4367,0.021589754,0.055385195,-0.03379544,,
midgut,lcs,0.03270107,0.066563986,-0.033862915,,
midgut,14-3-3epsilon,0.16644998,0.20097975,-0.034529775,,
midgut,CG9336,0.06324649,0.09806132,-0.034814835,,
midgut,Non1,0.16568287,0.20096223,-0.035279363,,
midgut,Idgf6,0.088614784,0.12397179,-0.035357006,,
midgut,TwdlO,0.17063294,0.20604235,-0.035409406,,
midgut,ATPsynB,0.4664353,0.5027899,-0.0363546,,
midgut,Col4a1,0.16089205,0.19730738,-0.036415324,,
midgut,TpnC73F,0.065563224,0.10201347,-0.036450244,,
midgut,Ctr1B,0.05992629,0.09659833,-0.036672037,,
midgut,RpS15,1.1779858,1.2147778,-0.03679204,,
midgut,RpL17,0.8533442,0.89020544,-0.03686124,,
midgut,lambdaTry,0.030777626,0.068414845,-0.03763722,,
midgut,CG17107,0.28509003,0.32298177,-0.037891746,,
midgut,CG31266,0.058940552,0.09709078,-0.03815023,,
midgut,Gs2,0.12540251,0.1639104,-0.038507894,,
midgut,CG13551,0.40489745,0.44376364,-0.038866192,,
midgut,14-3-3zeta,0.2725735,0.31148267,-0.038909167,,
midgut,CG6910,0.030298186,0.06962362,-0.03932543,,
midgut,Cyp4d1,0.049974546,0.089441635,-0.03946709,,
midgut,RpL31,0.9519993,0.99157274,-0.03957343,,
midgut,COX6B,0.5435614,0.5832436,-0.03968221,,
midgut,Cys,0.068698235,0.10883041,-0.040132172,,
midgut,Phae1,0.11235959,0.1525841,-0.040224515,,
midgut,CG18649,0.035704285,0.075988434,-0.04028415,,
midgut,Cpr67B,0.062063955,0.10287597,-0.040812016,,
midgut,Cam,0.1983509,0.2393089,-0.040957987,,
midgut,CG17738,0.11582432,0.15680262,-0.040978305,,
midgut,Npc2c,0.036879625,0.07795041,-0.041070785,,
midgut,CG7299,0.09608805,0.13717663,-0.04108858,,
midgut,CG5096,0.1655823,0.20677574,-0.04119344,,
midgut,CG43897,0.14854316,0.1899772,-0.041434035,,
midgut,RpL22,0.82735896,0.8688019,-0.04144293,,
midgut,CG13324,0.059095364,0.100605465,-0.0415101,,
midgut,RpL10Ab,0.6758452,0.71759933,-0.041754127,,
midgut,CG15126,0.036136363,0.07795789,-0.04182153,,
midgut,Msr-110,0.05327769,0.09560672,-0.042329032,,
midgut,RpL27A,0.97913545,1.0215068,-0.042371333,,
midgut,RpL36A,0.8351721,0.8776951,-0.042522967,,
midgut,apolpp,0.15614976,0.19878992,-0.042640164,,
midgut,RpL18A,0.9997006,1.0424536,-0.04275304,,
midgut,CG16704,0.103253685,0.14625613,-0.04300245,,
midgut,Ggt-1,0.026746457,0.07020997,-0.043463513,,
midgut,Acbp2,0.2137098,0.25718093,-0.043471128,,
midgut,CG32473,0.04884258,0.09234508,-0.043502502,,
midgut,RpL7,0.8324199,0.8760658,-0.04364592,,
midgut,Nplp4,0.56336087,0.60725474,-0.043893874,,
midgut,CG1143,0.03188205,0.07586113,-0.043979082,,
midgut,CG11350,0.109774575,0.15377788,-0.044003308,,
midgut,ATPsynC,1.2556858,1.3000315,-0.044345737,,
midgut,Cpr47Eg,0.29466844,0.3399965,-0.04532805,,
midgut,RpS27A,0.8683863,0.91373587,-0.04534954,,
midgut,RpL26,0.6739866,0.7195322,-0.045545578,,
midgut,CG32633,0.07383658,0.119736314,-0.045899734,,
midgut,CG3939,0.05067349,0.09666106,-0.045987573,,
midgut,RpS14b,0.31914505,0.3659055,-0.04676044,,
midgut,RpL30,0.78903025,0.8362748,-0.04724455,,
midgut,Ag5r,0.08213502,0.1294334,-0.04729837,,
midgut,RpL8,0.8381293,0.88568413,-0.04755485,,
midgut,RpS10b,0.5837292,0.6317949,-0.048065722,,
midgut,COX5B,0.54008573,0.5887604,-0.048674643,,
midgut,RpS17,0.811322,0.8601736,-0.04885161,,
midgut,Uhg7,0.6464937,0.6953512,-0.04885751,,
midgut,RpL27,0.815956,0.86492354,-0.04896754,,
midgut,UK114,0.065687604,0.11513359,-0.049445987,,
midgut,CG42815,0.025810376,0.07570788,-0.049897507,,
midgut,Spn55B,0.14008635,0.19014513,-0.050058782,,
midgut,CG17752,0.047421515,0.09758222,-0.050160706,,
midgut,His4r,0.3131557,0.36370248,-0.050546765,,
midgut,Ald1,0.26667762,0.31884146,-0.05216384,,
midgut,CG11131,0.27487394,0.3276823,-0.052808344,,
midgut,CG7715,0.10975977,0.16280553,-0.053045757,,
midgut,CG14120,0.074581966,0.12793685,-0.05335489,,
midgut,cl,0.08078577,0.1341608,-0.053375028,,
midgut,RpL13A,0.9097801,0.96389216,-0.054112077,,
midgut,Mlc1,0.21120022,0.2658748,-0.05467458,,
midgut,CG8087,0.0510215,0.10598963,-0.054968126,,
midgut,sta,1.0342337,1.0895185,-0.055284858,,
midgut,CG15533,0.061614294,0.117229894,-0.0556156,,
midgut,sun,0.3197922,0.3757377,-0.055945486,,
midgut,tsr,0.31797644,0.37397787,-0.056001425,,
midgut,CG12826,0.050745897,0.1068263,-0.0560804,,
midgut,CG10953,0.088128604,0.14492145,-0.056792848,,
midgut,CG18585,0.016897062,0.07373175,-0.05683469,,
midgut,Cda9,0.07117857,0.12836325,-0.05718468,,
midgut,asRNA:CR45343,0.37657282,0.43385231,-0.057279497,,
midgut,kappaTry,0.10028137,0.15762275,-0.057341382,,
midgut,alphaTub84B,0.49636868,0.5537236,-0.057354897,,
midgut,etaTry,0.038911052,0.09632008,-0.057409026,,
midgut,CG34330,0.050727177,0.108352706,-0.05762553,,
midgut,asRNA:CR44095,0.1061549,0.16390078,-0.05774588,,
midgut,Sirup,0.12357506,0.1813529,-0.057777837,,
midgut,RpL5,0.9321819,0.9904296,-0.058247685,,
midgut,CG14500,0.08942834,0.14770336,-0.05827502,,
midgut,RpLP2,1.5666931,1.6257429,-0.059049845,,
midgut,fabp,0.26180258,0.3211494,-0.059346825,,
midgut,RpS14a,0.7558503,0.8151998,-0.059349477,,
midgut,CG7025,0.016365828,0.076277815,-0.05991199,,
midgut,Mhc,0.25688973,0.31721976,-0.060330033,,
midgut,Nacalpha,0.3004002,0.3613846,-0.060984403,,
midgut,Mf,0.2138237,0.27527443,-0.06145072,,
midgut,RpL9,1.2096196,1.2713567,-0.06173706,,
midgut,up,0.23565303,0.2981786,-0.062525585,,
midgut,CG43896,0.08446934,0.14731789,-0.062848546,,
midgut,RpL21,0.6454212,0.7092696,-0.063848376,,
midgut,RpS11,1.0398984,1.1037575,-0.063859105,,
midgut,CG14265,0.060181446,0.1245641,-0.06438265,,
midgut,CG8774,0.060138743,0.12481443,-0.06467569,,
midgut,CG34291,0.16703661,0.23278272,-0.06574611,,
midgut,SPARC,0.14191668,0.20831959,-0.06640291,,
midgut,CG17145,0.20169432,0.2682952,-0.066600874,,
midgut,CG13545,0.18163529,0.2483649,-0.066729605,,
midgut,RpS8,0.98989725,1.0574403,-0.06754303,,
midgut,CG33926,0.22363509,0.29220572,-0.06857063,,
midgut,Acbp4,0.13147146,0.200363,-0.06889154,,
midgut,CG10116,0.04778163,0.11684929,-0.06906766,,
midgut,CG43349,0.13504276,0.20495598,-0.06991322,,
midgut,RpL28,0.91695845,0.9881788,-0.07122034,,
midgut,CG13492,0.09003742,0.16273537,-0.07269795,,
midgut,Tm2,0.26940075,0.3425892,-0.073188454,,
midgut,sphe,0.14315154,0.21725322,-0.07410169,,
midgut,RpL18,0.91729015,0.9915888,-0.07429862,,
midgut,CG13102,0.1103046,0.18544246,-0.07513786,,
midgut,RpS27,0.9280647,1.0034302,-0.07536554,,
midgut,CG15044,0.16306832,0.23876032,-0.075692,,
midgut,RpS28b,0.9541095,1.030893,-0.07678348,,
midgut,CG4653,0.083678745,0.16061115,-0.07693241,,
midgut,RpS4,1.1621113,1.23909,-0.07697868,,
midgut,CG4830,0.18190274,0.25989696,-0.07799423,,
midgut,CG7567,0.21586539,0.29474917,-0.07888378,,
midgut,Mlp60A,0.28981295,0.36925682,-0.07944387,,
midgut,CG7631,0.020755107,0.10066766,-0.07991256,,
midgut,RpL11,0.8792534,0.9592972,-0.08004379,,
midgut,CG43117,0.09140254,0.1723326,-0.08093006,,
midgut,Mur18B,0.055369265,0.13641927,-0.08105,,
midgut,IM33,0.18038687,0.26175565,-0.081368774,,
midgut,RpL12,1.0467538,1.1283568,-0.08160305,,
midgut,RpS2,0.8124965,0.89411694,-0.081620455,,
midgut,CG8093,0.03298303,0.11466919,-0.081686154,,
midgut,CG7017,0.20957865,0.2930934,-0.083514765,,
midgut,CG33127,0.07387538,0.15910883,-0.08523345,,
midgut,CG31267,0.02732027,0.112932764,-0.08561249,,
midgut,eEF1gamma,0.59663314,0.6831474,-0.086514235,,
midgut,CG30457,0.23630631,0.324385,-0.08807868,,
midgut,CG32564,0.068739764,0.15685831,-0.088118546,,
midgut,betaTub56D,0.23044819,0.3187823,-0.08833411,,
midgut,Kaz-m1,0.38881853,0.4794373,-0.09061876,,
midgut,zetaTry,0.11095919,0.20165722,-0.09069803,,
midgut,CG8157,0.1290096,0.22255261,-0.09354301,,
midgut,RpS30,1.0197744,1.1134237,-0.09364927,,
midgut,CG17475,0.038761962,0.13269219,-0.09393023,,
midgut,RpL23A,0.93741494,1.0321431,-0.09472817,,
midgut,CG45087,0.2441592,0.33894956,-0.094790354,,
midgut,BBS1,0.19527125,0.29277098,-0.09749973,,
midgut,LManIII,0.015163479,0.11669045,-0.10152697,,
midgut,CG15213,0.030229772,0.1321271,-0.10189734,,
midgut,CG7916,0.051394984,0.15399212,-0.10259713,,
midgut,CG10725,0.17833889,0.281485,-0.103146106,,
midgut,CG11300,0.08245925,0.18724467,-0.10478542,,
midgut,RpL14,0.94988626,1.056067,-0.10618073,,
midgut,RpL32,1.1232207,1.2317101,-0.108489394,,
midgut,Thor,0.3010014,0.41253647,-0.11153507,,
midgut,CG12310,0.16730362,0.28168476,-0.114381135,,
midgut,CG10472,0.5178463,0.63820845,-0.12036216,,
midgut,iotaTry,0.031751998,0.15430817,-0.12255617,,
midgut,Acbp5,0.21721049,0.34176973,-0.12455924,,
midgut,CG12934,0.30030245,0.42693117,-0.12662873,,
midgut,CG13315,0.22248963,0.3492937,-0.12680408,,
midgut,CG5084,0.21939218,0.34649312,-0.12710094,,
midgut,Mp20,0.3186806,0.44616184,-0.12748122,,
midgut,Drsl2,0.3418461,0.47476187,-0.13291577,,
midgut,CG2930,0.108794205,0.24267717,-0.13388297,,
midgut,Ance,0.10733641,0.24186,-0.1345236,,
midgut,Acbp3,0.27379027,0.40863264,-0.13484237,,
midgut,CG9673,0.15582603,0.29245073,-0.1366247,,
midgut,Lcp65Ag2,0.30445644,0.4432901,-0.13883367,,
midgut,CG32284,0.07889379,0.22232267,-0.14342889,,
midgut,Mal-A3,0.24463132,0.39952874,-0.15489742,,
midgut,RpS9,1.1012017,1.2574079,-0.15620625,,
midgut,Pebp1,0.6427263,0.8024063,-0.15968001,,
midgut,CG14302,1.1941253,1.3542403,-0.160115,,
midgut,RpS3,0.832682,0.9930252,-0.16034317,,
midgut,CG42305,0.4211775,0.58351034,-0.16233283,,
midgut,CG4362,0.19705892,0.35968643,-0.16262752,,
midgut,CG33306,0.1101343,0.27747014,-0.16733584,,
midgut,CG14292,0.06527169,0.2367101,-0.17143841,,
midgut,CG14300,0.46985567,0.6443839,-0.17452824,,
midgut,CG12057,0.051680382,0.23194015,-0.18025976,,
midgut,LysS,0.23798022,0.41906035,-0.18108013,,
midgut,CG31198,0.31424862,0.5088898,-0.19464117,,
midgut,LManII,0.043067228,0.2399626,-0.19689536,,
midgut,Mlc2,0.7452429,0.94967145,-0.20442855,,
midgut,LManV,0.033011727,0.23759401,-0.20458227,,
midgut,Lcp65Ag1,0.47519857,0.6905319,-0.21533334,,
midgut,CG7953,0.55746573,0.7981003,-0.24063456,,
midgut,CG9568,0.18492399,0.42608744,-0.24116345,,
midgut,Lcp65Ag3,0.76139164,1.0035948,-0.24220312,0.004975124378109453,0.04618504059440403
midgut,CG8997,0.46126726,0.70833576,-0.2470685,0.014925373134328358,0.07499633511182571
midgut,CG31343,0.2570659,0.5388225,-0.28175658,0.004975124378109453,0.07112321265292816
midgut,Nplp2,0.6555398,0.9404016,-0.2848618,0.004975124378109453,0.027588223403444898
midgut,CG34282,0.79296243,1.1100453,-0.31708288,0.5970149253731343,0.09352362148647009
midgut,LManVI,0.11495732,0.4640361,-0.34907877,0.004975124378109453,0.07903795774570056
epidermis,epsilonTry,1.3713052,0.77829415,0.5930111,0.9303482587064676,0.040710471025487485
epidermis,pre-rRNA:CR45856,1.3225917,0.8951093,0.42748237,0.12437810945273632,0.044999255547760714
epidermis,betaTry,0.66738653,0.3479758,0.31941074,0.9253731343283582,0.024094249014975415
epidermis,Lcp65Ac,0.5937904,0.2909512,0.30283922,0.009950248756218905,0.09615308177699099
epidermis,TwdlO,1.0122316,0.7581265,0.2541051,0.9651741293532339,0.061302091191173434
epidermis,CG13230,0.48490858,0.23273219,0.2521764,0.42786069651741293,0.027568249852688735
epidermis,Jon25Bii,0.76692265,0.51903206,0.24789059,,
epidermis,CG14191,0.29253647,0.07107794,0.22145852,,
epidermis,CG11368,0.24600026,0.025001818,0.22099844,,
epidermis,CG11131,0.5206159,0.30397612,0.21663976,,
epidermis,CG17108,0.2143278,0.016022883,0.19830492,,
epidermis,Obp28a,0.19952968,0.014644596,0.18488508,,
epidermis,CG9759,0.27980945,0.11605604,0.1637534,,
epidermis,Nplp4,1.0275898,0.87390965,0.15368015,,
epidermis,Obp49a,0.15497118,0.0066163656,0.14835481,,
epidermis,Obp56h,0.15376596,0.013561996,0.14020397,,
epidermis,CR30029,0.19862767,0.059824042,0.13880363,,
epidermis,CG14456,0.14200404,0.004550285,0.13745376,,
epidermis,Jon25Biii,1.1909598,1.0572081,0.13375175,,
epidermis,Jon44E,0.503211,0.38987046,0.11334056,,
epidermis,Obp56d,0.13907456,0.032438774,0.106635794,,
epidermis,18SrRNA-Psi:CR41602,0.35702237,0.25576806,0.101254314,,
epidermis,Jon65Aiv,1.3742605,1.2738643,0.100396276,,
epidermis,Obp56b,0.10127061,0.0070283073,0.094242305,,
epidermis,Jon65Aiii,1.0166383,0.92984635,0.08679193,,
epidermis,Jon25Bi,0.3698467,0.28614593,0.083700776,,
epidermis,Lcp3,0.45168534,0.36946538,0.08221996,,
epidermis,mt:lrRNA,0.67445225,0.5945351,0.07991713,,
epidermis,Ag5r2,0.5233952,0.44399092,0.079404265,,
epidermis,alphaTry,0.32425308,0.24836048,0.0758926,,
epidermis,IA-2,0.11700138,0.042253025,0.07474835,,
epidermis,lncRNA:CR34335,0.553271,0.48612612,0.06714487,,
epidermis,CG11911,0.16943966,0.10356858,0.06587108,,
epidermis,CG17549,0.34206206,0.2810649,0.06099716,,
epidermis,MtnE,0.1287805,0.07224773,0.05653277,,
epidermis,Act57B,0.5788873,0.5259774,0.05290991,,
epidermis,TwdlP,0.117317036,0.06514119,0.052175842,,
epidermis,lncRNA:CR40469,0.75676024,0.70582575,0.050934494,,
epidermis,deltaTry,1.0958854,1.0458835,0.05000186,,
epidermis,CG32302,0.17713036,0.12802882,0.04910153,,
epidermis,Amy-p,0.29097918,0.24222203,0.04875715,,
epidermis,Acbp3,0.27890423,0.23315445,0.045749784,,
epidermis,CG10472,0.31124842,0.26663947,0.04460895,,
epidermis,CG3819,0.09771007,0.05335477,0.044355303,,
epidermis,CG4362,0.17491154,0.13184138,0.043070167,,
epidermis,thetaTry,0.10629461,0.067209534,0.039085075,,
epidermis,CG5767,0.2701668,0.23524041,0.0349264,,
epidermis,TpnC47D,0.33141863,0.29714882,0.03426981,,
epidermis,MtnD,0.08437806,0.052020866,0.032357197,,
epidermis,CG17571,0.28143528,0.24997003,0.031465247,,
epidermis,CG13067,0.12614216,0.09544207,0.030700088,,
epidermis,Muc55B,0.09476221,0.06416525,0.030596964,,
epidermis,Jon99Ci,0.0849138,0.05502229,0.029891506,,
epidermis,28SrRNA-Psi:CR45859,0.19032136,0.16043569,0.029885665,,
epidermis,CG30031,0.17781648,0.14916189,0.02865459,,
epidermis,CG3868,0.21936959,0.19106023,0.02830936,,
epidermis,CG12310,0.2212433,0.19464426,0.02659905,,
epidermis,Ald1,0.38480183,0.35836926,0.026432574,,
epidermis,Atpalpha,0.063929796,0.039901838,0.024027959,,
epidermis,Cpr47Eg,1.2926307,1.2686571,0.023973584,,
epidermis,CG44008,0.2728733,0.24958645,0.023286864,,
epidermis,Acbp5,0.14874329,0.12593007,0.022813216,,
epidermis,28SrRNA-Psi:CR40596,0.17328101,0.15334374,0.019937277,,
epidermis,Jon65Aii,0.16708998,0.1474702,0.019619778,,
epidermis,CG11370,0.18708757,0.16773699,0.019350573,,
epidermis,CG16713,0.059406593,0.04009645,0.019310143,,
epidermis,Mal-A3,0.18153453,0.1625553,0.018979222,,
epidermis,Pgk,0.10261456,0.08690143,0.015713133,,
epidermis,CG9672,0.071117155,0.055792585,0.01532457,,
epidermis,CG44040,0.07037383,0.05532512,0.0150487125,,
epidermis,RNaseMRP:RNA,0.07090696,0.05595578,0.014951181,,
epidermis,CG8369,0.07073486,0.055845935,0.014888924,,
epidermis,Gbeta13F,0.0650159,0.051427204,0.013588693,,
epidermis,CG43117,0.15189397,0.13851462,0.01337935,,
epidermis,scyl,0.06689,0.053743854,0.013146147,,
epidermis,Cpr60D,0.08812713,0.0758277,0.012299426,,
epidermis,Pglym78,0.14438826,0.13210155,0.012286708,,
epidermis,Pgi,0.09281625,0.08076716,0.012049086,,
epidermis,Ldh,0.12402997,0.112213306,0.0118166655,,
epidermis,Tpi,0.1656158,0.1546093,0.011006504,,
epidermis,LysB,0.10116564,0.09021092,0.010954715,,
epidermis,Pfdn2,0.057775274,0.04709313,0.010682143,,
epidermis,Drip,0.051371526,0.04071677,0.010654755,,
epidermis,Pdcd4,0.06262044,0.05217929,0.010441147,,
epidermis,CG7567,0.078752555,0.06834942,0.010403134,,
epidermis,Bacc,0.1418576,0.13190235,0.009955242,,
epidermis,Amy-d,0.09471136,0.084788,0.009923361,,
epidermis,chinmo,0.065372296,0.055819217,0.009553079,,
epidermis,CG7916,0.06454748,0.055034216,0.009513263,,
epidermis,Argk,0.2222091,0.21333992,0.008869171,,
epidermis,CG11752,0.10811776,0.09945952,0.008658238,,
epidermis,mbl,0.07907971,0.07043204,0.008647673,,
epidermis,ctp,0.09051823,0.08241239,0.008105837,,
epidermis,CG33926,0.124321185,0.1163903,0.007930882,,
epidermis,CG9451,0.06382992,0.05596875,0.007861171,,
epidermis,CG11300,0.14187348,0.13413621,0.007737264,,
epidermis,Eno,0.21783249,0.21029744,0.0075350553,,
epidermis,Sod3,0.054009844,0.046748176,0.0072616674,,
epidermis,Nrg,0.07889826,0.07254022,0.006358035,,
epidermis,Ubi-p5E,0.050330617,0.044203576,0.006127041,,
epidermis,Jafrac1,0.094085805,0.08819453,0.0058912784,,
epidermis,CG46385,0.050214544,0.044446588,0.0057679564,,
epidermis,Pdp1,0.055859003,0.050640453,0.0052185506,,
epidermis,CG16749,0.07088494,0.06585137,0.005033575,,
epidermis,CG13323,0.12666883,0.12198667,0.0046821535,,
epidermis,CG16704,0.13571732,0.13107656,0.004640758,,
epidermis,Chd64,0.09566522,0.09115483,0.004510388,,
epidermis,lncRNA:roX1,0.11528855,0.111242265,0.0040462837,,
epidermis,Cam,0.16002908,0.1562848,0.0037442893,,
epidermis,Obp56a,0.055162173,0.051608264,0.0035539083,,
epidermis,CG31323,0.1597329,0.15618628,0.0035466105,,
epidermis,Msr-110,0.2034701,0.19996113,0.0035089701,,
epidermis,D2hgdh,0.070844606,0.067426905,0.0034177005,,
epidermis,mAcon1,0.1081359,0.10474012,0.003395781,,
epidermis,CG15784,0.07930844,0.07603558,0.0032728612,,
epidermis,CG18649,0.05691022,0.053691044,0.003219176,,
epidermis,CG7920,0.1673425,0.1643503,0.0029921979,,
epidermis,CG15422,0.06184751,0.05909763,0.0027498826,,
epidermis,CG7430,0.056704476,0.05401364,0.0026908368,,
epidermis,CG14984,0.045277294,0.042812992,0.002464302,,
epidermis,ND-30,0.09157752,0.089357495,0.0022200271,,
epidermis,Vha36-1,0.096535765,0.09434824,0.0021875277,,
epidermis,HnRNP-K,0.05058453,0.048511483,0.0020730458,,
epidermis,Xrp1,0.087121785,0.08529124,0.001830548,,
epidermis,Gapdh2,0.17900693,0.17730097,0.0017059594,,
epidermis,Bsg,0.06038001,0.05872074,0.0016592704,,
epidermis,arm,0.047459424,0.045861933,0.0015974902,,
epidermis,CG14265,0.10237207,0.10086953,0.0015025437,,
epidermis,fau,0.078658685,0.07734324,0.0013154447,,
epidermis,aqz,0.12320598,0.12198368,0.001222305,,
epidermis,CG10576,0.052693874,0.05151651,0.0011773631,,
epidermis,mt:ND5,0.04119089,0.040067166,0.0011237226,,
epidermis,Agpat4,0.058475092,0.05740533,0.0010697618,,
epidermis,zormin,0.05166158,0.050635617,0.0010259636,,
epidermis,CG43349,0.08448271,0.083456784,0.0010259226,,
epidermis,Mpcp1,0.058774337,0.0579503,0.00082403794,,
epidermis,CG32198,0.036719054,0.036233354,0.00048569962,,
epidermis,lola,0.051090237,0.050875794,0.00021444261,,
epidermis,ND-20,0.0565243,0.05634632,0.00017797947,,
epidermis,kappaTry,0.070218354,0.07005925,0.00015910715,,
epidermis,eIF3b,0.10201633,0.10186146,0.00015486777,,
epidermis,Arc1,0.07433846,0.07418725,0.00015120953,,
epidermis,CG9034,0.09582587,0.09570179,0.00012408197,,
epidermis,Actn,0.058549404,0.05852244,2.6963651e-05,,
epidermis,CG33128,0.17008655,0.17015196,-6.54161e-05,,
epidermis,AdSS,0.06166067,0.062006876,-0.00034620613,,
epidermis,MFS3,0.04911997,0.049572606,-0.00045263395,,
epidermis,CLIP-190,0.05284265,0.053512193,-0.0006695427,,
epidermis,His3.3B,0.07977072,0.08060083,-0.00083010644,,
epidermis,Gdh,0.060908224,0.06192765,-0.0010194257,,
epidermis,beta-Spec,0.04563022,0.04670479,-0.0010745712,,
epidermis,28SrRNA-Psi:CR45851,0.05237889,0.053505816,-0.0011269264,,
epidermis,bt,0.09035512,0.091843575,-0.0014884546,,
epidermis,CG8087,0.07287929,0.07441897,-0.0015396774,,
epidermis,eIF3h,0.09764943,0.09936111,-0.001711674,,
epidermis,Acbp6,0.06753441,0.06944135,-0.0019069389,,
epidermis,CG9877,0.23963898,0.24155073,-0.0019117445,,
epidermis,up,0.4325779,0.4345684,-0.001990497,,
epidermis,Jon99Ciii,1.6366833,1.6387614,-0.0020780563,,
epidermis,CG13460,0.04327288,0.04540696,-0.002134081,,
epidermis,Hsc70-3,0.048643418,0.050834708,-0.0021912903,,
epidermis,Pax,0.067377314,0.06957437,-0.002197057,,
epidermis,pio,0.058613673,0.060885582,-0.0022719093,,
epidermis,CG33170,0.059480608,0.061901115,-0.0024205074,,
epidermis,Rab1,0.049599867,0.052475266,-0.0028753988,,
epidermis,Fkbp12,0.09672524,0.0997428,-0.0030175596,,
epidermis,CG13751,0.060646884,0.063706696,-0.003059812,,
epidermis,COX6B,0.4167171,0.41978458,-0.0030674636,,
epidermis,ND-B14,0.11010971,0.11319342,-0.0030837134,,
epidermis,CG9338,0.09283653,0.09601386,-0.00317733,,
epidermis,Cp1,0.063842796,0.067106,-0.0032632053,,
epidermis,alpha-Spec,0.058845494,0.062231347,-0.003385853,,
epidermis,ND-42,0.07908598,0.08254926,-0.0034632757,,
epidermis,14-3-3epsilon,0.14672725,0.15025951,-0.0035322607,,
epidermis,CG5011,0.12978354,0.13335812,-0.00357458,,
epidermis,TpnC25D,0.048486013,0.052134383,-0.0036483705,,
epidermis,bru3,0.059170976,0.06284159,-0.0036706105,,
epidermis,mt:ND1,0.062603556,0.06631639,-0.003712833,,
epidermis,QIL1,0.078039266,0.08189613,-0.0038568676,,
epidermis,Hrb27C,0.08638252,0.090264045,-0.0038815215,,
epidermis,CG5214,0.071984634,0.07617266,-0.0041880235,,
epidermis,pst,0.074255586,0.078569785,-0.004314199,,
epidermis,His3.3A,0.065605156,0.070016384,-0.004411228,,
epidermis,Pgm1,0.074125625,0.07866237,-0.004536748,,
epidermis,CG11137,0.05090453,0.0555748,-0.00467027,,
epidermis,TppII,0.10483319,0.10969404,-0.004860848,,
epidermis,Spn55B,0.084988385,0.090152286,-0.0051639006,,
epidermis,Gs2,0.08638599,0.09159078,-0.0052047893,,
epidermis,cnc,0.044551246,0.04992341,-0.005372163,,
epidermis,VhaSFD,0.05354278,0.05899121,-0.005448427,,
epidermis,alphaTub84B,0.486971,0.49247667,-0.005505681,,
epidermis,ND-B18,0.101364724,0.10688972,-0.005524993,,
epidermis,CG6878,0.04799274,0.05363371,-0.0056409687,,
epidermis,Df31,0.06049403,0.06615465,-0.0056606196,,
epidermis,Phb2,0.048604477,0.054271627,-0.00566715,,
epidermis,Rm62,0.11842533,0.12431759,-0.0058922544,,
epidermis,Ggamma1,0.07188134,0.07777602,-0.0058946833,,
epidermis,CG13220,0.057065774,0.06320356,-0.0061377846,,
epidermis,CG45050,0.060733475,0.0668773,-0.0061438233,,
epidermis,asRNA:CR44960,0.083789974,0.09013018,-0.0063402057,,
epidermis,CG12163,0.05417748,0.060563717,-0.0063862354,,
epidermis,Sap-r,0.060649827,0.06703702,-0.0063871965,,
epidermis,kdn,0.05667741,0.06324995,-0.0065725446,,
epidermis,pre-rRNA:CR45845,0.047959138,0.054681234,-0.0067220964,,
epidermis,Cyt-c1,0.1801182,0.18686515,-0.0067469478,,
epidermis,UQCR-6.4,0.24842325,0.25520396,-0.006780714,,
epidermis,Tsp29Fb,0.08293411,0.08971673,-0.006782621,,
epidermis,DOR,0.05204454,0.058831036,-0.0067864954,,
epidermis,CG15201,0.04945343,0.056617353,-0.0071639232,,
epidermis,LTV1,0.07777775,0.085057534,-0.0072797835,,
epidermis,CG34305,0.097750634,0.105048664,-0.00729803,,
epidermis,betaTub56D,0.3965227,0.40386727,-0.0073445737,,
epidermis,Chchd2,0.0743652,0.08188061,-0.007515408,,
epidermis,CG34215,0.05512365,0.06264568,-0.0075220317,,
epidermis,Ran,0.059650935,0.0672163,-0.0075653642,,
epidermis,ND-18,0.05436947,0.06197421,-0.0076047406,,
epidermis,Jon99Fi,0.32315657,0.33076167,-0.0076051056,,
epidermis,LamC,0.053413317,0.061200146,-0.007786829,,
epidermis,Dp1,0.050105806,0.05789786,-0.007792052,,
epidermis,crc,0.13620584,0.14408389,-0.00787805,,
epidermis,CG34417,0.06220347,0.07021498,-0.008011509,,
epidermis,CG34200,0.07021741,0.07824888,-0.008031473,,
epidermis,Ance,0.09280832,0.10103293,-0.0082246065,,
epidermis,Mlp84B,0.047881775,0.05620246,-0.0083206855,,
epidermis,Pcd,0.052643444,0.0609749,-0.008331455,,
epidermis,REPTOR-BP,0.054486107,0.06282121,-0.008335102,,
epidermis,chic,0.07133432,0.07967575,-0.008341432,,
epidermis,cype,0.64269125,0.65104544,-0.008354187,,
epidermis,Moe,0.066797584,0.07521718,-0.008419596,,
epidermis,GstD1,0.07819352,0.08667521,-0.008481689,,
epidermis,Pdhb,0.09658141,0.105072305,-0.008490898,,
epidermis,CG10910,0.07017531,0.078670636,-0.008495323,,
epidermis,CG15818,0.060796604,0.069331765,-0.008535162,,
epidermis,kst,0.044138547,0.05282254,-0.008683994,,
epidermis,GlyP,0.06447607,0.0732086,-0.0087325275,,
epidermis,CG5885,0.060786918,0.06959911,-0.008812189,,
epidermis,ND-ASHI,0.05383637,0.062653884,-0.008817513,,
epidermis,Fer1HCH,0.09067008,0.09956974,-0.008899659,,
epidermis,VhaAC45,0.06924009,0.07818957,-0.0089494735,,
epidermis,Scsalpha1,0.08301363,0.092124134,-0.009110503,,
epidermis,GILT1,0.043684606,0.05280915,-0.0091245435,,
epidermis,ND-51,0.06868347,0.077816755,-0.009133287,,
epidermis,CG11699,0.04018215,0.04941727,-0.009235118,,
epidermis,CG9673,0.09513928,0.104455754,-0.009316474,,
epidermis,CG14818,0.07262151,0.08194164,-0.009320132,,
epidermis,Ssk,0.054203544,0.06352858,-0.009325039,,
epidermis,Sar1,0.053799085,0.063168354,-0.009369269,,
epidermis,28SrRNA-Psi:CR41609,0.047242343,0.056628514,-0.009386171,,
epidermis,Trxr-1,0.046691917,0.056286164,-0.009594247,,
epidermis,mt:ND4,0.16737024,0.17697953,-0.009609282,,
epidermis,CG13124,0.04920719,0.058908295,-0.009701107,,
epidermis,hpRNA:CR18854,0.042061277,0.051774662,-0.009713385,,
epidermis,ps,0.102949865,0.112732925,-0.009783059,,
epidermis,Idh3a,0.08280991,0.09278755,-0.009977639,,
epidermis,Muc18B,0.108716935,0.11875865,-0.010041714,,
epidermis,und,0.057624996,0.06773944,-0.010114446,,
epidermis,ringer,0.049830116,0.059963204,-0.010133088,,
epidermis,Mlc1,0.36958,0.37978265,-0.010202646,,
epidermis,PyK,0.13932827,0.14963348,-0.010305211,,
epidermis,CG2852,0.08548833,0.0960407,-0.0105523765,,
epidermis,CG43774,0.041714147,0.052350394,-0.010636248,,
epidermis,eIF1,0.08084882,0.09156636,-0.010717541,,
epidermis,CG17107,1.2788055,1.2896693,-0.010863781,,
epidermis,PGRP-SC2,0.057758965,0.06865755,-0.010898583,,
epidermis,Zasp52,0.039994888,0.05107894,-0.011084054,,
epidermis,CG42837,0.06745838,0.07857552,-0.011117145,,
epidermis,cathD,0.05566329,0.06678256,-0.011119265,,
epidermis,ND-B12,0.20118019,0.21232766,-0.011147469,,
epidermis,Atg8a,0.08084333,0.09199935,-0.011156023,,
epidermis,Syb,0.04270415,0.05386322,-0.01115907,,
epidermis,ND-24,0.07778823,0.08902921,-0.0112409815,,
epidermis,lcs,0.044250682,0.055498715,-0.0112480335,,
epidermis,SERCA,0.17711811,0.1883746,-0.011256486,,
epidermis,IP3K1,0.042789143,0.054375473,-0.011586331,,
epidermis,SdhB,0.06640338,0.07799233,-0.011588946,,
epidermis,CG42336,0.05421894,0.06584663,-0.011627689,,
epidermis,CG5084,0.07781956,0.08962176,-0.0118021965,,
epidermis,lncRNA:CR42862,0.27073744,0.28258747,-0.011850029,,
epidermis,CG45089,0.11854154,0.13045152,-0.011909977,,
epidermis,CG31343,0.21194014,0.22385195,-0.011911809,,
epidermis,CG8066,0.060990166,0.0729596,-0.011969436,,
epidermis,CG1648,0.1846245,0.19666882,-0.0120443255,,
epidermis,ND-B15,0.13193308,0.14408235,-0.012149274,,
epidermis,CG1265,0.042136885,0.054458227,-0.012321342,,
epidermis,HmgZ,0.05926996,0.07161131,-0.012341347,,
epidermis,ND-15,0.0584121,0.07084004,-0.012427937,,
epidermis,CG32521,0.04368287,0.056165144,-0.012482274,,
epidermis,Spase22-23,0.049703076,0.062187932,-0.012484856,,
epidermis,NimB2,0.054384332,0.066980496,-0.012596164,,
epidermis,Acbp2,0.10652415,0.119123034,-0.012598887,,
epidermis,CG14566,0.046476807,0.059100136,-0.012623329,,
epidermis,28SrRNA-Psi:CR40741,0.067936316,0.08062783,-0.012691513,,
epidermis,Ag5r,0.032185387,0.044936217,-0.0127508305,,
epidermis,SelG,0.039999135,0.052834548,-0.012835413,,
epidermis,CG31997,0.06511138,0.07799696,-0.012885585,,
epidermis,hth,0.03948561,0.0523894,-0.012903787,,
epidermis,CG4928,0.04536633,0.058334667,-0.012968339,,
epidermis,Xbp1,0.07838336,0.091432706,-0.013049349,,
epidermis,GstO3,0.07228722,0.08536035,-0.013073131,,
epidermis,sun,0.2640064,0.2771464,-0.013139993,,
epidermis,ND-75,0.11174833,0.12505202,-0.01330369,,
epidermis,Ahcy,0.06289145,0.076208,-0.013316549,,
epidermis,CG17145,0.0721852,0.08550252,-0.013317317,,
epidermis,CG33199,0.05789862,0.07128707,-0.013388455,,
epidermis,sls,0.06253412,0.07610955,-0.013575427,,
epidermis,Mhc,0.4254323,0.43908,-0.013647705,,
epidermis,Tom20,0.05677686,0.07050928,-0.013732418,,
epidermis,Tsp42El,0.05100191,0.065196656,-0.014194746,,
epidermis,eIF4G1,0.044780873,0.059076358,-0.014295485,,
epidermis,CG13321,0.12695566,0.1413682,-0.014412537,,
epidermis,ND-B17,0.07857676,0.0930474,-0.014470644,,
epidermis,ND-MWFE,0.14323807,0.15780023,-0.01456216,,
epidermis,CG32276,0.054335203,0.068903014,-0.014567811,,
epidermis,CG43134,0.052229658,0.06682525,-0.0145955905,,
epidermis,PHGPx,0.09104074,0.10573953,-0.0146987885,,
epidermis,colt,0.06991243,0.08466185,-0.014749415,,
epidermis,Aldh,0.08065419,0.09543236,-0.014778174,,
epidermis,Rho1,0.07939339,0.09428298,-0.01488959,,
epidermis,CG32284,0.070613526,0.08557219,-0.014958665,,
epidermis,ND-B17.2,0.06836255,0.08340008,-0.015037529,,
epidermis,Gs1,0.048267946,0.06333309,-0.015065141,,
epidermis,eIF3d1,0.040674884,0.05575054,-0.0150756575,,
epidermis,ND-13A,0.056496855,0.071574956,-0.015078101,,
epidermis,mt:srRNA,0.06065871,0.07574754,-0.015088834,,
epidermis,Idgf4,0.05356133,0.068800695,-0.015239365,,
epidermis,CG2930,0.08186317,0.097166784,-0.015303612,,
epidermis,CG5903,0.055200893,0.07053109,-0.015330199,,
epidermis,CG15347,0.04696882,0.06241251,-0.01544369,,
epidermis,CG33306,0.09410623,0.10963944,-0.015533216,,
epidermis,CG3662,0.12707171,0.14261116,-0.015539452,,
epidermis,CG8399,0.048413604,0.06403086,-0.015617259,,
epidermis,CG5532,0.059493918,0.07516754,-0.015673619,,
epidermis,Sec61beta,0.073224224,0.08891931,-0.015695088,,
epidermis,eIF3a,0.059772126,0.07555403,-0.015781902,,
epidermis,CG34165,0.06326865,0.07913914,-0.015870497,,
epidermis,CG14483,0.080254495,0.096256115,-0.01600162,,
epidermis,eIF3f1,0.058915854,0.07492747,-0.016011618,,
epidermis,CG4364,0.05617683,0.07247829,-0.016301457,,
epidermis,CG34232,0.06140576,0.07772678,-0.016321022,,
epidermis,CG44242,0.06439269,0.080903,-0.016510308,,
epidermis,CG31198,0.18047114,0.19698583,-0.016514689,,
epidermis,SWIP,0.037305783,0.053871978,-0.016566195,,
epidermis,CAH1,0.057373434,0.07398535,-0.016611919,,
epidermis,28SrRNA-Psi:CR45862,0.27241126,0.28902847,-0.016617209,,
epidermis,CG8206,0.0806952,0.09750403,-0.01680883,,
epidermis,SdhD,0.06389161,0.08076187,-0.01687026,,
epidermis,CtsB1,0.10637555,0.12325977,-0.016884215,,
epidermis,Adk2,0.039716147,0.05660229,-0.016886145,,
epidermis,ND-39,0.1232279,0.14013146,-0.016903557,,
epidermis,Gel,0.04761995,0.06472001,-0.017100062,,
epidermis,VhaPPA1-1,0.08000669,0.097171865,-0.017165177,,
epidermis,CG3348,0.103736475,0.1209046,-0.017168127,,
epidermis,Gapdh1,0.2930453,0.3102484,-0.017203093,,
epidermis,smt3,0.06706047,0.08429818,-0.017237708,,
epidermis,Cyp6a17,0.04151926,0.058813166,-0.017293908,,
epidermis,inc,0.11266905,0.12999588,-0.017326832,,
epidermis,Col4a1,0.15260054,0.1701401,-0.01753956,,
epidermis,bun,0.0969495,0.114610836,-0.017661333,,
epidermis,CG9691,0.04711792,0.06513342,-0.018015504,,
epidermis,ReepB,0.051551007,0.069586895,-0.018035889,,
epidermis,Gfat1,0.06262858,0.08076454,-0.018135957,,
epidermis,scu,0.09591677,0.11406449,-0.018147722,,
epidermis,CG1673,0.05778943,0.07611834,-0.018328913,,
epidermis,pix,0.03968066,0.058335803,-0.018655144,,
epidermis,CG33178,0.05692669,0.075603135,-0.018676445,,
epidermis,CG41128,0.071762875,0.09047873,-0.018715858,,
epidermis,Lsd-2,0.041990336,0.060842343,-0.018852007,,
epidermis,Vha44,0.069338754,0.08819784,-0.018859088,,
epidermis,eIF3g1,0.06840518,0.08728448,-0.018879302,,
epidermis,CG17633,0.13689342,0.15598299,-0.019089565,,
epidermis,sphe,0.08652833,0.10565188,-0.019123547,,
epidermis,r-l,0.028405648,0.04754858,-0.019142933,,
epidermis,CG17029,0.045822628,0.06498329,-0.019160666,,
epidermis,ND-19,0.07958389,0.09880036,-0.01921647,,
epidermis,ND-B16.6,0.1238205,0.14313713,-0.019316629,,
epidermis,Rtnl1,0.08264068,0.101978935,-0.019338258,,
epidermis,zetaTry,0.06893984,0.08860027,-0.019660428,,
epidermis,14-3-3zeta,0.23825194,0.25815755,-0.019905612,,
epidermis,mts,0.09936014,0.11931545,-0.019955315,,
epidermis,Nlp,0.056920025,0.07689523,-0.019975204,,
epidermis,Lk6,0.13553964,0.15555498,-0.020015344,,
epidermis,GstE12,0.057599384,0.07770921,-0.020109829,,
epidermis,Adk1,0.04635986,0.066722415,-0.020362556,,
epidermis,Sod2,0.06011254,0.080475576,-0.020363037,,
epidermis,VhaAC39-1,0.08248145,0.10326307,-0.020781621,,
epidermis,Tm1,0.30276206,0.32356843,-0.020806372,,
epidermis,Jon65Ai,0.42154855,0.44235715,-0.020808607,,
epidermis,Gasp,0.104388975,0.12521887,-0.020829894,,
epidermis,COX5A,0.39762142,0.41853797,-0.020916551,,
epidermis,sqd,0.0853198,0.10625777,-0.020937964,,
epidermis,ND-ACP,0.09366317,0.11461237,-0.0209492,,
epidermis,CG9782,0.062832996,0.08382052,-0.020987526,,
epidermis,CG4653,0.043509953,0.06454483,-0.021034874,,
epidermis,CG7715,0.062273346,0.08336782,-0.021094471,,
epidermis,CG13887,0.05445731,0.07567643,-0.021219116,,
epidermis,Cpr47Eb,0.12729505,0.14853017,-0.021235123,,
epidermis,Cyt-b5-r,0.040889774,0.062268503,-0.02137873,,
epidermis,ND-AGGG,0.058289755,0.079697855,-0.0214081,,
epidermis,Tom7,0.11127812,0.13273448,-0.02145636,,
epidermis,CG14419,0.06590775,0.087369286,-0.021461539,,
epidermis,cl,0.058960337,0.08046142,-0.021501083,,
epidermis,Men,0.105117954,0.12667455,-0.021556593,,
epidermis,SNF4Agamma,0.04185303,0.06341606,-0.021563027,,
epidermis,SclA,0.059129477,0.08071698,-0.021587506,,
epidermis,CG7414,0.066456616,0.08805438,-0.021597765,,
epidermis,ND-B14.7,0.067162916,0.08877137,-0.021608457,,
epidermis,CG6426,0.06575224,0.08736315,-0.021610916,,
epidermis,CG12116,0.050550565,0.072269514,-0.02171895,,
epidermis,Idgf6,0.110396385,0.13248116,-0.022084773,,
epidermis,CG42808,0.04475494,0.06693115,-0.02217621,,
epidermis,CG11151,0.06656128,0.088774875,-0.022213593,,
epidermis,CG8664,0.055812363,0.07803555,-0.022223186,,
epidermis,Jon66Ci,1.4595324,1.4825511,-0.023018718,,
epidermis,kra,0.09674785,0.1198561,-0.023108244,,
epidermis,wupA,0.22041091,0.2435896,-0.023178682,,
epidermis,Lcp65Af,0.07858733,0.10185554,-0.023268208,,
epidermis,Vha14-1,0.12447183,0.1477964,-0.023324579,,
epidermis,AnxB9,0.07781767,0.10117293,-0.02335526,,
epidermis,Clc,0.051950075,0.07565761,-0.023707539,,
epidermis,CG5096,0.05316043,0.07691089,-0.023750462,,
epidermis,ND-B22,0.113299176,0.13708827,-0.023789093,,
epidermis,CG15093,0.07553123,0.099326506,-0.023795277,,
epidermis,Sam-S,0.053347502,0.07740675,-0.024059247,,
epidermis,ND-SGDH,0.09330133,0.117600806,-0.024299473,,
epidermis,CG1572,0.09276176,0.11708119,-0.024319425,,
epidermis,CG14132,0.03747924,0.061802283,-0.024323042,,
epidermis,Irp-1B,0.05734475,0.08172827,-0.024383523,,
epidermis,CG7834,0.05517094,0.0796473,-0.024476364,,
epidermis,CG7675,0.0367066,0.061333552,-0.024626952,,
epidermis,Vha26,0.110349424,0.1349974,-0.024647973,,
epidermis,eIF3m,0.077614926,0.10229389,-0.024678968,,
epidermis,Pdi,0.071635455,0.096652776,-0.025017321,,
epidermis,ND-B14.5B,0.09355225,0.11857996,-0.025027715,,
epidermis,CG10725,0.049731568,0.074812405,-0.025080837,,
epidermis,shot,0.0949577,0.1200464,-0.025088698,,
epidermis,blw,0.32582852,0.3509667,-0.02513817,,
epidermis,Tsp42Ee,0.05923888,0.08437796,-0.025139078,,
epidermis,CG8036,0.03965867,0.06497134,-0.025312673,,
epidermis,CG2862,0.048238028,0.07356727,-0.025329243,,
epidermis,eIF3i,0.0949335,0.12029274,-0.025359236,,
epidermis,CG12384,0.06456893,0.09003148,-0.025462553,,
epidermis,Tim10,0.045742124,0.07146056,-0.025718436,,
epidermis,CG7630,0.4067764,0.43280414,-0.026027739,,
epidermis,asRNA:CR45264,0.03815548,0.06426201,-0.026106529,,
epidermis,Jon99Cii,1.5881472,1.6142849,-0.02613771,,
epidermis,CG9757,0.56913495,0.59565437,-0.026519418,,
epidermis,CG11267,0.039322253,0.06589472,-0.02657247,,
epidermis,VhaM9.7-b,0.14990541,0.17650452,-0.02659911,,
epidermis,COX7C,0.5700831,0.59696203,-0.026878953,,
epidermis,CG5326,0.04470946,0.071629554,-0.026920095,,
epidermis,hui,0.16917041,0.19620267,-0.027032256,,
epidermis,SdhC,0.12429573,0.15137856,-0.02708283,,
epidermis,ATPsyndelta,0.16307217,0.19022587,-0.0271537,,
epidermis,Tapdelta,0.08229353,0.109528325,-0.027234793,,
epidermis,NP15.6,0.11200522,0.13930112,-0.027295902,,
epidermis,Fer2LCH,0.15536484,0.18273571,-0.02737087,,
epidermis,CG31789,0.0972409,0.12462852,-0.027387619,,
epidermis,Nurf-38,0.0397802,0.0672022,-0.027422003,,
epidermis,Glo1,0.061509278,0.08920837,-0.027699094,,
epidermis,CG17032,0.089539476,0.11728044,-0.027740963,,
epidermis,UQCR-C2,0.27336574,0.30122173,-0.027855992,,
epidermis,CG3566,0.0467146,0.0746483,-0.027933698,,
epidermis,CG16758,0.03937694,0.06749672,-0.028119776,,
epidermis,eIF4A,0.29846415,0.3271825,-0.028718352,,
epidermis,CG3588,0.09958879,0.12836121,-0.028772421,,
epidermis,UQCR-C1,0.10458253,0.13348755,-0.02890502,,
epidermis,Tsp42Ec,0.04499574,0.07396338,-0.028967641,,
epidermis,CG44325,0.10977844,0.13916649,-0.029388048,,
epidermis,Cpr47Ec,0.05265079,0.08209012,-0.029439326,,
epidermis,CG45087,0.1519447,0.1813903,-0.029445603,,
epidermis,ATPsynCF6,0.37786686,0.40733546,-0.029468596,,
epidermis,pAbp,0.3403307,0.36997303,-0.029642344,,
epidermis,pre-rRNA:CR45847,0.119798936,0.14949189,-0.029692955,,
epidermis,CG12057,0.0595395,0.08926095,-0.02972145,,
epidermis,CG11073,0.0811424,0.1111239,-0.029981494,,
epidermis,Cyt-b5,0.09252229,0.12256338,-0.030041084,,
epidermis,Zasp66,0.11158339,0.14180857,-0.03022518,,
epidermis,Gp150,0.063425824,0.0941614,-0.030735575,,
epidermis,bic,0.25784552,0.28871098,-0.03086546,,
epidermis,Fst,0.08702172,0.11808567,-0.031063944,,
epidermis,lost,0.066216215,0.09737961,-0.031163394,,
epidermis,Obp99c,0.06446284,0.09564065,-0.031177811,,
epidermis,CG43897,0.224792,0.25611827,-0.031326264,,
epidermis,CG13102,0.0462025,0.077541694,-0.031339195,,
epidermis,ND-13B,0.08632727,0.11777568,-0.03144841,,
epidermis,eIF3c,0.12314781,0.15469031,-0.031542502,,
epidermis,eIF1A,0.08981297,0.12141612,-0.03160315,,
epidermis,obst-A,0.043658108,0.075462006,-0.0318039,,
epidermis,ATPsynF,0.38725236,0.4190606,-0.031808227,,
epidermis,CG2233,0.07144743,0.103343405,-0.031895973,,
epidermis,Prm,0.14841673,0.18050349,-0.03208676,,
epidermis,Cht6,0.04036792,0.07270282,-0.032334898,,
epidermis,Calr,0.11078034,0.14312588,-0.032345533,,
epidermis,CG13315,0.105188794,0.1375578,-0.03236901,,
epidermis,Cyt-c-p,0.06322153,0.095689155,-0.032467626,,
epidermis,wal,0.09124113,0.12377275,-0.03253162,,
epidermis,ATPsyngamma,0.2423583,0.27503532,-0.032677025,,
epidermis,CG4982,0.059452005,0.09230771,-0.032855704,,
epidermis,CG7465,0.20124035,0.23432459,-0.033084244,,
epidermis,Mdh2,0.17687172,0.20999171,-0.03311999,,
epidermis,CG18493,0.04275222,0.07595408,-0.03320186,,
epidermis,FASN1,0.09496666,0.12819366,-0.033227004,,
epidermis,Desat1,0.08767313,0.121325135,-0.033652008,,
epidermis,ND-B14.5A,0.103964835,0.13787727,-0.033912435,,
epidermis,ATPsynO,0.1892113,0.22327228,-0.034060985,,
epidermis,CG9336,0.27961358,0.3138742,-0.03426063,,
epidermis,fon,0.06017938,0.095225856,-0.035046477,,
epidermis,Eglp4,0.055342358,0.09074697,-0.03540461,,
epidermis,UQCR-11,0.11491558,0.1504426,-0.03552702,,
epidermis,CG10527,0.118923075,0.15467933,-0.035756253,,
epidermis,ATP6AP2,0.110266656,0.14678097,-0.036514312,,
epidermis,Nap1,0.10398824,0.14071624,-0.036728002,,
epidermis,CG4830,0.060723927,0.09792481,-0.037200887,,
epidermis,CG12934,0.11217447,0.14943454,-0.037260063,,
epidermis,serp,0.0811391,0.118622676,-0.037483573,,
epidermis,Echs1,0.122872144,0.16042145,-0.037549302,,
epidermis,Oda,0.32630858,0.36426383,-0.037955254,,
epidermis,CG6115,0.09322005,0.13144381,-0.038223766,,
epidermis,CNBP,0.13787305,0.17635036,-0.0384773,,
epidermis,CG15044,0.07981947,0.118527025,-0.038707554,,
epidermis,RpL24-like,0.12557654,0.16448054,-0.038903996,,
epidermis,Neb-cGP,0.3760286,0.41531485,-0.039286256,,
epidermis,fabp,0.13848808,0.17846005,-0.039971963,,
epidermis,ox,0.25782812,0.29787576,-0.040047646,,
epidermis,BBS1,0.058733538,0.09897544,-0.040241905,,
epidermis,CG5773,0.12227869,0.16258883,-0.040310144,,
epidermis,ND-PDSW,0.1258822,0.16632703,-0.040444836,,
epidermis,Vha68-2,0.13477537,0.17524108,-0.040465713,,
epidermis,eIF3k,0.13391544,0.17450127,-0.04058583,,
epidermis,l(2)efl,0.08114309,0.122367896,-0.041224808,,
epidermis,Gpo1,0.054833457,0.09611108,-0.041277625,,
epidermis,CG12607,0.036857378,0.078156054,-0.041298676,,
epidermis,CG7298,0.13682693,0.17843787,-0.04161094,,
epidermis,CG15423,0.13464339,0.17647485,-0.041831464,,
epidermis,CG11852,0.095246784,0.13751125,-0.04226447,,
epidermis,regucalcin,0.06004776,0.102426834,-0.042379074,,
epidermis,CG6770,0.33984485,0.38224146,-0.042396605,,
epidermis,RFeSP,0.1560113,0.19846241,-0.042451113,,
epidermis,Jon99Fii,0.3136268,0.35626584,-0.042639047,,
epidermis,COX8,0.4377557,0.48054382,-0.042788118,,
epidermis,CG31313,0.06455041,0.10735118,-0.04280077,,
epidermis,RpL41,1.8492833,1.89253,-0.043246627,,
epidermis,Sod1,0.15104471,0.19468363,-0.043638915,,
epidermis,CG10598,0.116271235,0.16016941,-0.043898173,,
epidermis,RpL34a,0.11599962,0.15993822,-0.0439386,,
epidermis,UQCR-Q,0.27104256,0.31509313,-0.044050574,,
epidermis,CycG,0.14671181,0.19095702,-0.044245213,,
epidermis,tsr,0.22976464,0.27431557,-0.044550925,,
epidermis,CG9449,0.068892315,0.11406475,-0.045172438,,
epidermis,porin,0.2883524,0.33406225,-0.04570985,,
epidermis,CG13044,0.11814468,0.16388135,-0.045736663,,
epidermis,CG32576,0.13642415,0.18258816,-0.046164006,,
epidermis,CG34301,0.071981646,0.11824261,-0.04626096,,
epidermis,Ip259,0.11473693,0.16197702,-0.047240093,,
epidermis,CG7294,0.46564522,0.51337135,-0.047726125,,
epidermis,asRNA:CR45343,0.114907004,0.16269863,-0.047791623,,
epidermis,Non1,0.2709024,0.31911168,-0.04820928,,
epidermis,Msp300,0.16360487,0.21300532,-0.04940045,,
epidermis,CG13364,0.13047272,0.1799707,-0.049497977,,
epidermis,roh,0.26394618,0.3137093,-0.049763113,,
epidermis,Adh,0.21918613,0.26899755,-0.049811423,,
epidermis,ATPsynD,0.14333165,0.19317931,-0.049847662,,
epidermis,yip7,0.7566175,0.8067149,-0.050097406,,
epidermis,CG31041,0.053294495,0.10343327,-0.05013877,,
epidermis,CG7215,0.08334345,0.13350688,-0.050163426,,
epidermis,Mf,0.3749766,0.42530647,-0.050329864,,
epidermis,l(2)34Fc,0.087317534,0.13802214,-0.050704606,,
epidermis,CG9568,0.10888216,0.15959129,-0.05070913,,
epidermis,LManII,0.046343192,0.09736355,-0.051020354,,
epidermis,atilla,0.17990646,0.23106667,-0.051160216,,
epidermis,Cpr57A,0.19205432,0.24387243,-0.051818117,,
epidermis,ND-MLRQ,0.34406897,0.39638364,-0.05231467,,
epidermis,Tina-1,0.13569312,0.18884991,-0.053156793,,
epidermis,Cpr65Ay,0.110298865,0.16385105,-0.053552188,,
epidermis,Vha16-1,0.32754096,0.38236547,-0.0548245,,
epidermis,IM33,0.16045535,0.21588455,-0.055429205,,
epidermis,RNASEK,0.17459594,0.23136874,-0.0567728,,
epidermis,asRNA:CR45874,0.08523409,0.1423486,-0.05711451,,
epidermis,SPARC,0.1390211,0.19635637,-0.057335272,,
epidermis,CG13551,0.20447497,0.26286817,-0.058393195,,
epidermis,CG12480,0.05747534,0.11754749,-0.06007215,,
epidermis,CG5399,0.19279559,0.25303805,-0.06024246,,
epidermis,Jon66Cii,0.10506381,0.16548681,-0.060423,,
epidermis,Mpcp2,0.18020119,0.24108325,-0.06088206,,
epidermis,CG34291,0.14325559,0.20451169,-0.061256096,,
epidermis,Tspo,0.05955001,0.12139859,-0.06184858,,
epidermis,Mdh1,0.1032728,0.1651817,-0.061908893,,
epidermis,TpnC73F,0.07458513,0.13783033,-0.0632452,,
epidermis,sit,0.05511992,0.11848816,-0.063368246,,
epidermis,Trx-2,0.1076896,0.17166843,-0.06397883,,
epidermis,Cyp1,0.17813377,0.24253759,-0.06440382,,
epidermis,Phk-3,0.054380123,0.11898403,-0.06460391,,
epidermis,ATPsynbeta,0.46860453,0.5333967,-0.064792186,,
epidermis,RpL4,0.38711712,0.45257217,-0.06545505,,
epidermis,Cys,0.1376934,0.20337887,-0.065685466,,
epidermis,CG32241,0.13315761,0.20028664,-0.06712903,,
epidermis,Hsc70-4,0.38738728,0.45479107,-0.06740379,,
epidermis,Tm2,0.44330645,0.5120921,-0.06878567,,
epidermis,COX5B,0.3234642,0.393594,-0.07012978,,
epidermis,RpL39,1.5140109,1.5847609,-0.07075,,
epidermis,Cpr49Af,0.32005915,0.3915289,-0.071469754,,
epidermis,awd,0.17077921,0.2423882,-0.07160899,,
epidermis,PIG-Z,0.04832116,0.119930804,-0.071609646,,
epidermis,CG12826,0.033898413,0.10559592,-0.0716975,,
epidermis,levy,0.3610203,0.43304324,-0.072022945,,
epidermis,CG15282,0.30063537,0.3730578,-0.072422445,,
epidermis,LManV,0.032156054,0.1058719,-0.07371585,,
epidermis,CG15515,0.24845162,0.32219958,-0.07374796,,
epidermis,Obp83g,0.14340843,0.21733747,-0.07392904,,
epidermis,Lcp4,0.2738483,0.3481349,-0.07428661,,
epidermis,Act5C,0.44375423,0.5180669,-0.07431266,,
epidermis,CG7296,0.41757524,0.49261674,-0.0750415,,
epidermis,CG6933,0.16684023,0.24264027,-0.07580005,,
epidermis,eEF2,0.48660523,0.56380516,-0.077199936,,
epidermis,CG8560,0.16641161,0.2439365,-0.077524886,,
epidermis,mt:CoII,0.68878156,0.76680154,-0.07801998,,
epidermis,CG17826,0.020748734,0.09914804,-0.07839931,,
epidermis,Cpr11A,0.09703315,0.17669499,-0.07966184,,
epidermis,Vha55,0.18222255,0.26244342,-0.08022088,,
epidermis,ATPsynG,0.39146256,0.47176751,-0.08030495,,
epidermis,apolpp,0.09533316,0.17589752,-0.080564365,,
epidermis,ATPsynE,0.3696091,0.45212784,-0.08251876,,
epidermis,LManVI,0.1446329,0.22723362,-0.08260071,,
epidermis,Tctp,0.25309017,0.3359758,-0.08288562,,
epidermis,CG6403,0.3060491,0.3892361,-0.083186984,,
epidermis,CG40198,0.13884602,0.22206709,-0.08322106,,
epidermis,CG8997,0.21418083,0.2975094,-0.083328575,,
epidermis,CG7953,0.2796808,0.36316973,-0.08348894,,
epidermis,CG32564,0.104444236,0.18862873,-0.0841845,,
epidermis,COX4,0.2947333,0.3795967,-0.084863424,,
epidermis,Cpr67Fa2,0.033915233,0.11939176,-0.08547653,,
epidermis,vir-1,0.08625287,0.17270018,-0.08644731,,
epidermis,Nacalpha,0.40443385,0.49114287,-0.08670902,,
epidermis,Vajk2,0.07548084,0.16421086,-0.088730015,,
epidermis,Vajk3,0.08265301,0.17174254,-0.089089535,,
epidermis,CG8661,0.09452192,0.1843763,-0.08985438,,
epidermis,asRNA:CR44095,0.20039882,0.2902658,-0.08986698,,
epidermis,COX7A,0.24608147,0.33655024,-0.090468764,,
epidermis,LysS,0.11116419,0.20296797,-0.09180378,,
epidermis,Mlc2,1.2725817,1.364387,-0.09180534,,
epidermis,ATPsynB,0.29020175,0.3823932,-0.09219146,,
epidermis,Mp20,0.5390675,0.63229144,-0.09322393,,
epidermis,mt:Cyt-b,0.4426091,0.53643656,-0.093827456,,
epidermis,RpLP0,0.9283648,1.0231951,-0.094830334,,
epidermis,CG8157,0.12855919,0.22346498,-0.09490579,,
epidermis,RpL37a,0.8613039,0.95684767,-0.09554374,,
epidermis,RpS11,1.2028232,1.3007077,-0.097884536,,
epidermis,CG14292,0.041790236,0.14027531,-0.09848508,,
epidermis,His4r,0.3251856,0.4239247,-0.09873912,,
epidermis,obst-E,0.18253033,0.282355,-0.09982468,,
epidermis,CG7714,0.080172084,0.18359123,-0.10341915,,
epidermis,RpS14b,0.3477695,0.45295277,-0.10518327,,
epidermis,CG7017,0.055031,0.16241422,-0.10738322,,
epidermis,mt:ATPase6,0.7563542,0.8641494,-0.10779518,,
epidermis,Vha13,0.31245255,0.4206717,-0.10821915,,
epidermis,Rack1,0.5055105,0.61582434,-0.11031383,,
epidermis,RpL35A,0.54943067,0.66129595,-0.11186528,,
epidermis,eEF1beta,0.34786138,0.45980987,-0.11194849,,
epidermis,RpS23,0.898987,1.0110276,-0.11204058,,
epidermis,sesB,0.6661135,0.77961713,-0.113503635,,
epidermis,RpS18,0.6266857,0.74026614,-0.113580465,,
epidermis,CG9682,0.08532803,0.19901472,-0.113686696,,
epidermis,RpL29,0.9129178,1.0269675,-0.11404973,,
epidermis,Pebp1,0.25142893,0.36648172,-0.11505279,,
epidermis,RpS26,1.149957,1.2658391,-0.11588216,,
epidermis,dpr2,0.74733675,0.86351323,-0.116176486,,
epidermis,RpL37A,0.94068927,1.0570022,-0.11631292,,
epidermis,mt:CoIII,0.57609564,0.69255614,-0.1164605,,
epidermis,RpL13,0.68843,0.8057469,-0.1173169,,
epidermis,RpL8,1.1172498,1.2370111,-0.11976123,,
epidermis,CG7290,0.12927403,0.24961646,-0.12034243,,
epidermis,mt:CoI,0.7237522,0.84461147,-0.120859265,,
epidermis,CG42502,0.3084035,0.43011254,-0.12170905,,
epidermis,TwdlN,0.103991665,0.22873014,-0.12473848,,
epidermis,RpS6,0.49551082,0.62100846,-0.12549764,,
epidermis,RpL3,0.7177903,0.847483,-0.12969267,,
epidermis,Cpr78Cc,0.045818448,0.17694402,-0.13112557,,
epidermis,CG32603,0.25614172,0.38742903,-0.1312873,,
epidermis,eEF5,0.4419687,0.5744789,-0.13251022,,
epidermis,Mlp60A,0.36723074,0.5008529,-0.13362214,,
epidermis,Thor,0.36207792,0.49647284,-0.13439491,,
epidermis,RpS29,0.93998027,1.0748346,-0.13485432,,
epidermis,RpL7A,0.6276059,0.7649931,-0.13738716,,
epidermis,RpL40,0.83823687,0.97615296,-0.13791609,,
epidermis,RpS16,0.6644915,0.80274916,-0.13825768,,
epidermis,RpL11,1.0484848,1.1870905,-0.13860571,,
epidermis,CG13705,0.16779199,0.30835924,-0.14056724,,
epidermis,Uhg7,0.7457721,0.8874449,-0.14167279,,
epidermis,RpL28,1.087183,1.2297692,-0.14258623,,
epidermis,Cpr67B,0.33987948,0.48366866,-0.14378917,,
epidermis,CG13545,0.36418757,0.5099801,-0.14579251,,
epidermis,RpS21,0.7797928,0.92817044,-0.14837766,,
epidermis,RpS24,0.43644652,0.5848836,-0.14843705,,
epidermis,RpL6,0.82161707,0.9731275,-0.15151042,,
epidermis,Clect27,0.32176876,0.4776792,-0.15591043,,
epidermis,RpS4,1.4339287,1.5915207,-0.15759194,,
epidermis,ATPsynC,0.8969017,1.054968,-0.15806627,,
epidermis,eEF1alpha1,1.2288661,1.3872939,-0.15842783,,
epidermis,RpS12,1.0648233,1.2232934,-0.15847015,,
epidermis,RpS7,0.8129401,0.97341067,-0.16047055,,
epidermis,RpL34b,0.5801012,0.7407519,-0.16065073,,
epidermis,CG13731,0.44495368,0.6056277,-0.16067404,,
epidermis,Kaz-m1,0.11775987,0.27965513,-0.16189526,,
epidermis,frm,0.19206657,0.3540682,-0.16200162,,
epidermis,CG15597,0.19383332,0.35610253,-0.1622692,,
epidermis,RpL23A,1.095646,1.258333,-0.16268694,,
epidermis,RpS15Aa,0.5034067,0.66752094,-0.16411424,,
epidermis,RpL30,0.8501574,1.0149726,-0.16481519,,
epidermis,RpL17,0.9290594,1.0973529,-0.16829348,,
epidermis,RpL18,1.1316066,1.3031398,-0.17153323,,
epidermis,RpS25,1.2969899,1.4688296,-0.17183971,,
epidermis,RpS17,0.8777551,1.0497116,-0.17195648,,
epidermis,Peritrophin-15a,0.79478866,0.9672799,-0.17249125,,
epidermis,RpL21,0.7106031,0.8840029,-0.1733998,,
epidermis,RpL36,0.9370624,1.1127418,-0.17567945,,
epidermis,RpL35,0.6440306,0.81975645,-0.17572588,,
epidermis,CG17738,0.40931872,0.5878307,-0.178512,,
epidermis,CG18180,0.90789324,1.090703,-0.18280977,,
epidermis,sta,1.2271765,1.4107839,-0.18360734,,
epidermis,RpL12,1.1871835,1.3715105,-0.184327,,
epidermis,RpL9,1.3826053,1.5670648,-0.18445945,,
epidermis,RpS30,1.0310456,1.2165622,-0.1855166,,
epidermis,RpLP1,1.3803862,1.5661315,-0.18574524,,
epidermis,RpS10b,0.58427155,0.77261037,-0.18833882,,
epidermis,Drsl2,0.13040091,0.3214437,-0.1910428,,
epidermis,RpL26,0.69857544,0.89117837,-0.19260293,,
epidermis,RpL19,1.0854981,1.2785978,-0.19309974,,
epidermis,RpS27A,0.85655147,1.0498098,-0.19325835,,
epidermis,RpL38,0.8207729,1.0162452,-0.19547236,,
epidermis,RpS8,1.1743865,1.372479,-0.19809246,,
epidermis,RpS13,0.63575554,0.83492166,-0.19916612,,
epidermis,CG1368,0.33838087,0.53812236,-0.19974148,,
epidermis,RpLP2,1.7087307,1.9092095,-0.20047879,,
epidermis,RpS28b,0.9304864,1.131061,-0.20057458,,
epidermis,RpL36A,0.8795424,1.0807333,-0.20119089,,
epidermis,eEF1gamma,0.7524013,0.9543858,-0.20198452,,
epidermis,RpL13A,0.9512651,1.1547049,-0.20343983,,
epidermis,RpS14a,0.8412625,1.0454137,-0.20415121,,
epidermis,RpS3A,0.6081789,0.8129011,-0.20472217,,
epidermis,RpL10,0.81168723,1.0179515,-0.20626426,,
epidermis,RpS15,1.2024351,1.4109064,-0.2084713,,
epidermis,Nplp2,0.67391795,0.8854138,-0.21149588,,
epidermis,RpL24,0.7090404,0.9212576,-0.21221721,,
epidermis,CG7299,0.45420757,0.66850203,-0.21429446,,
epidermis,RpL27A,0.9828873,1.1996533,-0.21676594,,
epidermis,RpL18A,0.98018944,1.1975008,-0.21731138,,
epidermis,RpS3,1.0744214,1.2926958,-0.21827435,,
epidermis,RpS20,0.74789125,0.9668903,-0.21899903,,
epidermis,RpL7,0.9044567,1.1267327,-0.22227603,,
epidermis,RpL15,0.85211766,1.0762568,-0.2241391,,
epidermis,RpS19a,0.74880713,0.9733511,-0.22454399,,
epidermis,CG32248,0.14221606,0.36755243,-0.22533637,,
epidermis,RpL31,0.97544277,1.2030327,-0.22758996,,
epidermis,RpL22,0.8792462,1.1078526,-0.2286064,,
epidermis,CG14302,0.7559449,0.9860764,-0.2301315,,
epidermis,RpL14,1.1005777,1.3314878,-0.23091006,,
epidermis,RpS5a,0.57363796,0.8056793,-0.23204136,,
epidermis,RpL23,1.1337178,1.3694352,-0.23571742,,
epidermis,Sirup,0.5768911,0.81272125,-0.23583013,,
epidermis,RpL10Ab,0.6056673,0.8445281,-0.23886079,,
epidermis,RpL32,1.2163169,1.4568053,-0.24048841,,
epidermis,RpS9,1.3876219,1.631741,-0.24411917,,
epidermis,RpL27,0.89303523,1.1411927,-0.24815744,,
epidermis,RpS27,0.9769907,1.233293,-0.25630236,,
epidermis,RpS2,0.8749623,1.1378717,-0.26290947,,
epidermis,RpL5,0.9925357,1.2647928,-0.2722571,,
epidermis,Lcp65Ag2,1.2302318,1.515257,-0.28502524,,
epidermis,CG11350,0.64767486,0.9570358,-0.30936092,,
epidermis,CG10953,0.4915084,0.81122535,-0.31971696,,
epidermis,Lcp65Ag3,2.5792012,2.9087873,-0.32958603,0.004975124378109453,0.07690357644816687
epidermis,CG30457,1.1092039,1.4575275,-0.34832358,0.16417910447761194,0.053646220062725264
epidermis,CG14300,0.17209736,0.52572805,-0.3536307,0.014925373134328358,0.017012795712907702
epidermis,CG42305,1.7865275,2.1587844,-0.37225688,0.009950248756218905,0.05421788836979711
epidermis,Lcp65Ag1,1.8899281,2.306878,-0.41695,0.004975124378109453,0.06426031666129778
epidermis,CG34282,0.32286862,0.9792622,-0.6563935,0.03482587064676617,0.021304732079134032
carcass,pre-rRNA:CR45856,1.5172155,0.97497123,0.54224426,0.004975124378109453,0.07875036670731418
carcass,epsilonTry,1.6393063,1.2192446,0.4200617,0.08955223880597014,0.07593477799396064
carcass,betaTry,0.85198605,0.55556273,0.29642332,0.004975124378109453,0.04090429294919298
carcass,Jon25Bii,1.1174918,0.92220604,0.1952858,0.05970149253731343,0.06917777318647109
carcass,18SrRNA-Psi:CR41602,0.45000044,0.29805136,0.15194908,0.009950248756218905,0.03420378982660799
carcass,Obp28a,0.20680892,0.06621144,0.14059749,0.5373134328358209,0.010904529341375091
carcass,CG32302,0.37036496,0.23574412,0.13462085,,
carcass,Lcp65Ac,0.35386014,0.22041911,0.13344103,,
carcass,Acbp3,0.4035327,0.27125344,0.13227928,,
carcass,28SrRNA-Psi:CR40596,0.29212925,0.18123734,0.11089191,,
carcass,alphaTry,0.55179757,0.44196522,0.10983235,,
carcass,Jon25Bi,0.569347,0.46643132,0.102915704,,
carcass,Nplp4,1.2291486,1.1265777,0.10257089,,
carcass,Jon65Aiv,1.7695596,1.6689862,0.10057342,,
carcass,TwdlO,0.38014805,0.28314722,0.09700084,,
carcass,mt:lrRNA,0.83645344,0.74323386,0.09321958,,
carcass,Muc55B,0.2511364,0.16043611,0.09070028,,
carcass,28SrRNA-Psi:CR45859,0.32003585,0.2300661,0.08996974,,
carcass,CG3819,0.22849905,0.1449598,0.08353925,,
carcass,CG10597,0.15390664,0.071138404,0.08276824,,
carcass,CG6403,0.62615573,0.5494824,0.07667333,,
carcass,CG13230,0.1553007,0.079657465,0.07564324,,
carcass,28SrRNA-Psi:CR45862,0.38618267,0.31076717,0.07541549,,
carcass,IA-2,0.13070613,0.06352008,0.06718605,,
carcass,deltaTry,1.499313,1.4334692,0.06584382,,
carcass,7SLRNA:CR32864,0.14460103,0.085754864,0.05884617,,
carcass,CG30031,0.28845954,0.23529333,0.05316621,,
carcass,7SLRNA:CR42652,0.100765996,0.05254855,0.048217446,,
carcass,Jon65Aiii,1.3614223,1.3158112,0.045611143,,
carcass,Muc18B,0.20977965,0.16506995,0.044709697,,
carcass,lncRNA:CR34335,0.46853107,0.4242894,0.044241667,,
carcass,CG5767,0.35831884,0.31457114,0.043747693,,
carcass,pre-rRNA:CR45847,0.22907162,0.18550687,0.04356475,,
carcass,Acbp5,0.18204702,0.13986461,0.042182416,,
carcass,CG14191,0.17177624,0.12983395,0.041942284,,
carcass,RNaseMRP:RNA,0.1093798,0.06850379,0.04087601,,
carcass,28SrRNA-Psi:CR45851,0.10458242,0.06374796,0.040834464,,
carcass,CG31789,0.19465457,0.15565296,0.039001614,,
carcass,CG6296,0.08624394,0.049507204,0.036736738,,
carcass,CG17107,0.66201574,0.6261942,0.035821557,,
carcass,Lcp3,0.15647255,0.122433156,0.034039393,,
carcass,CG9877,0.20431826,0.17318201,0.031136245,,
carcass,CG11370,0.21018234,0.17951399,0.030668348,,
carcass,CG13067,0.13346563,0.10325221,0.030213423,,
carcass,CG30025,0.06955676,0.042182397,0.02737436,,
carcass,CG7296,0.23100542,0.20458885,0.02641657,,
carcass,CG3168,0.11313436,0.08690879,0.026225574,,
carcass,Atpalpha,0.069069736,0.043476835,0.0255929,,
carcass,lncRNA:CR40469,0.6346029,0.6091886,0.025414288,,
carcass,CG3662,0.12779252,0.10247453,0.02531799,,
carcass,28SrRNA-Psi:CR45855,0.06368772,0.040845037,0.022842683,,
carcass,Eno,0.22821227,0.2057087,0.02250357,,
carcass,FASN1,0.18000022,0.1615544,0.01844582,,
carcass,Pgk,0.10153189,0.0848004,0.016731493,,
carcass,CG8560,0.34941337,0.33294773,0.016465634,,
carcass,Cpr47Eg,0.6157031,0.5994342,0.016268909,,
carcass,ND-MWFE,0.17688671,0.16079806,0.01608865,,
carcass,28SrRNA-Psi:CR40741,0.13319586,0.11729065,0.015905209,,
carcass,Fst,0.1428804,0.12822641,0.014653981,,
carcass,mt:ND5,0.06185099,0.047863133,0.013987858,,
carcass,mt:srRNA,0.08813755,0.0742179,0.0139196515,,
carcass,MtnE,0.116659395,0.10274602,0.013913378,,
carcass,Pgm1,0.07949541,0.06606097,0.01343444,,
carcass,Aldh,0.11792982,0.10485908,0.013070747,,
carcass,Ald1,0.37779826,0.36562797,0.012170285,,
carcass,CG7252,0.07380442,0.06169493,0.012109492,,
carcass,Ggamma1,0.076226145,0.064447105,0.01177904,,
carcass,Muc96D,0.07074453,0.059388768,0.011355761,,
carcass,28SrRNA-Psi:CR41609,0.0838933,0.072810255,0.011083044,,
carcass,gammaTry,0.06040122,0.04952924,0.01087198,,
carcass,MtnA,0.07554237,0.06472378,0.010818586,,
carcass,CG3868,0.26239523,0.25240415,0.00999108,,
carcass,Drip,0.0674687,0.057522092,0.009946611,,
carcass,Chchd2,0.10980612,0.1001785,0.009627618,,
carcass,mbl,0.058020405,0.049068328,0.0089520775,,
carcass,CG15282,0.19369823,0.1848181,0.0088801235,,
carcass,PyK,0.14164588,0.13297328,0.008672595,,
carcass,ND-B14.5A,0.13327669,0.12480303,0.008473657,,
carcass,CG10725,0.16445373,0.15601832,0.008435413,,
carcass,Shawl,0.058840003,0.05080323,0.008036774,,
carcass,thetaTry,0.14712282,0.13914195,0.007980868,,
carcass,D2hgdh,0.08939765,0.0815491,0.007848546,,
carcass,Gbeta13F,0.057506997,0.049862538,0.0076444596,,
carcass,Xrp1,0.09488618,0.08725149,0.0076346844,,
carcass,Pgi,0.08319557,0.07569399,0.00750158,,
carcass,LysB,0.16944878,0.1621034,0.0073453784,,
carcass,CG7465,0.09485586,0.088211596,0.006644264,,
carcass,CG8664,0.082569584,0.07613537,0.006434217,,
carcass,CG13492,0.08147592,0.075183064,0.006292857,,
carcass,UK114,0.075763494,0.06952806,0.0062354356,,
carcass,CG31323,0.1857113,0.1795465,0.006164789,,
carcass,VhaSFD,0.06698367,0.061647013,0.005336657,,
carcass,CG9451,0.07162262,0.06636093,0.0052616894,,
carcass,Cyt-b5-r,0.07034695,0.06522628,0.0051206723,,
carcass,QIL1,0.09706402,0.092133015,0.004931003,,
carcass,Rm62,0.09263761,0.088081345,0.0045562685,,
carcass,Pglym78,0.14984621,0.14560862,0.004237592,,
carcass,CG33128,0.19700329,0.19277015,0.004233137,,
carcass,Muc26B,0.060727533,0.057081643,0.0036458895,,
carcass,SdhB,0.06732762,0.06378454,0.003543079,,
carcass,Neb-cGP,0.43456566,0.43116456,0.0034011006,,
carcass,UQCR-6.4,0.27453536,0.27166605,0.002869308,,
carcass,Cda9,0.058032274,0.055268567,0.0027637072,,
carcass,CG44008,0.33374286,0.33101192,0.0027309358,,
carcass,CG7920,0.15062039,0.14810169,0.0025186986,,
carcass,glob1,0.074215084,0.071698755,0.0025163293,,
carcass,Tpi,0.13740139,0.1350724,0.002328992,,
carcass,CG44242,0.06778633,0.06568786,0.002098471,,
carcass,PGRP-SC2,0.09273198,0.09079999,0.0019319952,,
carcass,Gpdh1,0.06647067,0.06455152,0.0019191504,,
carcass,CG15093,0.07634692,0.07443458,0.0019123405,,
carcass,RpLP2,1.7041854,1.7024184,0.0017669201,,
carcass,CG43896,0.07551468,0.074007526,0.0015071556,,
carcass,lncRNA:roX1,0.08384387,0.08263954,0.0012043342,,
carcass,TpnC47D,0.2681931,0.266994,0.0011990964,,
carcass,kappaTry,0.088370234,0.08762439,0.00074584037,,
carcass,CG1648,0.15845932,0.15779535,0.00066396594,,
carcass,CG17145,0.10867908,0.10835823,0.0003208518,,
carcass,Ip259,0.120412685,0.12038751,2.5175512e-05,,
carcass,trol,0.07332949,0.073304765,2.4728477e-05,,
carcass,Pdp1,0.060102258,0.06024248,-0.00014022365,,
carcass,mt:CoI,0.84959465,0.8499102,-0.000315547,,
carcass,Adk2,0.0530073,0.05374553,-0.0007382296,,
carcass,mt:ND1,0.07382185,0.07470426,-0.0008824095,,
carcass,CG1468,0.059250455,0.060149133,-0.00089867786,,
carcass,Apoltp,0.06315892,0.06417226,-0.0010133386,,
carcass,CG15818,0.0935149,0.094663836,-0.0011489391,,
carcass,Jafrac1,0.09189845,0.093119755,-0.0012213066,,
carcass,Agpat4,0.05743794,0.0587559,-0.0013179593,,
carcass,Irp-1B,0.0913823,0.092746176,-0.0013638735,,
carcass,COX8,0.45886505,0.4603242,-0.0014591515,,
carcass,Pdhb,0.11335686,0.114844725,-0.001487866,,
carcass,COX6B,0.5038163,0.5053092,-0.0014929175,,
carcass,Cpr49Af,0.1986259,0.20030184,-0.0016759336,,
carcass,Gapdh2,0.17393744,0.17561483,-0.0016773939,,
carcass,blw,0.40161976,0.40361747,-0.0019977093,,
carcass,CG13323,0.18479607,0.1870502,-0.0022541285,,
carcass,PHGPx,0.102841504,0.10534451,-0.0025030077,,
carcass,LTV1,0.061242044,0.06383129,-0.0025892481,,
carcass,CG18493,0.07868337,0.08142509,-0.0027417243,,
carcass,ps,0.063738905,0.06660472,-0.0028658137,,
carcass,CG42336,0.07648452,0.07947103,-0.0029865056,,
carcass,CG13704,0.06058369,0.0638087,-0.0032250136,,
carcass,CG34251,0.050933942,0.054187965,-0.0032540224,,
carcass,CG6933,0.35725132,0.360578,-0.0033266842,,
carcass,ND-B22,0.1375719,0.14105229,-0.0034803897,,
carcass,cype,0.67737925,0.6810165,-0.0036372542,,
carcass,asRNA:CR45281,0.05938062,0.06304981,-0.0036691874,,
carcass,CG4734,0.07140586,0.07517977,-0.0037739128,,
carcass,CG5096,0.07872972,0.082574554,-0.0038448349,,
carcass,CG10912,0.07408819,0.07812685,-0.0040386543,,
carcass,ctp,0.078873195,0.08296569,-0.004092492,,
carcass,VhaPPA1-1,0.11038981,0.11464761,-0.0042578056,,
carcass,bru3,0.055405125,0.05967271,-0.0042675845,,
carcass,Trxr-1,0.04875864,0.05309042,-0.0043317787,,
carcass,CG32276,0.06372173,0.068095595,-0.0043738633,,
carcass,mex1,0.0510463,0.05546279,-0.004416488,,
carcass,sqd,0.0841517,0.08857725,-0.004425548,,
carcass,CG3348,0.11307621,0.11765565,-0.0045794398,,
carcass,Ldh,0.10213388,0.10689477,-0.004760891,,
carcass,Nc73EF,0.050792206,0.05555913,-0.0047669224,,
carcass,Gdh,0.07281533,0.07769263,-0.004877299,,
carcass,CG32576,0.17274168,0.17779577,-0.0050540864,,
carcass,ND-SGDH,0.10140478,0.10652222,-0.0051174387,,
carcass,CG13751,0.06070425,0.065970264,-0.0052660145,,
carcass,CG11368,0.05799017,0.06331616,-0.005325988,,
carcass,eIF3b,0.09072725,0.09618153,-0.0054542795,,
carcass,CG11752,0.11065339,0.116109535,-0.005456142,,
carcass,CG17574,0.046471808,0.05198943,-0.0055176206,,
carcass,Gpo1,0.10226857,0.10791355,-0.0056449845,,
carcass,Fkbp12,0.088029824,0.09394152,-0.005911693,,
carcass,CG14483,0.08646851,0.09252795,-0.006059438,,
carcass,CG7834,0.07132401,0.07739852,-0.0060745105,,
carcass,Sar1,0.05633219,0.06254597,-0.0062137805,,
carcass,CG2862,0.05885486,0.065112144,-0.0062572844,,
carcass,TppII,0.11528584,0.12163643,-0.0063505843,,
carcass,MtnD,0.07498951,0.08147265,-0.0064831376,,
carcass,CycG,0.18217695,0.18867254,-0.006495595,,
carcass,Sam-S,0.06319988,0.069699734,-0.0064998567,,
carcass,Tom20,0.060468834,0.067075096,-0.006606262,,
carcass,CG45050,0.058673456,0.06545135,-0.00677789,,
carcass,Idh3a,0.07907125,0.085969046,-0.006897792,,
carcass,pre-rRNA:CR45845,0.049399547,0.0563316,-0.0069320537,,
carcass,ND-19,0.07764493,0.084681846,-0.007036917,,
carcass,Cyt-b5,0.1044148,0.111467406,-0.007052608,,
carcass,Mdh1,0.15269625,0.1600124,-0.0073161423,,
carcass,aqz,0.10011043,0.10751777,-0.007407345,,
carcass,Jon99Ci,0.058311068,0.06579733,-0.0074862614,,
carcass,Jabba,0.08035047,0.08815157,-0.007801093,,
carcass,VhaAC45,0.07463982,0.08247048,-0.007830657,,
carcass,CG12825,0.0880745,0.095972784,-0.007898286,,
carcass,CG11911,0.1164938,0.124585174,-0.008091375,,
carcass,ATPsyndelta,0.18530752,0.19341597,-0.008108452,,
carcass,kdn,0.08236002,0.090503335,-0.008143313,,
carcass,CG15597,0.0839395,0.09209697,-0.008157469,,
carcass,ND-39,0.14893113,0.15715067,-0.00821954,,
carcass,Df31,0.04511795,0.053361654,-0.008243706,,
carcass,CG42837,0.06868064,0.07694193,-0.008261293,,
carcass,fabp,0.1858921,0.19424474,-0.008352637,,
carcass,zetaTry,0.08389601,0.09230879,-0.008412778,,
carcass,ND-15,0.0674515,0.07586486,-0.0084133595,,
carcass,CG7298,0.27347124,0.28189948,-0.008428246,,
carcass,GstO3,0.056786776,0.06528641,-0.008499637,,
carcass,Lsd-2,0.056203652,0.06482905,-0.008625399,,
carcass,CG12934,0.2700548,0.27870184,-0.008647054,,
carcass,CG10910,0.08929595,0.09802579,-0.008729838,,
carcass,CG44250,0.058811665,0.06764987,-0.0088382065,,
carcass,ND-B14,0.12354911,0.13250586,-0.008956753,,
carcass,Gs2,0.11050197,0.11961522,-0.009113252,,
carcass,Tom7,0.11776529,0.12696402,-0.009198725,,
carcass,CG7470,0.063563496,0.072799936,-0.00923644,,
carcass,Clc,0.06691223,0.0764572,-0.009544976,,
carcass,CG12163,0.055188943,0.06477154,-0.009582598,,
carcass,Idh,0.05011984,0.059711702,-0.009591863,,
carcass,CG5011,0.15457225,0.16416612,-0.009593874,,
carcass,CG14818,0.076564826,0.08646844,-0.009903617,,
carcass,Phae1,0.06092775,0.07088394,-0.0099561885,,
carcass,SclA,0.050881296,0.06094225,-0.010060955,,
carcass,CG11852,0.08993753,0.10019719,-0.010259658,,
carcass,CG12116,0.10600089,0.11630434,-0.010303445,,
carcass,CG7567,0.20957367,0.22005793,-0.010484263,,
carcass,CG15201,0.058090568,0.0686521,-0.010561533,,
carcass,Desat1,0.10489229,0.11548207,-0.010589778,,
carcass,AdSS,0.064941,0.075592466,-0.010651469,,
carcass,CG13315,0.15292113,0.16376092,-0.01083979,,
carcass,ND-20,0.046996374,0.057884462,-0.0108880885,,
carcass,CG7414,0.061281707,0.07221263,-0.010930922,,
carcass,Ag5r,0.0843307,0.0954909,-0.011160202,,
carcass,CAH1,0.06804905,0.0794305,-0.011381447,,
carcass,VhaAC39-1,0.11564156,0.12712635,-0.011484794,,
carcass,Atg8a,0.07586875,0.08739417,-0.011525422,,
carcass,eIF3m,0.07251122,0.08416721,-0.011655994,,
carcass,Rtnl1,0.076981984,0.08864533,-0.0116633475,,
carcass,Bacc,0.13167931,0.14343579,-0.01175648,,
carcass,Xbp1,0.07864965,0.09072374,-0.012074091,,
carcass,scyl,0.041563302,0.05364089,-0.012077589,,
carcass,CG34232,0.098477855,0.11056801,-0.012090154,,
carcass,ox,0.2963389,0.30842912,-0.012090236,,
carcass,ND-B15,0.13765483,0.14979349,-0.012138665,,
carcass,Eglp4,0.08075964,0.09311562,-0.012355983,,
carcass,eIF3k,0.13343443,0.14580733,-0.012372896,,
carcass,Bsg,0.05835851,0.07081028,-0.012451772,,
carcass,Npc2g,0.06275433,0.07526872,-0.01251439,,
carcass,Obp99c,0.08912354,0.10167965,-0.012556113,,
carcass,CG5084,0.19916417,0.2118008,-0.012636632,,
carcass,His3.3A,0.054872792,0.06767284,-0.012800049,,
carcass,CG17029,0.058708116,0.071560934,-0.012852818,,
carcass,crc,0.115986615,0.12890263,-0.012916014,,
carcass,CG4928,0.06320933,0.07632007,-0.0131107345,,
carcass,Cam,0.19544037,0.20855652,-0.013116151,,
carcass,CG5903,0.051797666,0.064945094,-0.013147429,,
carcass,fau,0.053314045,0.06657553,-0.013261482,,
carcass,CG8369,0.0398951,0.053158544,-0.013263445,,
carcass,Vha36-1,0.11240758,0.12582712,-0.013419539,,
carcass,Fer1HCH,0.103675246,0.11717258,-0.01349733,,
carcass,CG9331,0.074961625,0.08859421,-0.013632588,,
carcass,ND-13B,0.10660524,0.12028746,-0.013682224,,
carcass,CG9672,0.10532427,0.11901301,-0.013688743,,
carcass,Npc2f,0.05042935,0.064229056,-0.013799705,,
carcass,Vha26,0.1525541,0.16644877,-0.013894677,,
carcass,eIF3g1,0.07355426,0.08752945,-0.013975188,,
carcass,Cyt-c1,0.19197235,0.20603433,-0.014061987,,
carcass,Hsc70-3,0.056050207,0.07024993,-0.014199723,,
carcass,CG15044,0.11373573,0.12797727,-0.014241539,,
carcass,Nap1,0.09865206,0.11300337,-0.014351316,,
carcass,CG8661,0.17995296,0.19437222,-0.014419258,,
carcass,UQCR-C1,0.14337401,0.1578234,-0.014449388,,
carcass,mt:CoII,0.7471597,0.7618861,-0.0147264,,
carcass,Cp1,0.051794946,0.066543,-0.014748052,,
carcass,eIF3f1,0.04815826,0.06331313,-0.015154868,,
carcass,CG31313,0.08284264,0.09802178,-0.015179142,,
carcass,REPTOR-BP,0.042591263,0.057958793,-0.01536753,,
carcass,CG7715,0.08165693,0.09713107,-0.015474141,,
carcass,ND-B18,0.10410608,0.119678795,-0.015572712,,
carcass,CG33127,0.051401503,0.06702932,-0.015627816,,
carcass,Cpr57A,0.08865149,0.10430945,-0.015657954,,
carcass,pAbp,0.305526,0.32134265,-0.015816659,,
carcass,RpLP0,0.8972804,0.9131198,-0.015839398,,
carcass,CG34291,0.27803904,0.29403588,-0.015996844,,
carcass,Ssk,0.067092985,0.08310444,-0.016011454,,
carcass,alpha-Spec,0.05997145,0.0759901,-0.016018651,,
carcass,Acbp2,0.13491713,0.15094404,-0.016026914,,
carcass,CG16704,0.15214492,0.16824615,-0.016101226,,
carcass,scu,0.12036787,0.13647202,-0.016104147,,
carcass,Sec61beta,0.06895509,0.085145645,-0.016190551,,
carcass,COX5A,0.45713967,0.47336456,-0.016224891,,
carcass,CG7430,0.05532447,0.07165046,-0.016325992,,
carcass,lncRNA:CR42862,0.20036095,0.21688727,-0.016526312,,
carcass,NimB2,0.06857125,0.08510965,-0.016538404,,
carcass,ND-24,0.07853829,0.09510207,-0.01656378,,
carcass,ND-B14.5B,0.09184054,0.10852092,-0.016680375,,
carcass,CG7017,0.1514857,0.16817604,-0.016690344,,
carcass,Cyt-c-p,0.07818718,0.095160656,-0.016973473,,
carcass,NP15.6,0.12143091,0.13862231,-0.017191403,,
carcass,ND-13A,0.06247649,0.079727866,-0.017251376,,
carcass,RpL28,1.1009437,1.1182269,-0.017283201,,
carcass,bun,0.079502165,0.09681649,-0.017314322,,
carcass,CG44325,0.051243577,0.06862841,-0.01738483,,
carcass,Gnmt,0.053136088,0.070642896,-0.017506808,,
carcass,CG42565,0.05497347,0.07260376,-0.017630294,,
carcass,Sap-r,0.059890226,0.077524886,-0.01763466,,
carcass,CG4653,0.060548153,0.07820616,-0.017658006,,
carcass,Idgf4,0.04665546,0.06431761,-0.017662145,,
carcass,eIF3c,0.13718614,0.15486068,-0.017674536,,
carcass,ND-AGGG,0.0567891,0.07450126,-0.017712161,,
carcass,RpL8,1.0561624,1.073908,-0.017745614,,
carcass,CG34417,0.046675242,0.064424396,-0.017749153,,
carcass,CG40198,0.056882787,0.07463722,-0.017754432,,
carcass,CG5214,0.067669526,0.08556598,-0.017896451,,
carcass,eIF4A,0.24488643,0.26278964,-0.017903209,,
carcass,CG17826,0.074753046,0.09268312,-0.017930076,,
carcass,SdhD,0.07119006,0.08919214,-0.018002078,,
carcass,ND-30,0.07498402,0.0930058,-0.018021777,,
carcass,eIF1,0.06197765,0.0803566,-0.018378947,,
carcass,Hrb27C,0.07452591,0.092917405,-0.018391497,,
carcass,eIF3h,0.071761884,0.09016129,-0.018399402,,
carcass,Moe,0.04528656,0.06369023,-0.018403672,,
carcass,Glt,0.06461365,0.08314133,-0.01852768,,
carcass,sls,0.056059938,0.074813284,-0.018753346,,
carcass,CG9034,0.08813233,0.106896386,-0.018764056,,
carcass,CG45089,0.1199739,0.13878238,-0.018808484,,
carcass,CG17633,0.17638913,0.19520833,-0.018819198,,
carcass,Tim10,0.046120852,0.064964145,-0.018843293,,
carcass,mt:ND4,0.18885563,0.20774359,-0.018887952,,
carcass,ND-ASHI,0.05891523,0.0778056,-0.01889037,,
carcass,Gs1,0.059961278,0.07892331,-0.01896203,,
carcass,CG16749,0.064410076,0.083399065,-0.01898899,,
carcass,Ance,0.07936473,0.09841724,-0.019052505,,
carcass,CG43774,0.05921282,0.078297816,-0.019084997,,
carcass,chic,0.06805969,0.08716452,-0.01910483,,
carcass,shot,0.055053417,0.074335314,-0.019281898,,
carcass,Pax,0.049993493,0.069387585,-0.019394092,,
carcass,asRNA:CR45264,0.050791554,0.070262656,-0.019471101,,
carcass,ND-B12,0.24451895,0.2641016,-0.019582644,,
carcass,CG3609,0.04328701,0.06289388,-0.019606873,,
carcass,ATPsynO,0.20075049,0.22038712,-0.019636631,,
carcass,fon,0.09808346,0.11772552,-0.019642062,,
carcass,Act57B,0.47940445,0.49909705,-0.0196926,,
carcass,Sod2,0.07086109,0.09059084,-0.019729748,,
carcass,CG11151,0.055352222,0.0751213,-0.019769076,,
carcass,porin,0.3560126,0.37580112,-0.019788504,,
carcass,apolpp,0.20803344,0.22787802,-0.019844577,,
carcass,mAcon1,0.09401159,0.11407267,-0.020061083,,
carcass,Scsalpha1,0.08946728,0.10958676,-0.02011948,,
carcass,CG1572,0.044319145,0.06460214,-0.020282991,,
carcass,Tsp42Ec,0.07183941,0.09227175,-0.020432346,,
carcass,ND-51,0.06747962,0.08801186,-0.020532243,,
carcass,inc,0.08672871,0.10728484,-0.02055613,,
carcass,lost,0.06842785,0.08900949,-0.02058164,,
carcass,Gel,0.048236445,0.06914358,-0.020907134,,
carcass,Nurf-38,0.05319835,0.07425715,-0.021058802,,
carcass,Muc68Ca,0.037992064,0.059085477,-0.021093413,,
carcass,CG15784,0.06480487,0.08590024,-0.021095373,,
carcass,Tina-1,0.13346179,0.15472351,-0.021261722,,
carcass,Col4a1,0.23275357,0.2541634,-0.02140984,,
carcass,cl,0.06815387,0.08958494,-0.021431066,,
carcass,CG15347,0.052752808,0.07421726,-0.021464452,,
carcass,Men,0.121425085,0.1431353,-0.02171021,,
carcass,HmgZ,0.05045347,0.072400756,-0.021947287,,
carcass,ND-B14.7,0.07157586,0.09366474,-0.022088885,,
carcass,Gp150,0.06658018,0.08868361,-0.022103436,,
carcass,CG45087,0.19882835,0.22097601,-0.022147655,,
carcass,Obp83g,0.04703613,0.06929676,-0.022260632,,
carcass,CG2852,0.08923531,0.11154883,-0.02231352,,
carcass,Sod1,0.17147909,0.19381267,-0.022333577,,
carcass,ND-ACP,0.099011086,0.1215178,-0.022506714,,
carcass,UQCR-C2,0.29088315,0.3134387,-0.02255556,,
carcass,CG11267,0.053531848,0.07617873,-0.022646882,,
carcass,pst,0.07397261,0.09666294,-0.022690326,,
carcass,Rho1,0.082074076,0.10503615,-0.022962071,,
carcass,colt,0.06906742,0.09229415,-0.02322673,,
carcass,CG13220,0.055319175,0.07865481,-0.023335636,,
carcass,Cpr65Ay,0.03460289,0.058028348,-0.023425456,,
carcass,betaTub97EF,0.052274387,0.07582607,-0.023551684,,
carcass,Vha68-2,0.16188599,0.18547106,-0.023585066,,
carcass,CG5773,0.14324954,0.16690457,-0.023655027,,
carcass,vkg,0.061521906,0.08518352,-0.023661617,,
carcass,ND-B17,0.082919545,0.10659875,-0.023679204,,
carcass,CG9757,0.35234487,0.37618575,-0.023840874,,
carcass,Vha14-1,0.16094798,0.18481363,-0.023865655,,
carcass,smt3,0.06963248,0.09357542,-0.02394294,,
carcass,Mpcp2,0.198947,0.22295107,-0.024004072,,
carcass,Pdi,0.070685826,0.09469782,-0.024011992,,
carcass,CG33199,0.058595356,0.08275836,-0.024163004,,
carcass,Acbp6,0.055874504,0.08006304,-0.024188533,,
carcass,Cyp1,0.16466442,0.1888813,-0.024216875,,
carcass,CG13887,0.04475597,0.06904377,-0.024287801,,
carcass,Glo1,0.045855485,0.07019154,-0.024336055,,
carcass,CG8206,0.0965165,0.120895065,-0.024378568,,
carcass,CG34200,0.06774381,0.09216629,-0.024422482,,
carcass,bt,0.070746556,0.09522009,-0.024473533,,
carcass,obst-E,0.07719061,0.10176783,-0.024577223,,
carcass,CG43349,0.08535913,0.110283874,-0.024924748,,
carcass,SdhC,0.12288969,0.14811331,-0.02522362,,
carcass,CG13364,0.14422381,0.16975677,-0.02553296,,
carcass,CG5885,0.044179264,0.06976978,-0.025590513,,
carcass,Acbp4,0.055840686,0.081506506,-0.02566582,,
carcass,eIF1A,0.082990885,0.108775854,-0.02578497,,
carcass,ND-75,0.11085085,0.13664758,-0.025796734,,
carcass,CG9673,0.0815077,0.107634164,-0.026126467,,
carcass,CG15422,0.07716143,0.10351394,-0.02635251,,
carcass,CG13731,0.16035058,0.1867051,-0.026354522,,
carcass,mts,0.10869522,0.13546145,-0.026766233,,
carcass,Tapdelta,0.05998853,0.08694386,-0.026955329,,
carcass,Amy-d,0.107425995,0.13441524,-0.026989244,,
carcass,CG2930,0.08335727,0.11053189,-0.027174622,,
carcass,Gapdh1,0.27811787,0.30540138,-0.02728352,,
carcass,CG9338,0.05507406,0.08240556,-0.027331501,,
carcass,CG9759,0.19911437,0.22646049,-0.02734612,,
carcass,Vha55,0.25368,0.28105593,-0.027375937,,
carcass,bic,0.23216891,0.25956073,-0.027391821,,
carcass,TpnC73F,0.08669445,0.114103615,-0.027409166,,
carcass,CG3566,0.050993368,0.07841411,-0.027420744,,
carcass,CG17362,0.035924274,0.0633537,-0.027429428,,
carcass,Mdh2,0.19011056,0.21767779,-0.027567223,,
carcass,up,0.41721353,0.44482335,-0.027609825,,
carcass,BBS1,0.094173945,0.121810235,-0.02763629,,
carcass,Arc1,0.080776766,0.10841494,-0.027638175,,
carcass,Mpcp1,0.04923559,0.07698426,-0.027748667,,
carcass,ND-B17.2,0.06682152,0.09499128,-0.028169759,,
carcass,cathD,0.060532946,0.08873394,-0.028200995,,
carcass,CG31343,0.20571259,0.23411758,-0.028404996,,
carcass,Calr,0.11175554,0.1404571,-0.028701551,,
carcass,CG5532,0.039198976,0.0679085,-0.028709527,,
carcass,Ahcy,0.060246754,0.088971384,-0.02872463,,
carcass,Chd64,0.077852055,0.107002825,-0.02915077,,
carcass,Lcp4,0.12803173,0.15731344,-0.029281706,,
carcass,CG41128,0.0631074,0.09282742,-0.029720016,,
carcass,VhaM9.7-b,0.15886138,0.18860158,-0.0297402,,
carcass,Vha44,0.09458693,0.12454253,-0.029955596,,
carcass,ATPsynF,0.4198267,0.44983158,-0.030004889,,
carcass,CG13551,0.22607283,0.2561942,-0.030121371,,
carcass,CG6115,0.11395687,0.14419962,-0.030242756,,
carcass,RNASEK,0.19468541,0.22493955,-0.03025414,,
carcass,Amy-p,0.35375422,0.38423955,-0.030485332,,
carcass,CG7714,0.20850901,0.23901995,-0.030510932,,
carcass,UQCR-Q,0.2910935,0.3225121,-0.03141859,,
carcass,Lk6,0.11124679,0.14274928,-0.031502493,,
carcass,Jon44E,0.47044757,0.50198084,-0.03153327,,
carcass,Spn55B,0.07595144,0.10762857,-0.031677127,,
carcass,mt:Cyt-b,0.52324414,0.5550912,-0.03184706,,
carcass,ATPsynCF6,0.41153303,0.44344053,-0.0319075,,
carcass,sphe,0.089573294,0.12163238,-0.03205909,,
carcass,RpL4,0.3169511,0.3490585,-0.032107413,,
carcass,UQCR-11,0.09774936,0.12986611,-0.03211675,,
carcass,CG33306,0.07211339,0.10424899,-0.032135606,,
carcass,His3.3B,0.06719722,0.0994461,-0.032248884,,
carcass,CG32564,0.096558884,0.12884468,-0.032285795,,
carcass,Pig1,0.034322925,0.06694714,-0.032624215,,
carcass,GstE12,0.06169061,0.09437567,-0.03268506,,
carcass,CG2233,0.11439421,0.14727636,-0.032882147,,
carcass,SERCA,0.13101424,0.16394496,-0.032930717,,
carcass,eEF2,0.4378557,0.47101068,-0.033154994,,
carcass,l(2)efl,0.07382406,0.10710861,-0.033284545,,
carcass,Zasp66,0.09264755,0.12618752,-0.033539966,,
carcass,AnxB9,0.07176094,0.10530776,-0.03354682,,
carcass,CG32603,0.07744602,0.111094564,-0.033648543,,
carcass,CG7630,0.42886862,0.46253943,-0.033670813,,
carcass,14-3-3epsilon,0.12900989,0.16284533,-0.03383544,,
carcass,ND-18,0.042219233,0.0763027,-0.034083467,,
carcass,CG7215,0.09051269,0.124678254,-0.03416556,,
carcass,CG31041,0.087502465,0.122074485,-0.03457202,,
carcass,eIF3i,0.08078861,0.11544468,-0.03465607,,
carcass,Adh,0.2715167,0.3061819,-0.034665197,,
carcass,CtsB1,0.112193994,0.14689842,-0.034704424,,
carcass,Jon66Cii,0.19902548,0.23375182,-0.034726337,,
carcass,CG13460,0.05626625,0.0911143,-0.03484805,,
carcass,frm,0.08252413,0.11744024,-0.03491611,,
carcass,ND-PDSW,0.14357553,0.17849946,-0.034923926,,
carcass,roh,0.29137397,0.32665324,-0.035279274,,
carcass,Cpr47Eb,0.04726645,0.08331944,-0.03605299,,
carcass,RFeSP,0.14311041,0.17917225,-0.03606184,,
carcass,Tsp29Fb,0.08720277,0.12328712,-0.036084346,,
carcass,CG13102,0.044097073,0.080792025,-0.03669495,,
carcass,Tspo,0.07483558,0.111544944,-0.03670936,,
carcass,CG4830,0.0904348,0.12729071,-0.036855914,,
carcass,hui,0.051543053,0.089198224,-0.03765517,,
carcass,COX7C,0.6154846,0.6531705,-0.03768593,,
carcass,CG32073,0.03129553,0.06918302,-0.03788749,,
carcass,CG32284,0.06007479,0.09797382,-0.037899032,,
carcass,RpL34a,0.0800514,0.1183154,-0.038264,,
carcass,wal,0.11132995,0.14966774,-0.03833779,,
carcass,CNBP,0.14510284,0.18365704,-0.03855419,,
carcass,asRNA:CR45874,0.06888616,0.10802079,-0.03913463,,
carcass,Trx-2,0.0868656,0.1261819,-0.039316304,,
carcass,CG12384,0.05464557,0.09430411,-0.039658535,,
carcass,sta,1.1475643,1.1872395,-0.039675236,,
carcass,ng2,0.048218,0.08849076,-0.04027276,,
carcass,Vha16-1,0.4016071,0.44192356,-0.040316463,,
carcass,atilla,0.08798076,0.12847987,-0.040499106,,
carcass,asRNA:CR45343,0.26426628,0.30498514,-0.040718853,,
carcass,RpS4,1.4084985,1.44922,-0.040721416,,
carcass,Msp300,0.1128452,0.15361026,-0.040765062,,
carcass,CG30457,0.52393067,0.5647768,-0.04084611,,
carcass,ND-B16.6,0.11602968,0.15691683,-0.040887147,,
carcass,CG15515,0.0949745,0.13637766,-0.04140316,,
carcass,CG11350,0.30840334,0.349848,-0.04144466,,
carcass,CG33926,0.10875272,0.15055138,-0.04179866,,
carcass,CG42502,0.10044414,0.14231497,-0.041870832,,
carcass,Echs1,0.11882301,0.16085179,-0.042028785,,
carcass,Jon65Aii,0.15657276,0.19864978,-0.04207702,,
carcass,Idgf6,0.12130695,0.16349068,-0.042183734,,
carcass,ATP6AP2,0.12930574,0.17178874,-0.042483002,,
carcass,ND-42,0.078245856,0.120944224,-0.04269837,,
carcass,CG14292,0.091695964,0.13528927,-0.043593302,,
carcass,CG34301,0.069967635,0.11424361,-0.044275977,,
carcass,CG7294,0.24150324,0.2859965,-0.044493258,,
carcass,CG17738,0.24506028,0.28974685,-0.04468657,,
carcass,CG7953,0.42244202,0.46723968,-0.04479766,,
carcass,sun,0.2699834,0.31503594,-0.04505253,,
carcass,His4r,0.2440045,0.28972387,-0.04571937,,
carcass,CG13321,0.17805593,0.22389643,-0.0458405,,
carcass,RpL24-like,0.078263104,0.12410852,-0.04584542,,
carcass,Argk,0.19978286,0.24576332,-0.045980453,,
carcass,ATPsynD,0.16450953,0.21098034,-0.046470806,,
carcass,ATPsynB,0.31212172,0.35880506,-0.04668334,,
carcass,IM33,0.23268074,0.27967045,-0.04698971,,
carcass,wupA,0.18110625,0.22919123,-0.048084974,,
carcass,CG9040,0.032096673,0.08035885,-0.048262175,,
carcass,Msr-110,0.07244389,0.12142464,-0.04898075,,
carcass,eEF1alpha1,1.1106198,1.1600894,-0.04946959,,
carcass,Tctp,0.21639974,0.26738936,-0.050989613,,
carcass,Prm,0.10921456,0.16051602,-0.051301464,,
carcass,alphaTub84B,0.40792793,0.4593381,-0.05141017,,
carcass,CG9568,0.098585226,0.15009065,-0.051505424,,
carcass,Cys,0.080092594,0.13215996,-0.05206737,,
carcass,CG1368,0.1367514,0.18915416,-0.052402765,,
carcass,CG44040,0.100864105,0.15377674,-0.05291263,,
carcass,CG43897,0.22560464,0.2785712,-0.05296655,,
carcass,lcs,0.057894442,0.11116057,-0.053266127,,
carcass,CG17549,0.15770943,0.2111424,-0.05343297,,
carcass,COX4,0.33817592,0.39172378,-0.05354786,,
carcass,Hsc70-4,0.3434584,0.39715675,-0.05369833,,
carcass,CG32198,0.072657734,0.12700847,-0.054350734,,
carcass,CG31198,0.1797322,0.23430458,-0.054572374,,
carcass,14-3-3zeta,0.22825107,0.2829115,-0.05466044,,
carcass,Tm1,0.24241973,0.29722393,-0.05480419,,
carcass,ATPsynG,0.439854,0.49476272,-0.054908723,,
carcass,Non1,0.20752414,0.26253593,-0.055011794,,
carcass,Mal-A3,0.15351422,0.20868732,-0.0551731,,
carcass,COX7A,0.27363807,0.33028483,-0.056646764,,
carcass,kra,0.07587983,0.1326689,-0.05678907,,
carcass,TpnC25D,0.021878311,0.07877378,-0.056895472,,
carcass,awd,0.14634722,0.20415619,-0.057808965,,
carcass,CG17571,0.26927203,0.32739708,-0.05812505,,
carcass,eEF1beta,0.29399148,0.35240492,-0.058413446,,
carcass,CG15423,0.1917559,0.2503047,-0.058548793,,
carcass,CG8087,0.10946733,0.16812913,-0.058661804,,
carcass,Fer2LCH,0.1327565,0.19152012,-0.058763623,,
carcass,CG13705,0.0911833,0.15056367,-0.059380375,,
carcass,CG10527,0.06407344,0.12433559,-0.060262144,,
carcass,CG12057,0.030396968,0.090742536,-0.060345568,,
carcass,RpL35A,0.43573594,0.49619517,-0.060459226,,
carcass,ATPsynE,0.38913396,0.45014066,-0.061006695,,
carcass,CG9336,0.12568483,0.18703403,-0.0613492,,
carcass,CG6910,0.0467933,0.10867976,-0.061886456,,
carcass,levy,0.4032201,0.46522146,-0.062001377,,
carcass,Ag5r2,0.48986915,0.5519161,-0.062046975,,
carcass,Cpr67B,0.17729105,0.23950462,-0.06221357,,
carcass,CG18649,0.08998674,0.15242602,-0.062439278,,
carcass,Clect27,0.10769443,0.17038812,-0.062693685,,
carcass,dpr2,0.6121798,0.67540807,-0.06322825,,
carcass,Mlc1,0.29330406,0.35655674,-0.06325269,,
carcass,Vha13,0.38869837,0.4522161,-0.06351772,,
carcass,mt:CoIII,0.6739045,0.7388898,-0.064985335,,
carcass,ATPsyngamma,0.22142854,0.2867196,-0.06529105,,
carcass,ATPsynbeta,0.49492326,0.5602558,-0.06533256,,
carcass,CG5399,0.29962698,0.36514762,-0.065520644,,
carcass,RpL36,0.83427596,0.9009954,-0.06671941,,
carcass,CG7299,0.19757652,0.264308,-0.06673148,,
carcass,tsr,0.19806166,0.2651323,-0.06707065,,
carcass,betaTub56D,0.33222115,0.3995625,-0.06734136,,
carcass,PIG-Z,0.044527084,0.11210242,-0.067575336,,
carcass,CG12826,0.063830845,0.13179633,-0.067965485,,
carcass,Pebp1,0.40372106,0.4719323,-0.06821123,,
carcass,RpS18,0.57499325,0.6436963,-0.068703055,,
carcass,Rack1,0.3888898,0.4576343,-0.06874451,,
carcass,LysS,0.15019901,0.2193555,-0.06915648,,
carcass,CG8157,0.22772455,0.29692662,-0.069202065,,
carcass,regucalcin,0.10007693,0.17012851,-0.07005158,,
carcass,Mf,0.28991875,0.36029682,-0.070378065,,
carcass,CG10472,0.21063125,0.2816975,-0.07106626,,
carcass,RpL13,0.6215951,0.69284534,-0.07125026,,
carcass,asRNA:CR44095,0.1274966,0.19922116,-0.071724564,,
carcass,Oda,0.2823921,0.35592213,-0.07353002,,
carcass,Tm2,0.41649365,0.49015322,-0.07365957,,
carcass,SPARC,0.21369699,0.2874893,-0.07379231,,
carcass,CG10953,0.18090235,0.25474602,-0.07384367,,
carcass,Kaz-m1,0.23879421,0.31299514,-0.07420093,,
carcass,LManVI,0.1086948,0.18348804,-0.07479324,,
carcass,eEF5,0.36449096,0.43971366,-0.0752227,,
carcass,RpS6,0.41909844,0.4946875,-0.07558906,,
carcass,yip7,0.9514726,1.0280879,-0.076615274,,
carcass,CG42815,0.060407624,0.13836001,-0.077952385,,
carcass,CG4362,0.06076662,0.13913015,-0.07836352,,
carcass,CG6770,0.26913297,0.34834304,-0.07921007,,
carcass,RpL24,0.59509903,0.67454386,-0.079444826,,
carcass,Jon99Fii,0.344089,0.42472038,-0.080631375,,
carcass,ND-MLRQ,0.3560261,0.4388633,-0.082837194,,
carcass,RpS7,0.67742366,0.7613662,-0.08394253,,
carcass,RpS3A,0.50669086,0.59300315,-0.086312294,,
carcass,Jon65Ai,0.5185539,0.6054567,-0.0869028,,
carcass,Jon99Fi,0.3515201,0.43850788,-0.08698779,,
carcass,Jon25Biii,1.2882113,1.3753455,-0.08713412,,
carcass,RpS19a,0.6937902,0.7814349,-0.087644696,,
carcass,RpL3,0.5623907,0.65007365,-0.08768296,,
carcass,Drsl2,0.24516776,0.33297768,-0.08780992,,
carcass,RpL7,0.7999778,0.88819575,-0.08821797,,
carcass,COX5B,0.36640975,0.45659593,-0.09018618,,
carcass,CG8997,0.2755458,0.36598668,-0.09044087,,
carcass,RpL40,0.70654684,0.7997601,-0.09321326,,
carcass,RpL9,1.3496563,1.4429721,-0.09331572,,
carcass,CG9682,0.1546866,0.24804196,-0.09335536,,
carcass,mt:ATPase6,0.84601724,0.9419642,-0.09594697,,
carcass,Sirup,0.28601953,0.38217086,-0.09615132,,
carcass,RpL19,1.0695618,1.167397,-0.09783518,,
carcass,Nacalpha,0.3370223,0.43497697,-0.09795466,,
carcass,RpS10b,0.4720556,0.57021815,-0.09816253,,
carcass,CG14302,1.1116681,1.2101581,-0.09849,,
carcass,CG14265,0.13269213,0.23140144,-0.098709315,,
carcass,RpL29,0.69545317,0.7941935,-0.09874034,,
carcass,RpS25,1.1622458,1.2625087,-0.100263,,
carcass,RpS14b,0.25298342,0.35372066,-0.100737244,,
carcass,CG13044,0.071792014,0.17296961,-0.101177596,,
carcass,RpL39,1.2646638,1.3662056,-0.10154176,,
carcass,Jon66Ci,1.6853061,1.7874979,-0.102191806,,
carcass,RpS11,1.0793601,1.1820185,-0.10265839,,
carcass,CG12310,0.31102988,0.4138668,-0.10283691,,
carcass,vir-1,0.11721906,0.2203542,-0.10313514,,
carcass,RpL37a,0.6593226,0.7627254,-0.10340279,,
carcass,RpL37A,0.7999743,0.90380394,-0.10382962,,
carcass,CG7290,0.22078899,0.3246735,-0.10388452,,
carcass,RpS17,0.7468707,0.8529781,-0.106107414,,
carcass,Mp20,0.5212316,0.62885636,-0.10762477,,
carcass,RpS9,1.3843642,1.49262,-0.108255744,,
carcass,Mlp60A,0.33368492,0.44206518,-0.10838026,,
carcass,RpL6,0.74413246,0.85313636,-0.1090039,,
carcass,RpS24,0.3334889,0.44409657,-0.110607654,,
carcass,Lcp65Ag2,0.60181355,0.7138646,-0.11205107,,
carcass,Act5C,0.4532285,0.5655506,-0.11232212,,
carcass,RpL41,1.5571271,1.6697924,-0.112665296,,
carcass,sesB,0.6884725,0.8012072,-0.112734675,,
carcass,RpS21,0.61008096,0.7269044,-0.116823435,,
carcass,Thor,0.28602538,0.4044486,-0.11842322,,
carcass,CG43117,0.19934182,0.31846276,-0.11912094,,
carcass,RpL10,0.6932856,0.81377643,-0.12049085,,
carcass,RpS27A,0.72567856,0.8461954,-0.12051684,,
carcass,RpS15,1.0527102,1.1732874,-0.120577216,,
carcass,RpS26,0.9215016,1.0427462,-0.12124461,,
carcass,Mhc,0.3211354,0.44257045,-0.121435046,,
carcass,RpL18A,0.8236605,0.9462566,-0.122596085,,
carcass,RpS16,0.54668987,0.66971374,-0.12302387,,
carcass,RpS15Aa,0.42316547,0.5472039,-0.12403843,,
carcass,RpL7A,0.5230087,0.6479536,-0.124944925,,
carcass,RpL17,0.7441924,0.8693136,-0.12512118,,
carcass,RpL26,0.54773706,0.6739995,-0.12626243,,
carcass,RpLP1,1.1351324,1.2616572,-0.1265248,,
carcass,eEF1gamma,0.6584747,0.7859973,-0.12752259,,
carcass,RpS23,0.752759,0.8803858,-0.12762684,,
carcass,CG11300,0.17548133,0.30478385,-0.12930252,,
carcass,RpS8,1.034567,1.1696281,-0.13506114,,
carcass,Uhg7,0.6158762,0.75283426,-0.13695806,,
carcass,RpL31,0.7802158,0.9183835,-0.13816768,,
carcass,RpL12,1.012091,1.1506753,-0.13858426,,
carcass,Lcp65Ag3,1.4474136,1.5871512,-0.1397376,,
carcass,RpL30,0.70644534,0.84655005,-0.14010471,,
carcass,RpL18,0.96120685,1.1016375,-0.14043063,,
carcass,RpS13,0.53224593,0.67307615,-0.14083022,,
carcass,RpL27,0.6958953,0.83751583,-0.14162052,,
carcass,RpS5a,0.4586931,0.6026568,-0.1439637,,
carcass,RpL34b,0.42238048,0.56882155,-0.14644107,,
carcass,CG11131,0.7720319,0.91891277,-0.14688087,,
carcass,RpL21,0.5550511,0.7061285,-0.15107739,,
carcass,Jon99Ciii,1.8118974,1.9645754,-0.15267801,,
carcass,RpS28b,0.782046,0.9352856,-0.15323961,,
carcass,RpL5,0.9019938,1.0570999,-0.15510613,,
carcass,RpL15,0.6984304,0.85440576,-0.15597534,,
carcass,RpS20,0.5866186,0.74376917,-0.15715057,,
carcass,RpL35,0.4619045,0.6203897,-0.1584852,,
carcass,RpS2,0.7466784,0.9053597,-0.15868127,,
carcass,RpS30,0.8995231,1.0599058,-0.16038269,,
carcass,RpS14a,0.6690578,0.8295136,-0.16045582,,
carcass,RpS12,0.89295405,1.0535363,-0.16058224,,
carcass,RpS29,0.74854153,0.91020393,-0.1616624,,
carcass,Jon99Cii,1.7846094,1.9472936,-0.1626842,,
carcass,RpL23A,0.89548886,1.0582503,-0.16276145,,
carcass,RpL22,0.73408616,0.89753187,-0.16344571,,
carcass,CG18180,1.1163075,1.2818512,-0.16554368,,
carcass,ATPsynC,0.9196985,1.0879608,-0.16826236,,
carcass,RpL23,0.9059462,1.075394,-0.16944784,,
carcass,RpL13A,0.7902555,0.96269214,-0.17243665,,
carcass,RpL38,0.6392838,0.8133763,-0.17409253,,
carcass,RpL27A,0.77687293,0.95158625,-0.17471331,,
carcass,RpL14,0.9297496,1.104923,-0.1751734,,
carcass,RpL10Ab,0.46702874,0.6444124,-0.17738366,,
carcass,Mlc2,1.1442317,1.3239045,-0.17967284,,
carcass,RpL36A,0.7083005,0.88882434,-0.18052387,,
carcass,RpL11,0.8864252,1.0697488,-0.18332356,,
carcass,RpL32,1.0590432,1.2494719,-0.19042873,,
carcass,CG14300,0.3336886,0.52659154,-0.19290295,,
carcass,Peritrophin-15a,1.1171105,1.3134114,-0.19630086,,
carcass,CG42305,0.8247608,1.0307046,-0.20594382,,
carcass,RpS3,0.99919635,1.2115368,-0.21234041,0.01990049751243781,0.04217120886483858
carcass,Lcp65Ag1,0.8716583,1.096383,-0.22472465,0.004975124378109453,0.04089717393791638
carcass,RpS27,0.7473678,0.9925412,-0.2451734,0.03482587064676617,0.03411019561160821
carcass,CG13545,0.27676183,0.5612905,-0.28452867,0.04477611940298507,0.08991470294145217
carcass,Nplp2,0.82258135,1.1186544,-0.29607302,0.22388059701492538,0.06580459588924169
carcass,CG34282,0.5398804,0.9261894,-0.38630903,0.9402985074626866,0.05742701604542763
fat body,Sgs7,4.645294,2.3453667,2.2999275,0.34328358208955223,0.05345187034249341
fat body,Sgs8,3.7678406,1.7974685,1.9703721,0.31343283582089554,0.05069783255910859
fat body,Sgs5,3.4402394,1.6965121,1.7437273,0.3482587064676617,0.05258491339860561
fat body,Sgs3,2.8640876,1.3638773,1.5002103,0.3681592039800995,0.04911922167783429
fat body,CG7606,3.56163,2.1035118,1.4581182,0.373134328358209,0.03197887594022087
fat body,CG12310,2.3218205,1.2924459,1.0293746,0.8258706467661692,0.05546698417898056
fat body,CG7587,1.200013,0.62046146,0.5795516,,
fat body,CG15404,1.7423129,1.1693577,0.57295525,,
fat body,CG43679,0.897782,0.34359786,0.5541842,,
fat body,Sgs4,1.0759808,0.559111,0.5168698,,
fat body,CG42460,1.1918324,0.67523444,0.516598,,
fat body,CG31698,1.508797,1.0130322,0.49576485,,
fat body,Mlc2,1.5101334,1.0567272,0.4534062,,
fat body,CR30029,2.1215532,1.6802503,0.4413029,,
fat body,Lcp4,3.0548973,2.6517892,0.40310812,,
fat body,Lcp3,2.3146973,1.9201335,0.3945638,,
fat body,CG44956,0.7177929,0.32888693,0.388906,,
fat body,Lcp1,2.4453628,2.092621,0.35274172,,
fat body,CG32249,1.0492411,0.6968037,0.35243738,,
fat body,Obp56d,1.6560891,1.3397827,0.31630635,,
fat body,CG32073,2.188407,1.8743782,0.31402874,,
fat body,CG42500,4.068132,3.786558,0.281574,,
fat body,CG15282,1.8716949,1.6011518,0.2705431,,
fat body,CG12057,1.1670479,0.90648586,0.260562,,
fat body,Pcp,1.1240276,0.8733953,0.2506323,,
fat body,CG34279,0.56358,0.3132795,0.25030047,,
fat body,CG4362,0.9869915,0.7415076,0.24548393,,
fat body,CG42502,1.7161188,1.4711584,0.24496043,,
fat body,CG44215,0.44422424,0.20321397,0.24101026,,
fat body,CG42834,1.0956159,0.8595237,0.23609215,,
fat body,Argk,0.7242398,0.49728674,0.22695309,,
fat body,CG14332,1.0520343,0.82612216,0.2259121,,
fat body,Mp20,0.73395264,0.51509017,0.21886247,,
fat body,Tm2,0.64820623,0.43563828,0.21256796,,
fat body,CG42305,0.96785754,0.76014555,0.207712,,
fat body,up,0.55586505,0.3635385,0.19232655,,
fat body,CG15308,0.38775268,0.19685641,0.19089627,,
fat body,Mlc1,0.4655248,0.28301013,0.18251467,,
fat body,CG4716,1.1289421,0.948253,0.18068916,,
fat body,asRNA:CR45629,0.33251187,0.16938853,0.16312334,,
fat body,wupA,0.466213,0.30781394,0.15839905,,
fat body,CG17738,0.9950087,0.83794993,0.15705878,,
fat body,CG11854,0.4914693,0.3354679,0.15600139,,
fat body,Act57B,0.75418663,0.5992083,0.15497833,,
fat body,Cpr78E,2.235675,2.081926,0.15374899,,
fat body,Ace,0.25119653,0.09793586,0.15326068,,
fat body,CG2444,1.9832126,1.8306714,0.15254116,,
fat body,CG43897,0.5603243,0.40939534,0.15092897,,
fat body,CG34227,1.8998319,1.7553605,0.1444714,,
fat body,Cpr49Ac,2.4422712,2.3004942,0.14177704,,
fat body,CG34305,0.576737,0.43550935,0.14122763,,
fat body,TpnC73F,0.57603973,0.43623218,0.13980755,,
fat body,CG14292,0.24539109,0.111579746,0.13381134,,
fat body,Mf,0.3999547,0.26893476,0.13101995,,
fat body,RpL5,3.2795289,3.1509771,0.12855172,,
fat body,Sur-8,0.32667014,0.19931938,0.12735076,,
fat body,Zasp66,0.6106715,0.49106237,0.11960915,,
fat body,Cpr57A,0.6432894,0.5244206,0.11886877,,
fat body,CG13905,0.2770201,0.16023141,0.116788685,,
fat body,Cpr67B,0.5076576,0.39251405,0.11514354,,
fat body,CG5391,0.5843851,0.47023326,0.114151835,,
fat body,CG14207,0.6070667,0.4933124,0.1137543,,
fat body,vir-1,1.0163757,0.9039023,0.11247337,,
fat body,CG5767,0.4640852,0.3526236,0.11146158,,
fat body,CG43085,0.56285954,0.4520368,0.11082274,,
fat body,CG16799,0.4796309,0.3701547,0.10947618,,
fat body,Lcp2,1.543542,1.4340674,0.10947466,,
fat body,Thor,2.3758743,2.2669375,0.10893679,,
fat body,yellow-d2,0.42513406,0.3205501,0.10458395,,
fat body,fau,0.3912934,0.2876722,0.103621215,,
fat body,l(2)efl,0.5763679,0.47289786,0.10347006,,
fat body,RpL8,2.2528684,2.1498358,0.10303259,,
fat body,RpS9,2.890573,2.7878609,0.102712154,,
fat body,RpL18,2.6049304,2.5026033,0.10232711,,
fat body,CG12522,0.41660812,0.3148758,0.10173231,,
fat body,sta,2.8560996,2.7544632,0.10163641,,
fat body,Cyp4d1,1.1658385,1.0644647,0.10137379,,
fat body,CG42586,0.31381056,0.21295075,0.100859806,,
fat body,7SLRNA:CR32864,0.28613842,0.18586661,0.100271806,,
fat body,CG8501,0.43098608,0.3317514,0.09923467,,
fat body,Ddc,0.34267887,0.24488352,0.09779535,,
fat body,CG34166,5.4174676,5.3205886,0.096879005,,
fat body,Lsp2,4.8681374,4.7712674,0.096869946,,
fat body,CG43083,0.15539242,0.059037313,0.09635511,,
fat body,PhKgamma,1.1699998,1.0760287,0.09397113,,
fat body,CG15293,0.28510183,0.19124036,0.093861476,,
fat body,FASN3,0.106508374,0.014350323,0.09215805,,
fat body,Lectin-galC1,0.106154114,0.014303464,0.09185065,,
fat body,epsilonTry,1.3901521,1.2983894,0.09176266,,
fat body,RpL23A,2.5752974,2.4836273,0.09167004,,
fat body,CG17107,0.17567818,0.08408291,0.09159527,,
fat body,RpS3,2.3438466,2.2525475,0.09129906,,
fat body,CG7294,0.59292865,0.5022022,0.090726435,,
fat body,CG43139,0.18935631,0.100609094,0.08874722,,
fat body,RpL15,2.790444,2.7019024,0.08854151,,
fat body,7SLRNA:CR42652,0.24355035,0.15541859,0.088131756,,
fat body,Obp56a,0.22573207,0.13817681,0.08755526,,
fat body,Prm,0.29743686,0.21221162,0.08522524,,
fat body,CG16926,1.5765185,1.4950026,0.08151591,,
fat body,CG42489,0.2503602,0.16974634,0.08061385,,
fat body,Lst,0.74444985,0.664082,0.08036786,,
fat body,CG15531,0.09502108,0.015213177,0.0798079,,
fat body,CG5773,2.2284834,2.148911,0.07957244,,
fat body,NimB2,0.79175895,0.71438116,0.077377796,,
fat body,CG7296,0.34532365,0.2693131,0.076010555,,
fat body,CG13722,0.2121484,0.13625872,0.07588968,,
fat body,CG15213,0.13906226,0.06494529,0.07411697,,
fat body,Eig71Ee,0.1519755,0.07810447,0.073871024,,
fat body,RpL37A,2.5926967,2.5188365,0.07386017,,
fat body,Mur18B,0.2588959,0.1871793,0.07171661,,
fat body,cathD,2.0194378,1.9477273,0.07171047,,
fat body,CG33306,0.27099508,0.19996665,0.07102843,,
fat body,RpL7,2.413719,2.3434715,0.07024741,,
fat body,RpL14,2.8684855,2.798724,0.069761515,,
fat body,CG13731,0.32032576,0.25070646,0.0696193,,
fat body,CG34165,0.21827702,0.14951086,0.06876616,,
fat body,CG42235,0.31477764,0.24732484,0.0674528,,
fat body,CG14265,0.30415338,0.23806904,0.06608434,,
fat body,Sgs1,0.15447682,0.08878266,0.06569416,,
fat body,CG42713,0.2029391,0.13744795,0.06549114,,
fat body,Mhc,0.2601011,0.1948181,0.065283015,,
fat body,CG13177,0.20996478,0.14493066,0.06503412,,
fat body,SPARC,0.84059906,0.7755792,0.065019846,,
fat body,dpr2,4.188025,4.12311,0.06491518,,
fat body,Eig71Ea,0.10786142,0.044310085,0.06355134,,
fat body,RNaseMRP:RNA,0.25068468,0.18717383,0.06351085,,
fat body,Alp10,0.19610922,0.13339627,0.06271295,,
fat body,St3,0.26077387,0.19806762,0.06270625,,
fat body,HnRNP-K,1.0536773,0.9918221,0.061855197,,
fat body,CG14949,0.12596887,0.06442007,0.061548807,,
fat body,RpL19,2.6844742,2.6230264,0.06144786,,
fat body,CG15212,0.10947226,0.04891802,0.06055424,,
fat body,Odc1,0.45958683,0.40024108,0.059345752,,
fat body,CG42807,0.18421336,0.12562081,0.058592543,,
fat body,Cpr60D,0.14831588,0.08999796,0.058317915,,
fat body,RpS11,2.8602173,2.802417,0.057800293,,
fat body,CG5171,0.26267853,0.20504844,0.057630092,,
fat body,CG17752,0.20342557,0.14612697,0.0572986,,
fat body,CG31496,0.10704638,0.049841553,0.057204828,,
fat body,CG17549,0.5455901,0.4884916,0.057098508,,
fat body,Tps1,0.7485665,0.694307,0.05425948,,
fat body,CG34437,0.1486909,0.09445297,0.054237925,,
fat body,LManV,0.10823665,0.054216042,0.054020606,,
fat body,RpS2,2.3752034,2.3216639,0.053539515,,
fat body,Prip,0.17023629,0.116821535,0.053414755,,
fat body,CG11368,0.11553138,0.06228041,0.05325097,,
fat body,CG43084,0.079568885,0.026748877,0.05282001,,
fat body,frm,0.3333824,0.2807663,0.05261609,,
fat body,Clect27,0.32671344,0.2745811,0.05213234,,
fat body,CG11313,0.4007027,0.34994358,0.050759107,,
fat body,CG33307,0.35105118,0.30087602,0.05017516,,
fat body,Mct1,0.34399968,0.2948313,0.049168378,,
fat body,CG10799,0.21426636,0.16525437,0.04901199,,
fat body,sona,0.2975522,0.24870817,0.048844025,,
fat body,CG33493,1.0088717,0.9611771,0.047694564,,
fat body,CG34331,0.28442562,0.23730995,0.04711567,,
fat body,CG45076,0.17579846,0.12868536,0.047113106,,
fat body,LManVI,0.2209051,0.17430332,0.046601772,,
fat body,Hsc70-3,0.83611506,0.7896094,0.04650569,,
fat body,ckd,0.13079675,0.084358804,0.04643794,,
fat body,CG3348,1.6076137,1.5612768,0.04633689,,
fat body,CG12715,0.09944131,0.053749368,0.045691945,,
fat body,cer,1.296815,1.2513406,0.04547441,,
fat body,Alp1,0.12395152,0.07865014,0.045301378,,
fat body,CG13215,0.11086423,0.06723899,0.043625243,,
fat body,CG44245,0.15865386,0.11525456,0.043399297,,
fat body,Listericin,0.95872,0.9153753,0.043344736,,
fat body,RpS4,2.556293,2.5139203,0.042372704,,
fat body,Ance-5,0.09270831,0.05055734,0.04215097,,
fat body,CG7299,0.14870694,0.106951475,0.041755468,,
fat body,thetaTry,0.22474545,0.18307969,0.041665763,,
fat body,RpL26,2.3529236,2.3118107,0.0411129,,
fat body,CG12116,2.0362062,1.9953374,0.04086888,,
fat body,CG30016,0.15065205,0.11017515,0.040476903,,
fat body,CG13912,0.20903243,0.1685898,0.04044263,,
fat body,CG17751,0.14690675,0.107035056,0.039871693,,
fat body,CG14258,0.21808684,0.178283,0.039803833,,
fat body,Cyt-b5-r,0.19735521,0.15756632,0.039788887,,
fat body,CG13311,0.12495325,0.08528034,0.03967291,,
fat body,CG12826,0.3637828,0.3241399,0.0396429,,
fat body,GILT2,0.24221364,0.20305946,0.039154172,,
fat body,kappaB-Ras,0.41624087,0.37785965,0.03838122,,
fat body,Cpr47Ec,0.09529708,0.057601538,0.037695546,,
fat body,atilla,0.18358241,0.14686228,0.036720127,,
fat body,CG15155,0.2182318,0.18225197,0.035979822,,
fat body,CG3117,0.124198854,0.088323615,0.03587524,,
fat body,CG34417,0.35827243,0.32265174,0.03562069,,
fat body,RpS23,2.4351404,2.400062,0.035078287,,
fat body,sage,0.07553941,0.041387577,0.034151834,,
fat body,CG11852,0.15810753,0.124591865,0.03351567,,
fat body,Alp9,0.09598986,0.062631726,0.033358134,,
fat body,CG7255,0.97157013,0.93837273,0.033197403,,
fat body,Cpr49Af,0.13793741,0.10503429,0.03290312,,
fat body,Cpr65Av,0.10687449,0.074044906,0.032829583,,
fat body,CG14401,0.1451278,0.112318784,0.03280902,,
fat body,CG13641,2.358755,2.3259518,0.032803297,,
fat body,CG1143,0.12816024,0.09562023,0.03254001,,
fat body,CG11349,0.079986,0.047450084,0.032535914,,
fat body,Gnmt,0.2383787,0.20603032,0.03234838,,
fat body,Npc2g,1.6645253,1.6322583,0.032266974,,
fat body,SclA,0.15686601,0.12556107,0.03130494,,
fat body,CG11892,0.32532787,0.29414585,0.03118202,,
fat body,CG4259,0.08647542,0.055359818,0.031115599,,
fat body,RpL32,2.759616,2.7285738,0.031042099,,
fat body,CG34284,0.11419549,0.08388692,0.030308567,,
fat body,CG31775,0.08718272,0.05699289,0.030189835,,
fat body,Gale,0.44173488,0.4116557,0.030079186,,
fat body,CG34136,0.57897925,0.54891497,0.030064285,,
fat body,CG7763,0.14120391,0.11200679,0.02919712,,
fat body,CG31373,0.07943645,0.050298393,0.029138058,,
fat body,mt:srRNA,0.2987074,0.26995596,0.028751433,,
fat body,CG8369,2.084034,2.0554469,0.028587103,,
fat body,RpL6,2.022558,1.9941795,0.028378487,,
fat body,CG18649,0.22175822,0.19397919,0.027779028,,
fat body,CG34276,0.071670435,0.044312082,0.027358353,,
fat body,iotaTry,0.1784192,0.15122534,0.02719386,,
fat body,Mlp84B,0.08965674,0.06257763,0.027079113,,
fat body,CG42740,0.075061545,0.048064183,0.026997361,,
fat body,CG42798,0.2174866,0.19059093,0.026895672,,
fat body,CG14990,0.25755134,0.23077647,0.026774868,,
fat body,CG13461,0.12941425,0.103083126,0.02633112,,
fat body,CG6426,0.113847926,0.08761007,0.026237853,,
fat body,CG7882,0.09614624,0.0701286,0.026017644,,
fat body,Elal,0.36502394,0.33904165,0.02598229,,
fat body,Eglp4,0.12070476,0.09491845,0.02578631,,
fat body,NimB4,0.19707033,0.1714145,0.025655836,,
fat body,CG31937,0.14781198,0.1221704,0.025641575,,
fat body,lectin-28C,0.66629636,0.6408662,0.025430143,,
fat body,Zasp52,0.20818874,0.18280166,0.025387079,,
fat body,CG15406,0.122259185,0.09691805,0.025341138,,
fat body,CG11073,0.09543887,0.07015258,0.025286287,,
fat body,Pxn,0.1221075,0.09687598,0.025231518,,
fat body,CG6770,2.5677338,2.5425692,0.025164604,,
fat body,GILT3,0.27000794,0.2452226,0.02478534,,
fat body,Ggamma30A,0.17544246,0.15074633,0.024696127,,
fat body,CG3679,0.13848996,0.11386958,0.024620384,,
fat body,RpS17,2.585369,2.561317,0.024052143,,
fat body,Lmpt,0.16741051,0.14379846,0.023612052,,
fat body,CG15530,0.118807636,0.09542865,0.023378983,,
fat body,kappaTry,0.06946578,0.046188142,0.023277637,,
fat body,CG31076,0.06748438,0.044486042,0.022998337,,
fat body,Hf,0.42786318,0.4049603,0.022902876,,
fat body,CG17839,0.07460449,0.051769137,0.022835352,,
fat body,CG43291,0.24039957,0.21756758,0.022831991,,
fat body,RpS14a,2.572557,2.5497606,0.022796392,,
fat body,Trh,0.13434675,0.111685395,0.022661358,,
fat body,mt:tRNA:Ser-GCT,0.11010428,0.087744206,0.022360072,,
fat body,ELOVL,0.063162535,0.041065305,0.02209723,,
fat body,Obp99c,2.231965,2.2098706,0.022094488,,
fat body,CG32726,0.04883948,0.026775194,0.022064285,,
fat body,Sodh-2,0.08711844,0.0651523,0.021966137,,
fat body,Lsd-1,0.9339713,0.91201353,0.021957755,,
fat body,NT5E-2,0.07864142,0.056796964,0.021844458,,
fat body,Mcad,0.38768354,0.36599076,0.021692783,,
fat body,Hml,0.073353656,0.051722057,0.021631598,,
fat body,Ldh,0.087877676,0.06657578,0.021301895,,
fat body,CG1139,0.06371862,0.042520735,0.021197882,,
fat body,CG3168,0.19942592,0.1783384,0.021087527,,
fat body,CG15098,0.511085,0.49001214,0.021072835,,
fat body,CG15528,0.072182305,0.05130122,0.020881087,,
fat body,CG8773,0.115701936,0.09507655,0.020625383,,
fat body,GIIIspla2,0.29300654,0.27238157,0.020624965,,
fat body,RpS8,2.4706264,2.4500167,0.020609617,,
fat body,Pdxk,0.34524095,0.3246822,0.020558745,,
fat body,CG5177,0.14077355,0.12021884,0.020554706,,
fat body,asRNA:CR45874,0.19187506,0.17139564,0.02047941,,
fat body,RpL28,2.3798902,2.359609,0.020281315,,
fat body,Tsp26A,0.07679446,0.05669985,0.02009461,,
fat body,CG33459,0.05514075,0.03509401,0.020046737,,
fat body,CR43276,0.13539936,0.11547796,0.0199214,,
fat body,Neurochondrin,0.069244,0.049749415,0.019494582,,
fat body,CG31778,0.7789304,0.75954384,0.01938659,,
fat body,RpL17,2.2481172,2.2288015,0.01931572,,
fat body,Dhpr,0.27151307,0.25236067,0.019152403,,
fat body,CG10237,0.06709792,0.047996134,0.019101784,,
fat body,sbm,0.06509283,0.04663305,0.018459782,,
fat body,l(2)34Fc,0.08995539,0.07154879,0.0184066,,
fat body,CG43315,0.050479688,0.03212822,0.01835147,,
fat body,CG15414,0.06660514,0.048444454,0.01816069,,
fat body,CG6145,0.11377722,0.09574087,0.01803635,,
fat body,asRNA:CR44690,0.082339674,0.06443372,0.01790595,,
fat body,Spat,0.1785303,0.16064145,0.017888859,,
fat body,retm,0.09283845,0.075077884,0.017760567,,
fat body,CG11529,0.097923905,0.080442354,0.01748155,,
fat body,CG9336,0.36572787,0.34837025,0.017357618,,
fat body,Vha100-1,0.20243812,0.18508378,0.01735434,,
fat body,CG33494,0.38017622,0.36290488,0.01727134,,
fat body,salt,0.07072209,0.053481556,0.017240532,,
fat body,GNBP3,0.61105615,0.5939481,0.017108023,,
fat body,Had2,0.08655055,0.069457866,0.017092682,,
fat body,CG3700,0.15300453,0.1359781,0.017026424,,
fat body,CG31769,0.15137252,0.13446936,0.016903162,,
fat body,CG1673,0.079496734,0.06268974,0.016806997,,
fat body,asRNA:CR45604,1.1034338,1.0868814,0.016552448,,
fat body,RpL12,2.6646016,2.6480706,0.01653099,,
fat body,Uro,0.06412234,0.04760052,0.016521823,,
fat body,PGRP-SA,0.42246652,0.40596545,0.01650107,,
fat body,Peritrophin-A,0.057068422,0.040576458,0.016491964,,
fat body,CG17190,0.0730461,0.056739815,0.016306289,,
fat body,Nep2,0.20533805,0.18925346,0.016084582,,
fat body,CG10433,0.29430735,0.27823654,0.016070813,,
fat body,obst-E,0.10675692,0.090797536,0.015959382,,
fat body,Spn43Ab,0.22536612,0.20950904,0.01585707,,
fat body,RpS29,2.8914807,2.8756323,0.015848398,,
fat body,CG18473,0.104308926,0.088494,0.015814923,,
fat body,mt:tRNA:Gln-TTG,0.07910019,0.063443154,0.015657037,,
fat body,MFS18,0.06113842,0.04582243,0.015315991,,
fat body,RpL13A,2.5822835,2.5670006,0.015282869,,
fat body,AANATL2,0.09189284,0.076710165,0.015182674,,
fat body,CG4576,0.08172829,0.066548996,0.015179291,,
fat body,CG3588,0.10552473,0.09038641,0.015138321,,
fat body,CG34426,0.0718969,0.056777056,0.015119847,,
fat body,CG8888,0.13236372,0.11738661,0.014977112,,
fat body,Rpt3,0.44036365,0.42549685,0.014866799,,
fat body,CG10621,0.5014506,0.4868083,0.014642298,,
fat body,CG3270,0.1269165,0.11240921,0.014507286,,
fat body,lncRNA:noe,0.055973183,0.04147783,0.014495354,,
fat body,CG15820,0.12375299,0.10928255,0.014470436,,
fat body,Baldspot,0.10232414,0.088509746,0.013814397,,
fat body,trbl,0.07396859,0.060210295,0.013758294,,
fat body,CG42808,0.06963743,0.05590281,0.013734624,,
fat body,CG31344,0.09851048,0.08481503,0.013695449,,
fat body,Gadd45,0.112736516,0.09915973,0.013576783,,
fat body,IleRS,0.065699846,0.05231624,0.013383605,,
fat body,CG4267,0.25226054,0.23895581,0.013304725,,
fat body,Ih,0.08517378,0.07192263,0.013251148,,
fat body,Gal,0.08649701,0.07324697,0.013250038,,
fat body,RpL36,2.914498,2.901283,0.013215065,,
fat body,CG6115,0.8916187,0.87841827,0.013200462,,
fat body,spirit,0.12668677,0.113616765,0.013070002,,
fat body,zye,0.084872805,0.07182383,0.013048977,,
fat body,CG8093,0.05742948,0.04441546,0.013014022,,
fat body,CG43179,0.08340723,0.070435725,0.0129715055,,
fat body,CG10051,0.061402664,0.04849243,0.012910232,,
fat body,CG31337,0.06858025,0.055730615,0.012849633,,
fat body,CG31777,0.10571288,0.09293902,0.012773864,,
fat body,CG9449,0.31802487,0.30530953,0.01271534,,
fat body,inc,0.11885518,0.10617169,0.012683488,,
fat body,CG14933,0.16776295,0.15511316,0.012649789,,
fat body,Tm1,0.46090212,0.4482643,0.012637824,,
fat body,RpL31,2.7581654,2.7456062,0.0125591755,,
fat body,CG5254,0.10939227,0.09686421,0.012528062,,
fat body,CG42524,0.09206027,0.07960137,0.012458898,,
fat body,CG8814,0.13443986,0.12201893,0.0124209225,,
fat body,FASN1,0.39856222,0.38632986,0.012232363,,
fat body,eEF1gamma,2.1272113,2.1149888,0.012222528,,
fat body,CG12012,0.13348672,0.12131787,0.012168847,,
fat body,CG9312,0.042334013,0.030276056,0.012057956,,
fat body,CG5597,0.059904944,0.04793307,0.011971872,,
fat body,Apoltp,0.33084473,0.3188789,0.011965841,,
fat body,CG43124,0.07765132,0.065698504,0.011952817,,
fat body,Gip,0.08284722,0.071105935,0.011741288,,
fat body,asRNA:CR44095,0.99259025,0.9808519,0.01173836,,
fat body,Pgm1,0.093730055,0.0821135,0.011616558,,
fat body,CG17026,0.063592896,0.051985737,0.011607159,,
fat body,CG3699,0.07100838,0.059414994,0.011593383,,
fat body,CG16704,3.152824,3.1413195,0.011504412,,
fat body,IM33,0.51033866,0.49891958,0.011419088,,
fat body,CG10513,0.13872656,0.1273634,0.011363164,,
fat body,Gbp3,0.7470127,0.7359213,0.0110913515,,
fat body,Acbp2,0.39957178,0.38851443,0.011057347,,
fat body,CG1544,0.06333547,0.05230409,0.011031382,,
fat body,CG1299,0.11011257,0.09920002,0.0109125525,,
fat body,sls,0.08390493,0.07304194,0.010862991,,
fat body,yellow-e,0.28611106,0.2754352,0.0106758475,,
fat body,CG9691,0.42360026,0.41306487,0.010535389,,
fat body,LManIII,0.057419155,0.04736622,0.010052934,,
fat body,sals,0.07500284,0.06499598,0.01000686,,
fat body,CG3609,0.09632574,0.0863572,0.009968542,,
fat body,Actn,0.08780381,0.07800071,0.009803101,,
fat body,GstO3,0.50769806,0.49793607,0.009761989,,
fat body,Odc2,0.0986794,0.08893184,0.009747557,,
fat body,CG43071,0.17945468,0.16978694,0.009667739,,
fat body,dpy,0.08679087,0.07712878,0.009662084,,
fat body,Irp-1B,0.21595508,0.20644459,0.009510487,,
fat body,CG9269,0.07152147,0.062071342,0.009450126,,
fat body,CG30069,0.19977255,0.19043982,0.009332731,,
fat body,DNaseII,0.2534823,0.24427804,0.009204268,,
fat body,CG10031,0.2708458,0.26171744,0.009128362,,
fat body,PyK,0.2863585,0.27724558,0.009112924,,
fat body,Gs2,0.44692394,0.4379102,0.009013742,,
fat body,olf186-M,0.1978187,0.18883923,0.00897947,,
fat body,wol,0.07869609,0.0700617,0.008634388,,
fat body,Spn,0.091930754,0.08335425,0.008576505,,
fat body,CG6912,0.13233887,0.12387557,0.008463293,,
fat body,Gnpnat,0.091896825,0.08344797,0.008448854,,
fat body,Spn27A,0.14606705,0.13784851,0.008218542,,
fat body,CG10918,0.056329574,0.04825916,0.008070413,,
fat body,hiro,0.10231566,0.09431629,0.007999368,,
fat body,Gbs-76A,0.05990756,0.051920846,0.007986713,,
fat body,CG11370,0.18804798,0.18006176,0.007986218,,
fat body,AOX3,0.063758135,0.05584785,0.007910285,,
fat body,CG5577,0.11635704,0.10850645,0.007850595,,
fat body,CAH1,0.3245054,0.31665617,0.007849216,,
fat body,RpL11,2.545658,2.5380275,0.0076305866,,
fat body,CG13947,0.121394984,0.113926515,0.0074684694,,
fat body,NijC,0.05723807,0.049883563,0.0073545054,,
fat body,Gpdh1,0.26721954,0.25990278,0.007316768,,
fat body,Charon,0.08606905,0.07875901,0.0073100403,,
fat body,CG11912,0.43479338,0.42757985,0.007213533,,
fat body,CG3690,0.057909306,0.050739698,0.007169608,,
fat body,CG34436,0.10461974,0.09750606,0.0071136802,,
fat body,CG16713,1.0289695,1.021869,0.007100582,,
fat body,Nplp2,0.09358875,0.08653434,0.0070544034,,
fat body,CG10353,0.10275322,0.09571766,0.007035561,,
fat body,egh,0.073776186,0.06678724,0.0069889426,,
fat body,CG43165,0.07092819,0.063962735,0.0069654584,,
fat body,AOX1,0.057987444,0.05108762,0.0068998225,,
fat body,RpS26,2.9965208,2.9896517,0.0068690777,,
fat body,mt:ATPase8,0.07393203,0.06708488,0.0068471506,,
fat body,CG8547,0.04823204,0.041585226,0.0066468157,,
fat body,CG12007,0.048193466,0.041565217,0.006628249,,
fat body,CG18563,0.43484524,0.42833483,0.0065104067,,
fat body,CG43109,0.36643678,0.35994372,0.006493062,,
fat body,Galt,0.1074382,0.10096986,0.0064683408,,
fat body,CG9338,0.08942226,0.082962506,0.0064597577,,
fat body,CG8492,0.06808686,0.061811764,0.006275099,,
fat body,fbp,0.25625712,0.24999504,0.006262079,,
fat body,Pgant5,0.105982624,0.099739835,0.0062427893,,
fat body,Hn,0.51995254,0.5137189,0.0062336326,,
fat body,Npc2c,0.08526696,0.07907873,0.006188236,,
fat body,CG15126,0.069958426,0.06379803,0.0061603934,,
fat body,Eaat1,0.06482364,0.058668125,0.006155517,,
fat body,CG31710,0.045121655,0.038968105,0.00615355,,
fat body,CG6310,0.08379419,0.077658646,0.0061355457,,
fat body,sug,0.42239007,0.41635144,0.006038636,,
fat body,CG6356,0.08193867,0.07602207,0.0059165955,,
fat body,stck,0.07893337,0.07302715,0.0059062243,,
fat body,LManI,0.06666157,0.060824424,0.0058371425,,
fat body,CG14109,0.047955245,0.042257905,0.00569734,,
fat body,CG17362,0.12937401,0.12375521,0.005618803,,
fat body,CG11891,0.057346974,0.051734317,0.0056126565,,
fat body,Col4a1,0.3101924,0.30463457,0.005557835,,
fat body,qsm,0.07258376,0.06704293,0.0055408254,,
fat body,Sccpdh2,0.10584082,0.10044166,0.00539916,,
fat body,Tsp42Er,0.08030826,0.07497815,0.005330108,,
fat body,jagn,0.11637086,0.11118341,0.0051874444,,
fat body,SPH93,0.53079146,0.5256345,0.0051569343,,
fat body,Eig71Eg,0.044464614,0.039323777,0.0051408373,,
fat body,CG1578,0.079126626,0.074053176,0.0050734505,,
fat body,CG14805,0.048531163,0.04347595,0.005055215,,
fat body,Ptp52F,0.05193133,0.046974666,0.0049566627,,
fat body,lncRNA:CR42862,0.63925344,0.6343091,0.0049443245,,
fat body,SrpRbeta,0.08378834,0.078872114,0.0049162284,,
fat body,bt,0.124239676,0.119437605,0.0048020706,,
fat body,CG6325,0.060666915,0.05592523,0.0047416836,,
fat body,GlcT,0.13579164,0.1310935,0.0046981424,,
fat body,Rint1,0.073903844,0.06921222,0.004691623,,
fat body,Exd2,0.06930297,0.06462345,0.004679516,,
fat body,Moe,0.20727472,0.20263927,0.004635453,,
fat body,CG33460,0.062386528,0.057766914,0.0046196133,,
fat body,mbl,0.15679523,0.1522329,0.004562333,,
fat body,CHOp24,0.508338,0.50386745,0.004470527,,
fat body,Gclc,0.066660374,0.06226112,0.004399255,,
fat body,Root,0.20401482,0.19982204,0.0041927844,,
fat body,l(1)G0289,0.12828404,0.12411261,0.0041714236,,
fat body,AsnS,0.09516329,0.09100014,0.0041631535,,
fat body,mxt,0.16696745,0.16284685,0.004120603,,
fat body,CG18585,0.069347024,0.06523455,0.0041124746,,
fat body,mt:ND4L,0.042975295,0.03892201,0.0040532835,,
fat body,HDAC6,0.51811284,0.5140899,0.004022956,,
fat body,Aldh-III,0.15003079,0.14602752,0.0040032715,,
fat body,lncRNA:CR44133,0.07150536,0.06753559,0.0039697737,,
fat body,CG1674,0.04324087,0.039283205,0.0039576665,,
fat body,CG6287,0.2249073,0.2209517,0.0039555877,,
fat body,egr,0.26668394,0.262804,0.0038799345,,
fat body,RpL21,2.3644636,2.360588,0.003875494,,
fat body,CG33082,0.06842761,0.064559326,0.0038682818,,
fat body,GlyP,0.16468085,0.16083726,0.0038435906,,
fat body,CG30394,0.06278596,0.058973804,0.0038121566,,
fat body,crq,0.06443912,0.060700756,0.0037383623,,
fat body,Qsox1,0.07313738,0.06940773,0.003729649,,
fat body,mgl,0.05186781,0.048158675,0.0037091337,,
fat body,CG31548,0.0900824,0.08642804,0.0036543608,,
fat body,CG5953,0.102522485,0.09891098,0.003611505,,
fat body,RpL36A,2.7509756,2.747379,0.0035965443,,
fat body,CG30197,0.08016112,0.076596074,0.0035650432,,
fat body,Cyp28a5,0.048812393,0.04525511,0.0035572834,,
fat body,CG7778,0.098542646,0.094985366,0.0035572797,,
fat body,Eglp2,0.049927842,0.046392124,0.0035357177,,
fat body,CG8483,0.04196896,0.03848248,0.0034864806,,
fat body,Sclp,0.062920675,0.059455518,0.003465157,,
fat body,asRNA:CR43957,0.07444179,0.07120544,0.0032363534,,
fat body,CG9837,0.3120225,0.30879104,0.0032314658,,
fat body,CG43340,0.124971256,0.12177093,0.0032003224,,
fat body,ATP6AP2,0.5562469,0.55310434,0.0031425357,,
fat body,CG1888,0.048866425,0.045756754,0.0031096712,,
fat body,RpLP1,3.3008044,3.2977338,0.0030705929,,
fat body,Idgf6,0.9584803,0.95546347,0.0030168295,,
fat body,CG5292,0.07562553,0.07266738,0.0029581487,,
fat body,AdenoK,0.3738712,0.3709481,0.0029231012,,
fat body,Pglym78,0.17755711,0.17464727,0.0029098392,,
fat body,CG10467,0.06193589,0.059053097,0.0028827935,,
fat body,sala,0.06230002,0.059504252,0.002795767,,
fat body,Idh3a,0.12532754,0.122536,0.0027915388,,
fat body,Hayan,0.12539391,0.122621045,0.0027728677,,
fat body,Grd,0.056999452,0.054238163,0.0027612895,,
fat body,CG15096,0.05085341,0.0481981,0.0026553087,,
fat body,CG34408,0.06870552,0.066095866,0.0026096553,,
fat body,CG6283,0.10776997,0.10521633,0.0025536418,,
fat body,CG7231,0.11871678,0.11616524,0.0025515333,,
fat body,CG13397,0.054486193,0.05195712,0.0025290735,,
fat body,nej,0.05749897,0.055003498,0.0024954714,,
fat body,RpS10b,2.0969663,2.0945222,0.0024440289,,
fat body,CG43896,0.04992273,0.047531348,0.002391383,,
fat body,hfw,0.06921665,0.06683434,0.0023823157,,
fat body,Amy-d,0.1963162,0.19395155,0.0023646504,,
fat body,Ttd14,0.0820947,0.07983923,0.0022554696,,
fat body,Tango9,0.5392858,0.5370587,0.002227068,,
fat body,CG11470,0.09277659,0.09055922,0.0022173673,,
fat body,CG15203,0.10769006,0.10547598,0.0022140816,,
fat body,CG17124,0.1733044,0.171185,0.0021193922,,
fat body,CG13920,0.051553205,0.04946436,0.0020888448,,
fat body,CG8206,0.45346442,0.4514447,0.0020197332,,
fat body,sut1,0.07105362,0.069066994,0.0019866228,,
fat body,CDase,0.049030963,0.047047064,0.0019838996,,
fat body,sdt,0.047209468,0.045230273,0.0019791946,,
fat body,Glt,0.69074786,0.6887908,0.001957059,,
fat body,CG7715,0.08352173,0.08166219,0.0018595383,,
fat body,CG8108,0.10290872,0.101075694,0.0018330291,,
fat body,CG3719,0.07357194,0.071877025,0.0016949177,,
fat body,mt:tRNA:Lys-CTT,0.14959215,0.14791922,0.0016729236,,
fat body,fog,0.05328727,0.05168916,0.0015981123,,
fat body,Pgant6,0.039326992,0.037798733,0.0015282594,,
fat body,Galk,0.09433081,0.092878014,0.0014527962,,
fat body,CG12811,0.23342457,0.23197372,0.0014508516,,
fat body,CG2909,0.049570657,0.048153426,0.0014172308,,
fat body,CG9911,0.27353504,0.27212504,0.0014100075,,
fat body,bbx,0.07460677,0.07324708,0.0013596863,,
fat body,CG6227,0.11663679,0.11534513,0.0012916625,,
fat body,eIF2Bbeta,0.06395224,0.06267071,0.0012815297,,
fat body,GlyS,0.050173122,0.04890595,0.0012671724,,
fat body,CG10960,0.08181209,0.08066496,0.0011471286,,
fat body,GLS,0.2799082,0.27876654,0.0011416674,,
fat body,CG13631,0.091423996,0.09028511,0.0011388883,,
fat body,Atg17,0.069755144,0.06865028,0.0011048615,,
fat body,ens,0.115560964,0.114551485,0.0010094792,,
fat body,Cyp6d5,0.49084255,0.4898682,0.0009743571,,
fat body,AP-2mu,0.061954897,0.061049037,0.0009058602,,
fat body,cv,0.045769807,0.044864573,0.00090523437,,
fat body,CG10311,0.18560201,0.18469998,0.0009020269,,
fat body,asRNA:CR46089,0.048524663,0.047724403,0.0008002594,,
fat body,sty,0.08470752,0.08390747,0.0008000508,,
fat body,betaCOP,0.19291858,0.19217001,0.00074857473,,
fat body,CG17454,0.061118934,0.060420588,0.00069834664,,
fat body,CG7016,0.15446213,0.15378903,0.00067310035,,
fat body,Bdbt,0.053185504,0.052557074,0.0006284304,,
fat body,CG10932,0.05433656,0.053788617,0.0005479418,,
fat body,Act87E,0.27117306,0.27075452,0.00041854382,,
fat body,CG17883,0.07451478,0.074139185,0.00037559122,,
fat body,CG5001,0.04409719,0.0438066,0.00029058754,,
fat body,VhaM9.7-c,0.05370126,0.05342636,0.00027490035,,
fat body,CG10405,0.05129437,0.051036913,0.00025745854,,
fat body,CG15255,0.15977384,0.15952834,0.00024549663,,
fat body,CG12093,0.06998841,0.06976605,0.00022235513,,
fat body,Prat2,0.35089913,0.35078368,0.0001154542,,
fat body,CG2246,0.10074312,0.10063044,0.00011268258,,
fat body,CG1246,0.05477044,0.054695163,7.527694e-05,,
fat body,CG15611,0.07066125,0.070592724,6.852299e-05,,
fat body,Gprk2,0.0778689,0.07784324,2.56598e-05,,
fat body,raw,0.059392188,0.05943604,-4.3854117e-05,,
fat body,CG10877,0.067777224,0.06796896,-0.00019173324,,
fat body,Mef2,0.09050903,0.090721816,-0.00021278858,,
fat body,CG15099,0.0804315,0.08065861,-0.0002271086,,
fat body,cal1,0.2052281,0.2054738,-0.00024569035,,
fat body,Ilk,0.08571771,0.085980356,-0.00026264787,,
fat body,Sfxn2,0.047782116,0.04812212,-0.00034000352,,
fat body,NimB5,0.060423344,0.060788333,-0.00036498904,,
fat body,CG18547,0.06843782,0.06880509,-0.00036726892,,
fat body,CG14812,0.17736939,0.1777524,-0.00038301945,,
fat body,CR43364,0.060082987,0.060487844,-0.0004048571,,
fat body,Arc42,0.1243175,0.12472868,-0.00041118264,,
fat body,v,0.10192046,0.10239183,-0.00047136843,,
fat body,asRNA:CR45663,0.06182078,0.062301643,-0.0004808642,,
fat body,CG7342,0.08495831,0.08547166,-0.00051335245,,
fat body,CG13319,0.1295045,0.1300259,-0.00052139163,,
fat body,galectin,0.06100306,0.061606336,-0.00060327724,,
fat body,CG30371,0.055904478,0.0565573,-0.0006528236,,
fat body,CG10737,0.04291813,0.04362646,-0.0007083304,,
fat body,CG5835,0.08181571,0.08252952,-0.0007138103,,
fat body,Irk2,0.041096184,0.041819863,-0.0007236786,,
fat body,CCT1,0.14395174,0.14469984,-0.0007480979,,
fat body,sqa,0.104795374,0.10554509,-0.0007497147,,
fat body,LKRSDH,0.0667697,0.067531794,-0.00076209754,,
fat body,CG46339,0.05680856,0.05763059,-0.00082203,,
fat body,CG9782,0.12994799,0.13083586,-0.0008878708,,
fat body,lama,0.07832309,0.07926477,-0.0009416789,,
fat body,CG14777,0.05959101,0.06054277,-0.0009517595,,
fat body,bigmax,0.11052596,0.11159328,-0.0010673255,,
fat body,pr,0.162092,0.16316408,-0.001072079,,
fat body,CG42486,0.050371617,0.05144607,-0.001074452,,
fat body,CG43739,0.045611292,0.046690684,-0.0010793917,,
fat body,CG15553,0.0464161,0.04752326,-0.00110716,,
fat body,tapas,0.15297824,0.15411592,-0.0011376739,,
fat body,GM130,0.07653702,0.077716805,-0.0011797845,,
fat body,CG31751,0.13656963,0.1377826,-0.0012129694,,
fat body,dl,0.048471447,0.049696695,-0.001225248,,
fat body,CDK2AP1,0.04573663,0.047051854,-0.0013152249,,
fat body,CG12065,0.043750133,0.045094505,-0.0013443716,,
fat body,xit,0.05138878,0.052736532,-0.0013477504,,
fat body,Myo95E,0.0691712,0.07053273,-0.001361534,,
fat body,CG4586,0.054841794,0.056409284,-0.0015674904,,
fat body,Coq7,0.044989813,0.04663621,-0.0016463958,,
fat body,CG8389,0.06537723,0.06706667,-0.0016894415,,
fat body,CG30046,0.05726446,0.05896629,-0.0017018318,,
fat body,Acbp5,0.06360967,0.06535533,-0.0017456636,,
fat body,CG15211,0.054499272,0.056256495,-0.0017572232,,
fat body,CG7456,0.0403328,0.042112883,-0.0017800815,,
fat body,CG11961,0.08858767,0.09037973,-0.0017920583,,
fat body,CG5382,0.060441807,0.06223855,-0.0017967448,,
fat body,wat,0.052562587,0.054365393,-0.0018028058,,
fat body,CG44085,0.05460183,0.05641341,-0.0018115789,,
fat body,CG32032,0.08640332,0.08824551,-0.0018421933,,
fat body,Pex11,0.058061145,0.059937272,-0.001876127,,
fat body,CG14688,0.062276244,0.06416125,-0.0018850043,,
fat body,l(2)gd1,0.04131081,0.043225348,-0.0019145384,,
fat body,Pex14,0.09668526,0.09866679,-0.0019815266,,
fat body,scb,0.050397255,0.05240008,-0.002002824,,
fat body,Nepl13,0.08986851,0.09188498,-0.0020164698,,
fat body,Sting,0.059720293,0.061754018,-0.0020337254,,
fat body,Atg18b,0.052313983,0.05439441,-0.0020804256,,
fat body,zormin,0.07571032,0.077836394,-0.0021260753,,
fat body,Mocs2A,0.056668922,0.058804367,-0.0021354444,,
fat body,Uba5,0.10096584,0.103144296,-0.002178453,,
fat body,fusl,0.07494621,0.07715988,-0.0022136718,,
fat body,lva,0.09056144,0.09284216,-0.0022807196,,
fat body,FER,0.08582612,0.08810898,-0.002282858,,
fat body,CG3513,0.056111775,0.05841615,-0.0023043752,,
fat body,CG30414,0.16900127,0.17131962,-0.0023183525,,
fat body,STUB1,0.06799303,0.07032626,-0.0023332313,,
fat body,Tl,0.06477128,0.06712706,-0.0023557767,,
fat body,CG30148,0.3995457,0.4019043,-0.0023586154,,
fat body,jub,0.06428639,0.066698804,-0.002412416,,
fat body,CG13124,0.10217987,0.10460129,-0.0024214163,,
fat body,CG33120,0.0758324,0.078255355,-0.0024229586,,
fat body,scramb1,0.056481265,0.058936268,-0.0024550036,,
fat body,Gk1,0.047639243,0.050125256,-0.0024860129,,
fat body,Tsp42Ej,0.116620466,0.11914072,-0.0025202557,,
fat body,CG1648,0.1946191,0.19719222,-0.0025731176,,
fat body,Top1,0.06884681,0.071426556,-0.0025797486,,
fat body,pinta,0.07415837,0.076757684,-0.0025993139,,
fat body,Srr,0.11094967,0.11356165,-0.0026119798,,
fat body,Sptr,0.045261394,0.047873404,-0.0026120096,,
fat body,CG6769,0.04348934,0.046131648,-0.0026423074,,
fat body,Pde11,0.04726027,0.049922146,-0.0026618764,,
fat body,Gyf,0.07050042,0.07316272,-0.002662301,,
fat body,Gcn5,0.04870553,0.051427484,-0.0027219541,,
fat body,Hexo2,0.042847674,0.045619063,-0.0027713887,,
fat body,Obp83g,0.03666435,0.03944823,-0.0027838796,,
fat body,Pgant1,0.07222741,0.07504906,-0.0028216466,,
fat body,blot,0.06435577,0.06722123,-0.0028654635,,
fat body,Sirt1,0.043513592,0.046381153,-0.0028675608,,
fat body,Gmap,0.06169559,0.06461619,-0.0029205978,,
fat body,RhoGAP18B,0.050497405,0.053498887,-0.0030014813,,
fat body,Vinc,0.06478158,0.06781794,-0.003036365,,
fat body,nito,0.038036633,0.04108058,-0.0030439459,,
fat body,KLHL18,0.10636345,0.10946364,-0.0031001866,,
fat body,CG31522,0.06857878,0.07169546,-0.0031166822,,
fat body,AcCoAS,0.27437317,0.27749014,-0.0031169653,,
fat body,Arp10,0.08733487,0.09051532,-0.0031804517,,
fat body,Rel,0.20875198,0.21196003,-0.003208056,,
fat body,Ptp99A,0.042485658,0.04570712,-0.0032214634,,
fat body,ebi,0.051512923,0.054783236,-0.0032703131,,
fat body,CG43107,0.051085006,0.054366454,-0.003281448,,
fat body,CG15602,0.04534934,0.048656654,-0.0033073127,,
fat body,Lcp65Ac,0.062477708,0.06580061,-0.0033228993,,
fat body,Hlc,0.10633041,0.10968986,-0.003359452,,
fat body,AsnRS,0.10196148,0.10535191,-0.0033904314,,
fat body,CG46426,0.17997643,0.18340069,-0.003424257,,
fat body,asRNA:CR44807,0.119280234,0.12272986,-0.0034496263,,
fat body,EbpIII,0.09497165,0.09843856,-0.0034669116,,
fat body,Mlp60A,0.24669322,0.2501625,-0.0034692883,,
fat body,rl,0.048758443,0.052241847,-0.0034834035,,
fat body,CAHbeta,0.057974398,0.06147596,-0.0035015605,,
fat body,ush,0.04194204,0.045455806,-0.0035137646,,
fat body,CG10444,0.03748327,0.04100391,-0.0035206378,,
fat body,CG30289,0.076692596,0.08023152,-0.0035389215,,
fat body,jbug,0.10785779,0.111419044,-0.0035612509,,
fat body,7B2,0.05985491,0.06345616,-0.003601253,,
fat body,CG1774,0.18096244,0.18457995,-0.0036175102,,
fat body,Uhg7,2.1908588,2.1944864,-0.0036275387,,
fat body,Eato,0.06608208,0.06971022,-0.0036281347,,
fat body,Arl8,0.067003526,0.07067649,-0.0036729649,,
fat body,CG9759,0.044568095,0.048249085,-0.0036809891,,
fat body,CG33169,0.18420793,0.18792732,-0.0037193894,,
fat body,dbr,0.044096045,0.047863103,-0.0037670583,,
fat body,ng3,0.12383769,0.12764835,-0.0038106665,,
fat body,Nrg,0.12253356,0.12638414,-0.0038505793,,
fat body,Syx13,0.06608543,0.0700112,-0.0039257705,,
fat body,Rga,0.0691673,0.073162064,-0.003994763,,
fat body,Hacd1,0.06419213,0.068213224,-0.0040210932,,
fat body,CG3652,0.07138204,0.07547936,-0.00409732,,
fat body,CG17385,0.12035865,0.12447351,-0.004114859,,
fat body,CrebA,0.11466677,0.11878292,-0.004116155,,
fat body,CG6928,0.07885336,0.08298551,-0.0041321516,,
fat body,SerRS,0.10504872,0.10918305,-0.004134327,,
fat body,trio,0.11124471,0.11543106,-0.0041863546,,
fat body,Gld,0.06678257,0.0709749,-0.00419233,,
fat body,GstE7,0.18140535,0.18563828,-0.004232928,,
fat body,kel,0.07788546,0.082217924,-0.004332468,,
fat body,myo,0.05072131,0.055110373,-0.0043890625,,
fat body,Pal1,0.15971835,0.1641291,-0.0044107437,,
fat body,CG10098,0.07826436,0.08269324,-0.0044288784,,
fat body,Wdr82,0.069719225,0.07419907,-0.004479848,,
fat body,CG17029,0.09446988,0.09895921,-0.004489325,,
fat body,RpL27A,2.9208894,2.925388,-0.00449872,,
fat body,CG9005,0.08342353,0.08793941,-0.004515879,,
fat body,CG15027,0.04270739,0.047223415,-0.004516024,,
fat body,CG9643,0.050523102,0.05505708,-0.0045339763,,
fat body,CG1486,0.052359886,0.056906395,-0.004546508,,
fat body,CRAT,0.06883727,0.07339714,-0.004559867,,
fat body,CG14687,0.05889382,0.06345605,-0.0045622326,,
fat body,PKD,0.059731394,0.06429732,-0.0045659244,,
fat body,CG4928,0.15411977,0.15872025,-0.00460048,,
fat body,CG12951,0.047755755,0.05237185,-0.004616093,,
fat body,brun,0.04512682,0.04977333,-0.00464651,,
fat body,ClC-a,0.058764283,0.063414186,-0.0046499036,,
fat body,CG5080,0.11381054,0.11848426,-0.0046737194,,
fat body,CG31673,0.04704807,0.051733397,-0.0046853274,,
fat body,Gs1l,0.04112475,0.045835316,-0.0047105663,,
fat body,CG5846,0.05620386,0.06092379,-0.004719928,,
fat body,CG16749,0.27462712,0.27936333,-0.004736215,,
fat body,Zip88E,0.093265906,0.098003365,-0.004737459,,
fat body,CG5273,0.05213161,0.056889344,-0.004757732,,
fat body,Mvl,0.17946553,0.18426165,-0.0047961175,,
fat body,CG6583,0.039301448,0.044113364,-0.0048119165,,
fat body,lute,0.06271831,0.06756291,-0.0048445985,,
fat body,Gasp,0.14147466,0.1463572,-0.0048825294,,
fat body,PAN2,0.054320917,0.059233602,-0.0049126856,,
fat body,Cyp4aa1,0.066747606,0.071667805,-0.0049201995,,
fat body,Zip71B,0.07501095,0.079948865,-0.004937917,,
fat body,MED26,0.06114446,0.06608607,-0.0049416088,,
fat body,Nup153,0.050868828,0.05583008,-0.004961252,,
fat body,eEF1alpha2,0.062409572,0.06738114,-0.0049715713,,
fat body,CG14830,0.051472843,0.056464247,-0.0049914047,,
fat body,CG33051,0.043406505,0.04845084,-0.0050443336,,
fat body,bocks,0.04154573,0.046624206,-0.005078476,,
fat body,CG17571,0.49276885,0.49785542,-0.005086571,,
fat body,Pngl,0.06066343,0.0657798,-0.0051163696,,
fat body,CG13949,0.033180114,0.038297217,-0.0051171035,,
fat body,Sec8,0.1004932,0.10564361,-0.0051504076,,
fat body,Snx27,0.107304424,0.112457834,-0.00515341,,
fat body,by,0.07132652,0.076496676,-0.005170159,,
fat body,CG10026,0.04538406,0.0505927,-0.0052086376,,
fat body,CG4038,0.11086601,0.1160766,-0.0052105933,,
fat body,PGRP-LB,0.07071698,0.07600276,-0.0052857846,,
fat body,RpS27A,2.735846,2.7411606,-0.0053145885,,
fat body,CG34446,0.037248503,0.042595983,-0.005347479,,
fat body,Pkc98E,0.05305252,0.058414135,-0.0053616166,,
fat body,Nc73EF,0.22107263,0.22643644,-0.005363807,,
fat body,CG42259,0.1038673,0.10924553,-0.0053782314,,
fat body,CG15279,0.038921896,0.044325843,-0.005403947,,
fat body,hll,0.07385183,0.07925892,-0.0054070875,,
fat body,laza,0.050226193,0.055637393,-0.0054112,,
fat body,CG9444,0.22021107,0.22562379,-0.0054127127,,
fat body,Lsm12a,0.09809284,0.1035538,-0.0054609627,,
fat body,Tep3,0.047140382,0.052607223,-0.005466841,,
fat body,yata,0.04030234,0.045773707,-0.0054713674,,
fat body,CG32669,0.035571262,0.041050177,-0.005478915,,
fat body,Karl,0.08105428,0.08654011,-0.0054858327,,
fat body,fat-spondin,0.17734617,0.18284158,-0.005495414,,
fat body,RagC-D,0.051455352,0.056997743,-0.00554239,,
fat body,grass,0.14333132,0.14892459,-0.00559327,,
fat body,Ipk2,0.038355775,0.043975618,-0.0056198426,,
fat body,CG17841,0.14861327,0.15423635,-0.0056230724,,
fat body,bmm,0.111294046,0.11700406,-0.005710013,,
fat body,CG12061,0.047337923,0.05308963,-0.0057517067,,
fat body,TfIIFalpha,0.053135525,0.058900315,-0.00576479,,
fat body,Stlk,0.036522914,0.042289387,-0.0057664737,,
fat body,dob,0.04539066,0.051216383,-0.0058257207,,
fat body,Ssdp,0.059364654,0.065193504,-0.00582885,,
fat body,Drat,0.63731384,0.6431515,-0.005837679,,
fat body,Spn55B,0.12664217,0.13252236,-0.005880192,,
fat body,CG5084,0.369921,0.37584445,-0.00592345,,
fat body,caps,0.070706315,0.076683186,-0.0059768707,,
fat body,CG3860,0.061429866,0.067421,-0.005991131,,
fat body,RpL30,2.595179,2.601181,-0.0060019493,,
fat body,CG3328,0.04376557,0.049771722,-0.0060061514,,
fat body,Dlic,0.05331565,0.05933338,-0.0060177296,,
fat body,cin,0.057616457,0.063646644,-0.006030187,,
fat body,Mtap,0.2821606,0.28820273,-0.006042123,,
fat body,Gyg,0.04418396,0.05025461,-0.006070651,,
fat body,Idgf2,0.18243238,0.18854512,-0.0061127394,,
fat body,CG10898,0.039955836,0.046077136,-0.0061213,,
fat body,CG13795,0.2210773,0.22720578,-0.00612849,,
fat body,Pdha,0.06842493,0.074583806,-0.0061588734,,
fat body,CG5039,0.058969233,0.065226115,-0.006256882,,
fat body,CG40191,0.10396797,0.110231586,-0.0062636137,,
fat body,Spn77Ba,0.11779755,0.12406901,-0.006271459,,
fat body,Ilp6,0.36775708,0.37403128,-0.0062741935,,
fat body,Ccs,0.049504627,0.05581012,-0.0063054934,,
fat body,Eaf,0.04097126,0.04727862,-0.00630736,,
fat body,Sugb,0.06284872,0.06916665,-0.006317936,,
fat body,Nna1,0.068681784,0.075072624,-0.00639084,,
fat body,CenG1A,0.044623405,0.05102483,-0.006401427,,
fat body,Cyp6a17,0.055425376,0.061831553,-0.006406177,,
fat body,CG34232,0.33685753,0.34339148,-0.0065339506,,
fat body,CG7638,0.0420502,0.0485896,-0.006539397,,
fat body,mRpL11,0.03546889,0.042031057,-0.006562166,,
fat body,UbcE2H,0.14464535,0.15121683,-0.0065714866,,
fat body,CG15814,0.051185023,0.057764955,-0.006579932,,
fat body,fok,0.15697305,0.16358747,-0.006614417,,
fat body,CG10359,0.05875957,0.065383114,-0.006623544,,
fat body,Gba1a,0.061180383,0.06784143,-0.00666105,,
fat body,bbc,0.07520212,0.08188601,-0.006683886,,
fat body,ERR,0.048246842,0.054950986,-0.006704144,,
fat body,Ten-m,0.059375867,0.066122144,-0.006746277,,
fat body,RhoL,0.08777326,0.094521165,-0.0067479014,,
fat body,Adgf-D,0.20022908,0.20697717,-0.006748095,,
fat body,asRNA:CR44169,0.101143494,0.1079248,-0.0067813024,,
fat body,mRpL10,0.051227164,0.05804429,-0.006817125,,
fat body,CG5397,0.05094722,0.057767436,-0.006820217,,
fat body,Tab2,0.07640944,0.08325631,-0.006846875,,
fat body,CG6236,0.057372548,0.06426861,-0.0068960637,,
fat body,CG4752,0.05960083,0.066543356,-0.0069425255,,
fat body,CG3568,0.049224444,0.05616801,-0.006943565,,
fat body,CG2701,0.03856785,0.045528818,-0.0069609694,,
fat body,Naa20A,0.04045085,0.04741375,-0.006962903,,
fat body,CG8944,0.04396213,0.050952986,-0.0069908574,,
fat body,svp,0.13475905,0.1417633,-0.007004246,,
fat body,CG9992,0.04418351,0.051246665,-0.007063154,,
fat body,CHES-1-like,0.040650062,0.04772394,-0.0070738792,,
fat body,CG13919,0.04450529,0.051596325,-0.007091034,,
fat body,CG8740,0.037377995,0.04451745,-0.0071394555,,
fat body,CG13014,0.04615723,0.053340208,-0.007182978,,
fat body,CG32428,0.08048127,0.08766807,-0.0071868002,,
fat body,asRNA:CR45044,0.048113447,0.055303615,-0.007190168,,
fat body,Nep6,0.07950019,0.08671295,-0.007212758,,
fat body,CG14985,0.04069072,0.047906015,-0.007215295,,
fat body,DptB,0.18432242,0.19153881,-0.007216394,,
fat body,Gbs-70E,0.09240699,0.09964355,-0.0072365627,,
fat body,bsk,0.06566648,0.072919406,-0.007252924,,
fat body,CG17147,0.086262874,0.09358319,-0.0073203146,,
fat body,CG2004,0.046587043,0.05391247,-0.0073254257,,
fat body,mats,0.06031998,0.06764682,-0.0073268376,,
fat body,MrgBP,0.081287816,0.0886491,-0.0073612854,,
fat body,CG9932,0.11922072,0.12659137,-0.007370651,,
fat body,CG32243,0.04033392,0.04771523,-0.0073813125,,
fat body,CG17065,0.101475514,0.10886282,-0.007387303,,
fat body,Gga,0.07397572,0.08137567,-0.007399954,,
fat body,Hnf4,0.04814025,0.05554345,-0.0074031986,,
fat body,Rpn12,0.23243333,0.23988919,-0.0074558556,,
fat body,Rab5,0.37383106,0.38129506,-0.0074639916,,
fat body,Ppcs,0.048582744,0.056057673,-0.007474929,,
fat body,Cpr12A,0.0498571,0.05734512,-0.0074880198,,
fat body,tal-2A,0.05605074,0.06356208,-0.00751134,,
fat body,RpS3A,2.3028338,2.3103597,-0.007525921,,
fat body,CG8078,0.08948707,0.09703126,-0.0075441897,,
fat body,CG13102,0.14814936,0.15570204,-0.0075526834,,
fat body,yin,0.057226308,0.064788565,-0.0075622573,,
fat body,CG5910,0.04173236,0.049310345,-0.0075779855,,
fat body,CG8399,0.076739445,0.08440441,-0.0076649636,,
fat body,p115,0.047444798,0.05512562,-0.007680822,,
fat body,CG30154,0.06729674,0.07500794,-0.0077111945,,
fat body,CG15170,0.069327004,0.077064835,-0.0077378303,,
fat body,ssp7,0.29732445,0.3050794,-0.0077549517,,
fat body,Muc11A,0.47448635,0.48224604,-0.0077596903,,
fat body,CG32795,0.043819,0.05158892,-0.00776992,,
fat body,CTPsyn,0.037350077,0.045121904,-0.0077718273,,
fat body,mRpL18,0.045576822,0.053349063,-0.007772241,,
fat body,Gos28,0.058175042,0.06595543,-0.007780388,,
fat body,MFS15,0.07003789,0.07782776,-0.0077898726,,
fat body,nahoda,0.059483428,0.067295246,-0.0078118183,,
fat body,CG3663,0.0648953,0.0727712,-0.007875897,,
fat body,CanB2,0.13384284,0.14173615,-0.007893309,,
fat body,Zdhhc8,0.054618943,0.062515266,-0.007896323,,
fat body,Uck,0.066929966,0.07483276,-0.007902794,,
fat body,Ugt301D1,0.075119644,0.08302796,-0.0079083145,,
fat body,CG18095,0.04630759,0.054224927,-0.007917337,,
fat body,Eph,0.05465704,0.06258979,-0.007932749,,
fat body,CG43064,0.05941421,0.06737765,-0.007963438,,
fat body,P5cr-2,0.057007164,0.06497456,-0.007967398,,
fat body,AGBE,0.048288774,0.056303915,-0.008015141,,
fat body,mRpL48,0.036843035,0.044869862,-0.008026827,,
fat body,Alg1,0.10651465,0.11455306,-0.008038409,,
fat body,Xe7,0.0563065,0.06439297,-0.008086469,,
fat body,CG42365,0.035587925,0.043678153,-0.008090228,,
fat body,CG12078,0.03257712,0.040691353,-0.008114234,,
fat body,mt:tRNA:Cys-GCA,0.061310995,0.06943804,-0.008127045,,
fat body,CG5973,0.09270228,0.10083979,-0.008137517,,
fat body,CG4734,0.21245396,0.22061186,-0.008157894,,
fat body,TBPH,0.043780252,0.051961705,-0.008181453,,
fat body,HisRS,0.07668397,0.08487312,-0.008189149,,
fat body,imd,0.0416102,0.04983615,-0.008225951,,
fat body,Lsp1alpha,2.49018,2.498407,-0.0082268715,,
fat body,CG9616,0.27872148,0.28695306,-0.00823158,,
fat body,Tango14,0.038915865,0.04715455,-0.008238684,,
fat body,CG17597,0.17097498,0.17930932,-0.008334339,,
fat body,Aprt,0.06807821,0.07645384,-0.00837563,,
fat body,Tmem63,0.04432532,0.05271333,-0.008388013,,
fat body,parvin,0.05246695,0.060861357,-0.008394405,,
fat body,X11L,0.056772172,0.06518952,-0.008417346,,
fat body,Rip11,0.07516201,0.08358325,-0.008421242,,
fat body,CG9436,0.046616115,0.05504725,-0.008431137,,
fat body,CG15465,0.06257915,0.071012154,-0.008433007,,
fat body,Upf1,0.053707555,0.06216119,-0.008453634,,
fat body,GABPI,0.035216894,0.043673065,-0.008456171,,
fat body,bur,0.07129052,0.07974869,-0.008458167,,
fat body,p24-1,0.046083454,0.054573122,-0.008489668,,
fat body,Ankle2,0.049042247,0.057545315,-0.008503068,,
fat body,CG1275,0.042094663,0.05068307,-0.008588407,,
fat body,Glut1,0.035674553,0.0443106,-0.008636046,,
fat body,CG13367,0.06198931,0.070627265,-0.008637954,,
fat body,CG10286,0.055160973,0.06380316,-0.0086421855,,
fat body,UGP,0.054102782,0.06275155,-0.008648764,,
fat body,DOR,0.24789263,0.25655344,-0.008660808,,
fat body,Clbn,0.045174923,0.053871144,-0.008696221,,
fat body,smp-30,0.07857696,0.08728187,-0.008704908,,
fat body,CG31648,0.035611905,0.04432249,-0.008710586,,
fat body,CG17108,0.112016045,0.120782256,-0.008766212,,
fat body,l(3)76BDm,0.0372431,0.04601227,-0.008769169,,
fat body,srp,0.12987891,0.13865165,-0.008772746,,
fat body,CG15717,0.10743353,0.116207495,-0.008773968,,
fat body,Eip74EF,0.10218217,0.110984325,-0.008802153,,
fat body,JTBR,0.045958232,0.054811105,-0.008852873,,
fat body,CG7970,0.090739325,0.09959856,-0.008859232,,
fat body,CG42359,0.047042336,0.05590594,-0.008863602,,
fat body,Tomosyn,0.039043974,0.047907878,-0.008863904,,
fat body,cm,0.0459749,0.05485157,-0.00887667,,
fat body,CG1463,0.052614912,0.061491646,-0.0088767335,,
fat body,CG3842,0.03628123,0.04516026,-0.008879028,,
fat body,Atf6,0.10278072,0.111667894,-0.008887172,,
fat body,ValRS,0.038968842,0.04785802,-0.008889176,,
fat body,CG10425,0.13453901,0.14343685,-0.008897841,,
fat body,Vajk3,0.13622278,0.14512753,-0.008904755,,
fat body,CG3781,0.0361727,0.04511562,-0.008942921,,
fat body,CG44286,0.27847844,0.28742334,-0.008944899,,
fat body,CG18067,0.69879663,0.70774436,-0.00894773,,
fat body,CG14850,0.055794757,0.06474791,-0.00895315,,
fat body,foxo,0.10776594,0.11672001,-0.0089540705,,
fat body,Muc26B,0.07497068,0.08394878,-0.008978106,,
fat body,Pex10,0.040784083,0.049865056,-0.0090809725,,
fat body,PIG-F,0.04431858,0.05345059,-0.009132013,,
fat body,Max,0.048087742,0.057236638,-0.009148896,,
fat body,CG14435,0.08878866,0.097957015,-0.009168357,,
fat body,Ptpmeg2,0.07412352,0.08329219,-0.009168677,,
fat body,CG32198,0.09573652,0.10495209,-0.009215571,,
fat body,ABCD,0.04155743,0.050849978,-0.009292547,,
fat body,Taf10,0.13580494,0.14511244,-0.009307504,,
fat body,betaggt-I,0.038573023,0.04788072,-0.009307697,,
fat body,Ugt316A1,0.053856924,0.063184336,-0.009327412,,
fat body,isoQC,0.039911404,0.049258176,-0.009346772,,
fat body,Nmdmc,0.067623906,0.0770031,-0.009379193,,
fat body,Vha100-2,0.102583684,0.11201833,-0.009434648,,
fat body,Irk1,0.049359597,0.058822203,-0.009462606,,
fat body,sphe,0.042771623,0.052245572,-0.00947395,,
fat body,CG30091,0.050640613,0.060124494,-0.009483881,,
fat body,Snoo,0.04390137,0.05338917,-0.0094878,,
fat body,agt,0.06640257,0.075911574,-0.009509005,,
fat body,CG10672,0.07592651,0.08544649,-0.009519979,,
fat body,CG14456,0.040039252,0.04962245,-0.0095831975,,
fat body,Pka-C1,0.07714967,0.08675893,-0.00960926,,
fat body,CG9044,0.038157955,0.047803976,-0.009646021,,
fat body,ATPsyndelta,0.27818525,0.28783846,-0.009653211,,
fat body,Atet,0.07304215,0.08271251,-0.009670362,,
fat body,CG9286,0.0352656,0.044960964,-0.009695366,,
fat body,CG4045,0.03987021,0.049578305,-0.009708095,,
fat body,CG5412,0.034337256,0.04404936,-0.009712104,,
fat body,CG6966,0.057823375,0.06758121,-0.009757832,,
fat body,Cog7,0.04127661,0.051035877,-0.009759266,,
fat body,Asph,0.035661407,0.0454277,-0.009766292,,
fat body,GlnRS,0.07166256,0.08146366,-0.009801097,,
fat body,LysRS,0.06929017,0.079097964,-0.009807795,,
fat body,mmy,0.07664441,0.086466305,-0.009821892,,
fat body,l(1)G0193,0.073536955,0.0833804,-0.009843446,,
fat body,CG42258,0.046054944,0.055922065,-0.0098671205,,
fat body,CG7872,0.09808568,0.1079532,-0.009867519,,
fat body,CG30187,0.050973803,0.06085886,-0.009885058,,
fat body,cert,0.06101695,0.07090543,-0.009888481,,
fat body,Sps2,0.051657896,0.06154991,-0.009892013,,
fat body,Mkk4,0.06908692,0.07904047,-0.009953551,,
fat body,CG3368,0.046566196,0.056548025,-0.00998183,,
fat body,MESR3,0.049781125,0.05976359,-0.009982467,,
fat body,l(1)G0004,0.049181025,0.059164897,-0.009983871,,
fat body,PGRP-LC,0.04316264,0.05315232,-0.009989679,,
fat body,Epg5,0.06594734,0.07598068,-0.010033339,,
fat body,Cyp310a1,0.04360932,0.053647157,-0.010037836,,
fat body,Alg2,0.07329765,0.0833392,-0.01004155,,
fat body,CG42374,0.0843747,0.09441799,-0.010043286,,
fat body,CG15784,0.3188459,0.32890218,-0.010056287,,
fat body,ena,0.039492395,0.04957689,-0.010084495,,
fat body,CG18507,0.056945913,0.067034595,-0.010088682,,
fat body,NFAT,0.07451311,0.08460998,-0.01009687,,
fat body,beta-PheRS,0.058256336,0.06838025,-0.010123916,,
fat body,Cys,0.80654216,0.81670415,-0.010161996,,
fat body,asRNA:CR43468,0.043096554,0.053278793,-0.010182239,,
fat body,GlyRS,0.056188133,0.06638444,-0.01019631,,
fat body,Atpalpha,0.14052527,0.15075357,-0.010228306,,
fat body,grk,0.062016893,0.07226123,-0.010244336,,
fat body,CG13603,0.07232608,0.082572736,-0.010246657,,
fat body,CG7130,0.1576646,0.16795628,-0.010291681,,
fat body,chif,0.057067968,0.06736025,-0.010292284,,
fat body,CG45049,0.044998888,0.055330638,-0.01033175,,
fat body,Gat,0.062804356,0.07321571,-0.010411352,,
fat body,CG5734,0.05162647,0.06209996,-0.01047349,,
fat body,Gfat1,0.13877411,0.1492703,-0.010496184,,
fat body,snRNP-U1-70K,0.060980793,0.07152154,-0.01054075,,
fat body,CG5335,0.056958705,0.06750417,-0.010545462,,
fat body,CG7834,0.23086792,0.24141413,-0.010546207,,
fat body,CG2157,0.11366718,0.124216445,-0.010549262,,
fat body,scu,0.73813814,0.7486892,-0.010551035,,
fat body,CG31233,0.060888503,0.07145773,-0.010569226,,
fat body,Ccz1,0.035698403,0.046269402,-0.010570999,,
fat body,Mo25,0.0948492,0.10543403,-0.010584831,,
fat body,Cyp4p1,0.06281148,0.07340623,-0.010594748,,
fat body,ng2,0.117353186,0.12797834,-0.010625154,,
fat body,CG2006,0.4858239,0.4964622,-0.010638297,,
fat body,CycT,0.054265674,0.064906456,-0.010640781,,
fat body,CG5316,0.041503884,0.0521493,-0.010645416,,
fat body,Sod3,0.24117617,0.25182825,-0.01065208,,
fat body,Patj,0.0342465,0.044909436,-0.010662936,,
fat body,CG9425,0.0655228,0.07625299,-0.010730192,,
fat body,CG9757,0.1057501,0.11649978,-0.010749683,,
fat body,CG2064,0.08910126,0.09986178,-0.010760516,,
fat body,fray,0.042190764,0.052965026,-0.010774262,,
fat body,CG11811,0.12460336,0.13538538,-0.010782018,,
fat body,SIDL,0.03768047,0.04849857,-0.0108181015,,
fat body,CG1789,0.051635165,0.06246262,-0.010827456,,
fat body,Ssadh,0.035432145,0.04628699,-0.010854844,,
fat body,MESR6,0.049654294,0.060526647,-0.010872353,,
fat body,CG8726,0.05139696,0.06227572,-0.01087876,,
fat body,Pfrx,0.054098893,0.06499769,-0.010898795,,
fat body,Reps,0.045770682,0.056702513,-0.010931831,,
fat body,CG1523,0.03554429,0.046494573,-0.010950282,,
fat body,GstT4,0.30204484,0.31300288,-0.010958046,,
fat body,sowah,0.054709494,0.06569551,-0.010986015,,
fat body,CG4269,0.45860893,0.4696072,-0.010998279,,
fat body,RpS27,2.9008553,2.9118567,-0.0110013485,,
fat body,CG6686,0.043508716,0.054515835,-0.011007119,,
fat body,Cerk,0.07233637,0.08336242,-0.011026055,,
fat body,Pi3K21B,0.04633901,0.057366483,-0.011027474,,
fat body,Glut4EF,0.08172176,0.09275674,-0.01103498,,
fat body,CG44014,0.05093984,0.06197804,-0.011038199,,
fat body,egl,0.037889272,0.04892829,-0.011039019,,
fat body,CG42245,0.058469914,0.06951505,-0.011045136,,
fat body,tmod,0.0757657,0.08682196,-0.011056259,,
fat body,Sec13,0.19808082,0.20914333,-0.011062503,,
fat body,jdp,0.096807964,0.10788251,-0.011074543,,
fat body,Lcp9,0.039789543,0.050902545,-0.011113003,,
fat body,CG11357,0.04536767,0.056484398,-0.011116728,,
fat body,NC2alpha,0.041434664,0.05256774,-0.011133075,,
fat body,CG43060,0.29251125,0.30364686,-0.011135608,,
fat body,Mhcl,0.04843481,0.059575927,-0.011141118,,
fat body,CG42663,0.040478952,0.051635936,-0.011156984,,
fat body,Pgam5,0.0556495,0.06689155,-0.011242051,,
fat body,CG7668,0.063073665,0.0743344,-0.011260733,,
fat body,opm,0.07224177,0.08351024,-0.011268474,,
fat body,CG12121,0.05522999,0.066523544,-0.011293553,,
fat body,CG14767,0.203754,0.21504906,-0.011295065,,
fat body,CG17159,0.04200191,0.05332051,-0.011318598,,
fat body,TfIIB,0.06895664,0.080284365,-0.011327721,,
fat body,scramb2,0.044553954,0.05589095,-0.011336997,,
fat body,Nup50,0.04895177,0.060288772,-0.011337001,,
fat body,pic,0.038711067,0.050050408,-0.01133934,,
fat body,mt:tRNA:Tyr-GTA,0.061081264,0.07244547,-0.011364203,,
fat body,CARPB,0.19126783,0.20264536,-0.011377528,,
fat body,Fmo-1,0.048979983,0.06036656,-0.011386577,,
fat body,GluRS-m,0.068628415,0.08002041,-0.011391997,,
fat body,CG34135,0.04279514,0.054195434,-0.011400294,,
fat body,CG40160,0.071459614,0.08288253,-0.011422917,,
fat body,Dic1,0.04353388,0.054959316,-0.011425436,,
fat body,CaMKII,0.07807032,0.089500055,-0.0114297345,,
fat body,Khc,0.0999194,0.11135622,-0.01143682,,
fat body,wuho,0.4187335,0.43018183,-0.011448324,,
fat body,Ppn,0.038407356,0.049871854,-0.011464499,,
fat body,Tango2,0.07518663,0.08671899,-0.011532359,,
fat body,Pgant9,0.07203535,0.08360681,-0.0115714595,,
fat body,PGRP-LE,0.041824166,0.053422473,-0.011598308,,
fat body,nst,0.07049067,0.08211897,-0.0116283,,
fat body,Adat1,0.05966336,0.07131077,-0.011647414,,
fat body,Coa7,0.04097857,0.052628394,-0.011649825,,
fat body,SelR,0.0673509,0.07900198,-0.011651076,,
fat body,CG43658,0.039985847,0.051639725,-0.011653878,,
fat body,CG2656,0.034238357,0.045907483,-0.011669125,,
fat body,Dredd,0.041012153,0.05271135,-0.011699196,,
fat body,MED28,0.060027663,0.07175643,-0.011728767,,
fat body,iPLA2-VIA,0.039425317,0.05115486,-0.011729542,,
fat body,CG17896,0.11790925,0.12964126,-0.011732012,,
fat body,CG17292,0.08340472,0.09514612,-0.0117414,,
fat body,CG4853,0.05599159,0.06774309,-0.011751503,,
fat body,U2A,0.048171654,0.059923477,-0.011751823,,
fat body,Myo28B1,0.037869718,0.04962277,-0.0117530525,,
fat body,whd,0.12665118,0.13840835,-0.011757165,,
fat body,key,0.0335394,0.045302425,-0.011763025,,
fat body,dnc,0.11557779,0.12735373,-0.011775941,,
fat body,CG34215,0.11185094,0.123635694,-0.011784755,,
fat body,Asap,0.037656654,0.049455512,-0.011798859,,
fat body,Prestin,0.0414265,0.053228077,-0.011801578,,
fat body,kcc,0.059768084,0.07157398,-0.011805896,,
fat body,KFase,0.07352007,0.085330665,-0.011810593,,
fat body,Liprin-beta,0.06676851,0.078579694,-0.011811182,,
fat body,CG8353,0.12536727,0.13719255,-0.011825278,,
fat body,CG3630,0.062255494,0.074092716,-0.011837222,,
fat body,Nfs1,0.040001474,0.05185823,-0.011856757,,
fat body,Atg14,0.036348805,0.04820615,-0.011857346,,
fat body,mop,0.062049385,0.07393521,-0.011885826,,
fat body,Eip63F-1,0.048974082,0.060863927,-0.011889845,,
fat body,Dyrk3,0.05544675,0.06733844,-0.011891685,,
fat body,CG5793,0.04153207,0.05343686,-0.011904791,,
fat body,CG8128,0.048823237,0.060734067,-0.01191083,,
fat body,CG1785,0.039780185,0.05171047,-0.011930287,,
fat body,CG46429,0.07338466,0.08532222,-0.011937566,,
fat body,CG8003,0.054412413,0.06637329,-0.011960875,,
fat body,CG8034,0.08401108,0.09599116,-0.011980079,,
fat body,l(2)k01209,0.038702924,0.050701402,-0.011998478,,
fat body,SelG,0.29646477,0.3084814,-0.012016624,,
fat body,CG12173,0.068402916,0.080432355,-0.012029439,,
fat body,Atg101,0.04439535,0.056436256,-0.012040906,,
fat body,Papss,0.032065254,0.044159148,-0.012093894,,
fat body,Fit1,0.0852604,0.09735516,-0.012094758,,
fat body,CG9684,0.0358433,0.04795262,-0.012109317,,
fat body,CG32573,0.07938619,0.09149802,-0.012111828,,
fat body,CG6231,0.060259253,0.07237528,-0.01211603,,
fat body,mim,0.04726663,0.059408545,-0.012141917,,
fat body,RpS18,2.2423031,2.2544596,-0.0121564865,,
fat body,Jheh1,0.09620771,0.10837669,-0.012168981,,
fat body,CG9849,0.06015832,0.072344296,-0.012185976,,
fat body,CG5044,0.06957578,0.08177432,-0.012198538,,
fat body,Gba1b,0.101337045,0.11354371,-0.012206666,,
fat body,CG33229,0.05098357,0.06320203,-0.01221846,,
fat body,brm,0.051573675,0.06380289,-0.012229215,,
fat body,CG15209,0.094986774,0.10722106,-0.0122342855,,
fat body,IntS3,0.054730732,0.06696503,-0.012234297,,
fat body,CG12016,0.067706734,0.079948254,-0.01224152,,
fat body,MBD-like,0.048573893,0.06081634,-0.012242448,,
fat body,Tango5,0.0456859,0.05793317,-0.012247272,,
fat body,hebe,0.047828622,0.060081456,-0.012252834,,
fat body,tay,0.048770066,0.06107032,-0.012300253,,
fat body,CG14642,0.044592466,0.056902416,-0.01230995,,
fat body,CG6726,0.25362894,0.2659517,-0.012322754,,
fat body,Crag,0.056334604,0.068658605,-0.012324002,,
fat body,Pur-alpha,0.046792112,0.0591414,-0.012349289,,
fat body,bcn92,0.122313425,0.13470913,-0.01239571,,
fat body,CG4294,0.0492668,0.061669618,-0.012402818,,
fat body,Mitf,0.0477142,0.06012162,-0.012407418,,
fat body,CG4627,0.060026586,0.07247193,-0.0124453455,,
fat body,sgl,0.0594256,0.07187416,-0.012448557,,
fat body,pho,0.03641569,0.048875853,-0.012460165,,
fat body,CG7860,0.28788623,0.30035082,-0.012464583,,
fat body,Ppt1,0.040797554,0.05326762,-0.012470067,,
fat body,AANAT1,0.099635355,0.112110645,-0.012475289,,
fat body,PSR,0.059827045,0.072303176,-0.012476131,,
fat body,CG33926,0.8761242,0.8886022,-0.012477994,,
fat body,asRNA:CR46135,0.060809776,0.073302135,-0.012492359,,
fat body,Hmgs,0.058508117,0.07100454,-0.012496423,,
fat body,Spt5,0.047258347,0.059755333,-0.0124969855,,
fat body,krz,0.04172871,0.054240152,-0.012511443,,
fat body,Hem,0.05205621,0.0646059,-0.012549691,,
fat body,slif,0.038831364,0.051383946,-0.012552582,,
fat body,CG12024,0.03799745,0.05055567,-0.012558218,,
fat body,Rtca,0.042452168,0.055041607,-0.01258944,,
fat body,CG7272,0.12994397,0.14254929,-0.012605324,,
fat body,CG4293,0.035917588,0.048527148,-0.01260956,,
fat body,Plod,0.09386147,0.10650829,-0.012646824,,
fat body,Bx42,0.049092725,0.06174217,-0.012649447,,
fat body,CG4360,0.03766512,0.05032508,-0.0126599595,,
fat body,dlg1,0.046294995,0.058992118,-0.012697123,,
fat body,S2P,0.038426217,0.05113824,-0.012712024,,
fat body,Rbcn-3B,0.043707248,0.056452986,-0.012745738,,
fat body,CG11070,0.049074233,0.06183438,-0.012760147,,
fat body,CG9864,0.06750698,0.08027846,-0.012771487,,
fat body,CG15440,0.044128116,0.05690967,-0.012781553,,
fat body,JMJD7,0.03630068,0.049086537,-0.012785856,,
fat body,CG9527,0.18473686,0.19752276,-0.012785897,,
fat body,CG2145,0.17493811,0.18772991,-0.0127917975,,
fat body,Torsin,0.092698,0.10550226,-0.012804262,,
fat body,GXIVsPLA2,0.034231134,0.047053948,-0.012822814,,
fat body,IPIP,0.052668225,0.065491065,-0.01282284,,
fat body,Sec63,0.16669747,0.17952517,-0.012827694,,
fat body,28SrRNA-Psi:CR45855,0.083092295,0.09592297,-0.012830675,,
fat body,EndoGI,0.12592436,0.13879064,-0.0128662735,,
fat body,PGAP5,0.041338615,0.054228086,-0.012889471,,
fat body,GstT3,0.24218147,0.2550928,-0.012911335,,
fat body,sigmar,0.049155753,0.062075365,-0.012919612,,
fat body,pnt,0.038634226,0.051573433,-0.012939207,,
fat body,CG31145,0.057239387,0.070188306,-0.012948919,,
fat body,CG11127,0.03881208,0.051764473,-0.012952395,,
fat body,Zip102B,0.124108426,0.13707477,-0.012966342,,
fat body,Cbs,0.041461173,0.054437384,-0.012976211,,
fat body,CG17019,0.08597726,0.09895667,-0.012979411,,
fat body,RhoBTB,0.0872219,0.10022833,-0.013006434,,
fat body,FoxK,0.03826198,0.051280428,-0.013018448,,
fat body,CG4858,0.075501464,0.08852044,-0.013018973,,
fat body,CG13096,0.04299738,0.056027457,-0.013030078,,
fat body,CG42542,0.0620615,0.075123146,-0.013061646,,
fat body,AIMP1,0.055374317,0.06845263,-0.01307831,,
fat body,PNUTS,0.15179612,0.16488169,-0.013085574,,
fat body,da,0.042989127,0.056091964,-0.013102837,,
fat body,kuz,0.04409049,0.05719439,-0.013103899,,
fat body,CG3597,0.17323036,0.18635064,-0.013120279,,
fat body,Ars2,0.061544187,0.074669436,-0.013125248,,
fat body,lncRNA:roX2,0.13007624,0.14320317,-0.013126925,,
fat body,comm3,0.058303148,0.0714359,-0.013132751,,
fat body,CG12081,0.065098666,0.07824945,-0.013150781,,
fat body,eas,0.052313935,0.06549358,-0.013179649,,
fat body,Arpc2,0.11396055,0.12715507,-0.013194516,,
fat body,CG9067,0.059071295,0.07227546,-0.013204165,,
fat body,Naprt,0.09149745,0.10470583,-0.013208382,,
fat body,CG18815,0.1355743,0.14879914,-0.01322484,,
fat body,CG8132,0.09377419,0.10701591,-0.013241716,,
fat body,CG5181,0.06698494,0.08023082,-0.013245881,,
fat body,CG13663,0.05826895,0.07152876,-0.013259813,,
fat body,Vha44,0.27127996,0.2845588,-0.013278842,,
fat body,CG9356,0.04858771,0.061905738,-0.013318028,,
fat body,CG32850,0.19525684,0.20860747,-0.013350621,,
fat body,mRpL46,0.03487035,0.04822114,-0.013350792,,
fat body,sbr,0.05810108,0.07145537,-0.013354287,,
fat body,LeuRS,0.055673372,0.06903446,-0.013361085,,
fat body,Pgant7,0.076813266,0.09020993,-0.013396665,,
fat body,CG1910,0.112911254,0.12630844,-0.013397187,,
fat body,CG5037,0.042539913,0.0559532,-0.013413288,,
fat body,asRNA:CR43916,0.08198596,0.09540129,-0.013415329,,
fat body,Tango4,0.07920628,0.09264437,-0.013438091,,
fat body,CG7889,0.046643693,0.060093176,-0.013449483,,
fat body,Cln7,0.043848515,0.057314303,-0.013465788,,
fat body,drpr,0.067258835,0.08073065,-0.013471812,,
fat body,CG14132,0.056142554,0.06961918,-0.013476625,,
fat body,l(2)37Bb,0.035295118,0.04878023,-0.013485111,,
fat body,fuss,0.07036547,0.083983384,-0.01361791,,
fat body,Mur2B,0.0760748,0.08969775,-0.013622947,,
fat body,CG10431,0.040111646,0.05375594,-0.013644293,,
fat body,CG33111,0.03957051,0.053219877,-0.013649367,,
fat body,NitFhit,0.054344673,0.06800098,-0.013656307,,
fat body,Sec23,0.21064489,0.224318,-0.013673112,,
fat body,Not3,0.0856586,0.099335425,-0.013676822,,
fat body,Sap30,0.03530466,0.04898731,-0.013682649,,
fat body,fry,0.08803749,0.101721525,-0.013684034,,
fat body,Lis-1,0.061393097,0.07510169,-0.013708591,,
fat body,Cht2,0.085022286,0.098733805,-0.01371152,,
fat body,asRNA:CR44030,0.07298416,0.08669735,-0.0137131885,,
fat body,subdued,0.045084182,0.058799084,-0.013714902,,
fat body,rdx,0.08901795,0.10277074,-0.013752788,,
fat body,AdSS,0.1675384,0.18130565,-0.013767242,,
fat body,CG4896,0.036040723,0.04983079,-0.013790067,,
fat body,yellow-c,0.07733738,0.091134176,-0.013796799,,
fat body,vtd,0.03613684,0.04993567,-0.013798829,,
fat body,rnh1,0.054649334,0.06844835,-0.013799015,,
fat body,loco,0.096259065,0.110072196,-0.013813131,,
fat body,SCAR,0.04307675,0.056925226,-0.013848476,,
fat body,NimC3,0.065979235,0.07982984,-0.013850607,,
fat body,Nmt,0.060434394,0.07429363,-0.013859235,,
fat body,CG13784,0.08716202,0.10103287,-0.01387085,,
fat body,dmt,0.04212294,0.055996735,-0.013873793,,
fat body,cold,0.03203277,0.045918304,-0.013885535,,
fat body,mib1,0.03688821,0.050787974,-0.013899766,,
fat body,E(spl)m4-BFM,0.042610686,0.056515966,-0.013905279,,
fat body,CG7971,0.046852935,0.0607631,-0.013910163,,
fat body,Lip4,0.10948468,0.123410285,-0.0139256045,,
fat body,sd,0.052192256,0.066118814,-0.013926558,,
fat body,CG42324,0.058200378,0.07212792,-0.013927545,,
fat body,Hers,0.04252257,0.056454852,-0.013932284,,
fat body,r-l,0.113837115,0.12777564,-0.013938524,,
fat body,Not11,0.03943219,0.053373378,-0.013941187,,
fat body,CG3529,0.09577271,0.10971603,-0.013943315,,
fat body,CG7789,0.046073847,0.060018443,-0.013944596,,
fat body,Blos1,0.05412064,0.068070844,-0.013950203,,
fat body,asRNA:CR45600,0.17413928,0.1881152,-0.013975918,,
fat body,ari-1,0.041152455,0.055132236,-0.013979781,,
fat body,slow,0.0331502,0.04713398,-0.013983779,,
fat body,GstE1,0.057272185,0.0712796,-0.014007416,,
fat body,Ykt6,0.05797628,0.07206401,-0.014087733,,
fat body,Pdk,0.270526,0.28461632,-0.014090329,,
fat body,epsilonCOP,0.130888,0.14503326,-0.014145255,,
fat body,CG4768,0.09323006,0.10740824,-0.014178179,,
fat body,Eip78C,0.038482606,0.05266484,-0.014182232,,
fat body,frc,0.081953876,0.096144125,-0.014190249,,
fat body,Flo2,0.065890096,0.08008794,-0.014197841,,
fat body,Cals,0.06870573,0.08290504,-0.014199309,,
fat body,Pdcd4,0.17062296,0.18482763,-0.014204666,,
fat body,CG11893,0.111979045,0.12619857,-0.01421953,,
fat body,CG6707,0.09169588,0.10594519,-0.01424931,,
fat body,jtb,0.11332363,0.12758696,-0.014263332,,
fat body,CG3918,0.03942031,0.05369555,-0.014275238,,
fat body,CG1105,0.04192233,0.05621517,-0.01429284,,
fat body,cindr,0.084058665,0.098354094,-0.014295429,,
fat body,faf,0.047556486,0.06186264,-0.014306154,,
fat body,CG13339,0.046765015,0.061080843,-0.014315829,,
fat body,CG10182,0.10576615,0.12009067,-0.0143245235,,
fat body,CG42249,0.17358406,0.18793212,-0.01434806,,
fat body,larp,0.06641045,0.08078059,-0.014370136,,
fat body,CG34163,0.10577872,0.120170444,-0.014391728,,
fat body,msn,0.09156853,0.10596293,-0.0143944025,,
fat body,CG6195,0.06406012,0.07848295,-0.0144228265,,
fat body,4E-T,0.03807934,0.052517813,-0.014438473,,
fat body,CG12780,0.07126772,0.085734345,-0.014466628,,
fat body,Acn,0.063619144,0.07809077,-0.014471628,,
fat body,Jwa,0.24914534,0.26361978,-0.014474437,,
fat body,MESK4,0.08092981,0.09541128,-0.01448147,,
fat body,Spf45,0.034615014,0.04909759,-0.014482576,,
fat body,CG4025,0.08658318,0.10107078,-0.014487594,,
fat body,CG46319,0.08478347,0.09928725,-0.014503777,,
fat body,CG18731,0.06301277,0.07752735,-0.01451458,,
fat body,Ras64B,0.04027818,0.054797173,-0.014518991,,
fat body,Rab1,0.44583586,0.46037695,-0.01454109,,
fat body,Cog1,0.052208144,0.06677681,-0.014568668,,
fat body,CG11360,0.033813287,0.048388463,-0.014575176,,
fat body,CG7611,0.0655987,0.08018512,-0.014586426,,
fat body,Caper,0.092644006,0.107240684,-0.014596678,,
fat body,CG14200,0.031484794,0.04609555,-0.014610756,,
fat body,CG9231,0.11175529,0.12636822,-0.0146129355,,
fat body,asRNA:CR44168,0.10230544,0.11692911,-0.014623664,,
fat body,CG5002,0.07627891,0.0909271,-0.014648192,,
fat body,InR,0.06605527,0.08070372,-0.014648452,,
fat body,arg,0.049192756,0.06384523,-0.014652476,,
fat body,CR6900,0.040256817,0.05491558,-0.014658764,,
fat body,mRpL35,0.07193687,0.08659834,-0.014661469,,
fat body,Irbp18,0.031033268,0.045702923,-0.014669655,,
fat body,Sra-1,0.05208683,0.0667928,-0.014705971,,
fat body,Khc-73,0.055149507,0.06986217,-0.014712665,,
fat body,Ufl1,0.03450074,0.049215622,-0.014714882,,
fat body,Naxd,0.15017709,0.16492431,-0.014747217,,
fat body,mRpL4,0.035801798,0.050549753,-0.014747955,,
fat body,Mgstl,0.259277,0.27405095,-0.014773965,,
fat body,pre-mod(mdg4)-C,0.038819775,0.053600244,-0.014780469,,
fat body,DCP1,0.061808497,0.076666854,-0.014858358,,
fat body,verm,0.0699448,0.0848172,-0.014872402,,
fat body,CG10469,0.07290374,0.08779433,-0.014890596,,
fat body,CG10863,0.22855778,0.24346036,-0.014902577,,
fat body,Rcd1,0.043942533,0.05884959,-0.014907058,,
fat body,CG42376,0.04523561,0.060143016,-0.014907405,,
fat body,CG17556,0.038447138,0.05336064,-0.014913503,,
fat body,gbb,0.109451324,0.124367714,-0.01491639,,
fat body,mdy,0.07553047,0.09044757,-0.014917098,,
fat body,CG9706,0.03805509,0.05298377,-0.01492868,,
fat body,Pcyt1,0.084824696,0.09977035,-0.014945656,,
fat body,ringer,0.07758368,0.0925682,-0.014984518,,
fat body,Cht10,0.118438184,0.13342398,-0.0149858,,
fat body,VhaAC39-1,0.34764418,0.36264896,-0.015004784,,
fat body,Pka-R1,0.15208359,0.16708857,-0.015004978,,
fat body,CG5966,0.24197116,0.25698543,-0.015014261,,
fat body,yki,0.041811567,0.05683383,-0.015022263,,
fat body,CG18659,0.06308076,0.078110166,-0.015029408,,
fat body,stas,0.030724943,0.04575494,-0.015029997,,
fat body,CG1103,0.12341059,0.13844109,-0.015030496,,
fat body,CG6607,0.04635932,0.06138985,-0.015030529,,
fat body,CG6443,0.035481203,0.050542273,-0.015061069,,
fat body,CG14966,0.10310336,0.11817451,-0.015071146,,
fat body,DIP1,0.06734334,0.0824163,-0.015072964,,
fat body,CG34293,0.06252898,0.07763291,-0.015103929,,
fat body,eIF4B,0.08716788,0.10230018,-0.015132301,,
fat body,CG9084,0.050053183,0.0652029,-0.015149716,,
fat body,PIP4K,0.08591694,0.10106679,-0.015149854,,
fat body,CG14646,0.075180516,0.09033276,-0.015152246,,
fat body,hdly,0.11563199,0.13082094,-0.015188955,,
fat body,CG3632,0.04628814,0.06148155,-0.01519341,,
fat body,CR43482,0.041308526,0.05651551,-0.015206985,,
fat body,fws,0.07859375,0.0938161,-0.015222348,,
fat body,Ddx1,0.035828758,0.051060364,-0.015231606,,
fat body,Sec22,0.1258126,0.1410545,-0.015241891,,
fat body,Alp5,0.0876527,0.10289753,-0.015244834,,
fat body,Men-b,0.051566616,0.06683296,-0.015266344,,
fat body,Aladin,0.04723061,0.06251811,-0.015287504,,
fat body,CG17904,0.038599286,0.05388696,-0.015287675,,
fat body,Ahcy,0.52610165,0.5413919,-0.01529026,,
fat body,Cortactin,0.0734472,0.08873785,-0.015290655,,
fat body,lncRNA:CR44097,0.045908216,0.061205797,-0.0152975805,,
fat body,Npc2b,0.07531084,0.0906187,-0.015307859,,
fat body,CG13926,0.05407225,0.069395736,-0.015323486,,
fat body,CG18622,0.05182592,0.06717728,-0.0153513625,,
fat body,CG12643,0.29447228,0.3098533,-0.015381008,,
fat body,Nha1,0.10312372,0.11850512,-0.015381403,,
fat body,CG33303,0.18715248,0.2025348,-0.01538232,,
fat body,tyf,0.05079324,0.066178344,-0.0153851025,,
fat body,CG12975,0.038847696,0.054237172,-0.015389476,,
fat body,Alas,0.06521337,0.08063525,-0.015421882,,
fat body,CycH,0.04041589,0.05584901,-0.015433118,,
fat body,UBL3,0.047209978,0.06264653,-0.015436552,,
fat body,Sccpdh1,0.12309754,0.13854459,-0.01544705,,
fat body,MED19,0.038578834,0.0540984,-0.015519567,,
fat body,Nepl10,0.050875425,0.0663977,-0.015522271,,
fat body,TMEM216,0.050525755,0.066055596,-0.015529841,,
fat body,Prosap,0.041419324,0.056996655,-0.015577331,,
fat body,Nepl18,0.07464393,0.090256855,-0.015612923,,
fat body,CG14341,0.06203412,0.077652946,-0.015618827,,
fat body,PRAS40,0.047503415,0.06312225,-0.015618835,,
fat body,Rcd5,0.0701819,0.08580332,-0.015621424,,
fat body,abd-A,0.06016142,0.075790755,-0.015629336,,
fat body,sturkopf,0.08149864,0.097162895,-0.015664257,,
fat body,ASPP,0.03997891,0.055658855,-0.015679944,,
fat body,CG31915,0.040879987,0.05656687,-0.015686885,,
fat body,Rpt6,0.28449973,0.3002194,-0.015719652,,
fat body,CG8188,0.035391584,0.051113073,-0.015721489,,
fat body,mRpL45,0.043999266,0.05973941,-0.015740145,,
fat body,Atox1,0.2075288,0.22328174,-0.015752941,,
fat body,cbs,0.03963148,0.05540839,-0.01577691,,
fat body,NTPase,0.056755003,0.07253569,-0.015780691,,
fat body,Moca-cyp,0.03523122,0.051035814,-0.015804593,,
fat body,CG4250,0.10900878,0.124819614,-0.015810832,,
fat body,lin-52,0.04048747,0.056298394,-0.015810926,,
fat body,betaTub60D,0.096462846,0.112276256,-0.01581341,,
fat body,BCAS2,0.042282604,0.058108892,-0.015826289,,
fat body,CG5819,0.06134556,0.07717445,-0.015828889,,
fat body,CG8765,0.04073601,0.056571826,-0.015835818,,
fat body,CG42674,0.046946123,0.06278386,-0.015837736,,
fat body,Ciao1,0.047907725,0.063749574,-0.01584185,,
fat body,Cyp12c1,0.088582404,0.10443084,-0.015848435,,
fat body,conu,0.09830526,0.11416187,-0.015856609,,
fat body,CG2091,0.031075759,0.04693893,-0.01586317,,
fat body,GstE11,0.06480895,0.08074002,-0.01593107,,
fat body,CG16989,0.058203988,0.07415022,-0.015946232,,
fat body,PIG-P,0.03883424,0.054800726,-0.015966486,,
fat body,Nsf2,0.037991785,0.053963352,-0.015971567,,
fat body,CG9471,0.04272256,0.05870951,-0.01598695,,
fat body,emb,0.0915229,0.107519,-0.015996099,,
fat body,Naa30A,0.047751274,0.063747376,-0.015996102,,
fat body,CG4822,0.14299293,0.15899186,-0.01599893,,
fat body,CG11414,0.042544242,0.058544703,-0.01600046,,
fat body,CG7339,0.056537513,0.07255136,-0.01601385,,
fat body,wge,0.034491945,0.050521385,-0.01602944,,
fat body,CG5500,0.06147964,0.07752669,-0.01604705,,
fat body,CG42846,0.94414675,0.96020234,-0.016055584,,
fat body,RpS30,2.8163168,2.8323877,-0.016070843,,
fat body,Zfrp8,0.05139852,0.06747185,-0.016073328,,
fat body,lsn,0.061979294,0.07805462,-0.016075328,,
fat body,Ubr1,0.035278905,0.05135803,-0.016079124,,
fat body,CG8545,0.043040775,0.05912475,-0.016083974,,
fat body,Arfrp1,0.04403717,0.060144488,-0.016107317,,
fat body,Dsp1,0.042267546,0.0583955,-0.016127955,,
fat body,Socs16D,0.03856156,0.054691426,-0.016129866,,
fat body,lncRNA:CR43241,0.042887717,0.059034865,-0.016147148,,
fat body,Ibf1,0.03148454,0.047641654,-0.016157113,,
fat body,CG5447,0.039126243,0.05528656,-0.016160317,,
fat body,asRNA:CR45007,0.066635385,0.08281061,-0.016175225,,
fat body,Syt1,0.5065609,0.52274716,-0.016186237,,
fat body,Drice,0.057402525,0.07359184,-0.016189318,,
fat body,CG18004,0.041988064,0.058279846,-0.016291782,,
fat body,XNP,0.039516307,0.0558283,-0.016311992,,
fat body,Prp31,0.07054053,0.08686779,-0.016327254,,
fat body,CG31100,0.10190177,0.11823056,-0.01632879,,
fat body,Pi3K68D,0.04629599,0.062636964,-0.016340975,,
fat body,sav,0.053622648,0.069988236,-0.016365588,,
fat body,eIF2D,0.06234039,0.078707986,-0.016367596,,
fat body,bip2,0.052004643,0.06838271,-0.016378067,,
fat body,MTF-1,0.06652989,0.08294678,-0.016416885,,
fat body,PlexB,0.036880232,0.05329909,-0.01641886,,
fat body,hng3,0.073455505,0.08989776,-0.016442254,,
fat body,Tsp2A,0.07559008,0.092046194,-0.016456112,,
fat body,tub,0.063408464,0.0798669,-0.016458437,,
fat body,ci,0.043943394,0.060411453,-0.01646806,,
fat body,Hacd2,0.058598798,0.07507166,-0.016472865,,
fat body,CG8031,0.0768669,0.09339843,-0.016531527,,
fat body,l(2)gl,0.07445228,0.09098599,-0.01653371,,
fat body,CG8314,0.12630463,0.142839,-0.016534373,,
fat body,Not1,0.30094174,0.31748435,-0.016542614,,
fat body,cg,0.071125835,0.08767025,-0.016544417,,
fat body,Rab35,0.03611695,0.052661527,-0.016544577,,
fat body,pre-mod(mdg4)-AD,0.06640477,0.08295123,-0.016546465,,
fat body,viaf,0.028513657,0.045068394,-0.016554737,,
fat body,CSN3,0.03813622,0.05470815,-0.016571928,,
fat body,ncm,0.072675705,0.08925849,-0.016582787,,
fat body,CG5590,0.25866207,0.27525198,-0.01658991,,
fat body,CG7483,0.05431461,0.07090979,-0.016595181,,
fat body,Picot,0.050318442,0.06692826,-0.016609818,,
fat body,CG10116,0.07575266,0.092370465,-0.016617805,,
fat body,CG2816,0.39958435,0.4162028,-0.01661846,,
fat body,P58IPK,0.072851576,0.08947584,-0.016624264,,
fat body,CG12375,0.06749767,0.08412372,-0.016626053,,
fat body,Pmp70,0.061514843,0.07815641,-0.016641568,,
fat body,htk,0.031076973,0.04776331,-0.016686337,,
fat body,ced-6,0.61182195,0.6285088,-0.016686857,,
fat body,Myd88,0.060555372,0.07724645,-0.016691078,,
fat body,Ercc1,0.035112113,0.05184513,-0.016733017,,
fat body,drongo,0.031667784,0.048404474,-0.01673669,,
fat body,CG2846,0.07020732,0.08696851,-0.016761191,,
fat body,CG16791,0.045664918,0.0624516,-0.016786683,,
fat body,CG10623,0.116431646,0.13322519,-0.016793542,,
fat body,CG5339,0.046885643,0.06368173,-0.016796086,,
fat body,CG8300,0.06218365,0.07899893,-0.016815282,,
fat body,CG1671,0.035100527,0.05192516,-0.016824633,,
fat body,ldlCp,0.061682973,0.078521535,-0.016838562,,
fat body,Grip,0.050496556,0.06734812,-0.016851567,,
fat body,BuGZ,0.06517071,0.08204727,-0.016876556,,
fat body,CG42823,0.12700339,0.14388177,-0.016878381,,
fat body,CG30291,0.03251632,0.04939998,-0.01688366,,
fat body,CG31800,0.049729664,0.06662068,-0.016891014,,
fat body,lt,0.06768532,0.08457936,-0.016894042,,
fat body,CG3530,0.03460424,0.051498383,-0.016894143,,
fat body,Ns1,0.034776684,0.051675722,-0.016899038,,
fat body,Ubr3,0.06183103,0.078741424,-0.016910393,,
fat body,Rab3-GEF,0.06324242,0.0801561,-0.016913682,,
fat body,mtm,0.08561552,0.1025389,-0.016923375,,
fat body,CG7083,0.05466588,0.07160685,-0.016940974,,
fat body,CG8111,0.04496622,0.061921608,-0.016955387,,
fat body,CG5708,0.04383344,0.060805917,-0.016972478,,
fat body,CG32640,0.030798191,0.047774233,-0.016976042,,
fat body,kay,0.100085236,0.11706128,-0.016976044,,
fat body,CG1632,0.11144401,0.1284672,-0.01702319,,
fat body,Gtp-bp,0.10870622,0.12573107,-0.017024845,,
fat body,Tbce,0.03593212,0.052965123,-0.017033003,,
fat body,Bet5,0.04931714,0.06635519,-0.017038051,,
fat body,CG2818,0.039416146,0.056466483,-0.017050337,,
fat body,CG4630,0.06605748,0.08310882,-0.01705134,,
fat body,CG4593,0.047462698,0.06452091,-0.017058212,,
fat body,Spn88Ea,0.057428215,0.07449269,-0.017064478,,
fat body,mRpS25,0.04771908,0.0648269,-0.017107818,,
fat body,CG15343,0.12506664,0.14220561,-0.017138973,,
fat body,RpS21,2.516148,2.5332897,-0.01714158,,
fat body,CG7546,0.029384786,0.04656134,-0.017176555,,
fat body,CG14184,0.08242905,0.099608645,-0.017179593,,
fat body,twf,0.034260344,0.0514409,-0.017180555,,
fat body,CG13607,0.0725467,0.0897659,-0.0172192,,
fat body,CG42394,0.18821985,0.2054484,-0.017228559,,
fat body,CG32982,0.039396334,0.056638397,-0.017242063,,
fat body,AP-2sigma,0.26931304,0.2865661,-0.017253071,,
fat body,CG16903,0.06925179,0.0865056,-0.017253809,,
fat body,FRG1,0.04035928,0.057627466,-0.017268185,,
fat body,Cdk5alpha,0.03142519,0.04871473,-0.017289542,,
fat body,Rbp1-like,0.040506627,0.05782026,-0.017313633,,
fat body,alpha-Est1,0.104859196,0.122186705,-0.01732751,,
fat body,DCTN3-p24,0.056782547,0.074114084,-0.017331537,,
fat body,mthl9,0.038526125,0.05586194,-0.017335813,,
fat body,Cpes,0.09724099,0.11461313,-0.017372139,,
fat body,CG33932,0.061803106,0.079184406,-0.0173813,,
fat body,btsz,0.048636165,0.06602437,-0.017388206,,
fat body,lncRNA:CR44268,0.108067624,0.12545745,-0.017389826,,
fat body,Btk29A,0.04328836,0.060685735,-0.017397374,,
fat body,SCCRO4,0.044166036,0.06156819,-0.017402153,,
fat body,lawc,0.045780394,0.063197546,-0.017417151,,
fat body,CG4266,0.030537132,0.04795973,-0.017422598,,
fat body,Stt3A,0.035048276,0.05247679,-0.017428514,,
fat body,LanB2,0.09983399,0.117285915,-0.017451927,,
fat body,CG8336,0.030233877,0.047695383,-0.017461507,,
fat body,TrpRS,0.04831201,0.06579539,-0.017483383,,
fat body,Alr,0.03305557,0.050539706,-0.017484136,,
fat body,CG6415,0.24399872,0.26150194,-0.017503217,,
fat body,CG34282,1.3911384,1.4086571,-0.01751864,,
fat body,CG46315,0.08991813,0.10743747,-0.01751934,,
fat body,RN-tre,0.032422367,0.04994467,-0.017522302,,
fat body,Mccc1,0.048736688,0.066262655,-0.017525967,,
fat body,Arp2,0.057588756,0.0751171,-0.01752834,,
fat body,CG34207,0.12773238,0.14526561,-0.017533228,,
fat body,PH4alphaEFB,0.1229782,0.14051214,-0.017533936,,
fat body,CG31301,0.07281951,0.09035839,-0.017538883,,
fat body,CG34026,0.26417083,0.2817344,-0.017563581,,
fat body,CG43326,0.06546896,0.08303358,-0.017564617,,
fat body,Hacl,0.11004435,0.12761739,-0.017573036,,
fat body,Pa1,0.052547637,0.070124,-0.017576363,,
fat body,CG8963,0.07018346,0.087780945,-0.017597482,,
fat body,Spn42Dc,0.09283011,0.110430725,-0.017600618,,
fat body,CG16721,0.08581444,0.10342249,-0.017608054,,
fat body,PMCA,0.052496478,0.0701158,-0.01761932,,
fat body,Wdr33,0.053895175,0.071519546,-0.01762437,,
fat body,CG3040,0.041172873,0.058800876,-0.017628003,,
fat body,GCC185,0.04068915,0.058319014,-0.017629862,,
fat body,vib,0.13638571,0.15403078,-0.017645076,,
fat body,CG7407,0.04208009,0.05977395,-0.017693862,,
fat body,Dap160,0.05406394,0.07177363,-0.017709695,,
fat body,Myo61F,0.06139272,0.07910637,-0.017713647,,
fat body,wbl,0.04293944,0.06066001,-0.017720569,,
fat body,Sep2,0.1900712,0.20779468,-0.017723486,,
fat body,CG32409,0.046353307,0.06409449,-0.017741185,,
fat body,Osbp,0.041445274,0.059199266,-0.017753992,,
fat body,RabX4,0.04475862,0.062514275,-0.017755654,,
fat body,CG4653,0.06594503,0.08370317,-0.017758138,,
fat body,P5CDh1,0.05148571,0.06924654,-0.017760828,,
fat body,CG6665,0.04737002,0.06513087,-0.017760847,,
fat body,LTV1,0.21592483,0.23370497,-0.01778014,,
fat body,Mpi,0.06624686,0.08403805,-0.01779119,,
fat body,Nipsnap,0.11842638,0.13622862,-0.017802238,,
fat body,CG17514,0.08330493,0.1011268,-0.01782187,,
fat body,Gdap1,0.05824748,0.076102,-0.017854523,,
fat body,HIPP1,0.042640388,0.060513765,-0.017873377,,
fat body,Dbp80,0.045683596,0.06356471,-0.017881114,,
fat body,CG4119,0.040702876,0.058631446,-0.01792857,,
fat body,Graf,0.037566543,0.055497903,-0.01793136,,
fat body,ppk19,0.036566805,0.054510973,-0.017944168,,
fat body,p,0.09375389,0.11171675,-0.017962858,,
fat body,AP-1sigma,0.11250909,0.13047704,-0.017967954,,
fat body,CG4783,0.046000116,0.06397192,-0.017971806,,
fat body,Ldsdh1,0.08618916,0.10417994,-0.017990783,,
fat body,Reck,0.07666253,0.09465393,-0.017991394,,
fat body,sktl,0.043430932,0.061425425,-0.017994493,,
fat body,CG4210,0.058552243,0.07655366,-0.018001415,,
fat body,28SrRNA-Psi:CR41609,0.15420482,0.17220719,-0.018002376,,
fat body,Swim,0.13932015,0.15732312,-0.018002972,,
fat body,CG11504,0.031357102,0.04936246,-0.018005356,,
fat body,CG11753,0.059133906,0.07716001,-0.018026102,,
fat body,CG31211,0.039708637,0.057754878,-0.018046241,,
fat body,stc,0.04021956,0.058271132,-0.018051572,,
fat body,alpha-Cat,0.067079216,0.08514805,-0.018068835,,
fat body,ex,0.031220187,0.04931392,-0.018093735,,
fat body,Myb,0.04104732,0.05916946,-0.01812214,,
fat body,CG9586,0.18878545,0.20691022,-0.018124774,,
fat body,csw,0.035493866,0.053619158,-0.018125292,,
fat body,CG9588,0.0433887,0.061518427,-0.018129729,,
fat body,Shrm,0.049219962,0.067375705,-0.018155742,,
fat body,CG9812,0.12837178,0.14652766,-0.018155888,,
fat body,modSP,0.056047663,0.074209526,-0.018161863,,
fat body,Grasp65,0.12098037,0.13914292,-0.018162549,,
fat body,hts,0.084640235,0.10280741,-0.018167175,,
fat body,CG12926,0.22331454,0.24148244,-0.018167898,,
fat body,CG4552,0.032633353,0.050804805,-0.018171452,,
fat body,Kyat,0.048429053,0.06660319,-0.018174138,,
fat body,CG11279,0.06983645,0.08801552,-0.018179066,,
fat body,CG6766,0.06414716,0.082328476,-0.018181317,,
fat body,CG30479,0.051440246,0.06963559,-0.018195346,,
fat body,CG42507,0.044423707,0.06265457,-0.018230863,,
fat body,CG4455,0.03205444,0.050293572,-0.018239133,,
fat body,CG14683,0.050002456,0.06824481,-0.018242352,,
fat body,CG33969,0.07100921,0.0892542,-0.01824499,,
fat body,CG10086,0.03561703,0.05388279,-0.018265758,,
fat body,Sxl,0.038669497,0.05693585,-0.018266354,,
fat body,Pex5,0.07714337,0.09541695,-0.018273577,,
fat body,asRNA:CR43787,0.09958173,0.117867574,-0.01828584,,
fat body,CG14852,0.096627705,0.114914976,-0.018287271,,
fat body,hep,0.055819053,0.07411502,-0.01829597,,
fat body,Dhc64C,0.045760226,0.06407283,-0.018312607,,
fat body,CG18480,0.04280112,0.06113775,-0.018336631,,
fat body,CG9427,0.09106475,0.10940385,-0.018339097,,
fat body,CG32641,0.03794011,0.056281008,-0.018340897,,
fat body,Pgd,0.11314021,0.13148466,-0.018344447,,
fat body,IntS11,0.049469084,0.06782881,-0.018359728,,
fat body,Sec10,0.03566646,0.054031834,-0.018365376,,
fat body,Usp5,0.0355008,0.05387088,-0.01837008,,
fat body,ND-51,0.08718596,0.1055591,-0.018373147,,
fat body,CG8004,0.026799921,0.045174137,-0.018374216,,
fat body,Atg1,0.05330874,0.07168747,-0.018378727,,
fat body,CG5946,0.06752105,0.08591045,-0.018389396,,
fat body,pelo,0.043332018,0.061741747,-0.018409729,,
fat body,p130CAS,0.049572323,0.06798782,-0.0184155,,
fat body,stx,0.1130957,0.131514,-0.018418297,,
fat body,CG1607,0.02750897,0.045936372,-0.018427402,,
fat body,Sf3b1,0.03388711,0.05231583,-0.01842872,,
fat body,Pax,0.1163353,0.13479003,-0.01845473,,
fat body,Wwox,0.051188126,0.069643304,-0.018455178,,
fat body,CG10413,0.066548504,0.08506023,-0.018511727,,
fat body,CG8311,0.057775248,0.076313734,-0.018538486,,
fat body,Uhg5,0.08225142,0.10079003,-0.01853861,,
fat body,CG3107,0.06770503,0.08624865,-0.018543623,,
fat body,Jarid2,0.07617723,0.09473888,-0.018561646,,
fat body,r,0.05471123,0.07329038,-0.018579148,,
fat body,CG3744,0.035062052,0.05364267,-0.01858062,,
fat body,Hr39,0.03452078,0.053113453,-0.018592674,,
fat body,CG7470,0.8568355,0.8754414,-0.018605888,,
fat body,CG11377,0.029610474,0.048220836,-0.018610362,,
fat body,Klp98A,0.04955049,0.06816292,-0.01861243,,
fat body,Herc4,0.038127627,0.056743115,-0.018615488,,
fat body,Dak1,0.20759377,0.22620995,-0.018616185,,
fat body,CG17574,0.34818855,0.36680558,-0.018617034,,
fat body,Oatp33Eb,0.045021065,0.06363885,-0.018617786,,
fat body,Pop2,0.11042799,0.12907645,-0.01864846,,
fat body,mthl14,0.041300464,0.05995144,-0.018650975,,
fat body,Agpat3,0.25467128,0.2733362,-0.018664926,,
fat body,Set1,0.033614412,0.05228586,-0.01867145,,
fat body,SpdS,0.2143719,0.23304458,-0.018672675,,
fat body,CG7766,0.07286701,0.09154171,-0.018674694,,
fat body,MTA1-like,0.04347073,0.06215999,-0.01868926,,
fat body,NimB3,1.2584517,1.2771685,-0.018716812,,
fat body,CHMP2B,0.07184997,0.090572,-0.018722028,,
fat body,mRpL39,0.031987406,0.050711393,-0.018723987,,
fat body,Mms19,0.045264713,0.06398906,-0.018724345,,
fat body,CG8223,0.11225157,0.13098033,-0.018728755,,
fat body,mys,0.100221746,0.11895171,-0.018729962,,
fat body,CG9132,0.05821204,0.076958954,-0.018746912,,
fat body,T48,0.033307657,0.052056428,-0.018748771,,
fat body,Pdp1,0.075426005,0.09418759,-0.018761583,,
fat body,CG13676,0.04487537,0.063639715,-0.018764347,,
fat body,Pitslre,0.093387276,0.112152666,-0.01876539,,
fat body,Vps35,0.069552094,0.08831964,-0.018767543,,
fat body,Slh,0.07069573,0.0894672,-0.01877147,,
fat body,pall,0.06814858,0.086920515,-0.018771932,,
fat body,AGO3,0.04217127,0.06095215,-0.01878088,,
fat body,put,0.036162738,0.05496347,-0.018800732,,
fat body,S,0.031224318,0.05003098,-0.018806662,,
fat body,Rab11,0.15536152,0.17417653,-0.01881501,,
fat body,Srp68,0.097953595,0.116769776,-0.01881618,,
fat body,CG31952,0.030984446,0.04980228,-0.018817835,,
fat body,cpb,0.11087611,0.1297089,-0.018832788,,
fat body,Mec2,0.11679089,0.13562904,-0.018838152,,
fat body,IA-2,0.051958792,0.07079769,-0.018838897,,
fat body,Ublcp1,0.033574007,0.052417457,-0.01884345,,
fat body,Rop,0.04355072,0.062399942,-0.018849224,,
fat body,CG9686,0.050163705,0.06903625,-0.018872548,,
fat body,AP-1gamma,0.056535237,0.07541492,-0.018879682,,
fat body,ecd,0.040261514,0.059159942,-0.018898427,,
fat body,Cyp4ac1,0.08827011,0.10718194,-0.018911824,,
fat body,CG15771,0.11656071,0.1354823,-0.018921584,,
fat body,CG8149,0.039342113,0.058264915,-0.018922802,,
fat body,BRWD3,0.03117941,0.050102364,-0.018922955,,
fat body,corto,0.051286627,0.07021244,-0.018925812,,
fat body,CG9328,0.031496666,0.05042607,-0.018929403,,
fat body,shd,0.14640611,0.16534309,-0.018936977,,
fat body,Tif-IA,0.04386941,0.06281237,-0.018942963,,
fat body,E2f1,0.108035505,0.12698252,-0.01894702,,
fat body,Msp300,0.20727506,0.22624086,-0.018965796,,
fat body,Ect3,0.05164161,0.07062043,-0.018978823,,
fat body,Sf3a1,0.030016806,0.049004998,-0.018988192,,
fat body,CG10214,0.95693123,0.97592336,-0.018992126,,
fat body,CG17032,0.036189754,0.055184197,-0.018994443,,
fat body,CG31121,0.051912412,0.070922494,-0.019010082,,
fat body,TFAM,0.0429465,0.06199183,-0.01904533,,
fat body,cic,0.05706092,0.076111756,-0.019050837,,
fat body,Rab10,0.05852815,0.07758812,-0.019059967,,
fat body,CG1677,0.05922196,0.078290194,-0.019068234,,
fat body,aru,0.037550613,0.056627218,-0.019076604,,
fat body,Rme-8,0.071120724,0.090204924,-0.0190842,,
fat body,hfp,0.05990883,0.07899973,-0.019090898,,
fat body,CG2017,0.055734955,0.07482608,-0.019091122,,
fat body,Doa,0.057953455,0.07706195,-0.019108497,,
fat body,MFS16,0.08645946,0.10557315,-0.01911369,,
fat body,CG1703,0.099098794,0.11822433,-0.019125536,,
fat body,CG33514,0.030546073,0.049717594,-0.019171521,,
fat body,Sac1,0.11178575,0.13095914,-0.019173391,,
fat body,beta'COP,0.13581988,0.15499407,-0.019174188,,
fat body,Pp1alpha-96A,0.07308571,0.09226891,-0.019183196,,
fat body,barc,0.036286812,0.05547002,-0.019183207,,
fat body,Jheh3,0.24924214,0.26842892,-0.01918678,,
fat body,Usp16-45,0.035288617,0.054487932,-0.019199315,,
fat body,CG30392,0.08850355,0.10772686,-0.01922331,,
fat body,Cul5,0.042589724,0.061829645,-0.019239921,,
fat body,Rac2,0.047208168,0.06648563,-0.01927746,,
fat body,enok,0.037405234,0.0566916,-0.019286364,,
fat body,asRNA:CR45895,0.03361722,0.05290667,-0.019289449,,
fat body,CG7461,0.111104205,0.1303987,-0.0192945,,
fat body,scny,0.0697978,0.089094706,-0.019296907,,
fat body,mei-P26,0.034373537,0.053672727,-0.01929919,,
fat body,CG1344,0.06507691,0.084383436,-0.019306526,,
fat body,Tnpo,0.05945899,0.07877688,-0.019317891,,
fat body,CG5727,0.061673395,0.08102087,-0.019347474,,
fat body,CG8668,0.07479065,0.09414288,-0.019352227,,
fat body,LanB1,0.104290396,0.12364962,-0.019359224,,
fat body,Vps37B,0.075938,0.09532067,-0.01938267,,
fat body,CG5787,0.047125332,0.06651058,-0.019385248,,
fat body,Mst85C,0.04103646,0.06043845,-0.01940199,,
fat body,EMRE,0.096060306,0.11549178,-0.019431472,,
fat body,Cf2,0.048262108,0.067698725,-0.019436616,,
fat body,Bem46,0.040002592,0.059443116,-0.019440524,,
fat body,Mekk1,0.06483849,0.08430775,-0.019469261,,
fat body,CG31038,0.029254219,0.048748735,-0.019494517,,
fat body,Adi1,0.32517695,0.3446739,-0.019496948,,
fat body,rho-4,0.06015901,0.0796594,-0.019500393,,
fat body,rb,0.04165935,0.06116171,-0.01950236,,
fat body,CG8008,0.032715548,0.052220084,-0.019504536,,
fat body,Archease,0.04654048,0.06605119,-0.019510712,,
fat body,ZnT86D,0.073597215,0.09312353,-0.019526318,,
fat body,Idgf1,0.1179266,0.1374536,-0.019527003,,
fat body,Mps1,0.039353415,0.058899604,-0.019546188,,
fat body,CG12170,0.0400012,0.059551213,-0.019550014,,
fat body,CadN,0.03949899,0.059054837,-0.019555848,,
fat body,Fdh,0.264099,0.28366044,-0.01956144,,
fat body,Pig1,0.16053501,0.18011987,-0.019584864,,
fat body,CG5850,0.077133425,0.096721955,-0.01958853,,
fat body,CG13506,0.05595905,0.075553514,-0.019594464,,
fat body,CG14984,0.053431656,0.07304186,-0.0196102,,
fat body,morgue,0.03053705,0.05015198,-0.019614931,,
fat body,CG8460,0.041980773,0.061600424,-0.019619651,,
fat body,ago,0.04335282,0.06297571,-0.019622892,,
fat body,mt:ND2,0.12452096,0.14415306,-0.019632101,,
fat body,CG42724,0.042027183,0.061668854,-0.019641671,,
fat body,CHORD,0.037014443,0.05666701,-0.019652568,,
fat body,mld,0.029807005,0.049465954,-0.01965895,,
fat body,RpL29,2.7933686,2.8130329,-0.019664288,,
fat body,Dad,0.044038378,0.06373455,-0.019696169,,
fat body,MRP,0.046051063,0.06578088,-0.019729815,,
fat body,lncRNA:cherub,0.07453901,0.09428127,-0.019742258,,
fat body,CG12773,0.081144094,0.10089194,-0.019747846,,
fat body,CG45099,0.040311605,0.060088553,-0.019776948,,
fat body,CHKov1,0.119586036,0.13937862,-0.019792587,,
fat body,asf1,0.042732045,0.062524654,-0.019792609,,
fat body,Ndae1,0.053475164,0.07328756,-0.019812398,,
fat body,CG11334,0.17459944,0.19442688,-0.01982744,,
fat body,pes,0.051296785,0.0711301,-0.019833311,,
fat body,GCS1,0.03201903,0.051863786,-0.019844756,,
fat body,CG15445,0.05020401,0.07005627,-0.019852258,,
fat body,Ent1,0.058295406,0.078152105,-0.019856699,,
fat body,CG17721,0.102896385,0.122761495,-0.01986511,,
fat body,olf413,0.03385639,0.053740487,-0.019884098,,
fat body,CG11134,0.108472265,0.12835711,-0.019884847,,
fat body,miple1,0.047543246,0.06743224,-0.019888993,,
fat body,TfIIEalpha,0.03824191,0.058146745,-0.019904833,,
fat body,CG7702,0.03779754,0.057726756,-0.019929215,,
fat body,Ote,0.029805068,0.049736593,-0.019931525,,
fat body,CG3909,0.044220425,0.06415482,-0.019934393,,
fat body,CG1907,0.08019452,0.10013477,-0.01994025,,
fat body,CG3732,0.054937717,0.0748835,-0.019945782,,
fat body,CG14969,0.03600997,0.055967532,-0.019957561,,
fat body,CG8087,0.06779785,0.08775546,-0.01995761,,
fat body,alpha-Est7,0.122166745,0.14212687,-0.019960128,,
fat body,CG6398,0.06742726,0.087389305,-0.019962043,,
fat body,CG5989,0.04794415,0.06791723,-0.019973077,,
fat body,CG3295,0.06559592,0.08558249,-0.01998657,,
fat body,MFS17,0.07231693,0.09232693,-0.020010002,,
fat body,Edg91,0.049945865,0.06995618,-0.020010319,,
fat body,AnxB10,0.09160484,0.11162989,-0.020025052,,
fat body,grh,0.039711125,0.059737567,-0.020026442,,
fat body,Mondo,0.087710686,0.107738554,-0.020027868,,
fat body,daw,0.26566225,0.28569102,-0.02002877,,
fat body,Edem2,0.03786754,0.05790979,-0.020042252,,
fat body,Rcd-1,0.07205733,0.092128694,-0.020071365,,
fat body,GCS2beta,0.09360818,0.113680154,-0.020071976,,
fat body,smash,0.04986686,0.06996319,-0.020096328,,
fat body,CG31636,0.036285732,0.056384746,-0.020099014,,
fat body,CG4537,0.039337248,0.059444062,-0.020106815,,
fat body,CG13460,0.10397357,0.12408589,-0.02011232,,
fat body,CG6695,0.05010709,0.07022258,-0.020115487,,
fat body,Uggt,0.034641434,0.05478939,-0.020147957,,
fat body,Mlc-c,0.15216134,0.17231417,-0.020152822,,
fat body,Cyp6g2,0.08313249,0.103287436,-0.020154946,,
fat body,eIF2Bdelta,0.05851025,0.078678176,-0.020167924,,
fat body,Atg9,0.06561713,0.08578864,-0.020171508,,
fat body,CG7519,0.07916759,0.09935403,-0.02018644,,
fat body,CG17027,0.16995054,0.19014582,-0.020195276,,
fat body,Rabex-5,0.03864309,0.05885292,-0.02020983,,
fat body,Hr96,0.040205628,0.060437314,-0.020231687,,
fat body,CG34015,0.05595801,0.07620809,-0.020250082,,
fat body,Spt6,0.05011342,0.07037522,-0.020261798,,
fat body,Rae1,0.056973085,0.07723536,-0.020262279,,
fat body,uex,0.047023915,0.06729061,-0.020266697,,
fat body,mamo,0.03422774,0.05451461,-0.02028687,,
fat body,CG2218,0.046202533,0.06649482,-0.02029229,,
fat body,Pak3,0.059827536,0.08016321,-0.020335674,,
fat body,unk,0.043350734,0.063702494,-0.02035176,,
fat body,CG32163,0.047853883,0.06820684,-0.020352956,,
fat body,CG2915,0.21173856,0.23211338,-0.02037482,,
fat body,CG18766,0.05897807,0.07935396,-0.020375889,,
fat body,CG18549,0.09369384,0.114069894,-0.020376056,,
fat body,CG15083,0.1385847,0.15896985,-0.020385146,,
fat body,Gk2,0.071432665,0.09181783,-0.020385168,,
fat body,Cyt-c-p,0.14981191,0.17020418,-0.020392269,,
fat body,Galphas,0.07522485,0.095622785,-0.020397939,,
fat body,lncRNA:CR44898,0.036629938,0.0570348,-0.020404864,,
fat body,Rbp9,0.0313714,0.051781762,-0.020410363,,
fat body,east,0.039828636,0.060246527,-0.020417891,,
fat body,CG9175,0.039054442,0.05948955,-0.020435106,,
fat body,RpII140,0.06673251,0.087183826,-0.020451315,,
fat body,CG14671,0.073716,0.09416965,-0.020453647,,
fat body,lgs,0.04877325,0.06925816,-0.02048491,,
fat body,Sec5,0.062387176,0.0828788,-0.020491622,,
fat body,CG8320,0.09948415,0.119993635,-0.020509481,,
fat body,Ask1,0.059511524,0.08002221,-0.020510685,,
fat body,Dh44-R2,0.060184237,0.08070685,-0.020522613,,
fat body,CG10778,0.07669376,0.09722514,-0.020531379,,
fat body,asRNA:CR45141,0.051190015,0.07172539,-0.020535376,,
fat body,ltl,0.09347502,0.11401041,-0.020535387,,
fat body,Unc-76,0.04490526,0.06544465,-0.020539388,,
fat body,Pcf11,0.10348929,0.12403974,-0.020550452,,
fat body,Tspo,0.31805515,0.33860856,-0.02055341,,
fat body,SPoCk,0.053628158,0.07418345,-0.020555291,,
fat body,Dref,0.053245742,0.07380149,-0.020555746,,
fat body,glo,0.07154521,0.09211519,-0.02056998,,
fat body,Vps33B,0.029773284,0.05035751,-0.020584226,,
fat body,CG10465,0.10485304,0.12545949,-0.02060645,,
fat body,Mtp,0.09436709,0.114974864,-0.020607777,,
fat body,Gfat2,0.058845025,0.079459935,-0.02061491,,
fat body,CG31705,0.2385987,0.25923556,-0.020636857,,
fat body,lncRNA:CR44997,0.05376998,0.07441288,-0.020642903,,
fat body,qm,0.04431694,0.064967915,-0.020650975,,
fat body,fwe,0.11799191,0.13864519,-0.020653278,,
fat body,CG16986,0.06392746,0.08459094,-0.020663485,,
fat body,NimB1,0.19267358,0.21338585,-0.020712271,,
fat body,zip,0.31071207,0.33142442,-0.020712346,,
fat body,CG5013,0.055744212,0.07646579,-0.02072158,,
fat body,tud,0.20895979,0.22968969,-0.0207299,,
fat body,CG31955,0.11657127,0.1373143,-0.020743035,,
fat body,Hr78,0.09710654,0.11785083,-0.020744294,,
fat body,CG9776,0.066270426,0.087023385,-0.020752959,,
fat body,CG34140,0.041300993,0.0620642,-0.020763207,,
fat body,beta-Man,0.060104374,0.080868706,-0.020764332,,
fat body,shi,0.059141587,0.07994662,-0.020805035,,
fat body,Rrp47,0.050210074,0.071019284,-0.02080921,,
fat body,CG42728,0.06677675,0.08759169,-0.02081494,,
fat body,sgll,0.08623143,0.107046574,-0.020815141,,
fat body,SRPK,0.07341849,0.09424179,-0.0208233,,
fat body,CG12320,0.031392343,0.052224305,-0.020831961,,
fat body,sbb,0.04788533,0.06874234,-0.020857014,,
fat body,Atg12,0.048952293,0.069834545,-0.020882253,,
fat body,ND-49,0.07318264,0.094076864,-0.020894222,,
fat body,Evi5,0.045055643,0.06595038,-0.020894736,,
fat body,bsf,0.044256266,0.06516648,-0.020910215,,
fat body,mRpS34,0.050107993,0.071019396,-0.020911403,,
fat body,Cp190,0.046735935,0.06766398,-0.020928048,,
fat body,DENR,0.054888766,0.07584029,-0.02095152,,
fat body,mRpL40,0.033722848,0.05467859,-0.020955741,,
fat body,CG11807,0.031688157,0.05266786,-0.020979702,,
fat body,CycY,0.048182316,0.06918846,-0.021006145,,
fat body,CG3436,0.066746496,0.08775511,-0.02100861,,
fat body,RpA-70,0.039536044,0.060555257,-0.021019213,,
fat body,hang,0.044279825,0.06531418,-0.021034356,,
fat body,sgg,0.3733144,0.39439303,-0.021078616,,
fat body,sn,0.03710794,0.05822638,-0.02111844,,
fat body,Pfas,0.08585519,0.10697543,-0.021120235,,
fat body,CG9775,0.13962916,0.16077705,-0.021147892,,
fat body,CG10340,0.029900286,0.05105233,-0.021152042,,
fat body,Zpr1,0.036654763,0.05781171,-0.021156948,,
fat body,rudhira,0.10111153,0.122275405,-0.021163873,,
fat body,RYBP,0.0419369,0.06310325,-0.02116635,,
fat body,Membrin,0.122279964,0.14344983,-0.021169864,,
fat body,CG8230,0.06770538,0.08887607,-0.02117069,,
fat body,kek5,0.040270504,0.06144139,-0.021170888,,
fat body,CG4662,0.10400206,0.12519844,-0.02119638,,
fat body,CG4911,0.065818004,0.08702031,-0.021202303,,
fat body,CG10874,0.063747495,0.0849501,-0.021202601,,
fat body,Sec24CD,0.07403097,0.095247135,-0.021216162,,
fat body,CG3558,0.08631164,0.10753526,-0.02122362,,
fat body,nAChRalpha4,0.026136706,0.04743073,-0.021294026,,
fat body,Opa1,0.054346073,0.07564866,-0.021302585,,
fat body,bgm,0.033553895,0.05485796,-0.021304067,,
fat body,Zw,0.04898507,0.07029446,-0.02130939,,
fat body,cad,0.03615857,0.057483044,-0.021324474,,
fat body,Muc96D,0.14280201,0.16412735,-0.021325335,,
fat body,Hs2st,0.076557204,0.097887605,-0.021330401,,
fat body,beag,0.035128325,0.056462966,-0.02133464,,
fat body,Adh,0.1750466,0.1963837,-0.021337107,,
fat body,Desat1,0.83014286,0.8515075,-0.02136463,,
fat body,CG7320,0.3082419,0.32962537,-0.021383464,,
fat body,Fbp2,2.881778,2.9031773,-0.02139926,,
fat body,Smr,0.12109561,0.14250375,-0.02140814,,
fat body,RagA-B,0.054340873,0.07575328,-0.021412406,,
fat body,ics,0.06301028,0.08442479,-0.02141451,,
fat body,mRpL21,0.050555915,0.0719948,-0.021438882,,
fat body,CG16727,0.09931145,0.12079171,-0.021480262,,
fat body,dia,0.06774933,0.089243695,-0.021494366,,
fat body,pns,0.03671369,0.058256708,-0.021543019,,
fat body,Mys45A,0.032824967,0.054383658,-0.02155869,,
fat body,Ag5r,0.14482664,0.16641147,-0.021584839,,
fat body,CG34039,0.032216195,0.05380381,-0.021587614,,
fat body,fl(2)d,0.04009716,0.061697252,-0.021600094,,
fat body,pirk,0.07891133,0.10051664,-0.021605313,,
fat body,CG9948,0.070253246,0.09186577,-0.021612525,,
fat body,CG13933,0.041875295,0.063491195,-0.0216159,,
fat body,HIP,0.07435335,0.09598481,-0.021631457,,
fat body,siz,0.06310013,0.08475097,-0.021650843,,
fat body,CG15673,0.040290207,0.061959513,-0.021669306,,
fat body,CG17528,0.037590485,0.05926264,-0.021672156,,
fat body,CG3224,0.107676744,0.12937577,-0.021699026,,
fat body,CG4789,0.13829868,0.16000226,-0.021703586,,
fat body,mus301,0.03462772,0.056352425,-0.021724705,,
fat body,MAPk-Ak2,0.09267574,0.11441536,-0.021739624,,
fat body,spin,0.041008525,0.062755555,-0.02174703,,
fat body,CG31935,0.030911952,0.052663602,-0.02175165,,
fat body,CG11857,0.10648437,0.12823878,-0.021754414,,
fat body,CG6125,0.038796004,0.06055941,-0.021763407,,
fat body,NSD,0.052193347,0.07397126,-0.02177791,,
fat body,Pgk,0.21823357,0.2400143,-0.02178073,,
fat body,CG5541,0.06684168,0.08862466,-0.021782987,,
fat body,RpI12,0.031347122,0.053136,-0.021788877,,
fat body,CG5290,0.03449528,0.0562876,-0.021792322,,
fat body,GstE13,0.037998393,0.05981653,-0.021818139,,
fat body,aPKC,0.04107453,0.06290654,-0.021832012,,
fat body,DNApol-iota,0.050195232,0.07203005,-0.02183482,,
fat body,PTPMT1,0.044570763,0.06640887,-0.02183811,,
fat body,Vps4,0.1216245,0.14346881,-0.021844313,,
fat body,CG7099,0.028741661,0.050592523,-0.021850862,,
fat body,CG2182,0.10052046,0.1223849,-0.021864437,,
fat body,Wbp2,0.11117759,0.1330447,-0.021867111,,
fat body,CG6171,0.045229975,0.067159384,-0.02192941,,
fat body,CG17734,0.2145169,0.23646396,-0.021947071,,
fat body,CG7252,0.16807508,0.19004758,-0.021972492,,
fat body,M1BP,0.06373566,0.0857138,-0.02197814,,
fat body,Ino80,0.03294308,0.054925222,-0.02198214,,
fat body,CLIP-190,0.17765406,0.19963656,-0.021982506,,
fat body,row,0.03717801,0.059200082,-0.022022072,,
fat body,CG32803,0.22621657,0.24823923,-0.022022665,,
fat body,mRpL19,0.03361604,0.055641763,-0.022025723,,
fat body,Nup154,0.030301277,0.052387115,-0.022085838,,
fat body,CG42709,0.058096357,0.0801824,-0.022086047,,
fat body,CG16812,0.024934862,0.047039777,-0.022104915,,
fat body,E2f2,0.04562064,0.067731544,-0.022110905,,
fat body,CG32313,0.03151892,0.053635914,-0.022116993,,
fat body,CG3907,0.05809359,0.08022457,-0.022130985,,
fat body,Cog3,0.03840194,0.060536034,-0.022134095,,
fat body,bc10,0.032515723,0.054670658,-0.022154935,,
fat body,O-fut1,0.03869714,0.06085527,-0.022158131,,
fat body,CG13117,0.09158661,0.11378373,-0.02219712,,
fat body,CG9674,0.20995256,0.2321778,-0.022225231,,
fat body,Arf79F,0.20093767,0.22317536,-0.022237688,,
fat body,CG3337,0.03628929,0.058534633,-0.022245344,,
fat body,AlaRS,0.044414718,0.06668399,-0.022269275,,
fat body,Lac,0.0483488,0.07062027,-0.02227147,,
fat body,CG30196,0.060232446,0.08251199,-0.022279546,,
fat body,hrg,0.05754146,0.07983869,-0.022297233,,
fat body,ND-20,0.13410537,0.15641086,-0.022305489,,
fat body,eIF3d1,0.19802135,0.22033839,-0.022317037,,
fat body,Fpps,0.040039342,0.062357154,-0.022317812,,
fat body,E(Pc),0.047189824,0.069512494,-0.02232267,,
fat body,CG17660,0.053298656,0.07563836,-0.022339705,,
fat body,Mfe2,0.11938878,0.14173053,-0.02234175,,
fat body,CG1572,0.19330879,0.21566276,-0.022353977,,
fat body,pod1,0.07212551,0.094497174,-0.022371665,,
fat body,CG14787,0.10767439,0.13005067,-0.022376284,,
fat body,AIMP3,0.059854016,0.08223795,-0.022383936,,
fat body,CG6701,0.05462385,0.07702822,-0.022404373,,
fat body,SP1173,0.04500963,0.06741496,-0.02240533,,
fat body,CG17570,0.034924503,0.057350222,-0.022425719,,
fat body,Nepl6,0.16647694,0.18890353,-0.02242659,,
fat body,mRpL14,0.045734484,0.068166465,-0.02243198,,
fat body,Prx6005,0.030860482,0.05329528,-0.022434799,,
fat body,Pak,0.042534992,0.06496994,-0.02243495,,
fat body,mt:ND6,0.121189386,0.14362614,-0.022436753,,
fat body,Med,0.041027986,0.06346846,-0.022440478,,
fat body,CG3505,0.13203962,0.15448202,-0.0224424,,
fat body,CG32650,0.028713416,0.05116113,-0.022447713,,
fat body,CG8197,0.028601192,0.051056206,-0.022455014,,
fat body,Golgin84,0.04975864,0.07221912,-0.02246048,,
fat body,CG15141,0.04255926,0.0650294,-0.022470139,,
fat body,Gpo3,0.032238834,0.054713063,-0.02247423,,
fat body,pros,0.061899934,0.08439163,-0.022491697,,
fat body,Pmm2,0.111965135,0.13446294,-0.022497803,,
fat body,Taf4,0.032796893,0.05530347,-0.022506576,,
fat body,LSm1,0.06553733,0.08806511,-0.022527777,,
fat body,CG9018,0.044560518,0.06709454,-0.022534024,,
fat body,CG4866,0.034728512,0.0572697,-0.022541188,,
fat body,sinu,0.03420698,0.056767322,-0.022560343,,
fat body,mRpL38,0.051863942,0.0744302,-0.022566255,,
fat body,CG13365,0.119246975,0.14181893,-0.022571951,,
fat body,CG4592,0.058662537,0.08123974,-0.0225772,,
fat body,Gdh,0.29793504,0.3205186,-0.022583574,,
fat body,Rpt4,0.5087428,0.53134143,-0.022598624,,
fat body,Trs31,0.058686387,0.081289716,-0.02260333,,
fat body,Tmem18,0.07788828,0.100500666,-0.022612385,,
fat body,tai,0.06649179,0.08911123,-0.022619441,,
fat body,spoon,0.1131519,0.13577737,-0.022625469,,
fat body,Yip1d1,0.09949153,0.122131996,-0.022640467,,
fat body,capt,0.1347346,0.15737513,-0.022640526,,
fat body,Cdc7,0.02679647,0.049439374,-0.022642905,,
fat body,asRNA:CR44031,0.03494944,0.057620395,-0.022670954,,
fat body,CG3164,0.24178107,0.26445207,-0.022671,,
fat body,CG9248,0.11945888,0.14213654,-0.022677667,,
fat body,MED14,0.08868127,0.111362234,-0.02268096,,
fat body,CG11980,0.058435667,0.081118524,-0.022682857,,
fat body,Ptp4E,0.02938242,0.05207394,-0.02269152,,
fat body,CG42681,0.047981456,0.07068451,-0.022703052,,
fat body,ArgRS,0.0401745,0.062892385,-0.022717886,,
fat body,S6k,0.22038041,0.24310184,-0.022721425,,
fat body,Galphao,0.052853882,0.075579084,-0.022725202,,
fat body,CG43078,0.03679408,0.059521794,-0.022727713,,
fat body,c12.1,0.038974065,0.06170229,-0.022728223,,
fat body,Nup44A,0.03189005,0.05461838,-0.022728331,,
fat body,CG34353,0.032426413,0.055160522,-0.02273411,,
fat body,bonsai,0.041523613,0.064265065,-0.022741452,,
fat body,Tsr1,0.058473784,0.08122609,-0.022752304,,
fat body,CG5938,0.055124827,0.07788749,-0.022762664,,
fat body,CG9391,0.09034927,0.11312631,-0.022777036,,
fat body,spi,0.14509939,0.16787681,-0.022777423,,
fat body,CaMKI,0.33654952,0.3593344,-0.022784889,,
fat body,crok,0.05963716,0.082422115,-0.022784956,,
fat body,pre-mod(mdg4)-Z,0.066847555,0.08963356,-0.022786006,,
fat body,sqh,0.31348214,0.3362742,-0.022792071,,
fat body,lncRNA:CR33942,0.14356089,0.1663595,-0.022798613,,
fat body,Brms1,0.030032106,0.052833613,-0.022801507,,
fat body,Fs(2)Ket,0.06135331,0.08416185,-0.022808537,,
fat body,CG7550,0.050831813,0.07365813,-0.022826318,,
fat body,Pp4-19C,0.060336072,0.08322487,-0.022888798,,
fat body,CG15014,0.04306754,0.065974474,-0.022906933,,
fat body,Tailor,0.07524392,0.09815336,-0.02290944,,
fat body,Alh,0.042916097,0.06582835,-0.022912256,,
fat body,Lerp,0.07095635,0.09387122,-0.022914872,,
fat body,Traf-like,0.08272977,0.10564633,-0.022916555,,
fat body,CCDC53,0.03827381,0.061214495,-0.022940684,,
fat body,pix,0.32158786,0.3445339,-0.02294603,,
fat body,GstT1,0.081125095,0.10407216,-0.022947066,,
fat body,Art1,0.052933786,0.07591028,-0.022976492,,
fat body,CG13630,0.048254453,0.07123657,-0.02298212,,
fat body,TM9SF3,0.06033768,0.08332089,-0.022983212,,
fat body,CG2201,0.029393667,0.052377958,-0.02298429,,
fat body,CG5618,0.0468719,0.069867924,-0.022996023,,
fat body,zf30C,0.0545473,0.07759466,-0.023047362,,
fat body,bif,0.049580723,0.07263504,-0.023054317,,
fat body,Uba3,0.050742168,0.0738018,-0.023059633,,
fat body,Eogt,0.035073478,0.058140106,-0.023066629,,
fat body,CG17233,0.051920913,0.07498756,-0.023066647,,
fat body,CG7484,0.15798509,0.18106335,-0.023078263,,
fat body,NaCP60E,0.043234047,0.066318795,-0.023084749,,
fat body,CG9804,0.041861817,0.065003924,-0.023142107,,
fat body,CG8468,0.08109171,0.10423466,-0.023142949,,
fat body,Rab4,0.080990486,0.10414027,-0.02314978,,
fat body,Obp83cd,0.08390796,0.107081935,-0.023173973,,
fat body,TyrRS,0.14243905,0.1656182,-0.023179144,,
fat body,scaf6,0.040174674,0.06337149,-0.023196813,,
fat body,Taf11,0.06736455,0.09056266,-0.023198105,,
fat body,gry,0.056085378,0.079301156,-0.023215778,,
fat body,GstE3,0.21567185,0.23889703,-0.023225173,,
fat body,nrv1,0.094321325,0.11754724,-0.023225911,,
fat body,Sap130,0.05073132,0.073960334,-0.023229014,,
fat body,CG42372,0.03915042,0.062383503,-0.023233082,,
fat body,CG4612,0.0418994,0.065142,-0.023242597,,
fat body,foi,0.03309183,0.05635685,-0.023265023,,
fat body,Chd1,0.04261602,0.06588638,-0.023270357,,
fat body,Slip1,0.040073566,0.06335053,-0.023276962,,
fat body,aph-1,0.08282196,0.10610101,-0.023279056,,
fat body,CG17333,0.10176574,0.12504688,-0.023281142,,
fat body,milt,0.100895226,0.12418035,-0.02328512,,
fat body,Flo1,0.112356186,0.13564637,-0.023290187,,
fat body,CG6013,0.04816896,0.07147307,-0.023304109,,
fat body,RhoGAPp190,0.0592526,0.08256435,-0.023311745,,
fat body,AP-1mu,0.04977741,0.073101096,-0.023323685,,
fat body,Ndfip,0.05491011,0.07826862,-0.023358509,,
fat body,wls,0.03609323,0.059472594,-0.023379363,,
fat body,Inos,0.10959978,0.13298668,-0.023386903,,
fat body,Lpin,0.11456321,0.13798648,-0.02342327,,
fat body,CG9003,0.064900264,0.08832442,-0.023424156,,
fat body,Cat,0.24904613,0.27247146,-0.023425326,,
fat body,Sardh,0.08807958,0.11150545,-0.02342587,,
fat body,RfC4,0.03317128,0.056620643,-0.023449361,,
fat body,CG34355,0.026423661,0.049898013,-0.023474352,,
fat body,babo,0.04817134,0.07165147,-0.023480132,,
fat body,Eip63E,0.056724906,0.08020537,-0.023480467,,
fat body,MED30,0.038038243,0.061531164,-0.023492921,,
fat body,CG8038,0.04739365,0.07089843,-0.023504779,,
fat body,Cyp304a1,0.15338291,0.17688826,-0.023505345,,
fat body,Srlp,0.056366164,0.07987632,-0.023510154,,
fat body,Spase25,0.3719236,0.3954559,-0.023532301,,
fat body,CG9664,0.138132,0.16167967,-0.023547664,,
fat body,ssx,0.04681893,0.07036856,-0.023549628,,
fat body,CG5445,0.048093755,0.07165326,-0.023559507,,
fat body,CG15107,0.037203617,0.060783315,-0.023579698,,
fat body,cact,0.12500332,0.1485967,-0.023593381,,
fat body,CG7029,0.051990673,0.07558981,-0.02359914,,
fat body,CG3792,0.08484831,0.108447574,-0.023599267,,
fat body,hiw,0.038944945,0.06254789,-0.023602948,,
fat body,Nup75,0.03436855,0.057976652,-0.023608103,,
fat body,Rab18,0.21698433,0.24061918,-0.023634851,,
fat body,CG31195,0.051310606,0.07495111,-0.023640506,,
fat body,GMF,0.044322938,0.06797341,-0.023650475,,
fat body,SREBP,0.106700376,0.13035244,-0.023652062,,
fat body,fzr,0.048798505,0.07248105,-0.023682546,,
fat body,RpS25,3.055281,3.078967,-0.02368617,,
fat body,prod,0.030891897,0.054579657,-0.02368776,,
fat body,CG9945,0.038561385,0.06225231,-0.023690924,,
fat body,pre-mod(mdg4)-G,0.04034807,0.06403926,-0.023691189,,
fat body,Syx16,0.054011207,0.077707,-0.023695793,,
fat body,PheRS-m,0.029682847,0.053385884,-0.023703037,,
fat body,Efa6,0.04475684,0.068474196,-0.023717355,,
fat body,CG44174,0.026716325,0.050450083,-0.023733757,,
fat body,l(2)05714,0.041506067,0.065245196,-0.02373913,,
fat body,CG17919,0.042414345,0.06615802,-0.023743674,,
fat body,exp,0.039092828,0.062846884,-0.023754057,,
fat body,spn-F,0.038341824,0.062113542,-0.023771718,,
fat body,CG11151,0.78754747,0.81132984,-0.023782372,,
fat body,PrBP,0.07627785,0.100078784,-0.023800932,,
fat body,CG34376,0.19163047,0.21543533,-0.023804858,,
fat body,Glg1,0.060818374,0.084629096,-0.023810722,,
fat body,CG32022,0.0433385,0.067154534,-0.023816034,,
fat body,Slik,0.045674533,0.069492325,-0.023817793,,
fat body,CG33181,0.057784196,0.08162072,-0.023836527,,
fat body,CG8671,0.056881405,0.08074023,-0.023858823,,
fat body,Spx,0.03398569,0.057856705,-0.023871016,,
fat body,Myo31DF,0.10821681,0.13209052,-0.023873717,,
fat body,BORCS6,0.034157284,0.05803616,-0.023878876,,
fat body,CG11486,0.16351226,0.18744403,-0.023931772,,
fat body,Usp2,0.054092497,0.07802809,-0.023935594,,
fat body,mRpS18B,0.04788447,0.071822606,-0.023938134,,
fat body,CG13252,0.09836595,0.12230447,-0.023938522,,
fat body,CG8191,0.036924932,0.060889993,-0.02396506,,
fat body,Clic,0.052477464,0.07645933,-0.02398187,,
fat body,Cdk1,0.022197543,0.04618563,-0.023988089,,
fat body,CG2611,0.12446387,0.14845501,-0.023991138,,
fat body,CG14650,0.027656587,0.051655628,-0.023999041,,
fat body,Jon65Ai,0.7483571,0.772357,-0.02399987,,
fat body,CG4325,0.07638172,0.10040169,-0.024019971,,
fat body,CG34325,0.067965224,0.09199923,-0.024034008,,
fat body,CG5902,0.0914888,0.11553512,-0.024046317,,
fat body,mRpL23,0.029100485,0.05315869,-0.024058204,,
fat body,CG1801,0.05468805,0.07875217,-0.024064116,,
fat body,Adf1,0.042053804,0.066124886,-0.024071082,,
fat body,CG1316,0.049059045,0.07313412,-0.024075072,,
fat body,CG14231,0.036408585,0.060492717,-0.024084132,,
fat body,l(2)37Cg,0.061787866,0.0858848,-0.024096936,,
fat body,wap,0.06731236,0.09141841,-0.024106048,,
fat body,bon,0.043696944,0.06780335,-0.02410641,,
fat body,Rab32,0.25254124,0.2766564,-0.024115145,,
fat body,CG3036,0.3697874,0.39390966,-0.024122268,,
fat body,Patronin,0.035822038,0.05997705,-0.024155013,,
fat body,CG16762,0.04317767,0.0673509,-0.02417323,,
fat body,CG9547,0.047259804,0.071440734,-0.02418093,,
fat body,pot,0.05452304,0.07870754,-0.024184499,,
fat body,Rala,0.047076415,0.071282655,-0.02420624,,
fat body,Ubc7,0.08750392,0.1117287,-0.02422478,,
fat body,Pvr,0.1253616,0.14960968,-0.024248078,,
fat body,CG32109,0.08483235,0.10908232,-0.02424997,,
fat body,CG4287,0.09415199,0.11843121,-0.024279222,,
fat body,Arl1,0.10566767,0.12995821,-0.02429054,,
fat body,CG6340,0.093088344,0.11739629,-0.024307944,,
fat body,CG9394,0.04199287,0.06631891,-0.024326038,,
fat body,CG17191,0.05963315,0.08396509,-0.024331942,,
fat body,CG8187,0.041045267,0.065384366,-0.024339098,,
fat body,CG17224,0.16225632,0.18659708,-0.024340764,,
fat body,asRNA:CR44179,0.052800033,0.07714557,-0.024345536,,
fat body,mam,0.06552939,0.08988141,-0.024352022,,
fat body,CG31224,0.054465193,0.0788295,-0.024364304,,
fat body,ArfGAP3,0.08300451,0.107377425,-0.024372913,,
fat body,CG6191,0.08964341,0.11401696,-0.024373546,,
fat body,Ppt2,0.060413204,0.08479462,-0.024381414,,
fat body,px,0.06796938,0.092362955,-0.024393573,,
fat body,CG3176,0.032782156,0.05718457,-0.024402414,,
fat body,Pvf2,0.027627813,0.05205813,-0.024430318,,
fat body,CG16753,0.04580911,0.07024081,-0.024431702,,
fat body,Non1,0.6320441,0.65650374,-0.02445966,,
fat body,CG31635,0.050079778,0.074552625,-0.024472848,,
fat body,Abp1,0.04784721,0.07232336,-0.024476148,,
fat body,CG9205,0.12673277,0.15121058,-0.02447781,,
fat body,Ssrp,0.057939515,0.0824259,-0.024486385,,
fat body,UbcE2M,0.15179147,0.17629962,-0.024508148,,
fat body,CG46338,0.044021264,0.06856505,-0.024543785,,
fat body,l(2)SH0834,0.09224259,0.11679549,-0.024552897,,
fat body,CG10483,0.027913481,0.05247102,-0.024557538,,
fat body,CG9154,0.04548768,0.07004794,-0.024560258,,
fat body,CG9536,0.06742332,0.09199004,-0.024566717,,
fat body,Map60,0.02947937,0.054060478,-0.024581108,,
fat body,Blos3,0.041774206,0.06635576,-0.024581552,,
fat body,ACC,0.09641253,0.12099424,-0.024581708,,
fat body,Rrp4,0.061132655,0.08572775,-0.024595097,,
fat body,ClC-c,0.06409639,0.0887107,-0.024614312,,
fat body,GAA1,0.055659525,0.08027792,-0.024618395,,
fat body,CG11050,0.060047373,0.08466902,-0.024621643,,
fat body,Cul4,0.04406526,0.06868986,-0.024624601,,
fat body,Eip75B,0.21891323,0.24355014,-0.02463691,,
fat body,CG4408,0.16531524,0.1899905,-0.024675265,,
fat body,CG17826,0.1040386,0.1287319,-0.024693303,,
fat body,mEFTu1,0.05966872,0.08436933,-0.024700612,,
fat body,Cse1,0.07199409,0.09670384,-0.024709754,,
fat body,Sf3b2,0.038693897,0.06341315,-0.024719253,,
fat body,Fatp2,0.042001758,0.066727735,-0.024725977,,
fat body,plum,0.035627723,0.060362495,-0.024734773,,
fat body,CG7616,0.023916341,0.04865588,-0.024739537,,
fat body,schlank,0.20313784,0.22788672,-0.024748877,,
fat body,or,0.06035383,0.08511042,-0.024756588,,
fat body,CG8878,0.034438387,0.059213843,-0.024775457,,
fat body,CG42806,0.06231783,0.08712198,-0.024804149,,
fat body,CG31274,0.05243789,0.077245116,-0.024807226,,
fat body,CG5830,0.042971995,0.06778573,-0.024813738,,
fat body,twz,0.028183542,0.05301626,-0.024832718,,
fat body,alphaCOP,0.09484591,0.1196888,-0.024842888,,
fat body,CG34001,0.03406804,0.058912627,-0.024844587,,
fat body,z,0.027146555,0.052068178,-0.024921622,,
fat body,ReepB,0.5607043,0.5856293,-0.024924994,,
fat body,Tet,0.05475619,0.07968244,-0.024926249,,
fat body,CG8360,0.1015502,0.12647714,-0.024926938,,
fat body,Jheh2,0.10359001,0.12853709,-0.024947077,,
fat body,mor,0.039540306,0.06449775,-0.02495744,,
fat body,Hex-A,0.1408122,0.1657754,-0.0249632,,
fat body,CG33333,0.65594476,0.6809081,-0.02496332,,
fat body,Rab6,0.16310827,0.1880995,-0.02499123,,
fat body,CG13601,0.04533692,0.07034305,-0.025006127,,
fat body,CG10417,0.058207054,0.08323232,-0.025025267,,
fat body,SKIP,0.028055882,0.053082284,-0.025026402,,
fat body,GstE12,0.74043524,0.7654736,-0.025038362,,
fat body,cni,0.20194855,0.22699222,-0.025043666,,
fat body,JhI-26,0.057474684,0.082520045,-0.025045361,,
fat body,Sc2,0.14674374,0.17179273,-0.025048986,,
fat body,mesh,0.08294188,0.108015984,-0.025074102,,
fat body,puc,0.057373807,0.0824509,-0.02507709,,
fat body,CG14618,0.058176693,0.08327797,-0.025101278,,
fat body,Ugt36D1,0.07016533,0.09527834,-0.025113009,,
fat body,luna,0.041196223,0.06631273,-0.025116507,,
fat body,Nak,0.04316099,0.06828254,-0.025121547,,
fat body,Smg5,0.086851984,0.11199719,-0.025145203,,
fat body,mthl8,0.076162726,0.10131642,-0.025153697,,
fat body,CG15093,0.03741232,0.06256922,-0.025156904,,
fat body,CG1416,0.09097812,0.11613622,-0.0251581,,
fat body,Kmn2,0.04832943,0.07349079,-0.02516136,,
fat body,mtd,0.14867441,0.17384933,-0.025174916,,
fat body,CG42379,0.033636402,0.058823563,-0.02518716,,
fat body,hui,0.12852776,0.15371686,-0.025189102,,
fat body,CG9331,0.21187854,0.2370741,-0.025195569,,
fat body,TBCB,0.048645776,0.07388552,-0.025239747,,
fat body,mi,0.04017512,0.06543377,-0.02525865,,
fat body,cu,0.043337017,0.06859922,-0.0252622,,
fat body,CG2528,0.026246658,0.051521588,-0.02527493,,
fat body,CG7518,0.13075905,0.15605511,-0.025296062,,
fat body,CG7453,0.04187345,0.06717429,-0.025300842,,
fat body,CG12929,0.054865625,0.0801689,-0.025303278,,
fat body,l(3)73Ah,0.03271355,0.058026556,-0.025313005,,
fat body,Pat1,0.06656654,0.091888554,-0.025322013,,
fat body,Ulp1,0.026869684,0.05220529,-0.025335606,,
fat body,mtgo,0.06649348,0.09186482,-0.025371335,,
fat body,mAcon1,0.1509243,0.17629832,-0.025374025,,
fat body,spidey,0.06410055,0.08947688,-0.025376335,,
fat body,Hip1,0.03370465,0.059083935,-0.025379285,,
fat body,CG14629,0.8321212,0.8575065,-0.02538532,,
fat body,CG16890,0.027937993,0.053331688,-0.025393695,,
fat body,CG9917,0.051786426,0.0771896,-0.025403176,,
fat body,CG12213,0.026283193,0.05169157,-0.025408376,,
fat body,Pisd,0.057873435,0.08328474,-0.025411308,,
fat body,nero,0.034171723,0.059612945,-0.025441222,,
fat body,Arc1,0.27867326,0.3041151,-0.025441825,,
fat body,magu,0.046054017,0.07149804,-0.02544402,,
fat body,lncRNA:Hsromega,0.8545083,0.87998664,-0.025478363,,
fat body,mRNA-cap,0.03470727,0.06020983,-0.025502559,,
fat body,obst-J,0.13256285,0.15806977,-0.025506929,,
fat body,p38b,0.030228479,0.05573614,-0.02550766,,
fat body,Ufc1,0.19726543,0.22277594,-0.025510505,,
fat body,CG7720,0.05289301,0.07840444,-0.025511432,,
fat body,CG15208,0.02936947,0.054889835,-0.025520366,,
fat body,CG3625,0.37806842,0.40359786,-0.025529444,,
fat body,gukh,0.06810497,0.09364496,-0.025539994,,
fat body,CG11975,0.079474725,0.10502159,-0.025546864,,
fat body,Socs44A,0.044164725,0.06971341,-0.025548689,,
fat body,crp,0.061574023,0.08714574,-0.025571715,,
fat body,Pka-C3,0.035743997,0.061325215,-0.025581218,,
fat body,CG11077,0.029515991,0.05513975,-0.02562376,,
fat body,Lsp1gamma,3.9369192,3.962546,-0.025626898,,
fat body,ihog,0.026547996,0.052208975,-0.025660979,,
fat body,Fur1,0.09504468,0.12072557,-0.025680892,,
fat body,CG5009,0.06978655,0.095470086,-0.025683537,,
fat body,DCTN2-p50,0.11185863,0.13754486,-0.025686227,,
fat body,Acsl,0.076226935,0.10191866,-0.025691725,,
fat body,CG7639,0.05123612,0.07693364,-0.025697518,,
fat body,bys,0.049312625,0.07502386,-0.025711235,,
fat body,PAPLA1,0.0677015,0.0934422,-0.025740698,,
fat body,CG12237,0.06560247,0.09134405,-0.025741585,,
fat body,noi,0.030921474,0.056665823,-0.025744349,,
fat body,CG11076,0.074918084,0.10067562,-0.025757536,,
fat body,CG6961,0.026804382,0.052562475,-0.025758093,,
fat body,Start1,0.04438954,0.07017989,-0.025790349,,
fat body,CG43348,0.042659555,0.06845802,-0.025798466,,
fat body,Ada2a,0.043343965,0.0691432,-0.025799233,,
fat body,Drsl5,0.050448835,0.07625137,-0.025802538,,
fat body,Uev1A,0.29024166,0.31604704,-0.025805384,,
fat body,svr,0.16404232,0.18985157,-0.025809243,,
fat body,Trp1,0.1610127,0.18682893,-0.025816232,,
fat body,CG9941,0.052554768,0.07837627,-0.025821503,,
fat body,CG10103,0.06351022,0.089343034,-0.025832817,,
fat body,Gprk1,0.04307366,0.068938114,-0.025864452,,
fat body,Smurf,0.03799981,0.063872755,-0.025872946,,
fat body,CG7997,0.22140983,0.24729171,-0.025881886,,
fat body,Argl,0.3419589,0.36784166,-0.02588275,,
fat body,CG14414,0.037863214,0.063747905,-0.025884692,,
fat body,SdhB,0.17400007,0.19990961,-0.025909543,,
fat body,PpV,0.048418917,0.07433304,-0.025914125,,
fat body,CG42837,0.44257548,0.46849838,-0.025922894,,
fat body,Osi24,0.0538953,0.07982501,-0.025929708,,
fat body,HEATR2,0.02591159,0.051857017,-0.025945427,,
fat body,CG33941,0.07902752,0.104984686,-0.025957167,,
fat body,CG11007,0.033352066,0.059321567,-0.025969502,,
fat body,Kdm2,0.040428784,0.06641815,-0.025989365,,
fat body,Fas1,0.046357878,0.072348595,-0.025990717,,
fat body,RPA2,0.033725128,0.059752155,-0.026027028,,
fat body,CG15012,0.26285353,0.28890297,-0.026049435,,
fat body,CG5883,0.058192823,0.08424514,-0.026052315,,
fat body,Nup205,0.0329381,0.05899285,-0.026054751,,
fat body,lbk,0.08305321,0.109126605,-0.026073396,,
fat body,l(3)87Df,0.054559633,0.08063683,-0.026077196,,
fat body,HDAC1,0.042391896,0.068522945,-0.026131049,,
fat body,Rab19,0.04244117,0.06857471,-0.026133541,,
fat body,BEAF-32,0.07650925,0.1026643,-0.026155047,,
fat body,CG3770,0.047165424,0.07333512,-0.026169695,,
fat body,KdelR,0.35946736,0.38563803,-0.026170671,,
fat body,GatB,0.06296271,0.08915251,-0.026189797,,
fat body,RnrS,0.03563925,0.061845906,-0.026206657,,
fat body,CR43975,0.024570636,0.050800033,-0.026229396,,
fat body,CG14370,0.027475594,0.05370682,-0.026231227,,
fat body,Gdap2,0.18324453,0.20951404,-0.02626951,,
fat body,CG2113,0.025893958,0.05216509,-0.026271133,,
fat body,Dph5,0.06918867,0.095460735,-0.026272066,,
fat body,E(spl)m2-BFM,0.045143504,0.07142479,-0.026281286,,
fat body,etaTry,0.098968744,0.12529126,-0.026322514,,
fat body,p120ctn,0.07963601,0.105958804,-0.026322797,,
fat body,lili,0.07657551,0.10290932,-0.026333809,,
fat body,CG2200,0.15277183,0.17911161,-0.026339784,,
fat body,CG14631,0.027633276,0.053991783,-0.026358508,,
fat body,Arp3,0.08868257,0.11506066,-0.026378088,,
fat body,CG15525,0.039597344,0.06599064,-0.026393298,,
fat body,RpII15,0.07271198,0.099139445,-0.026427463,,
fat body,CG7457,0.34171587,0.36816448,-0.026448607,,
fat body,Stat92E,0.2101266,0.23657763,-0.026451036,,
fat body,sPLA2,0.78778136,0.81424075,-0.026459396,,
fat body,Atg4a,0.1259842,0.15246937,-0.02648516,,
fat body,asRNA:CR43820,0.029353501,0.05586486,-0.026511358,,
fat body,CG44625,0.025101958,0.051620416,-0.026518459,,
fat body,Mtor,0.057056423,0.08357902,-0.026522595,,
fat body,CG15456,0.039072517,0.06561198,-0.026539464,,
fat body,Vps26,0.050771877,0.077318005,-0.026546128,,
fat body,PVRAP,0.025396597,0.051984012,-0.026587415,,
fat body,RpL35,2.219006,2.2456229,-0.026616812,,
fat body,Reg-2,0.8837005,0.9103197,-0.026619196,,
fat body,CG6674,0.035514303,0.06214526,-0.026630957,,
fat body,Dscam3,0.025952615,0.05259037,-0.026637755,,
fat body,Sld5,0.023147954,0.049822506,-0.026674552,,
fat body,fng,0.037706222,0.06438739,-0.026681166,,
fat body,Amun,0.06803244,0.09471557,-0.02668313,,
fat body,PIP5K59B,0.059857197,0.08655336,-0.02669616,,
fat body,CG9467,0.06843031,0.09513021,-0.0266999,,
fat body,asRNA:CR45520,0.041063722,0.067780875,-0.026717152,,
fat body,Mbs,0.045502927,0.07222371,-0.02672078,,
fat body,l(2)09851,0.024226176,0.05094935,-0.026723174,,
fat body,GCC88,0.06606868,0.0928082,-0.026739523,,
fat body,CG2841,0.0477121,0.07446443,-0.026752334,,
fat body,Wdr62,0.043161247,0.06991875,-0.026757505,,
fat body,mus312,0.09274977,0.1195106,-0.026760831,,
fat body,RabX1,0.030860636,0.05765485,-0.026794214,,
fat body,CG13360,0.09192219,0.11873695,-0.026814766,,
fat body,CG14641,0.051799238,0.078621864,-0.026822627,,
fat body,CG4603,0.0378084,0.064633094,-0.026824694,,
fat body,lncRNA:CR45808,0.03644139,0.06326696,-0.026825573,,
fat body,bin3,0.06568922,0.09252312,-0.0268339,,
fat body,Kaz-m1,0.40189275,0.4287283,-0.02683556,,
fat body,coil,0.027496554,0.05433405,-0.026837494,,
fat body,CG34133,0.031638045,0.058476493,-0.026838448,,
fat body,U2af38,0.055827886,0.08266738,-0.026839495,,
fat body,Marf,0.098115705,0.12496876,-0.026853055,,
fat body,Ge-1,0.03351866,0.060383182,-0.026864521,,
fat body,lqfR,0.08784998,0.114717655,-0.026867673,,
fat body,CR31958,0.026350942,0.053222835,-0.026871894,,
fat body,lncRNA:CR44601,0.02164669,0.048546087,-0.026899397,,
fat body,CG15120,0.35174245,0.37864292,-0.02690047,,
fat body,Treh,0.16649024,0.19339967,-0.026909426,,
fat body,ArgRS-m,0.114959024,0.14188108,-0.026922055,,
fat body,CycK,0.08446635,0.11143504,-0.026968688,,
fat body,PIG-U,0.068748325,0.095782995,-0.02703467,,
fat body,CG31229,0.07400836,0.101070285,-0.027061924,,
fat body,Nhe3,0.047801368,0.074870765,-0.027069397,,
fat body,CG18428,0.035442393,0.062523894,-0.0270815,,
fat body,fbl,0.16849461,0.1955989,-0.027104288,,
fat body,CG30440,0.029071577,0.056177206,-0.02710563,,
fat body,AMPdeam,0.21411002,0.24123563,-0.027125612,,
fat body,Ppat-Dpck,0.12707669,0.15422842,-0.027151734,,
fat body,CG12822,0.04706856,0.074243315,-0.027174756,,
fat body,CG15908,0.035002656,0.06219683,-0.027194172,,
fat body,Ets96B,0.040489834,0.0676994,-0.027209569,,
fat body,CG9581,0.06782439,0.09504975,-0.027225353,,
fat body,metl,0.04009513,0.06732538,-0.027230252,,
fat body,CG1827,0.1246416,0.15187763,-0.02723603,,
fat body,mt:tRNA:Ala-TGC,0.13331886,0.16055644,-0.02723758,,
fat body,CAP,0.105753444,0.13299677,-0.027243324,,
fat body,CG8306,0.059300892,0.086565994,-0.027265102,,
fat body,asRNA:CR45281,0.090592474,0.11786592,-0.027273446,,
fat body,TH1,0.0417863,0.06907212,-0.027285822,,
fat body,Surf4,0.1852257,0.21253009,-0.027304396,,
fat body,Prp18,0.034148026,0.061458305,-0.027310278,,
fat body,noc,0.036784127,0.064111486,-0.027327359,,
fat body,E23,0.04054224,0.06788334,-0.027341101,,
fat body,CG6178,0.09142863,0.11879671,-0.027368084,,
fat body,CG11714,0.049543597,0.076923124,-0.027379528,,
fat body,TMS1,0.1824679,0.20985553,-0.027387634,,
fat body,zetaCOP,0.24727255,0.2746667,-0.027394146,,
fat body,Git,0.03190251,0.05930911,-0.0274066,,
fat body,hyd,0.032361843,0.05976856,-0.027406719,,
fat body,pch2,0.04037127,0.06780482,-0.027433552,,
fat body,CG8405,0.06423217,0.09166669,-0.02743452,,
fat body,CG42671,0.04622688,0.073669955,-0.027443074,,
fat body,tws,0.07680201,0.10427576,-0.027473755,,
fat body,CG31643,0.05910114,0.08657538,-0.027474243,,
fat body,alpha-PheRS,0.050538015,0.078023404,-0.02748539,,
fat body,ScsbetaG,0.14529982,0.17279674,-0.027496919,,
fat body,Cul2,0.08129146,0.10879654,-0.027505077,,
fat body,CG4781,0.038855992,0.06637231,-0.02751632,,
fat body,Paf-AHalpha,0.043772794,0.07130025,-0.027527459,,
fat body,Uhg4,0.14051765,0.16804864,-0.027530983,,
fat body,CG7206,0.072338685,0.09987885,-0.027540162,,
fat body,CDC50,0.10511163,0.13265789,-0.027546257,,
fat body,Kcmf1,0.05702058,0.08457648,-0.027555902,,
fat body,CG11425,0.027473522,0.05502943,-0.027555907,,
fat body,lncRNA:CR45269,0.26507664,0.29263908,-0.02756244,,
fat body,mRpL22,0.053499974,0.08109748,-0.02759751,,
fat body,Dci,0.31954402,0.34715116,-0.027607143,,
fat body,loj,0.13773192,0.16535315,-0.027621225,,
fat body,Sirup,1.3226322,1.3502558,-0.027623653,,
fat body,lncRNA:CR42861,0.04864139,0.076296784,-0.027655393,,
fat body,Arl5,0.059290018,0.08696661,-0.027676594,,
fat body,Nop17l,0.038932197,0.06661231,-0.027680114,,
fat body,CG6409,0.20053232,0.22821864,-0.027686328,,
fat body,fh,0.031538773,0.0592328,-0.027694028,,
fat body,lmgB,0.030303888,0.05800206,-0.02769817,,
fat body,REPTOR,0.11322954,0.14094871,-0.02771917,,
fat body,CG12426,0.027295215,0.05501643,-0.027721213,,
fat body,CG32521,0.36371776,0.3914422,-0.027724445,,
fat body,RNaseX25,0.046112344,0.07387994,-0.027767599,,
fat body,rgn,0.0614232,0.089204594,-0.027781393,,
fat body,Ggt-1,0.03799404,0.06578945,-0.027795415,,
fat body,CG6277,0.030097332,0.057893023,-0.027795691,,
fat body,Syx17,0.05232119,0.08013426,-0.02781307,,
fat body,omd,0.04745053,0.07526409,-0.027813558,,
fat body,Fim,0.083346,0.11116091,-0.02781491,,
fat body,Chchd3,0.111196436,0.13901547,-0.02781903,,
fat body,RpL24,1.9603891,1.9882332,-0.027844071,,
fat body,hrm,0.08189777,0.10974615,-0.027848378,,
fat body,CG9406,0.028161975,0.056024935,-0.02786296,,
fat body,CG43106,0.03402096,0.061886452,-0.027865492,,
fat body,kst,0.08352921,0.11139873,-0.027869515,,
fat body,CG14380,0.024220785,0.052090455,-0.02786967,,
fat body,CG1646,0.038804483,0.06668022,-0.02787574,,
fat body,CG5781,0.02744734,0.055326674,-0.027879335,,
fat body,jing,0.04207836,0.069964476,-0.027886115,,
fat body,CG4338,0.05011286,0.07800176,-0.027888902,,
fat body,CG3356,0.048110683,0.076005526,-0.027894843,,
fat body,Nmda1,0.13532023,0.1632177,-0.027897462,,
fat body,CG10139,0.03146494,0.05937201,-0.02790707,,
fat body,Slc45-1,0.19152953,0.2194492,-0.02791968,,
fat body,CG10602,0.068544276,0.09648277,-0.027938493,,
fat body,MED8,0.075905934,0.10388421,-0.027978279,,
fat body,Scox,0.04730341,0.07530282,-0.027999409,,
fat body,CG1265,0.10237578,0.13038538,-0.028009601,,
fat body,GstZ1,0.03462188,0.06264417,-0.02802229,,
fat body,CG32944,0.02370608,0.051745445,-0.028039364,,
fat body,Grx1,0.34106705,0.3691075,-0.028040469,,
fat body,Cdc42,0.16688263,0.19493465,-0.028052017,,
fat body,CG5641,0.08024411,0.108299136,-0.028055027,,
fat body,CG14977,0.15653968,0.1846188,-0.028079122,,
fat body,RpL22-like,0.027010018,0.055098526,-0.028088508,,
fat body,CG6996,0.06488334,0.09298109,-0.028097756,,
fat body,CG1662,0.03332146,0.06144169,-0.02812023,,
fat body,Cbl,0.023593914,0.05171611,-0.028122198,,
fat body,alpha-Est10,0.035341468,0.06346806,-0.028126594,,
fat body,CG1161,0.224854,0.25298288,-0.028128877,,
fat body,CG8243,0.06520519,0.093349025,-0.028143838,,
fat body,CG11873,0.04117863,0.069334045,-0.028155416,,
fat body,Hel89B,0.036042348,0.06420648,-0.028164133,,
fat body,CG6650,0.0311466,0.0593139,-0.0281673,,
fat body,CG8080,0.10327943,0.13145454,-0.028175116,,
fat body,Cont,0.08658376,0.114763424,-0.02817966,,
fat body,PMP34,0.05324919,0.0814439,-0.028194707,,
fat body,mt:ATPase6,2.7810404,2.8092673,-0.028226852,,
fat body,AspRS-m,0.044672597,0.07292356,-0.028250966,,
fat body,CG3764,0.03546607,0.06373391,-0.028267842,,
fat body,CG34169,0.02757758,0.055845488,-0.028267907,,
fat body,deltaCOP,0.18661128,0.21488453,-0.028273255,,
fat body,fzo,0.025055192,0.053343423,-0.02828823,,
fat body,MCU,0.030742286,0.059032716,-0.02829043,,
fat body,CG14708,0.04118294,0.06947993,-0.028296988,,
fat body,fus,0.11670899,0.145016,-0.028307013,,
fat body,jar,0.053863518,0.08218303,-0.028319515,,
fat body,brat,0.06425951,0.09258327,-0.028323762,,
fat body,Calx,0.03064406,0.058982544,-0.028338484,,
fat body,RpL7-like,0.12396027,0.15231474,-0.028354466,,
fat body,CG9135,0.052206416,0.08056359,-0.028357174,,
fat body,cmet,0.02631506,0.05468343,-0.028368369,,
fat body,fab1,0.030274322,0.058697306,-0.028422983,,
fat body,CG13893,0.084684804,0.11311657,-0.028431766,,
fat body,ctrip,0.08201288,0.11044535,-0.028432474,,
fat body,Idgf3,0.20005469,0.2285017,-0.028447017,,
fat body,IntS1,0.04620932,0.07467271,-0.028463386,,
fat body,CG42353,0.053595517,0.08207314,-0.02847762,,
fat body,QIL1,0.15243968,0.18091735,-0.028477669,,
fat body,Oatp30B,0.11510728,0.1435923,-0.028485015,,
fat body,CG33199,0.24696402,0.27545068,-0.028486654,,
fat body,AkhR,0.110998556,0.13952851,-0.028529957,,
fat body,mRpL1,0.034112338,0.06266046,-0.028548125,,
fat body,ste24a,0.040852338,0.06940995,-0.028557613,,
fat body,Zn72D,0.044179626,0.072737895,-0.02855827,,
fat body,CG43954,0.05127015,0.07985056,-0.028580412,,
fat body,CG11964,0.041071374,0.0696544,-0.028583024,,
fat body,ttm50,0.05211837,0.08075002,-0.02863165,,
fat body,Idgf5,0.12150656,0.1501592,-0.028652638,,
fat body,CG34229,0.044874266,0.07353859,-0.02866432,,
fat body,CG7322,0.17744409,0.20610861,-0.02866453,,
fat body,CG14932,0.030375127,0.059041087,-0.02866596,,
fat body,CG3678,0.06912411,0.09779255,-0.02866844,,
fat body,Gp210,0.035208736,0.063901804,-0.028693069,,
fat body,Atf-2,0.03425838,0.06296963,-0.028711252,,
fat body,CG46309,0.11749605,0.14621653,-0.028720476,,
fat body,Bka,0.053050008,0.08177315,-0.02872314,,
fat body,Cyt-b5,0.40199998,0.43072808,-0.028728098,,
fat body,Parp,0.04706062,0.07580058,-0.028739963,,
fat body,CG2926,0.04000116,0.06877973,-0.028778568,,
fat body,CG14676,0.027316729,0.056115888,-0.02879916,,
fat body,dco,0.069670014,0.098471664,-0.02880165,,
fat body,CG10365,0.15805124,0.18685548,-0.028804243,,
fat body,CG2556,0.07925216,0.108057514,-0.028805353,,
fat body,how,0.10594967,0.13475569,-0.028806016,,
fat body,c(2)M,0.06511795,0.09392952,-0.028811574,,
fat body,obst-A,0.035436742,0.06425386,-0.028817117,,
fat body,CG12868,0.1151407,0.14396538,-0.02882468,,
fat body,yellow-f,0.21068656,0.23952904,-0.028842479,,
fat body,Trs20,0.10793436,0.13679086,-0.028856494,,
fat body,CG3961,0.41992044,0.44879,-0.02886957,,
fat body,CG10298,0.029623518,0.0585044,-0.028880881,,
fat body,Ntan1,0.04606701,0.0749498,-0.02888279,,
fat body,CG13492,0.044543136,0.07343053,-0.028887395,,
fat body,Uhg2,0.11662169,0.1455106,-0.028888911,,
fat body,CG32971,0.036743805,0.06565034,-0.028906532,,
fat body,Bap60,0.05947017,0.08839954,-0.028929368,,
fat body,h,0.17262904,0.20156045,-0.02893141,,
fat body,Ndf,0.03503422,0.064006396,-0.028972175,,
fat body,cbt,0.17954953,0.20852508,-0.028975546,,
fat body,CG13984,0.026816381,0.055792134,-0.028975753,,
fat body,Trs23,0.058890134,0.08786812,-0.028977983,,
fat body,Dhx15,0.030642213,0.05962412,-0.028981907,,
fat body,meigo,0.07367639,0.10268402,-0.029007629,,
fat body,flr,0.052940983,0.08195914,-0.02901816,,
fat body,Zyx,0.092838965,0.1218794,-0.029040433,,
fat body,CG31109,0.043649826,0.07269584,-0.02904601,,
fat body,Slmap,0.039495863,0.06855596,-0.029060096,,
fat body,CG42287,0.023797931,0.052863397,-0.029065466,,
fat body,CG5440,0.027297104,0.056391444,-0.02909434,,
fat body,Chrac-14,0.041226074,0.07034388,-0.029117808,,
fat body,Nxf3,0.03755468,0.0666965,-0.029141821,,
fat body,Dpy-30L1,0.056123022,0.085278474,-0.029155452,,
fat body,alpha-Est2,0.110547006,0.13971739,-0.029170379,,
fat body,qin,0.074503504,0.103686124,-0.02918262,,
fat body,Sep1,0.0665693,0.095763065,-0.029193766,,
fat body,mRpS6,0.042597715,0.07179508,-0.029197369,,
fat body,CG3740,0.122162014,0.15136644,-0.029204428,,
fat body,Damm,0.06407017,0.09330148,-0.02923131,,
fat body,CG30496,0.035588592,0.06482747,-0.02923888,,
fat body,CG31323,0.19479088,0.22403276,-0.029241875,,
fat body,CR14033,0.03383136,0.06308539,-0.02925403,,
fat body,OtopLb,0.08012777,0.109393954,-0.029266186,,
fat body,Thd1,0.03571113,0.064984635,-0.029273506,,
fat body,SelD,0.10232724,0.13161148,-0.029284239,,
fat body,CG11226,0.026269102,0.05557925,-0.029310146,,
fat body,CG9673,0.17862168,0.20793843,-0.029316753,,
fat body,CG7739,0.102397956,0.13171802,-0.029320069,,
fat body,CSN8,0.091559626,0.120896846,-0.02933722,,
fat body,RpLP0,1.8709817,1.9003209,-0.029339194,,
fat body,CG8929,0.058512606,0.087866,-0.029353395,,
fat body,Cul1,0.09912799,0.12850252,-0.029374525,,
fat body,GstO2,0.11584539,0.14525276,-0.029407375,,
fat body,Nepl3,0.03310053,0.062514246,-0.029413715,,
fat body,CG13907,0.053073447,0.08250092,-0.029427473,,
fat body,ytr,0.061039314,0.09047298,-0.029433668,,
fat body,CG10581,0.05350819,0.08296422,-0.02945603,,
fat body,CG13562,0.03841971,0.06788098,-0.029461272,,
fat body,CG33252,0.02966571,0.0591479,-0.029482191,,
fat body,Cby,0.024711605,0.054198563,-0.029486958,,
fat body,GV1,0.042114235,0.07162542,-0.029511184,,
fat body,CG7974,0.028412975,0.057927664,-0.029514689,,
fat body,lark,0.08776829,0.1172874,-0.02951911,,
fat body,Plc21C,0.075044975,0.10457745,-0.029532477,,
fat body,CG18666,0.026630707,0.05617725,-0.029546544,,
fat body,TORIP,0.06481038,0.09436611,-0.02955573,,
fat body,prel,0.11391665,0.14348446,-0.029567808,,
fat body,CG4270,0.053055488,0.08262349,-0.029568002,,
fat body,CG44325,0.48625877,0.5158318,-0.029573053,,
fat body,TM9SF4,0.087176174,0.11675752,-0.029581346,,
fat body,CG1233,0.029988825,0.059581816,-0.02959299,,
fat body,Egfr,0.0643143,0.09390766,-0.029593363,,
fat body,CG7276,0.031836685,0.06143782,-0.029601134,,
fat body,Tim17a2,0.030610709,0.06021315,-0.02960244,,
fat body,CG43110,0.17733881,0.206943,-0.029604197,,
fat body,Sox14,0.12701878,0.15662563,-0.029606849,,
fat body,msi,0.04051006,0.0701274,-0.02961734,,
fat body,Naa15-16,0.07920663,0.10882777,-0.02962114,,
fat body,Tsp42El,0.2636237,0.29325566,-0.029631943,,
fat body,CG32549,0.18644045,0.2160788,-0.02963835,,
fat body,CG14411,0.06113408,0.09078892,-0.029654842,,
fat body,koko,0.043663774,0.07332045,-0.029656675,,
fat body,Sid,0.047311064,0.0769968,-0.02968574,,
fat body,Vta1,0.08694885,0.116641745,-0.029692896,,
fat body,hpRNA:CR32207,0.041505136,0.071237855,-0.029732719,,
fat body,RhoGEF2,0.053174235,0.082965575,-0.02979134,,
fat body,MED24,0.069364965,0.09916008,-0.029795118,,
fat body,ghi,0.08072624,0.110561624,-0.02983538,,
fat body,CSN4,0.11309613,0.14293571,-0.029839575,,
fat body,Socs36E,0.031323954,0.06116441,-0.029840454,,
fat body,CG9240,0.0919977,0.1218443,-0.029846601,,
fat body,Mob4,0.07845896,0.10830587,-0.029846914,,
fat body,Obp83ef,0.071931235,0.10183045,-0.029899217,,
fat body,CG15362,0.043223944,0.07313782,-0.029913876,,
fat body,Cyp4ad1,0.03178537,0.06170163,-0.02991626,,
fat body,ttk,0.046490338,0.07640748,-0.02991714,,
fat body,Prpk,0.062342197,0.0922896,-0.0299474,,
fat body,tw,0.2962988,0.32624942,-0.029950619,,
fat body,Tap42,0.027572345,0.057616465,-0.03004412,,
fat body,CG32485,0.04808096,0.078132376,-0.030051418,,
fat body,CG3829,0.12653738,0.15662564,-0.03008826,,
fat body,CG32262,0.049241867,0.07934605,-0.030104186,,
fat body,CG3756,0.04636682,0.07647686,-0.030110039,,
fat body,Wdr92,0.0435898,0.07371291,-0.030123107,,
fat body,cwo,0.09376184,0.12388824,-0.0301264,,
fat body,CG4364,0.17405064,0.2041808,-0.030130163,,
fat body,PIG-V,0.05178596,0.081968606,-0.030182645,,
fat body,tra2,0.065077506,0.09527561,-0.030198105,,
fat body,Non3,0.0429303,0.07313005,-0.030199748,,
fat body,CG6299,0.10631528,0.13651879,-0.030203514,,
fat body,Atg18a,0.090824306,0.12102993,-0.030205622,,
fat body,msk,0.087814115,0.11803692,-0.030222803,,
fat body,CG4598,0.12374398,0.15397461,-0.030230626,,
fat body,FeCH,0.038962692,0.06919514,-0.030232444,,
fat body,Cnot4,0.068704754,0.09894356,-0.030238807,,
fat body,r2d2,0.049973916,0.080274194,-0.030300278,,
fat body,RpLP0-like,0.070903055,0.10121902,-0.030315965,,
fat body,TfIIEbeta,0.055048108,0.085373685,-0.030325577,,
fat body,Tis11,0.17991368,0.21025033,-0.030336648,,
fat body,asRNA:CR45056,0.027820414,0.058160603,-0.03034019,,
fat body,mt:ND1,0.5962407,0.62658584,-0.030345142,,
fat body,CG17197,0.025648694,0.05600486,-0.030356165,,
fat body,Myc,0.09891678,0.12928289,-0.030366115,,
fat body,Mpp6,0.068370976,0.09875073,-0.030379757,,
fat body,flfl,0.058260214,0.08865895,-0.030398738,,
fat body,CG11590,0.14218254,0.17258726,-0.030404717,,
fat body,AP-2alpha,0.123228095,0.15363629,-0.030408196,,
fat body,AGO1,0.102818616,0.13323769,-0.030419074,,
fat body,vap,0.05242109,0.08286907,-0.030447979,,
fat body,Sin3A,0.07141228,0.101860665,-0.030448385,,
fat body,CG10916,0.1265725,0.1570392,-0.03046669,,
fat body,jvl,0.06702939,0.09750125,-0.030471861,,
fat body,CG2059,0.031318236,0.0617918,-0.030473564,,
fat body,CG14537,0.027322391,0.05779765,-0.03047526,,
fat body,CG5934,0.040572096,0.07105343,-0.030481335,,
fat body,mRpL15,0.040618684,0.071107835,-0.03048915,,
fat body,asRNA:CR31144,0.036966696,0.067471705,-0.030505009,,
fat body,CG3500,0.108110726,0.13862665,-0.030515924,,
fat body,CG5149,0.053619593,0.08413961,-0.030520014,,
fat body,CG34228,0.05993638,0.09046611,-0.030529734,,
fat body,asRNA:CR44266,0.091170326,0.1217015,-0.030531175,,
fat body,Syx8,0.164641,0.19518542,-0.03054443,,
fat body,Srp72,0.027552772,0.058126636,-0.030573864,,
fat body,CG42360,0.02611708,0.056693707,-0.030576626,,
fat body,bru2,0.052506052,0.08309007,-0.030584015,,
fat body,CG18493,0.051038396,0.08162854,-0.030590143,,
fat body,Cip4,0.053091902,0.0836843,-0.0305924,,
fat body,gb,0.027811743,0.058416687,-0.030604944,,
fat body,CG31099,0.024343139,0.054963242,-0.030620104,,
fat body,DNApol-zeta,0.06407379,0.09469775,-0.030623958,,
fat body,TBC1d7,0.07376981,0.104411654,-0.030641846,,
fat body,Whamy,0.04634642,0.07700513,-0.030658714,,
fat body,PGAP3,0.0341072,0.06476782,-0.030660622,,
fat body,CG10512,0.11785121,0.14851958,-0.030668363,,
fat body,CG32280,0.096236095,0.12691158,-0.030675486,,
fat body,Ipp,0.06609656,0.09677685,-0.030680291,,
fat body,CG9578,0.10504866,0.13575697,-0.030708313,,
fat body,CkIalpha,0.18803833,0.21876535,-0.030727014,,
fat body,CG2053,0.025322381,0.056094952,-0.03077257,,
fat body,isopeptidase-T-3,0.025138812,0.055920597,-0.030781785,,
fat body,CG2794,0.0404255,0.071207836,-0.030782335,,
fat body,Prosbeta5,0.44595274,0.47673532,-0.03078258,,
fat body,DCTN5-p25,0.06353227,0.0943189,-0.030786626,,
fat body,Syx18,0.0466543,0.07745734,-0.03080304,,
fat body,CG17278,0.091947414,0.12275357,-0.030806154,,
fat body,tho2,0.03901577,0.06983234,-0.03081657,,
fat body,fs(1)h,0.1060364,0.13689467,-0.03085827,,
fat body,CG6230,0.039393213,0.070256695,-0.030863483,,
fat body,Vha16-2,0.021891601,0.052774202,-0.0308826,,
fat body,nuf,0.045574687,0.07651589,-0.030941203,,
fat body,mnb,0.042592563,0.07355973,-0.030967169,,
fat body,l(1)G0469,0.037708547,0.06867805,-0.030969504,,
fat body,CG7601,0.026284752,0.05726344,-0.030978689,,
fat body,spict,0.07113669,0.102152154,-0.031015463,,
fat body,CG11309,0.119515724,0.15057412,-0.031058393,,
fat body,nocte,0.07023188,0.10131225,-0.031080373,,
fat body,ms(2)35Ci,0.028503878,0.05960562,-0.031101743,,
fat body,Sec24AB,0.09215863,0.12326691,-0.031108283,,
fat body,Dhfr,0.04824652,0.07936032,-0.0311138,,
fat body,CG17258,0.032278795,0.06340881,-0.031130012,,
fat body,ssh,0.04881624,0.07997624,-0.031159997,,
fat body,aralar1,0.048329126,0.07949139,-0.031162266,,
fat body,Trax,0.052634664,0.08379737,-0.031162709,,
fat body,lncRNA:CR45030,0.027806064,0.058977675,-0.03117161,,
fat body,Rok,0.032939967,0.064132035,-0.031192068,,
fat body,CG14194,0.032915954,0.06412367,-0.031207714,,
fat body,CG11537,0.05347981,0.084734686,-0.031254876,,
fat body,Pzl,0.0456611,0.076921746,-0.031260647,,
fat body,CG11018,0.025637468,0.056906205,-0.03126874,,
fat body,Phm,0.46377724,0.49504805,-0.031270802,,
fat body,Muc18B,0.115994066,0.1472778,-0.031283736,,
fat body,CG10962,0.44288912,0.4742218,-0.03133267,,
fat body,CG12025,0.09561826,0.12695776,-0.031339496,,
fat body,CG31998,0.051776048,0.08313486,-0.031358812,,
fat body,fz,0.038138833,0.069503926,-0.031365093,,
fat body,CG42694,0.032917984,0.06428645,-0.031368464,,
fat body,CG5506,0.17580533,0.2071753,-0.03136997,,
fat body,CG7567,0.4848555,0.51624316,-0.031387657,,
fat body,cass,0.085268214,0.1166919,-0.031423688,,
fat body,CG43115,0.02950251,0.06094474,-0.031442232,,
fat body,CG11929,0.025881004,0.057343226,-0.031462222,,
fat body,Vha14-1,0.4582076,0.48966998,-0.03146237,,
fat body,CG43232,0.025120823,0.056589715,-0.03146889,,
fat body,aurA,0.024719696,0.056194063,-0.031474367,,
fat body,d-cup,0.026748305,0.058224473,-0.03147617,,
fat body,CdGAPr,0.045286138,0.076782726,-0.03149659,,
fat body,MSBP,0.18341474,0.2149319,-0.031517163,,
fat body,asRNA:CR45350,0.08090795,0.112426355,-0.031518407,,
fat body,CG32687,0.39867315,0.4301983,-0.031525165,,
fat body,CG31404,0.023988103,0.055518575,-0.03153047,,
fat body,Srp54,0.06567577,0.097209364,-0.03153359,,
fat body,lncRNA:CR32582,0.032743774,0.064314805,-0.03157103,,
fat body,Nrx-IV,0.03213695,0.06371713,-0.031580176,,
fat body,Vps2,0.09698067,0.12856321,-0.03158254,,
fat body,mRpL49,0.07289652,0.104498215,-0.031601697,,
fat body,CG2616,0.029136702,0.060744975,-0.031608272,,
fat body,Mob2,0.17536242,0.20698184,-0.031619415,,
fat body,SMSr,0.031215126,0.06283652,-0.031621397,,
fat body,CG14543,0.04546411,0.07710041,-0.0316363,,
fat body,hng1,0.032136157,0.06377915,-0.031642996,,
fat body,Nca,0.058424454,0.09007399,-0.031649534,,
fat body,DIP2,0.04807159,0.07972153,-0.031649943,,
fat body,gzl,0.09223583,0.12388747,-0.03165164,,
fat body,asRNA:CR43876,0.02867902,0.06033317,-0.03165415,,
fat body,CG34242,0.08830298,0.11998411,-0.031681135,,
fat body,MFS3,0.072926246,0.10460987,-0.031683624,,
fat body,CG9903,0.16912712,0.20082015,-0.031693026,,
fat body,loh,0.022740662,0.054434985,-0.031694323,,
fat body,pygo,0.024699578,0.056418743,-0.031719163,,
fat body,Irc,0.13103968,0.16277286,-0.031733185,,
fat body,Rb97D,0.0391605,0.07090254,-0.03174204,,
fat body,CG2162,0.07292455,0.10468175,-0.031757206,,
fat body,CG5906,0.041323297,0.073091045,-0.03176775,,
fat body,Fkbp14,0.642746,0.67456377,-0.031817794,,
fat body,CG14806,0.06729597,0.09911966,-0.031823695,,
fat body,Lfg,0.117398955,0.14924812,-0.03184917,,
fat body,mRpL13,0.0557973,0.087650836,-0.031853534,,
fat body,Psn,0.12400608,0.15586022,-0.031854138,,
fat body,Apc2,0.07609024,0.107954524,-0.031864285,,
fat body,sol,0.030690324,0.06255482,-0.031864498,,
fat body,fdl,0.02544228,0.057312682,-0.031870402,,
fat body,Sema1b,0.04220185,0.07410079,-0.03189894,,
fat body,swm,0.08839999,0.12033306,-0.03193307,,
fat body,CG12395,0.025444083,0.057382524,-0.03193844,,
fat body,PGRP-SB1,0.05316765,0.085113764,-0.031946115,,
fat body,nec,0.19187635,0.22383955,-0.0319632,,
fat body,lncRNA:CR45184,0.06779581,0.099768184,-0.03197237,,
fat body,borr,0.02454553,0.05651792,-0.031972393,,
fat body,RpS15Aa,1.8829844,1.9149578,-0.031973362,,
fat body,alien,0.049114343,0.08110338,-0.031989034,,
fat body,tara,0.076353535,0.10835357,-0.032000035,,
fat body,osa,0.061250463,0.09325544,-0.032004975,,
fat body,kraken,0.14202084,0.17403728,-0.03201644,,
fat body,RpS15,2.944949,2.9769707,-0.03202176,,
fat body,E(bx),0.040057905,0.07209544,-0.032037534,,
fat body,CG12825,0.48712912,0.5192099,-0.0320808,,
fat body,sunz,0.039631523,0.07171502,-0.032083496,,
fat body,mRpS23,0.05139358,0.08349086,-0.032097284,,
fat body,Bap111,0.04306893,0.075217195,-0.032148264,,
fat body,axed,0.029424354,0.06157335,-0.032148995,,
fat body,CG12493,0.037517,0.06967522,-0.032158222,,
fat body,Rpn5,0.1600971,0.19225545,-0.032158345,,
fat body,simj,0.04986871,0.08203009,-0.032161377,,
fat body,CG7707,0.035141084,0.067303695,-0.03216261,,
fat body,tsu,0.11684842,0.14901109,-0.032162674,,
fat body,Spg7,0.04220477,0.07439279,-0.032188017,,
fat body,CG43077,0.048083834,0.08029656,-0.032212727,,
fat body,mRpL54,0.04753265,0.079754524,-0.032221872,,
fat body,Syx5,0.105756834,0.13799147,-0.03223464,,
fat body,Letm1,0.05508755,0.08733997,-0.032252416,,
fat body,bbg,0.06457371,0.09687647,-0.03230276,,
fat body,lncRNA:CR45981,0.031833276,0.06414101,-0.032307737,,
fat body,koi,0.031929925,0.064242,-0.032312073,,
fat body,Crtp,0.023440037,0.055754982,-0.032314945,,
fat body,Fnta,0.12349153,0.15581891,-0.032327376,,
fat body,Aos1,0.04528329,0.077614225,-0.032330934,,
fat body,CG42458,0.033309493,0.06565917,-0.03234968,,
fat body,Mcr,0.048797555,0.08123758,-0.03244002,,
fat body,JIL-1,0.04770396,0.08016434,-0.032460384,,
fat body,Dim1,0.08967631,0.122156136,-0.032479823,,
fat body,CG42615,0.03055469,0.063046694,-0.032492004,,
fat body,Tlk,0.06574547,0.09826288,-0.03251741,,
fat body,Fas2,0.046738755,0.079282835,-0.03254408,,
fat body,Trap1,0.033745527,0.06630777,-0.03256224,,
fat body,TRAM,0.34629315,0.37886345,-0.032570302,,
fat body,cora,0.08345584,0.116043255,-0.032587416,,
fat body,CG15432,0.035016995,0.06761487,-0.032597873,,
fat body,Slc25A46b,0.02466312,0.057285435,-0.032622315,,
fat body,Ero1L,0.050374843,0.083005436,-0.032630593,,
fat body,CG15386,0.10898728,0.14169255,-0.03270527,,
fat body,CG5151,0.13668638,0.16939858,-0.03271219,,
fat body,28SrRNA-Psi:CR40741,0.24089634,0.2736163,-0.03271997,,
fat body,CG10725,0.1843591,0.21709912,-0.03274001,,
fat body,Hmt-1,0.06210402,0.09485064,-0.032746617,,
fat body,Nipped-A,0.043383878,0.076148026,-0.032764148,,
fat body,SP1029,0.048599273,0.081377394,-0.03277812,,
fat body,La,0.07374462,0.10652652,-0.0327819,,
fat body,lncRNA:CR43247,0.01849951,0.051302634,-0.032803126,,
fat body,Alg11,0.072882384,0.10568964,-0.032807253,,
fat body,Den1,0.07791783,0.1107356,-0.032817774,,
fat body,RIOK2,0.030301126,0.06312602,-0.032824896,,
fat body,CG32259,0.045926087,0.07876514,-0.032839052,,
fat body,CG34292,0.023909278,0.0567744,-0.032865122,,
fat body,BicD,0.036390178,0.06928882,-0.032898642,,
fat body,CG17272,0.1691191,0.20201975,-0.032900646,,
fat body,wuc,0.02860144,0.061506364,-0.032904923,,
fat body,CG42556,0.024194075,0.057135735,-0.03294166,,
fat body,mgr,0.08720743,0.12016255,-0.032955118,,
fat body,Ent2,0.053732254,0.086691454,-0.0329592,,
fat body,CG44243,0.17002882,0.20299135,-0.03296253,,
fat body,Fum1,0.09163752,0.12462823,-0.03299071,,
fat body,CG9921,0.10193455,0.13494782,-0.03301327,,
fat body,cdi,0.06235454,0.09539212,-0.033037584,,
fat body,pzg,0.050141532,0.08317987,-0.033038337,,
fat body,CG15278,0.020556295,0.053594995,-0.033038698,,
fat body,gro,0.060558002,0.09361775,-0.03305975,,
fat body,tank,0.055914443,0.08902364,-0.0331092,,
fat body,CG10055,0.024038518,0.05715636,-0.033117846,,
fat body,Acph-1,0.049342234,0.082479194,-0.03313696,,
fat body,sxc,0.060948744,0.09413456,-0.033185817,,
fat body,CG6617,0.0730769,0.106305666,-0.03322877,,
fat body,CG7879,0.06509932,0.09833169,-0.03323237,,
fat body,Nup35,0.049149435,0.082409725,-0.03326029,,
fat body,Tina-1,0.29136184,0.32463193,-0.03327009,,
fat body,CG17271,0.15479095,0.18806364,-0.033272684,,
fat body,dally,0.061361942,0.094663724,-0.033301782,,
fat body,wdb,0.14040816,0.17372125,-0.033313096,,
fat body,CG42753,0.027548261,0.060884915,-0.033336654,,
fat body,Ald2,0.024863003,0.058213495,-0.03335049,,
fat body,CG9330,0.047456384,0.080820456,-0.033364072,,
fat body,CG6041,0.06566046,0.0990255,-0.03336504,,
fat body,nonA,0.06336205,0.09673421,-0.033372164,,
fat body,elm,0.10311241,0.13651331,-0.0334009,,
fat body,LManII,0.37093845,0.40435207,-0.03341362,,
fat body,CG5188,0.027693903,0.061129954,-0.033436053,,
fat body,CG12535,0.037641812,0.0711044,-0.033462588,,
fat body,RpL41,3.6479957,3.681495,-0.03349924,,
fat body,vkg,0.09379668,0.12729852,-0.03350184,,
fat body,mRpL41,0.034541998,0.06804575,-0.033503752,,
fat body,CG10375,0.06128672,0.094794415,-0.033507694,,
fat body,CG13384,0.044175565,0.077695906,-0.03352034,,
fat body,tok,0.113177605,0.1467045,-0.03352689,,
fat body,ttv,0.042943384,0.07649557,-0.03355219,,
fat body,bdg,0.069274984,0.102841765,-0.03356678,,
fat body,CG10958,0.022353644,0.055922598,-0.033568956,,
fat body,Echs1,0.25189722,0.2854706,-0.03357339,,
fat body,CG3819,0.1254645,0.15906407,-0.03359957,,
fat body,CG17834,0.071732745,0.10534674,-0.033613995,,
fat body,e(y)3,0.0416442,0.075272605,-0.033628404,,
fat body,CG31712,0.07713935,0.110773735,-0.033634387,,
fat body,CG1503,0.024629312,0.058263965,-0.033634655,,
fat body,corn,0.075479835,0.10916362,-0.033683784,,
fat body,Arpc3B,0.048287626,0.08199383,-0.033706207,,
fat body,Dek,0.07619308,0.10991108,-0.033717997,,
fat body,AdSL,0.063488774,0.097213864,-0.03372509,,
fat body,Srp9,0.118483044,0.15222692,-0.03374388,,
fat body,Dpck,0.0787271,0.11247177,-0.03374467,,
fat body,CG10561,0.023486763,0.057255074,-0.03376831,,
fat body,CG43089,0.03407189,0.06785078,-0.033778895,,
fat body,CG4951,0.15466,0.18844973,-0.033789724,,
fat body,CG14346,0.019834213,0.053624205,-0.033789992,,
fat body,kri,0.108734064,0.14252956,-0.0337955,,
fat body,CG17754,0.15829302,0.19209899,-0.033805966,,
fat body,Arpc3A,0.10192324,0.13572983,-0.033806592,,
fat body,PIG-H,0.05251887,0.08634304,-0.033824172,,
fat body,Ing3,0.029967844,0.06380915,-0.033841304,,
fat body,Agpat2,0.057291918,0.0911412,-0.033849284,,
fat body,CG12171,0.07377723,0.10766266,-0.033885434,,
fat body,CG14997,0.1342713,0.16816834,-0.033897042,,
fat body,CG43845,0.03334598,0.06724696,-0.03390098,,
fat body,CG30159,0.04356902,0.07749717,-0.03392815,,
fat body,CG11927,0.02662599,0.060562547,-0.033936556,,
fat body,CG12661,0.040193968,0.074137546,-0.03394358,,
fat body,aay,0.517636,0.5515832,-0.03394717,,
fat body,ap,0.037514716,0.07147397,-0.033959255,,
fat body,Ack,0.03396839,0.06796062,-0.03399223,,
fat body,Alg10,0.029726565,0.063724376,-0.03399781,,
fat body,Rpn2,0.25919017,0.2932027,-0.034012526,,
fat body,CG32295,0.029117221,0.063137546,-0.034020327,,
fat body,CG13501,0.025675446,0.059724923,-0.034049477,,
fat body,Atx2,0.057455108,0.09151884,-0.034063734,,
fat body,Ntmt,0.05169425,0.08576785,-0.0340736,,
fat body,CG12567,0.0691613,0.10323653,-0.03407523,,
fat body,fs(2)ltoPP43,0.07125718,0.10534863,-0.03409145,,
fat body,adp,0.076859154,0.11097102,-0.034111865,,
fat body,mRpL20,0.08364839,0.11776557,-0.034117177,,
fat body,Spn42Dd,0.11733649,0.1514586,-0.034122117,,
fat body,Rpn1,0.09503679,0.12916417,-0.034127384,,
fat body,CG14042,0.027638335,0.061784506,-0.03414617,,
fat body,Prx3,0.08245914,0.11661189,-0.034152754,,
fat body,CG8507,0.09816572,0.13232298,-0.03415726,,
fat body,Kr-h1,0.04466542,0.078826636,-0.034161218,,
fat body,qkr58E-3,0.05189075,0.08607554,-0.034184787,,
fat body,ZnT63C,0.106925875,0.14112015,-0.034194276,,
fat body,sds22,0.06107975,0.095284104,-0.034204353,,
fat body,Decay,0.09271826,0.12692986,-0.034211606,,
fat body,CG33125,0.023501944,0.057723664,-0.03422172,,
fat body,Alp11,0.024536021,0.058796074,-0.034260053,,
fat body,CG32486,0.06251231,0.09677495,-0.034262642,,
fat body,psq,0.08084902,0.11513183,-0.03428281,,
fat body,ome,0.0703029,0.10458984,-0.03428694,,
fat body,Ntf-2,0.3146782,0.34898385,-0.034305662,,
fat body,Mthfs,0.5232612,0.5575821,-0.03432089,,
fat body,CG6893,0.027940974,0.06226224,-0.034321267,,
fat body,mura,0.05836256,0.092719406,-0.034356847,,
fat body,CG4477,0.032865267,0.06722872,-0.034363452,,
fat body,Nct,0.056302182,0.090675265,-0.034373082,,
fat body,EloB,0.060254894,0.09465558,-0.034400687,,
fat body,Jon99Ci,0.103483066,0.13792698,-0.034443915,,
fat body,CG7950,0.036973346,0.071418054,-0.03444471,,
fat body,CG9590,0.06734242,0.10179801,-0.03445559,,
fat body,ATPCL,0.13055037,0.16501026,-0.03445989,,
fat body,CG3987,0.10013714,0.13461559,-0.03447845,,
fat body,CG12104,0.041051224,0.075530365,-0.03447914,,
fat body,KrT95D,0.10130929,0.13580523,-0.034495942,,
fat body,chk,0.11257434,0.1470724,-0.034498066,,
fat body,CG31848,0.023934001,0.05844092,-0.034506917,,
fat body,tkv,0.20026124,0.23478694,-0.034525707,,
fat body,AhcyL2,0.07921236,0.113757655,-0.034545295,,
fat body,CG12209,0.026723351,0.061282095,-0.034558743,,
fat body,CG30373,0.054822415,0.08939753,-0.034575112,,
fat body,CG4658,0.13597775,0.17056148,-0.034583732,,
fat body,HmgZ,0.47248602,0.5070773,-0.034591258,,
fat body,Cyp6v1,0.039016135,0.07361423,-0.034598097,,
fat body,l(2)k05911,0.07792082,0.11252343,-0.034602612,,
fat body,Nopp140,0.042838853,0.07746202,-0.034623165,,
fat body,rngo,0.088790074,0.12341373,-0.034623653,,
fat body,CRIF,0.051439237,0.086101085,-0.034661848,,
fat body,mRpL27,0.11442151,0.14911723,-0.034695722,,
fat body,CG10166,0.101038635,0.1357559,-0.03471726,,
fat body,Aldh7A1,0.11382966,0.1485541,-0.034724444,,
fat body,EcR,0.20600991,0.24079211,-0.0347822,,
fat body,enc,0.04704438,0.08183877,-0.03479439,,
fat body,Cndp2,0.21990012,0.25471103,-0.034810916,,
fat body,Nup98-96,0.042906106,0.077717096,-0.03481099,,
fat body,Vsp37A,0.053856473,0.08867302,-0.034816545,,
fat body,CG31126,0.051633183,0.08645881,-0.034825627,,
fat body,lncRNA:CR44156,0.027296849,0.0621397,-0.034842853,,
fat body,CG11379,0.024242649,0.059104767,-0.034862116,,
fat body,asRNA:CR44416,0.022546412,0.0574089,-0.03486249,,
fat body,Tango1,0.1867294,0.22159226,-0.03486286,,
fat body,Xpc,0.03201602,0.06687999,-0.034863967,,
fat body,CG2918,0.08931485,0.12420519,-0.03489034,,
fat body,CG44163,0.021480853,0.05638355,-0.0349027,,
fat body,CG14057,0.076199144,0.11111554,-0.034916393,,
fat body,tweek,0.06976876,0.10469705,-0.034928292,,
fat body,hpRNA:CR33940,0.14668906,0.18161874,-0.034929678,,
fat body,MICU1,0.06595946,0.1008892,-0.034929737,,
fat body,CG42700,0.033369586,0.06830015,-0.034930564,,
fat body,Msr-110,0.37647122,0.41143194,-0.034960717,,
fat body,CG12362,0.02075771,0.05572661,-0.034968898,,
fat body,CG15347,0.10650213,0.14157943,-0.035077304,,
fat body,DPCoAC,0.1376843,0.17280638,-0.03512208,,
fat body,CG7600,0.06494138,0.1000768,-0.035135426,,
fat body,Cyp4e2,0.16512568,0.20026474,-0.035139054,,
fat body,lncRNA:CR43414,0.021348052,0.05649204,-0.03514399,,
fat body,msps,0.05572574,0.09087224,-0.035146505,,
fat body,CG5390,0.2550677,0.29021844,-0.035150737,,
fat body,28SrRNA-Psi:CR45862,0.56142694,0.59658504,-0.035158098,,
fat body,MED18,0.053808056,0.08897656,-0.035168506,,
fat body,exd,0.069747314,0.10492043,-0.035173118,,
fat body,CG3534,0.03296785,0.068157256,-0.035189405,,
fat body,CG42308,0.028352598,0.06363119,-0.035278596,,
fat body,CG42668,0.041857664,0.07714058,-0.035282914,,
fat body,HIP-R,0.06983999,0.105129145,-0.035289153,,
fat body,Snap25,0.060004815,0.09529715,-0.035292335,,
fat body,CG9662,0.07610262,0.111408085,-0.035305463,,
fat body,CG43246,0.026222488,0.061547257,-0.035324767,,
fat body,CG9795,0.06362236,0.09895546,-0.035333097,,
fat body,CG11752,0.26081643,0.29615322,-0.035336792,,
fat body,CG33096,0.06630859,0.101656176,-0.03534759,,
fat body,Galphaq,0.052907035,0.0882591,-0.035352066,,
fat body,CG30447,0.030372621,0.06573443,-0.03536181,,
fat body,CG13807,0.09704777,0.13242412,-0.035376348,,
fat body,lncRNA:CR44357,0.023577917,0.058961425,-0.035383508,,
fat body,cv-c,0.06976964,0.105162546,-0.035392903,,
fat body,CG17717,0.024453385,0.059859093,-0.03540571,,
fat body,HUWE1,0.07633814,0.11174817,-0.035410024,,
fat body,CG45782,0.037595034,0.07301271,-0.035417676,,
fat body,Hsp67Ba,0.05334372,0.08876187,-0.035418153,,
fat body,CG10809,0.031793296,0.06723457,-0.035441272,,
fat body,fwd,0.08606412,0.12154186,-0.035477735,,
fat body,CG30161,0.021946015,0.057427205,-0.035481192,,
fat body,Vps29,0.1257073,0.1612222,-0.035514906,,
fat body,msd5,0.029937997,0.06545793,-0.035519935,,
fat body,ND-18,0.12405316,0.1595891,-0.03553594,,
fat body,CG10307,0.028446645,0.0640012,-0.035554558,,
fat body,CG3223,0.0831162,0.11871624,-0.035600036,,
fat body,Crk,0.0906025,0.12620622,-0.035603717,,
fat body,Hcf,0.050860077,0.086472005,-0.035611928,,
fat body,Hrd3,0.03911561,0.07473915,-0.03562354,,
fat body,CG6664,0.077707455,0.11334544,-0.035637982,,
fat body,CG4306,0.5315098,0.5671708,-0.035660982,,
fat body,CG15237,0.088392235,0.124062076,-0.03566984,,
fat body,CG32039,0.08810555,0.123778276,-0.035672724,,
fat body,CG14017,0.023163723,0.058839194,-0.035675474,,
fat body,CG6454,0.06140589,0.097085044,-0.035679154,,
fat body,CG42514,0.17351307,0.2091941,-0.035681024,,
fat body,CG43138,0.020392232,0.05607865,-0.03568642,,
fat body,CG10939,0.06834623,0.10403434,-0.03568811,,
fat body,CG33054,0.042949166,0.07866478,-0.035715614,,
fat body,CG17493,0.07976908,0.11548581,-0.035716727,,
fat body,CG11586,0.05716076,0.092878774,-0.035718013,,
fat body,CG3376,0.34479758,0.38052157,-0.035723984,,
fat body,CG42557,0.085367694,0.12109497,-0.035727277,,
fat body,CG32719,0.016514841,0.052271053,-0.03575621,,
fat body,Bap170,0.049586378,0.08534503,-0.03575865,,
fat body,CG8135,0.056427773,0.0921975,-0.035769727,,
fat body,CR43212,0.030880803,0.06665464,-0.035773836,,
fat body,tth,0.11058485,0.14636382,-0.035778977,,
fat body,CG17691,0.09251162,0.12831028,-0.03579866,,
fat body,CG7218,0.052419487,0.08826572,-0.03584623,,
fat body,Rab30,0.033805672,0.0696526,-0.03584693,,
fat body,CG1129,0.0937439,0.12959363,-0.035849728,,
fat body,CG14013,0.025064675,0.060926527,-0.03586185,,
fat body,Stt3B,0.13182548,0.16769084,-0.035865366,,
fat body,CG10254,0.03454653,0.070429124,-0.035882592,,
fat body,asRNA:CR44054,0.16330221,0.19920465,-0.03590244,,
fat body,Blos2,0.08985049,0.12576225,-0.03591176,,
fat body,Chc,0.2141683,0.2500888,-0.035920516,,
fat body,CG32633,0.07330756,0.109230354,-0.035922796,,
fat body,grp,0.046303276,0.08223254,-0.035929266,,
fat body,sas,0.03328428,0.069215216,-0.035930935,,
fat body,CG8141,0.033558395,0.06950055,-0.035942156,,
fat body,PIG-T,0.050938204,0.086882815,-0.03594461,,
fat body,l(2)k14505,0.048925716,0.08487346,-0.035947744,,
fat body,CG32806,0.03573529,0.07169453,-0.03595924,,
fat body,CG9934,0.13551456,0.17151041,-0.035995856,,
fat body,jigr1,0.033827025,0.06983808,-0.03601105,,
fat body,E(spl)malpha-BFM,0.061561666,0.09758093,-0.036019266,,
fat body,mRpL43,0.049224686,0.08524987,-0.036025185,,
fat body,mRpL30,0.0611598,0.09718996,-0.036030162,,
fat body,CSN5,0.07384219,0.10987677,-0.036034577,,
fat body,slgA,0.052326955,0.088377364,-0.03605041,,
fat body,CG12091,0.09995167,0.13601057,-0.036058903,,
fat body,CG6910,0.43528268,0.47136128,-0.036078602,,
fat body,asRNA:TS15,0.034671728,0.0707516,-0.036079872,,
fat body,RhoGAP92B,0.044937864,0.08105675,-0.036118887,,
fat body,Scamp,0.31565621,0.35180974,-0.036153525,,
fat body,eRF1,0.14251292,0.17866881,-0.036155894,,
fat body,CG43098,0.036912534,0.073093645,-0.03618111,,
fat body,fmt,0.06875252,0.10495236,-0.036199838,,
fat body,CG30108,0.049574517,0.08578167,-0.036207154,,
fat body,BigH1,0.026021617,0.062247742,-0.036226124,,
fat body,Gbp2,0.4101479,0.44639167,-0.036243767,,
fat body,CG2493,0.11307831,0.14933649,-0.036258176,,
fat body,GstO1,0.07813541,0.11439991,-0.0362645,,
fat body,lncRNA:IBIN,0.104244016,0.14052393,-0.03627991,,
fat body,CG8974,0.1779746,0.2142735,-0.0362989,,
fat body,lncRNA:CR42844,0.023214001,0.059520278,-0.036306277,,
fat body,RpL27,2.4101808,2.4465046,-0.036323786,,
fat body,CG16953,0.08763962,0.1239795,-0.03633988,,
fat body,scrib,0.09407896,0.13043404,-0.03635508,,
fat body,CG8549,0.067163736,0.10353787,-0.036374137,,
fat body,CG12691,0.026686907,0.06306769,-0.036380783,,
fat body,CG7309,0.02469044,0.06107845,-0.03638801,,
fat body,CG30269,0.09621781,0.13260874,-0.03639093,,
fat body,alc,0.06768405,0.10408717,-0.03640312,,
fat body,Maf1,0.09785872,0.13426232,-0.036403604,,
fat body,Plap,0.054669123,0.091073684,-0.03640456,,
fat body,woc,0.06282361,0.099257275,-0.036433667,,
fat body,CG1637,0.1838873,0.22032839,-0.036441088,,
fat body,CG1640,0.07320616,0.10965157,-0.036445417,,
fat body,CG5861,0.067829914,0.104281686,-0.03645177,,
fat body,P32,0.07723619,0.11370074,-0.03646455,,
fat body,Orc3,0.03748354,0.07397882,-0.03649528,,
fat body,CG6028,0.15467358,0.19117749,-0.03650391,,
fat body,l(2)34Fd,0.034462586,0.07097258,-0.03650999,,
fat body,CG17375,0.028638529,0.06517492,-0.036536396,,
fat body,MtnB,0.110562764,0.14709942,-0.036536656,,
fat body,Mitofilin,0.09064013,0.12719129,-0.036551163,,
fat body,Tsp42Eq,0.048151486,0.08471017,-0.036558688,,
fat body,CG15059,0.034863126,0.071432814,-0.03656969,,
fat body,TTLL4A,0.03508469,0.07165659,-0.0365719,,
fat body,CG42553,0.04819545,0.08478754,-0.03659209,,
fat body,galla-2,0.056253836,0.09284774,-0.036593907,,
fat body,CG2310,0.092806436,0.12940301,-0.036596574,,
fat body,CG43329,0.024026252,0.060627244,-0.036600992,,
fat body,vri,0.12438511,0.16100048,-0.036615364,,
fat body,AspRS,0.23990649,0.27655,-0.036643505,,
fat body,asRNA:CR45812,0.019140102,0.055788666,-0.036648564,,
fat body,SCOT,0.109321155,0.14599647,-0.03667531,,
fat body,CG7006,0.037238948,0.073956385,-0.036717437,,
fat body,Cdc23,0.034138434,0.07085896,-0.03672053,,
fat body,CG30460,0.045791958,0.08252758,-0.03673562,,
fat body,CIAPIN1,0.1402964,0.17703597,-0.036739573,,
fat body,CG7115,0.047110077,0.083852835,-0.036742758,,
fat body,shep,0.23429899,0.2710498,-0.03675081,,
fat body,Jon44E,0.31955734,0.35632503,-0.03676769,,
fat body,CG14210,0.10840314,0.14520828,-0.036805145,,
fat body,Ras85D,0.092648596,0.12951335,-0.036864758,,
fat body,Rox8,0.1593206,0.19620515,-0.03688456,,
fat body,CG11583,0.029165477,0.066056326,-0.03689085,,
fat body,NKAIN,0.086727686,0.123624384,-0.0368967,,
fat body,Vha36-1,0.30749568,0.34442064,-0.03692496,,
fat body,Cdep,0.03779932,0.07472987,-0.036930546,,
fat body,Ctl1,0.058587812,0.09552741,-0.0369396,,
fat body,AMPKalpha,0.10295209,0.13993734,-0.03698525,,
fat body,CG32425,0.11604467,0.15303828,-0.036993608,,
fat body,Nedd4,0.044728793,0.081763215,-0.037034422,,
fat body,Ube3a,0.08426739,0.12135246,-0.037085064,,
fat body,shn,0.07556084,0.11265967,-0.037098832,,
fat body,Dip-B,0.19129309,0.22839856,-0.03710547,,
fat body,Pex13,0.107089974,0.14421675,-0.037126772,,
fat body,asRNA:CR46049,0.029631102,0.06678562,-0.037154518,,
fat body,Gld2,0.032744005,0.06992413,-0.037180126,,
fat body,Rcc1,0.0369927,0.074196145,-0.037203446,,
fat body,fzr2,0.032633428,0.06983891,-0.037205484,,
fat body,Ost48,0.15688975,0.19410591,-0.037216157,,
fat body,CG31055,0.023588544,0.06081154,-0.037222996,,
fat body,CG9582,0.03926721,0.07649711,-0.0372299,,
fat body,BtbVII,0.03834092,0.075583495,-0.037242576,,
fat body,SamDC,0.0561396,0.09338678,-0.037247177,,
fat body,CG12020,0.030616442,0.06786503,-0.03724859,,
fat body,CG10600,0.03417025,0.07146625,-0.037296,,
fat body,CG43236,0.5218869,0.55920905,-0.037322164,,
fat body,CG34459,0.039829936,0.07715531,-0.03732537,,
fat body,Indy,0.15330668,0.19063655,-0.037329867,,
fat body,Txl,0.12486098,0.16222864,-0.037367664,,
fat body,Dys,0.050259907,0.08762971,-0.037369806,,
fat body,CG12974,0.12516478,0.16254154,-0.03737676,,
fat body,ZAP3,0.058553003,0.09600851,-0.037455507,,
fat body,Catsup,0.0960795,0.13353594,-0.037456438,,
fat body,CG10638,0.088868186,0.12632486,-0.037456676,,
fat body,ave,0.06261289,0.10007412,-0.03746123,,
fat body,CG8009,0.065319344,0.102785334,-0.03746599,,
fat body,gus,0.09396809,0.13148114,-0.037513047,,
fat body,Ance-4,0.3059432,0.34346408,-0.037520885,,
fat body,CG7222,0.07183667,0.10935904,-0.037522368,,
fat body,CCT3,0.07872807,0.11626646,-0.037538387,,
fat body,pita,0.042231847,0.079773575,-0.03754173,,
fat body,veli,0.12987792,0.16742253,-0.037544608,,
fat body,CG14367,0.025139386,0.06272552,-0.037586138,,
fat body,SH3PX1,0.059883524,0.097493924,-0.0376104,,
fat body,Ostgamma,0.1447559,0.18236631,-0.03761041,,
fat body,Pp1-87B,0.25601974,0.2936472,-0.03762746,,
fat body,Tep2,0.37368795,0.41135162,-0.03766367,,
fat body,CG3894,0.057101585,0.09476581,-0.037664227,,
fat body,mRpS26,0.025877157,0.06357686,-0.037699707,,
fat body,CG5662,0.025370324,0.06307031,-0.03769999,,
fat body,Sfxn1-3,0.1802124,0.21793173,-0.03771934,,
fat body,Hydr2,0.09601675,0.13374577,-0.037729025,,
fat body,Hsf,0.04965846,0.0873952,-0.03773674,,
fat body,mask,0.08481736,0.12257648,-0.037759125,,
fat body,CG12576,0.12364526,0.1614287,-0.037783444,,
fat body,Cyp309a1,0.117844336,0.15564734,-0.037803,,
fat body,CG34181,0.021856068,0.05967086,-0.037814796,,
fat body,CG8475,0.0807893,0.11861367,-0.03782437,,
fat body,CG2765,0.14525856,0.18308814,-0.037829578,,
fat body,CG3262,0.13703059,0.1748688,-0.03783822,,
fat body,Spag1,0.027949844,0.065798596,-0.037848752,,
fat body,ben,0.28907052,0.32693198,-0.037861466,,
fat body,Tom,0.030033853,0.06791048,-0.037876625,,
fat body,CG17508,0.24794179,0.28582335,-0.037881553,,
fat body,blow,0.052541472,0.09042926,-0.03788779,,
fat body,mRpS7,0.08617107,0.12407106,-0.037899993,,
fat body,Der-1,0.19555733,0.23348,-0.03792268,,
fat body,Chro,0.044891566,0.082861,-0.037969433,,
fat body,Tsp,0.04515765,0.08316489,-0.038007244,,
fat body,ArfGAP1,0.10373469,0.14174815,-0.03801346,,
fat body,Prosbeta2R2,0.024831915,0.062848546,-0.038016632,,
fat body,lncRNA:CR44528,0.030665241,0.0686873,-0.038022056,,
fat body,mRpS28,0.06710694,0.1051491,-0.038042158,,
fat body,CG8673,0.035814486,0.07385826,-0.038043775,,
fat body,312,0.038361844,0.07645589,-0.038094047,,
fat body,CG46383,0.028394446,0.06649303,-0.03809858,,
fat body,CG5555,0.06611914,0.104238376,-0.038119234,,
fat body,Bap55,0.046915915,0.0850358,-0.038119886,,
fat body,CG18749,0.056787305,0.09492744,-0.038140133,,
fat body,CG10919,0.02588894,0.06404989,-0.03816095,,
fat body,vlc,0.053682417,0.0918501,-0.038167685,,
fat body,CalpB,0.027342675,0.06551377,-0.03817109,,
fat body,CAH2,0.15937738,0.19755223,-0.038174853,,
fat body,cv-d,0.08958116,0.12775779,-0.038176626,,
fat body,CR42545,0.03235381,0.07053969,-0.03818588,,
fat body,CG14963,0.042238142,0.08043888,-0.03820074,,
fat body,CG42851,0.047970053,0.08617234,-0.03820229,,
fat body,CG15576,0.025380868,0.06358654,-0.038205672,,
fat body,Yeti,0.33660555,0.37481496,-0.03820941,,
fat body,Stim,0.079129376,0.11734347,-0.038214095,,
fat body,VhaSFD,0.21655458,0.25477633,-0.038221747,,
fat body,pio,0.11613218,0.15435725,-0.038225077,,
fat body,ABCB7,0.0965266,0.1347558,-0.038229205,,
fat body,Csk,0.039568935,0.07782741,-0.038258474,,
fat body,Rap2l,0.061023258,0.09929149,-0.03826823,,
fat body,CG2911,0.0598242,0.098117195,-0.038292997,,
fat body,CG10343,0.06590532,0.104199864,-0.038294546,,
fat body,spen,0.088201426,0.12649931,-0.038297884,,
fat body,oxt,0.04353531,0.08183559,-0.03830028,,
fat body,CoRest,0.05509326,0.09342439,-0.03833113,,
fat body,CG17600,0.04683851,0.08517376,-0.038335253,,
fat body,dnk,0.05271956,0.09106274,-0.03834318,,
fat body,MED22,0.083164394,0.121511534,-0.03834714,,
fat body,mRpL24,0.04783569,0.086191624,-0.038355935,,
fat body,CG4186,0.0696123,0.1079784,-0.0383661,,
fat body,CG12693,0.025624229,0.06399895,-0.038374722,,
fat body,mspo,0.04209794,0.08047755,-0.03837961,,
fat body,CG9380,0.09667833,0.13506211,-0.038383782,,
fat body,Uba2,0.073767975,0.112160906,-0.03839293,,
fat body,CG12684,0.029768743,0.068190604,-0.03842186,,
fat body,Ect4,0.09839339,0.13682461,-0.03843122,,
fat body,28SrRNA-Psi:CR45860,0.09231727,0.13074945,-0.03843218,,
fat body,Prosalpha4,0.32865468,0.36708915,-0.038434476,,
fat body,Cul3,0.06935194,0.107788436,-0.038436495,,
fat body,CG7248,0.061937653,0.10038204,-0.038444385,,
fat body,beta4GalT7,0.046865795,0.08531205,-0.03844626,,
fat body,Snx6,0.21228033,0.25074643,-0.038466096,,
fat body,ifc,0.070730045,0.10921024,-0.038480192,,
fat body,TfIIA-L,0.13388522,0.17236687,-0.038481653,,
fat body,Shawl,0.13823031,0.17673963,-0.038509324,,
fat body,cpa,0.13378572,0.17231038,-0.038524657,,
fat body,Rad23,0.15822971,0.19677195,-0.03854224,,
fat body,mRpL55,0.055713113,0.0942757,-0.038562585,,
fat body,CG3942,0.023028111,0.06159237,-0.038564257,,
fat body,CG33521,0.19671398,0.23528916,-0.038575172,,
fat body,Cyp317a1,0.057793386,0.096381254,-0.03858787,,
fat body,CG12004,0.09321443,0.13181338,-0.038598947,,
fat body,CG6084,0.07532018,0.11393615,-0.03861597,,
fat body,nudE,0.08652409,0.12518473,-0.038660638,,
fat body,lncRNA:CR43909,0.025590252,0.06427334,-0.03868309,,
fat body,CG16787,0.023631832,0.06231767,-0.038685836,,
fat body,CG32263,0.024608487,0.063298635,-0.03869015,,
fat body,RhoGEF3,0.03672512,0.075471535,-0.038746417,,
fat body,Incenp,0.03699928,0.07574935,-0.03875007,,
fat body,Vha100-3,0.022216655,0.06100106,-0.038784403,,
fat body,mri,0.08670659,0.12549812,-0.038791522,,
fat body,Adgf-E,0.030181551,0.068988204,-0.038806655,,
fat body,CG9722,0.04411037,0.08291849,-0.03880812,,
fat body,CG32591,0.030988183,0.06980044,-0.038812254,,
fat body,DptA,0.09532293,0.13414647,-0.038823538,,
fat body,CG43103,0.25901312,0.2978402,-0.03882709,,
fat body,Akh,0.029626051,0.06846851,-0.038842462,,
fat body,olf186-F,0.069050096,0.10790415,-0.038854055,,
fat body,asRNA:CR45686,0.02744931,0.06630791,-0.0388586,,
fat body,128up,0.07485627,0.11371905,-0.038862787,,
fat body,RpS28a,0.03585441,0.074720256,-0.038865846,,
fat body,Cand1,0.046074335,0.084998816,-0.03892448,,
fat body,l(3)L1231,0.07931274,0.11823735,-0.038924605,,
fat body,CG8891,0.09638905,0.13531558,-0.038926534,,
fat body,Bin1,0.074322924,0.113282606,-0.038959682,,
fat body,mrva,0.12148981,0.1604577,-0.038967893,,
fat body,gammaCOP,0.17874293,0.21773191,-0.038988978,,
fat body,asRNA:CR44267,0.045049004,0.08409467,-0.03904567,,
fat body,Ns2,0.040150445,0.07920936,-0.039058913,,
fat body,Su(var)3-7,0.108051874,0.14712788,-0.039076008,,
fat body,fra,0.029669754,0.06877474,-0.039104983,,
fat body,CG7685,0.043934345,0.083050296,-0.03911595,,
fat body,CG14322,0.11480702,0.15393767,-0.03913065,,
fat body,EMC8-9,0.06734243,0.106491864,-0.039149433,,
fat body,CkIIalpha,0.1548196,0.19399709,-0.039177492,,
fat body,CG43172,0.02012794,0.059328277,-0.039200336,,
fat body,CG14384,0.037170455,0.07639814,-0.039227687,,
fat body,mRpS17,0.07209131,0.11133868,-0.03924737,,
fat body,DIP-lambda,0.02550426,0.0647522,-0.039247938,,
fat body,CG14212,0.020889206,0.06016047,-0.039271265,,
fat body,CG10660,0.044998936,0.08427094,-0.039272003,,
fat body,Noa36,0.08283451,0.12211908,-0.039284565,,
fat body,CG8818,0.058341235,0.09766547,-0.03932423,,
fat body,dock,0.044590607,0.0839333,-0.039342694,,
fat body,CG7332,0.050102044,0.08947708,-0.039375033,,
fat body,OXA1L,0.038074866,0.07745143,-0.039376564,,
fat body,Vps20,0.12673151,0.16613685,-0.03940533,,
fat body,Updo,0.044507317,0.08391571,-0.039408393,,
fat body,CG12438,0.019024638,0.05846873,-0.03944409,,
fat body,Nop56,0.114005394,0.15346225,-0.03945685,,
fat body,CG5021,0.14813986,0.18761118,-0.039471313,,
fat body,Su(var)2-10,0.02783434,0.06731227,-0.03947793,,
fat body,Atg16,0.04784486,0.08732328,-0.039478417,,
fat body,serp,0.11895503,0.15844703,-0.039491996,,
fat body,CG17991,0.035458405,0.07496244,-0.039504033,,
fat body,CG10435,0.056255963,0.095760584,-0.03950462,,
fat body,Pih1D1,0.08682921,0.12633727,-0.039508067,,
fat body,CG45087,2.0845969,2.1241217,-0.039524794,,
fat body,Iswi,0.040614106,0.08014855,-0.039534442,,
fat body,CG3776,0.08499906,0.124575146,-0.039576083,,
fat body,UQCR-C1,0.16842006,0.20800455,-0.039584488,,
fat body,Snap29,0.09127299,0.13086388,-0.039590888,,
fat body,CG2767,0.3704971,0.41013575,-0.03963864,,
fat body,CG8160,0.12546073,0.1651059,-0.039645165,,
fat body,nSMase,0.06713662,0.1067865,-0.039649874,,
fat body,ab,0.036147054,0.07579877,-0.039651718,,
fat body,Pex19,0.084036306,0.1237041,-0.039667793,,
fat body,ND-B14.7,0.124832205,0.16451998,-0.039687775,,
fat body,path,0.071782984,0.11147682,-0.03969384,,
fat body,l(2)35Be,0.07558254,0.115299955,-0.039717413,,
fat body,CG4744,0.024247695,0.063967876,-0.03972018,,
fat body,CG42592,0.029463552,0.06920335,-0.039739795,,
fat body,CG42820,0.02238299,0.062133197,-0.039750207,,
fat body,sesB,0.7290742,0.76883,-0.03975582,,
fat body,CG42857,0.021185527,0.060973704,-0.03978818,,
fat body,CG17199,0.021514738,0.061323795,-0.039809056,,
fat body,Dscam1,0.03352306,0.07336404,-0.03984098,,
fat body,CG15111,0.043150842,0.082996145,-0.039845303,,
fat body,Strip,0.05535427,0.095215954,-0.039861683,,
fat body,CG7627,0.09011724,0.1299999,-0.039882667,,
fat body,Rheb,0.13831599,0.17820467,-0.03988868,,
fat body,Rpt5,0.13432707,0.17434777,-0.040020704,,
fat body,mud,0.024192385,0.06423136,-0.040038973,,
fat body,mino,0.17573449,0.21577613,-0.04004164,,
fat body,vig,0.097899444,0.13797861,-0.04007917,,
fat body,mub,0.13262717,0.17272425,-0.040097073,,
fat body,PCB,0.3579096,0.39802167,-0.04011208,,
fat body,ttm2,0.0223632,0.06253973,-0.040176526,,
fat body,asRNA:CR44144,0.018424984,0.058605213,-0.04018023,,
fat body,CG3246,0.28705436,0.32726282,-0.04020846,,
fat body,CG14270,0.029776093,0.069988385,-0.040212292,,
fat body,CG5323,0.06587126,0.10609717,-0.04022591,,
fat body,CG43136,0.032305457,0.07255255,-0.04024709,,
fat body,TM9SF2,0.13584213,0.17614499,-0.040302858,,
fat body,sima,0.085477896,0.12579879,-0.040320896,,
fat body,Arl4,0.101366505,0.14170474,-0.040338233,,
fat body,Cds,0.08322349,0.12356627,-0.040342778,,
fat body,mfas,0.17443462,0.21478325,-0.040348634,,
fat body,LSm7,0.088190205,0.12854461,-0.04035441,,
fat body,ATP7,0.043617293,0.08398814,-0.040370844,,
fat body,CG42493,0.034738906,0.075117566,-0.04037866,,
fat body,Ing5,0.07220691,0.112593494,-0.040386587,,
fat body,numb,0.04357135,0.08397201,-0.040400658,,
fat body,CAH3,0.08337427,0.12377576,-0.04040149,,
fat body,CG11333,0.017420793,0.05783473,-0.04041394,,
fat body,CG11447,0.10799606,0.14841342,-0.04041736,,
fat body,Cpr49Ag,0.058081105,0.09850843,-0.040427327,,
fat body,CG43346,0.06998188,0.110454716,-0.040472835,,
fat body,shot,0.19214165,0.23262727,-0.04048562,,
fat body,AP-1-2beta,0.098064356,0.13855617,-0.040491812,,
fat body,crim,0.068546884,0.109055206,-0.040508322,,
fat body,brv3,0.023540374,0.064060315,-0.04051994,,
fat body,aux,0.07954446,0.120089635,-0.040545173,,
fat body,PIG-B,0.054318506,0.094869524,-0.040551018,,
fat body,CG30393,0.049106576,0.08966727,-0.040560693,,
fat body,CG5276,0.037524547,0.078090645,-0.040566098,,
fat body,gpp,0.048482846,0.08908312,-0.040600274,,
fat body,CAH15,0.03287469,0.073498525,-0.040623836,,
fat body,Srp19,0.10970099,0.1503319,-0.040630907,,
fat body,CG13868,0.20393713,0.244617,-0.040679872,,
fat body,beta-Spec,0.10699563,0.14768873,-0.040693104,,
fat body,CG12581,0.08702812,0.12772726,-0.04069913,,
fat body,CG13473,0.037316572,0.07803702,-0.04072045,,
fat body,mahe,0.07148444,0.11225067,-0.04076623,,
fat body,mav,0.018609306,0.05937909,-0.040769786,,
fat body,spt4,0.06576505,0.1065727,-0.04080765,,
fat body,RpS16,2.2222548,2.2630925,-0.040837765,,
fat body,CAH14,0.01991368,0.060758833,-0.040845152,,
fat body,Rac1,0.20508112,0.2459624,-0.040881276,,
fat body,Pi4KIIalpha,0.078859,0.119746156,-0.040887155,,
fat body,CG8617,0.060548525,0.10147376,-0.04092524,,
fat body,Herp,0.19807346,0.23899986,-0.040926397,,
fat body,Menl-2,0.024168903,0.0651029,-0.040933996,,
fat body,Cpsf5,0.06594034,0.106885776,-0.040945433,,
fat body,CG14229,0.061058097,0.102005385,-0.04094729,,
fat body,Npc1a,0.11169872,0.15265515,-0.040956438,,
fat body,CG4646,0.07440633,0.11536745,-0.040961117,,
fat body,CG42518,0.3763492,0.4173456,-0.040996403,,
fat body,pyd,0.07780021,0.11879846,-0.04099825,,
fat body,t-cup,0.031890422,0.072893865,-0.041003443,,
fat body,Trf4-2,0.02710152,0.06813343,-0.04103191,,
fat body,Elys,0.022775723,0.0638282,-0.041052476,,
fat body,Smox,0.1278524,0.16895023,-0.041097835,,
fat body,pum,0.15696459,0.19806407,-0.04109949,,
fat body,HemK1,0.031370997,0.07248954,-0.04111854,,
fat body,CG34274,0.027590785,0.06871971,-0.041128922,,
fat body,Caf1-55,0.091475874,0.13262302,-0.041147143,,
fat body,CG31549,0.052098036,0.09325723,-0.041159198,,
fat body,mAcon2,0.021121006,0.062302448,-0.04118144,,
fat body,DUBAI,0.03351212,0.07470227,-0.04119015,,
fat body,CG30350,0.023520658,0.06472007,-0.041199416,,
fat body,CLS,0.19125599,0.23247728,-0.04122129,,
fat body,MICAL-like,0.052662835,0.09390032,-0.04123749,,
fat body,CG7556,0.11101638,0.15225619,-0.041239813,,
fat body,CG15429,0.031639494,0.07289585,-0.041256353,,
fat body,CG1309,0.06152152,0.102792375,-0.041270856,,
fat body,CG17122,0.021811133,0.0630844,-0.041273266,,
fat body,CG15403,0.038346104,0.07963115,-0.041285045,,
fat body,CG12620,0.028063146,0.069350444,-0.041287296,,
fat body,D2hgdh,0.11927917,0.16059364,-0.041314475,,
fat body,Lsd-2,0.573246,0.61457306,-0.04132706,,
fat body,CG11790,0.16186503,0.20323098,-0.04136595,,
fat body,SLIRP1,0.14250596,0.18387324,-0.041367278,,
fat body,CG9483,0.02853947,0.06992595,-0.041386478,,
fat body,vsg,0.61183995,0.6532355,-0.041395545,,
fat body,eIF4EHP,0.054421123,0.095825285,-0.04140416,,
fat body,CG13623,0.08378659,0.12519386,-0.041407272,,
fat body,Hmu,0.2308371,0.27225298,-0.04141587,,
fat body,qjt,0.025823088,0.06724373,-0.041420646,,
fat body,Ank,0.12598269,0.16740578,-0.041423097,,
fat body,Chrac-16,0.046674795,0.088105135,-0.04143034,,
fat body,Non2,0.16311651,0.20459223,-0.041475713,,
fat body,CG13457,0.018067122,0.05956619,-0.041499067,,
fat body,upSET,0.03631176,0.07782265,-0.041510887,,
fat body,ksh,0.1527875,0.19430983,-0.041522324,,
fat body,CG8677,0.021374002,0.06292271,-0.041548707,,
fat body,CG16935,0.113773115,0.15532728,-0.04155416,,
fat body,CG41561,0.020064028,0.061626308,-0.04156228,,
fat body,CG10702,0.039105978,0.08068303,-0.041577052,,
fat body,x16,0.074043885,0.11562789,-0.041584007,,
fat body,MetRS,0.03975308,0.08135031,-0.041597232,,
fat body,RpL18A,2.6818895,2.7234917,-0.041602135,,
fat body,VhaPPA1-1,0.39410627,0.43572217,-0.041615903,,
fat body,mfrn,0.081401505,0.123030156,-0.04162865,,
fat body,qtc,0.05115881,0.092798285,-0.041639477,,
fat body,msb1l,0.034164242,0.07581389,-0.041649647,,
fat body,CG11300,0.0459577,0.0876514,-0.041693702,,
fat body,CROT,0.09524976,0.13694766,-0.041697904,,
fat body,CG14448,0.036526024,0.07823122,-0.0417052,,
fat body,Stam,0.13171655,0.17342232,-0.041705772,,
fat body,HP1b,0.051154245,0.09286884,-0.041714597,,
fat body,Vha100-5,0.04036955,0.0820925,-0.04172295,,
fat body,CG13449,0.02290497,0.06464993,-0.041744962,,
fat body,twr,0.40075007,0.44256285,-0.041812778,,
fat body,Cyt-c1,0.21029603,0.25213704,-0.041841,,
fat body,for,0.19533287,0.23717673,-0.04184386,,
fat body,CG4619,0.11408063,0.15594693,-0.041866295,,
fat body,RanBPM,0.08905537,0.13092194,-0.04186658,,
fat body,mrj,0.052879382,0.094749324,-0.041869942,,
fat body,CG17746,0.093495734,0.1353783,-0.041882567,,
fat body,CG33977,0.23069696,0.27258575,-0.04188879,,
fat body,CG1427,0.038855053,0.08079315,-0.041938096,,
fat body,CG9877,0.66286284,0.7048332,-0.041970372,,
fat body,CG41520,0.04021329,0.082210645,-0.041997354,,
fat body,OstDelta,0.10868292,0.15068266,-0.041999735,,
fat body,CG5435,0.02432054,0.0663339,-0.04201336,,
fat body,AIMP2,0.1104454,0.1524694,-0.042023994,,
fat body,Hexo1,0.12989742,0.1719253,-0.04202789,,
fat body,CG33523,0.059386358,0.10143485,-0.04204849,,
fat body,lap,0.06264933,0.10473589,-0.042086557,,
fat body,Hrs,0.06343018,0.10555587,-0.042125687,,
fat body,CG10839,0.034917697,0.07705181,-0.042134114,,
fat body,CG15547,0.024592426,0.066763274,-0.04217085,,
fat body,ScpX,0.16410005,0.20628172,-0.04218167,,
fat body,Shc,0.120140016,0.1623666,-0.042226583,,
fat body,osp,0.056431714,0.09866629,-0.042234574,,
fat body,eRF3,0.10972303,0.151963,-0.042239964,,
fat body,Pp1-13C,0.022997541,0.065246865,-0.042249322,,
fat body,CG4198,0.020627528,0.062887825,-0.042260297,,
fat body,AhcyL1,0.1021713,0.14443168,-0.04226038,,
fat body,Taldo,0.40906683,0.45136172,-0.04229489,,
fat body,CG5103,0.019181285,0.06147691,-0.042295624,,
fat body,GstT2,0.12783831,0.17013508,-0.042296767,,
fat body,CG7634,0.029181313,0.07148838,-0.042307068,,
fat body,CG42814,0.02731439,0.069672786,-0.0423584,,
fat body,Ns4,0.04190716,0.084289886,-0.042382725,,
fat body,Ntf-2r,0.029937424,0.07234038,-0.042402953,,
fat body,Npc2a,0.7491236,0.7915363,-0.0424127,,
fat body,Gpo2,0.03642815,0.07884503,-0.04241688,,
fat body,mRpL52,0.086253576,0.12868375,-0.04243017,,
fat body,CG10337,0.11113908,0.15357028,-0.042431198,,
fat body,ND-51L1,0.028335607,0.07077662,-0.04244101,,
fat body,Cpr67Fa2,0.019262305,0.06172167,-0.04245937,,
fat body,pre-rRNA:CR45845,0.08097623,0.12344546,-0.042469226,,
fat body,CG42710,0.018792383,0.061270136,-0.042477753,,
fat body,RpS28b,2.607026,2.6495237,-0.042497635,,
fat body,Ptpmeg,0.076767646,0.11928486,-0.042517215,,
fat body,alt,0.17623888,0.21875617,-0.04251729,,
fat body,Nuak1,0.057390135,0.09992755,-0.042537417,,
fat body,CG15309,0.17969477,0.22223462,-0.04253985,,
fat body,Pabp2,0.07357561,0.116121694,-0.042546086,,
fat body,CG34258,0.03036119,0.072908826,-0.042547636,,
fat body,CG18808,0.023208136,0.0657647,-0.04255657,,
fat body,lncRNA:CR43279,0.024650544,0.06721116,-0.042560615,,
fat body,Nulp1,0.07941288,0.12197962,-0.04256674,,
fat body,CR17438,0.020124273,0.062724955,-0.042600684,,
fat body,CG8372,0.14244494,0.18506882,-0.042623878,,
fat body,CG9705,0.26994637,0.31257117,-0.0426248,,
fat body,CG30105,0.018121393,0.06076884,-0.042647444,,
fat body,CG2955,0.030986195,0.0736533,-0.042667106,,
fat body,Men,0.31240353,0.3550819,-0.042678356,,
fat body,sofe,0.023661533,0.06635965,-0.042698115,,
fat body,CG15721,0.028889233,0.071618736,-0.042729504,,
fat body,Iru,0.047747303,0.0904852,-0.042737897,,
fat body,CG42813,0.10288242,0.14563067,-0.04274825,,
fat body,lncRNA:roX1,0.39835337,0.44110554,-0.042752177,,
fat body,thoc7,0.10564009,0.14839397,-0.042753883,,
fat body,RtGEF,0.03324325,0.07600421,-0.042760957,,
fat body,Oscillin,0.15626135,0.19904774,-0.04278639,,
fat body,eIF3l,0.12555909,0.16835256,-0.042793468,,
fat body,Der-2,0.06420051,0.10700829,-0.04280778,,
fat body,Su(Tpl),0.08801646,0.1308381,-0.04282164,,
fat body,CG17266,0.040275417,0.08309979,-0.042824373,,
fat body,Unr,0.16800044,0.21083167,-0.042831227,,
fat body,CG6565,0.042130098,0.08497944,-0.04284934,,
fat body,Fs,0.020983612,0.06383701,-0.042853393,,
fat body,didum,0.031182468,0.07404019,-0.04285772,,
fat body,CG18128,0.025388826,0.068259425,-0.0428706,,
fat body,Arl6IP1,0.065017976,0.10789923,-0.042881258,,
fat body,Fgop2,0.055914916,0.09882231,-0.042907394,,
fat body,Adk2,0.10920154,0.15214247,-0.042940922,,
fat body,nmd,0.08305386,0.12599687,-0.042943016,,
fat body,kat-60L1,0.042446163,0.08541984,-0.04297368,,
fat body,Debcl,0.033533335,0.07654127,-0.043007933,,
fat body,MED31,0.12517893,0.1681892,-0.043010265,,
fat body,MtnA,0.94455886,0.98757076,-0.043011904,,
fat body,dre4,0.06113628,0.104158945,-0.043022666,,
fat body,ValRS-m,0.036678974,0.079706356,-0.043027382,,
fat body,CG9861,0.022988504,0.06601665,-0.043028146,,
fat body,MFS14,0.16968131,0.21272922,-0.043047905,,
fat body,Ubc6,0.16189988,0.20496356,-0.043063685,,
fat body,CG10082,0.085654885,0.12872739,-0.043072507,,
fat body,Arf51F,0.102341525,0.14542378,-0.04308226,,
fat body,CG11141,0.040814873,0.08391917,-0.043104295,,
fat body,CG16865,0.027754864,0.070860855,-0.04310599,,
fat body,CG14689,0.048229374,0.091357075,-0.0431277,,
fat body,CG10984,0.06280754,0.105968915,-0.043161377,,
fat body,CG31787,0.05254866,0.09572008,-0.04317142,,
fat body,CG17648,0.03632956,0.07953552,-0.04320596,,
fat body,Vha68-2,0.47088876,0.5141148,-0.043226033,,
fat body,anne,0.08978037,0.13302264,-0.04324227,,
fat body,hth,0.11542873,0.15867539,-0.043246657,,
fat body,fru,0.048050683,0.091302134,-0.04325145,,
fat body,twe,0.03860505,0.08188201,-0.04327696,,
fat body,CG15395,0.027588094,0.07089522,-0.043307126,,
fat body,tacc,0.18934806,0.23267181,-0.043323755,,
fat body,CG15233,0.025869051,0.069198154,-0.043329105,,
fat body,Esyt2,0.06697296,0.11031353,-0.043340564,,
fat body,CG33225,0.055115726,0.09847281,-0.043357085,,
fat body,Kal1,0.1967758,0.24013983,-0.043364033,,
fat body,CG34012,0.025442496,0.06881667,-0.043374173,,
fat body,CG10126,0.14265247,0.18603285,-0.04338038,,
fat body,CG32846,0.03255626,0.075937174,-0.043380916,,
fat body,CG15019,0.1333091,0.17669822,-0.043389127,,
fat body,icln,0.023259811,0.066651404,-0.043391593,,
fat body,CG6523,0.10252963,0.14596502,-0.043435395,,
fat body,CG7492,0.07555601,0.11900403,-0.043448023,,
fat body,Det,0.055506703,0.098966874,-0.04346017,,
fat body,fz2,0.16329497,0.20676564,-0.043470666,,
fat body,Dp,0.042258985,0.08573372,-0.043474734,,
fat body,CG7878,0.11041536,0.1538922,-0.043476842,,
fat body,CG32487,0.026212782,0.06973475,-0.04352197,,
fat body,HP1c,0.048699997,0.092241496,-0.0435415,,
fat body,CG46427,0.027636316,0.07117836,-0.043542046,,
fat body,CG34308,0.032913636,0.07646148,-0.043547843,,
fat body,CG9855,0.033411425,0.07696963,-0.043558206,,
fat body,CG10332,0.029295543,0.072856635,-0.043561094,,
fat body,CG8176,0.08216901,0.1257624,-0.04359339,,
fat body,GstD9,0.03878567,0.08238145,-0.04359578,,
fat body,CG34425,0.029045735,0.07264443,-0.043598693,,
fat body,CG7841,0.03285425,0.07645612,-0.04360187,,
fat body,CG12194,0.030653331,0.07427852,-0.043625187,,
fat body,rgr,0.17293066,0.2165638,-0.043633148,,
fat body,pasi1,0.04650386,0.09013944,-0.04363558,,
fat body,CCY,0.010627162,0.054266505,-0.043639343,,
fat body,CG5062,0.024083314,0.06773543,-0.043652117,,
fat body,CG10418,0.08338984,0.12704332,-0.04365348,,
fat body,Cpr51A,0.055481274,0.099135354,-0.04365408,,
fat body,CG6441,0.017546142,0.061200704,-0.04365456,,
fat body,Tsp42Ed,0.18011136,0.22377463,-0.043663263,,
fat body,CG11999,0.09467236,0.13833794,-0.04366558,,
fat body,ergic53,0.20150045,0.24518216,-0.04368171,,
fat body,CG12516,0.027470501,0.07116036,-0.043689862,,
fat body,CG31650,0.035288986,0.07898031,-0.043691326,,
fat body,Reg-5,0.20752864,0.2512519,-0.04372327,,
fat body,asRNA:CR45160,0.09685409,0.14059785,-0.04374376,,
fat body,Rpn7,0.2699575,0.31372947,-0.043771952,,
fat body,lncRNA:CR44519,0.04365491,0.08743761,-0.043782696,,
fat body,CG30015,0.06964784,0.11343239,-0.04378455,,
fat body,Arpc1,0.117539704,0.16132851,-0.043788806,,
fat body,CG5346,0.1279876,0.17178349,-0.0437959,,
fat body,CG13324,0.13745195,0.18124993,-0.043797985,,
fat body,CG10508,0.031775236,0.07559633,-0.043821096,,
fat body,CG13564,0.042291753,0.08615309,-0.043861337,,
fat body,nsl1,0.071683735,0.11555077,-0.043867037,,
fat body,Rab2,0.17337301,0.21725468,-0.04388167,,
fat body,CG30461,0.033485085,0.07738374,-0.043898657,,
fat body,CG8289,0.07843949,0.12235086,-0.043911368,,
fat body,RhoGAP68F,0.106001705,0.14993754,-0.043935835,,
fat body,mRpS22,0.058488958,0.10242858,-0.04393962,,
fat body,CG12321,0.09936533,0.14330995,-0.04394462,,
fat body,CG34251,0.049986437,0.09393161,-0.04394517,,
fat body,Sdhaf3,0.037714075,0.081664465,-0.04395039,,
fat body,Unc-115a,0.04728784,0.09124734,-0.043959502,,
fat body,CG8100,0.29433045,0.33829102,-0.04396057,,
fat body,CG34167,0.036069393,0.0800559,-0.043986507,,
fat body,clu,0.057352144,0.101404615,-0.04405247,,
fat body,asRNA:CR11538,2.681026,2.7250836,-0.044057608,,
fat body,CG33234,0.041461714,0.08554544,-0.04408373,,
fat body,CG13008,0.020862387,0.06495774,-0.044095352,,
fat body,CG34029,0.039110307,0.08325119,-0.044140887,,
fat body,rtv,0.041863028,0.086011045,-0.044148017,,
fat body,CG31342,0.08547284,0.12963204,-0.044159204,,
fat body,beat-IIIa,0.032529604,0.07670399,-0.044174384,,
fat body,CD98hc,0.16165589,0.20585151,-0.044195622,,
fat body,CG11656,0.019394297,0.063607804,-0.044213507,,
fat body,pdgy,0.156887,0.2011135,-0.044226512,,
fat body,chinmo,0.05245978,0.096690945,-0.044231165,,
fat body,CG7094,0.016378898,0.060629994,-0.044251096,,
fat body,CG31907,0.03379516,0.07806988,-0.04427472,,
fat body,TfIIA-S-2,0.026300607,0.070593916,-0.044293307,,
fat body,CG3604,0.111183785,0.1554962,-0.04431241,,
fat body,mRpS18C,0.039410386,0.08372301,-0.044312622,,
fat body,wal,0.26243943,0.3067533,-0.044313878,,
fat body,CG2034,0.07334732,0.1176784,-0.044331074,,
fat body,wfs1,0.037577055,0.08197084,-0.044393785,,
fat body,CG15118,0.1265518,0.17095718,-0.04440537,,
fat body,pont,0.05172934,0.09614072,-0.04441138,,
fat body,CG1620,0.038548898,0.08296237,-0.044413473,,
fat body,CG7742,0.026435573,0.070855126,-0.044419553,,
fat body,CG11779,0.037092753,0.081516586,-0.044423833,,
fat body,ReepA,0.08384895,0.1282839,-0.04443495,,
fat body,CG6388,0.043088995,0.087561704,-0.04447271,,
fat body,Fmr1,0.06344926,0.10794715,-0.044497885,,
fat body,CG32832,0.053278167,0.097783335,-0.044505168,,
fat body,CG10089,0.026365655,0.07088681,-0.04452116,,
fat body,CG45066,0.037486337,0.082017906,-0.04453157,,
fat body,Cpr,0.16188826,0.20644414,-0.044555888,,
fat body,eIF4H1,0.25668004,0.301241,-0.04456097,,
fat body,CG11699,0.23628114,0.2808702,-0.044589058,,
fat body,CCT8,0.13118978,0.17579812,-0.04460834,,
fat body,eIF3a,0.389379,0.4340211,-0.04464209,,
fat body,Las,0.031580165,0.07626255,-0.044682384,,
fat body,MED7,0.07431738,0.119005926,-0.044688545,,
fat body,asRNA:CR45712,0.16054781,0.20524625,-0.044698447,,
fat body,pim,0.02808299,0.07278148,-0.04469849,,
fat body,CG43288,0.05090139,0.095621794,-0.044720404,,
fat body,CG42841,0.049742687,0.094487846,-0.04474516,,
fat body,geminin,0.064845406,0.10960937,-0.044763967,,
fat body,CG43405,0.032910988,0.07767782,-0.044766836,,
fat body,CG6931,0.053690497,0.09853381,-0.044843312,,
fat body,CG13796,0.17304265,0.21790041,-0.044857755,,
fat body,ATPsynepsilonL,0.026325481,0.07119746,-0.04487198,,
fat body,CG9270,0.027189221,0.07206313,-0.044873912,,
fat body,lncRNA:CR43905,0.041484214,0.086361475,-0.04487726,,
fat body,CG14478,0.04938634,0.0943063,-0.044919956,,
fat body,CG7856,0.029999377,0.07494194,-0.044942565,,
fat body,CG31142,0.18614985,0.23110163,-0.04495178,,
fat body,Nup160,0.043662556,0.08869855,-0.045035996,,
fat body,CG15475,0.027329842,0.07241051,-0.04508067,,
fat body,eIF3m,0.29090673,0.33599228,-0.04508555,,
fat body,app,0.0624861,0.10758185,-0.045095745,,
fat body,Kap-alpha1,0.06855162,0.11365211,-0.045100488,,
fat body,Tsp42Ef,0.09334098,0.13844834,-0.045107365,,
fat body,stv,0.6296484,0.6747604,-0.045112014,,
fat body,CG43736,0.06820566,0.11331782,-0.045112155,,
fat body,CG1542,0.029330853,0.074451484,-0.04512063,,
fat body,RpL39,3.587503,3.6326342,-0.045131207,,
fat body,CG45413,0.02311524,0.06825044,-0.0451352,,
fat body,CG42661,0.020859305,0.06603026,-0.04517095,,
fat body,CG8520,0.03683697,0.08200913,-0.04517216,,
fat body,Rab8,0.110874325,0.1560709,-0.045196578,,
fat body,CG9632,0.048112243,0.093338795,-0.04522655,,
fat body,eIF3h,0.34864265,0.39390352,-0.045260876,,
fat body,CG40470,0.03360896,0.07888622,-0.045277257,,
fat body,Cyp9b2,0.16715868,0.21247478,-0.0453161,,
fat body,Prp8,0.09949991,0.14482138,-0.045321465,,
fat body,wac,0.0499282,0.09531161,-0.045383412,,
fat body,CG43328,0.021927368,0.06731168,-0.045384314,,
fat body,CG6512,0.0687977,0.11419531,-0.04539761,,
fat body,CG7804,0.026688626,0.07210362,-0.04541499,,
fat body,CG9288,0.034517396,0.0799645,-0.045447107,,
fat body,Vha13,0.8537186,0.89919406,-0.045475483,,
fat body,rogdi,0.04410184,0.089673564,-0.045571722,,
fat body,CG30094,0.029412715,0.07499056,-0.045577846,,
fat body,kto,0.06023094,0.105818,-0.045587063,,
fat body,CG43781,0.08052852,0.12611991,-0.04559139,,
fat body,Ucp4B,0.042924006,0.08852277,-0.045598764,,
fat body,CG15580,0.022311091,0.067950346,-0.045639254,,
fat body,alphaSnap,0.14484586,0.19052188,-0.045676023,,
fat body,CG14011,0.04012471,0.085813574,-0.045688864,,
fat body,CG30178,0.028752599,0.07444506,-0.045692462,,
fat body,Octbeta1R,0.06447501,0.11022752,-0.04575251,,
fat body,CG11588,0.020553313,0.066315025,-0.045761712,,
fat body,Synd,0.1373157,0.18308693,-0.045771226,,
fat body,CR42875,0.041441865,0.08722171,-0.045779847,,
fat body,CG13004,0.0643209,0.11013105,-0.045810148,,
fat body,CG10731,0.045537423,0.091348164,-0.04581074,,
fat body,CG33970,0.03183981,0.077725425,-0.045885615,,
fat body,Cpsf6,0.112307414,0.15820402,-0.045896605,,
fat body,CG34245,0.04107672,0.08697743,-0.04590071,,
fat body,CG10589,0.039245144,0.0851687,-0.045923553,,
fat body,CG43331,0.03972645,0.08568109,-0.045954637,,
fat body,PpD3,0.058368616,0.104328446,-0.04595983,,
fat body,Galphai,0.039046876,0.08502311,-0.045976236,,
fat body,Rpb11,0.09207373,0.13809246,-0.046018727,,
fat body,Pcd,0.39630952,0.44232866,-0.046019137,,
fat body,CG32117,0.029761393,0.07579143,-0.04603004,,
fat body,CG5903,0.08923734,0.13526979,-0.04603245,,
fat body,CG4199,0.16496977,0.21100889,-0.04603912,,
fat body,Ehbp1,0.06462867,0.11070209,-0.04607342,,
fat body,CG15708,0.042187657,0.08830224,-0.046114583,,
fat body,CG5213,0.03743371,0.083548866,-0.046115156,,
fat body,CG1440,0.07825918,0.12439416,-0.046134986,,
fat body,Map205,0.065216124,0.11135399,-0.04613787,,
fat body,CG8204,0.08777102,0.1339204,-0.04614938,,
fat body,CG1218,0.0470836,0.093239486,-0.046155885,,
fat body,Snx1,0.106331564,0.15250008,-0.046168514,,
fat body,CG8236,0.03430867,0.08051617,-0.0462075,,
fat body,casp,0.047248207,0.093456954,-0.046208747,,
fat body,Aps,0.14947714,0.19570598,-0.04622884,,
fat body,CG43290,0.04824979,0.094484456,-0.046234667,,
fat body,CG32181,0.019752374,0.06599382,-0.046241447,,
fat body,lncRNA:CR44208,0.019844338,0.06609755,-0.04625321,,
fat body,CG10063,0.04786405,0.09414948,-0.046285428,,
fat body,tomboy40,0.038063485,0.0843727,-0.046309214,,
fat body,CG11362,0.039094493,0.085430555,-0.046336062,,
fat body,MAN1,0.05121364,0.097574845,-0.046361204,,
fat body,lncRNA:CR43803,0.04292814,0.08929737,-0.04636923,,
fat body,Srp54k,0.111842215,0.15821838,-0.04637617,,
fat body,Hsp67Bc,0.0967843,0.14316572,-0.04638142,,
fat body,CG31882,0.03485072,0.081271365,-0.046420645,,
fat body,CG43880,0.034911945,0.08140432,-0.046492375,,
fat body,Wee1,0.035646327,0.082179144,-0.046532817,,
fat body,CG12448,0.039665207,0.08621235,-0.046547145,,
fat body,CG2224,0.030419063,0.07701772,-0.046598654,,
fat body,eIF3j,0.14776008,0.19437388,-0.046613798,,
fat body,Rbfox1,0.11801099,0.16463116,-0.046620168,,
fat body,CG1690,0.051631544,0.09825722,-0.046625677,,
fat body,CG30334,0.039771207,0.086406216,-0.04663501,,
fat body,babos,0.06326853,0.109925166,-0.04665664,,
fat body,CG11666,0.04172008,0.08840081,-0.04668073,,
fat body,CG33671,0.13891056,0.1855916,-0.04668103,,
fat body,CG14354,0.040924944,0.08761203,-0.04668709,,
fat body,CG32695,0.85251254,0.8992029,-0.046690345,,
fat body,CG7430,0.13388787,0.18060318,-0.046715304,,
fat body,RFeSP,0.19698833,0.24373142,-0.046743095,,
fat body,Acer,0.09201699,0.13876598,-0.04674899,,
fat body,NHP2,0.12778206,0.17453283,-0.04675077,,
fat body,udd,0.11717564,0.1639312,-0.046755567,,
fat body,CG13541,0.024877805,0.07164702,-0.046769213,,
fat body,gammaTry,0.07830587,0.12508391,-0.04677804,,
fat body,CG7542,0.023896169,0.07070728,-0.046811108,,
fat body,CG18259,0.05824421,0.10506243,-0.046818223,,
fat body,CG10472,0.79969066,0.84653455,-0.046843886,,
fat body,Lsp1beta,4.5505424,4.5974064,-0.046864033,,
fat body,CG43167,0.038165472,0.08503177,-0.046866298,,
fat body,Fdx2,0.14503543,0.19193213,-0.046896696,,
fat body,Taf12,0.088245325,0.13515992,-0.0469146,,
fat body,CG30343,0.06030523,0.10724076,-0.04693553,,
fat body,CG11249,0.043668244,0.09062855,-0.046960305,,
fat body,Nop60B,0.08724631,0.13423963,-0.046993315,,
fat body,SCaMC,0.34841716,0.3954135,-0.046996325,,
fat body,CG6333,0.032119576,0.079125084,-0.047005508,,
fat body,CG11726,0.030835735,0.07785791,-0.04702218,,
fat body,CG7289,0.082335696,0.12940307,-0.047067374,,
fat body,p47,0.14570351,0.19277179,-0.047068283,,
fat body,DCP2,0.0609202,0.10798998,-0.04706978,,
fat body,Smg6,0.10946186,0.15654677,-0.047084913,,
fat body,CG4892,0.037783362,0.084876165,-0.047092803,,
fat body,SCCRO3,0.053843338,0.10094656,-0.047103222,,
fat body,CG43318,0.022560855,0.0697104,-0.047149546,,
fat body,CG5059,0.7537352,0.8009114,-0.047176242,,
fat body,Cdk12,0.07239744,0.11958262,-0.047185183,,
fat body,Tfb1,0.08486834,0.13205686,-0.04718852,,
fat body,ORMDL,0.12864365,0.17586756,-0.04722391,,
fat body,lncRNA:CR44420,0.039540898,0.08681487,-0.047273975,,
fat body,CG15168,0.11260532,0.15989493,-0.04728961,,
fat body,CG31804,0.027985074,0.07528632,-0.047301248,,
fat body,CG43998,0.05058838,0.097902775,-0.047314394,,
fat body,CG17098,0.023990232,0.07131858,-0.04732835,,
fat body,CG34008,0.10235901,0.14969039,-0.047331378,,
fat body,Bruce,0.09248054,0.13981533,-0.04733479,,
fat body,wdp,0.15093154,0.19828644,-0.047354907,,
fat body,slim,0.061007496,0.10836303,-0.047355536,,
fat body,CG15483,0.035278343,0.082649305,-0.047370963,,
fat body,LamC,0.1529879,0.20036815,-0.047380254,,
fat body,CG32066,0.036663778,0.0840629,-0.04739912,,
fat body,CG17450,0.031763792,0.07917606,-0.04741227,,
fat body,CG11737,0.10268864,0.15010196,-0.04741332,,
fat body,CG14154,0.034315124,0.081745505,-0.04743038,,
fat body,DnaJ-60,0.05543899,0.102871045,-0.047432054,,
fat body,CG7946,0.030649558,0.07808789,-0.04743833,,
fat body,Cyp12a4,0.09122213,0.13867462,-0.047452487,,
fat body,Pdhb,0.17861213,0.22606498,-0.047452852,,
fat body,CG33155,0.10616452,0.15366535,-0.047500826,,
fat body,Gapdh1,1.0367942,1.0843061,-0.047511935,,
fat body,CG40178,0.16843812,0.21595158,-0.047513455,,
fat body,CG33786,0.06835793,0.11587174,-0.047513813,,
fat body,lig,0.13400926,0.18153949,-0.047530234,,
fat body,CG32444,0.03361984,0.08127083,-0.04765099,,
fat body,muc,0.09900435,0.14665885,-0.047654502,,
fat body,GluProRS,0.08325929,0.13091858,-0.047659285,,
fat body,Arpc5,0.09651613,0.14422803,-0.047711894,,
fat body,CG12163,0.58379126,0.63150656,-0.047715306,,
fat body,CG12338,0.14916155,0.1968892,-0.04772766,,
fat body,CG30122,0.055458527,0.103191614,-0.047733087,,
fat body,Pmi,0.06762316,0.11536599,-0.04774283,,
fat body,CG14300,1.1749268,1.222675,-0.047748208,,
fat body,jim,0.10700273,0.15476148,-0.04775875,,
fat body,CG9592,0.019107398,0.066889435,-0.047782037,,
fat body,Pfk,0.08519297,0.13299015,-0.04779718,,
fat body,CG9601,0.041953526,0.08975404,-0.04780051,,
fat body,CG15286,0.03619688,0.083997585,-0.047800705,,
fat body,Prosbeta2,0.320452,0.36825585,-0.04780385,,
fat body,Tengl1,0.028595561,0.07640616,-0.0478106,,
fat body,CG11698,0.02527821,0.07310104,-0.047822833,,
fat body,COX4,0.5278921,0.5757202,-0.04782808,,
fat body,CG42446,0.037426103,0.085294895,-0.047868792,,
fat body,CG45490,0.019777786,0.0676709,-0.04789311,,
fat body,CG14659,0.03528515,0.08330549,-0.048020344,,
fat body,CG15891,0.10184269,0.14987224,-0.048029557,,
fat body,Snx3,0.13298936,0.18102334,-0.048033983,,
fat body,CG2100,0.025594322,0.073643595,-0.04804927,,
fat body,h-cup,0.0283467,0.07639854,-0.048051834,,
fat body,DCTN6-p27,0.10138579,0.14944234,-0.048056558,,
fat body,CG31358,0.02822613,0.076329365,-0.048103236,,
fat body,pck,0.09226349,0.14036983,-0.048106343,,
fat body,Oatp74D,0.19015165,0.23825972,-0.04810807,,
fat body,asRNA:CR44293,0.019958466,0.068135,-0.048176534,,
fat body,eIF5B,0.108306125,0.1564891,-0.04818298,,
fat body,CG11294,0.03178891,0.07998013,-0.048191216,,
fat body,CG30288,0.1949689,0.24317533,-0.048206434,,
fat body,Spp,0.17778395,0.22599088,-0.048206925,,
fat body,feo,0.037734497,0.08595825,-0.048223753,,
fat body,CG7848,0.02987953,0.07813832,-0.04825879,,
fat body,NimC2,0.15627971,0.20455573,-0.048276022,,
fat body,ND-24,0.14454219,0.19281954,-0.04827735,,
fat body,CG14929,0.042529345,0.09082228,-0.048292935,,
fat body,Marc,0.19032891,0.23864843,-0.04831952,,
fat body,CG2147,0.08185958,0.13019364,-0.048334055,,
fat body,RpL7A,1.8950759,1.9434369,-0.048360944,,
fat body,CG3708,0.019538807,0.06791537,-0.048376568,,
fat body,miple2,0.082855396,0.13125153,-0.048396133,,
fat body,dom,0.113237895,0.16165344,-0.04841555,,
fat body,lncRNA:CR44852,0.037452888,0.08588272,-0.048429836,,
fat body,CG34204,0.0421857,0.09062407,-0.04843837,,
fat body,Rnf146,0.028538596,0.07711685,-0.04857825,,
fat body,CG4174,0.029537281,0.07811961,-0.04858233,,
fat body,CG32284,0.17568807,0.22430108,-0.04861301,,
fat body,klar,0.09827283,0.14690985,-0.048637018,,
fat body,CG17744,0.043852773,0.09253194,-0.04867917,,
fat body,trol,0.69873756,0.7474175,-0.048679948,,
fat body,Akt1,0.10288997,0.15157144,-0.048681468,,
fat body,LRR,0.10660756,0.1552996,-0.048692048,,
fat body,CG43351,0.102147095,0.15087801,-0.048730917,,
fat body,vir,0.31308645,0.36182654,-0.04874009,,
fat body,CG31924,0.032079443,0.08082395,-0.048744507,,
fat body,neb,0.038156334,0.08691943,-0.048763093,,
fat body,whip,0.050339807,0.09911595,-0.048776146,,
fat body,Cyp6g1,0.5201282,0.56897724,-0.048849046,,
fat body,Drp1,0.051018577,0.0998679,-0.048849326,,
fat body,CG12035,0.033859797,0.08271567,-0.04885587,,
fat body,Sirt2,0.06726395,0.11612096,-0.048857003,,
fat body,asRNA:CR45104,0.017469518,0.06633671,-0.04886719,,
fat body,CG7772,0.048378117,0.09725185,-0.04887373,,
fat body,RpLP2,3.3545449,3.4034204,-0.04887557,,
fat body,CG3611,0.037231643,0.086109966,-0.048878323,,
fat body,CG13029,0.03461593,0.08349511,-0.04887918,,
fat body,CG13088,0.041652966,0.09056265,-0.048909683,,
fat body,cmb,0.05351952,0.10244721,-0.04892769,,
fat body,CG6337,0.038718536,0.087659985,-0.04894145,,
fat body,Stoml2,0.073506676,0.12249446,-0.048987783,,
fat body,CG34261,0.06629476,0.11529526,-0.0490005,,
fat body,CG11815,0.042637184,0.091640815,-0.04900363,,
fat body,CG12992,0.032415226,0.081459925,-0.0490447,,
fat body,Jafrac1,0.21403298,0.26307863,-0.049045652,,
fat body,CG11459,0.05328636,0.102339424,-0.049053065,,
fat body,Tim17a1,0.032835487,0.08188931,-0.04905382,,
fat body,bowl,0.06457012,0.113634564,-0.049064443,,
fat body,CG17217,0.04029561,0.08943949,-0.04914388,,
fat body,Lnpk,0.09602342,0.14519602,-0.049172603,,
fat body,CG2574,0.031324048,0.08052364,-0.049199592,,
fat body,CG5969,0.100979626,0.15018123,-0.049201608,,
fat body,CG8097,0.047548614,0.09677067,-0.049222052,,
fat body,LanA,0.2853447,0.33458403,-0.049239337,,
fat body,CG9577,0.5515416,0.6007827,-0.049241066,,
fat body,Syx7,0.18560354,0.23490721,-0.049303666,,
fat body,CG12128,0.069549926,0.11885983,-0.049309902,,
fat body,Skadu,0.039420944,0.088771954,-0.04935101,,
fat body,karr,0.034540597,0.08389433,-0.04935373,,
fat body,CG16825,0.026227467,0.07560775,-0.04938028,,
fat body,ATP8A,0.043241046,0.0926551,-0.049414054,,
fat body,CR43734,0.03285734,0.08229185,-0.04943451,,
fat body,CG5174,0.17293097,0.22236769,-0.04943672,,
fat body,REG,0.110247396,0.15969227,-0.049444877,,
fat body,PPYR1,0.036141668,0.085591786,-0.049450118,,
fat body,CG42554,0.05896653,0.108444914,-0.049478386,,
fat body,eIF4G2,0.0692601,0.118740134,-0.049480036,,
fat body,Tob,0.023690313,0.07318311,-0.0494928,,
fat body,RpS10a,0.034401733,0.08392655,-0.049524818,,
fat body,pnut,0.10153649,0.15109868,-0.049562193,,
fat body,CG42766,0.04674105,0.09631239,-0.04957134,,
fat body,CG5986,0.079953946,0.12955964,-0.04960569,,
fat body,Calr,1.220331,1.2699513,-0.04962039,,
fat body,CG13075,0.020866506,0.07049729,-0.049630783,,
fat body,Gclm,0.16898608,0.21863152,-0.04964544,,
fat body,CG13337,0.03505816,0.08470985,-0.049651694,,
fat body,mRpL16,0.120245636,0.16994675,-0.04970111,,
fat body,Faf2,0.08178492,0.13151631,-0.04973139,,
fat body,Pino,0.44757366,0.49730885,-0.04973519,,
fat body,Kat60,0.06473232,0.11449136,-0.049759038,,
fat body,CG43997,0.031918127,0.08170764,-0.049789514,,
fat body,Hsp27,0.44336733,0.49316382,-0.04979649,,
fat body,CG30120,0.19246857,0.24227159,-0.04980302,,
fat body,slmb,0.074023396,0.12383172,-0.049808323,,
fat body,Mical,0.064094834,0.114009164,-0.04991433,,
fat body,crol,0.089225836,0.13917015,-0.04994432,,
fat body,CG12934,0.42862734,0.4785765,-0.04994917,,
fat body,VhaAC45,0.2636108,0.31361023,-0.049999416,,
fat body,Cka,0.11468491,0.16469644,-0.05001153,,
fat body,ALiX,0.14512631,0.19516802,-0.050041705,,
fat body,CG31807,0.05285853,0.10294445,-0.050085917,,
fat body,CG45603,0.046254065,0.09634896,-0.0500949,,
fat body,CG8993,0.20628378,0.25640345,-0.05011967,,
fat body,CG13887,0.54799587,0.5981516,-0.05015576,,
fat body,bug,0.043439027,0.093596235,-0.050157208,,
fat body,Rpt2,0.15939415,0.20956731,-0.050173163,,
fat body,CG5028,0.061294828,0.111510925,-0.050216097,,
fat body,CG13679,0.046601504,0.09681897,-0.050217465,,
fat body,CG1513,0.11405728,0.16428846,-0.05023118,,
fat body,Nup54,0.05521924,0.10547418,-0.05025494,,
fat body,Ltn1,0.040271,0.09052994,-0.050258942,,
fat body,RanBP3,0.04340656,0.09367905,-0.050272487,,
fat body,CG1532,0.18912037,0.23939377,-0.050273404,,
fat body,asRNA:CR45046,0.017335268,0.06762304,-0.050287776,,
fat body,CG10650,0.22447582,0.27477092,-0.0502951,,
fat body,mars,0.032088242,0.08240012,-0.05031188,,
fat body,hubl,0.02394179,0.07425776,-0.05031597,,
fat body,CG1598,0.09205304,0.14237078,-0.050317734,,
fat body,CG12099,0.1258568,0.17621939,-0.050362587,,
fat body,Su(var)205,0.16270952,0.21307349,-0.050363973,,
fat body,CG13733,0.036046784,0.08641542,-0.050368633,,
fat body,CG4891,0.05189537,0.10232699,-0.05043162,,
fat body,lncRNA:CR44309,0.029925939,0.080378845,-0.050452907,,
fat body,Tom40,0.058984827,0.109460756,-0.05047593,,
fat body,CG6153,0.05731155,0.107800946,-0.050489396,,
fat body,lncRNA:CR44175,0.05181215,0.10230435,-0.050492197,,
fat body,CG13605,0.072629616,0.123122,-0.050492384,,
fat body,Psi,0.064180255,0.11467946,-0.05049921,,
fat body,CG12637,0.025364084,0.07590039,-0.050536305,,
fat body,Mad,0.06579774,0.11636524,-0.0505675,,
fat body,CG7857,0.07737003,0.12794985,-0.050579816,,
fat body,drk,0.16409451,0.21467942,-0.050584912,,
fat body,kune,0.06750026,0.118085444,-0.05058518,,
fat body,mts,0.63000345,0.68060786,-0.050604403,,
fat body,CG6481,0.028205935,0.07884182,-0.050635885,,
fat body,ND-23,0.07835413,0.12901866,-0.050664537,,
fat body,mt:ND3,0.1760764,0.2267469,-0.050670505,,
fat body,CG34132,0.17483713,0.22553563,-0.050698504,,
fat body,uif,0.059197985,0.10990973,-0.050711744,,
fat body,ND-SGDH,0.16114566,0.21194181,-0.05079615,,
fat body,CG31286,0.039782513,0.090639815,-0.0508573,,
fat body,CG18063,0.027496882,0.0783611,-0.05086422,,
fat body,Trc8,0.10359435,0.15446049,-0.050866142,,
fat body,CG10177,0.038835473,0.089712575,-0.0508771,,
fat body,MED27,0.07576833,0.12667829,-0.05090996,,
fat body,trsn,0.07820948,0.12913015,-0.050920673,,
fat body,Ama,0.24477981,0.29572463,-0.05094482,,
fat body,pst,0.53290683,0.58385324,-0.050946414,,
fat body,CG33791,0.029038856,0.079990126,-0.050951272,,
fat body,CG31609,0.027261654,0.07821697,-0.050955318,,
fat body,CG14434,0.07789596,0.12890638,-0.051010422,,
fat body,CG14572,0.041663572,0.09273258,-0.051069006,,
fat body,CG13442,0.03994482,0.0910163,-0.05107148,,
fat body,CG32264,0.0967006,0.14778571,-0.051085107,,
fat body,nop5,0.124113366,0.17521846,-0.051105097,,
fat body,CG12923,0.027536245,0.078645304,-0.05110906,,
fat body,IM3,0.23004135,0.28115574,-0.05111438,,
fat body,CG31204,0.036090016,0.08720675,-0.051116735,,
fat body,asrij,0.06421569,0.11539206,-0.05117637,,
fat body,Adgf-A2,0.030028725,0.081234515,-0.05120579,,
fat body,CG8746,0.034356803,0.08557883,-0.051222026,,
fat body,Pli,0.11036787,0.1615907,-0.051222824,,
fat body,Vha16-5,0.037577692,0.088818744,-0.05124105,,
fat body,CG32548,0.056645047,0.10790189,-0.051256847,,
fat body,mol,0.19818068,0.24945287,-0.0512722,,
fat body,Xrp1,0.4172957,0.4685724,-0.051276714,,
fat body,l(2)k09913,0.39374983,0.44506007,-0.05131024,,
fat body,CG5250,0.019029992,0.07035888,-0.05132889,,
fat body,CG31245,0.05229267,0.103632644,-0.051339973,,
fat body,CG6629,0.04708911,0.098439954,-0.051350843,,
fat body,CG6051,0.05193525,0.10331404,-0.05137879,,
fat body,CG40045,0.34374803,0.39514095,-0.051392913,,
fat body,CG6907,0.068738036,0.12020816,-0.051470123,,
fat body,Cyp28d1,0.08030864,0.13178582,-0.051477186,,
fat body,Idgf4,0.41513243,0.46663588,-0.05150345,,
fat body,CG10171,0.051573414,0.10308304,-0.051509622,,
fat body,alpha-Spec,0.13246363,0.18402255,-0.05155891,,
fat body,RpS6,1.7411836,1.7927574,-0.051573753,,
fat body,Hsc70-1,0.01979824,0.07143409,-0.051635846,,
fat body,PpN58A,0.033821087,0.08547493,-0.051653843,,
fat body,CG44403,0.043756325,0.095446184,-0.05168986,,
fat body,Ssk,0.13606904,0.18777426,-0.05170521,,
fat body,HP4,0.09333718,0.14506446,-0.05172728,,
fat body,mRpL28,0.093806595,0.1455574,-0.05175081,,
fat body,CG14232,0.061847385,0.11360741,-0.05176002,,
fat body,CCT4,0.11151145,0.16327302,-0.051761575,,
fat body,Apl,0.030069087,0.08185841,-0.051789325,,
fat body,CG13426,0.025055898,0.07685094,-0.051795043,,
fat body,CG12857,0.024929138,0.076730855,-0.05180172,,
fat body,CG41099,0.10519683,0.15700704,-0.051810205,,
fat body,ND-ASHI,0.09942414,0.15124679,-0.051822647,,
fat body,RpL10,2.35854,2.4103918,-0.05185175,,
fat body,CG32161,0.058655147,0.1105206,-0.051865455,,
fat body,MESK2,0.093935624,0.14580232,-0.051866695,,
fat body,SAK,0.036318578,0.08819308,-0.051874503,,
fat body,ohgt,0.04241647,0.09431041,-0.051893942,,
fat body,SNF4Agamma,0.123189285,0.17510575,-0.051916465,,
fat body,CG11275,0.096530534,0.1485167,-0.051986165,,
fat body,Impbeta11,0.10091016,0.15289947,-0.051989317,,
fat body,CG12589,0.043069117,0.09510231,-0.052033193,,
fat body,Cep97,0.047833115,0.09992617,-0.05209306,,
fat body,sick,0.24618769,0.2983118,-0.052124113,,
fat body,ChLD3,0.07890658,0.13106008,-0.052153498,,
fat body,CG10053,0.045121063,0.097285725,-0.052164663,,
fat body,CG43783,0.02422427,0.07642409,-0.052199822,,
fat body,Rsf1,0.13114041,0.18334146,-0.052201048,,
fat body,CG13321,0.26610872,0.31836686,-0.052258134,,
fat body,Roe1,0.05732499,0.10958586,-0.05226087,,
fat body,Gp93,0.22271292,0.2750072,-0.05229427,,
fat body,poe,0.14071856,0.19303447,-0.052315906,,
fat body,Tengl3,0.023992633,0.07634294,-0.052350305,,
fat body,CG30344,0.110874325,0.16326255,-0.05238822,,
fat body,Jafrac2,0.08887756,0.14127684,-0.052399278,,
fat body,Chmp1,0.16084298,0.21325551,-0.052412525,,
fat body,CG31139,0.048309222,0.1007761,-0.052466877,,
fat body,Vti1b,0.17686415,0.22933397,-0.05246982,,
fat body,Prosbeta2R1,0.056303944,0.108774945,-0.052471,,
fat body,CG18132,0.029412534,0.08192007,-0.05250754,,
fat body,CG8870,0.06533565,0.11784858,-0.05251293,,
fat body,CG31368,0.031485613,0.08400248,-0.052516866,,
fat body,lncRNA:CR43151,0.041860398,0.094457015,-0.052596617,,
fat body,CG5509,0.042469434,0.095072135,-0.0526027,,
fat body,EMC1,0.08861267,0.14128985,-0.052677177,,
fat body,MCTS1,0.22002813,0.27271694,-0.052688807,,
fat body,CG11899,0.33174574,0.38444158,-0.05269584,,
fat body,Ppox,0.048354466,0.1010568,-0.052702334,,
fat body,CG15471,0.034724496,0.0874905,-0.052766003,,
fat body,Ranbp9,0.04154621,0.09431598,-0.052769773,,
fat body,ImpL2,0.112341546,0.16512364,-0.052782096,,
fat body,Spn42Da,0.522636,0.5754417,-0.05280572,,
fat body,CG2698,0.23323685,0.286054,-0.052817136,,
fat body,mex1,0.18818969,0.24101852,-0.052828833,,
fat body,CG17005,0.021216145,0.07404594,-0.052829795,,
fat body,CG9689,0.045429595,0.09828575,-0.052856155,,
fat body,CG9723,0.05557572,0.10847655,-0.05290083,,
fat body,CG4538,0.061989564,0.11489188,-0.052902315,,
fat body,Cap-G,0.04089645,0.093821585,-0.052925136,,
fat body,CG5056,0.08894407,0.14187203,-0.052927963,,
fat body,CG43108,0.04147885,0.09443046,-0.05295161,,
fat body,Mpc1,0.060198568,0.11315378,-0.05295521,,
fat body,CG42307,0.10397376,0.15693282,-0.052959055,,
fat body,d,0.02875954,0.08172903,-0.052969493,,
fat body,RpL22,2.4387052,2.4917293,-0.053024054,,
fat body,Amy-p,0.2183561,0.2714019,-0.05304581,,
fat body,CG32655,0.019039493,0.07211211,-0.05307262,,
fat body,CG10164,0.026937857,0.080060005,-0.053122148,,
fat body,coro,0.11409441,0.16721703,-0.053122625,,
fat body,ND-B14.5AL,0.03392733,0.08705931,-0.053131983,,
fat body,Fum3,0.033847023,0.08702467,-0.053177644,,
fat body,CG15201,0.10783032,0.16100803,-0.053177707,,
fat body,nsr,0.06842222,0.121695764,-0.053273544,,
fat body,CG12343,0.06506587,0.11835838,-0.053292513,,
fat body,CG3702,0.1395668,0.19286229,-0.053295493,,
fat body,CG43068,0.050198756,0.10350233,-0.053303577,,
fat body,CG12054,0.08809997,0.1414274,-0.053327426,,
fat body,puf,0.03382356,0.08717053,-0.053346965,,
fat body,tral,0.18774001,0.24109323,-0.05335322,,
fat body,PGRP-SD,0.22396733,0.27733967,-0.05337234,,
fat body,Dip-C,0.18171087,0.23509794,-0.053387076,,
fat body,PGRP-SC2,0.11583995,0.16925038,-0.053410433,,
fat body,eca,0.26736906,0.32082787,-0.05345881,,
fat body,CG4972,0.09450012,0.14795962,-0.053459503,,
fat body,CG3199,0.05323933,0.10670922,-0.05346989,,
fat body,CG13901,0.0461575,0.099628285,-0.053470783,,
fat body,Vps13,0.06348659,0.11698558,-0.05349899,,
fat body,Chchd2,0.52111655,0.5746776,-0.05356103,,
fat body,Taf13,0.059225854,0.112808,-0.053582143,,
fat body,CG7366,0.04721277,0.10081095,-0.053598184,,
fat body,Sf3b6,0.26061514,0.31421545,-0.05360031,,
fat body,CG31533,0.0244705,0.07807554,-0.053605042,,
fat body,Lon,0.06047674,0.11408479,-0.05360805,,
fat body,Pten,0.05063027,0.10425142,-0.05362115,,
fat body,PlexA,0.08774587,0.14136815,-0.053622283,,
fat body,Tep4,0.15235117,0.2059889,-0.053637728,,
fat body,CG14407,0.108045496,0.16173401,-0.05368852,,
fat body,eEF1alpha1,3.7612262,3.8149617,-0.053735495,,
fat body,CG14104,0.07279873,0.12658481,-0.053786084,,
fat body,Rcp,0.12462133,0.17840953,-0.0537882,,
fat body,CG15068,0.49696538,0.5507736,-0.053808242,,
fat body,CG3809,0.033927564,0.087754324,-0.05382676,,
fat body,RpL34b,1.8439348,1.8977718,-0.05383706,,
fat body,Ptp61F,0.06949733,0.12335276,-0.053855427,,
fat body,CG2291,0.027624674,0.08148992,-0.053865246,,
fat body,Syx6,0.06423508,0.11811333,-0.053878255,,
fat body,CG33667,0.01856633,0.07246958,-0.053903244,,
fat body,CG8292,0.03375214,0.08765883,-0.05390669,,
fat body,dpr11,0.03091536,0.08482371,-0.05390835,,
fat body,CG16995,0.029804861,0.08371692,-0.05391206,,
fat body,Ufm1,0.21903685,0.27295077,-0.05391392,,
fat body,CG15152,0.15005006,0.20396551,-0.053915456,,
fat body,CG32588,0.051486082,0.10540781,-0.05392173,,
fat body,Gpdh2,0.029902462,0.08384514,-0.053942677,,
fat body,Tfb5,0.122388706,0.17633522,-0.05394651,,
fat body,cdc14,0.032216515,0.08617014,-0.05395362,,
fat body,Kmn1,0.12674287,0.18070292,-0.053960055,,
fat body,CG3257,0.0151261985,0.069091044,-0.053964846,,
fat body,RpL40,2.5414271,2.5953944,-0.053967237,,
fat body,Lgr4,0.16785671,0.22182776,-0.053971052,,
fat body,Pis,0.090879515,0.14485198,-0.053972468,,
fat body,CG31115,0.036010724,0.0900034,-0.053992677,,
fat body,NLaz,0.118805215,0.17280161,-0.0539964,,
fat body,CG17625,0.036210928,0.090225,-0.054014076,,
fat body,CG8237,0.08351465,0.1375301,-0.05401545,,
fat body,CG14721,0.10121539,0.15529855,-0.054083154,,
fat body,Idi,0.16427161,0.21838158,-0.054109976,,
fat body,Mtpbeta,0.20559248,0.25971875,-0.054126263,,
fat body,Poc1,0.03828634,0.092425734,-0.054139394,,
fat body,CG30099,0.04408954,0.098249614,-0.054160073,,
fat body,CG6470,0.033029113,0.08722003,-0.054190915,,
fat body,CG43137,0.048952844,0.10322574,-0.054272894,,
fat body,CG14739,0.053988237,0.108268864,-0.054280628,,
fat body,CG15543,0.03497515,0.089256816,-0.054281667,,
fat body,eIF3g1,0.22830582,0.28258905,-0.05428323,,
fat body,CG33655,0.036678456,0.09097993,-0.05430147,,
fat body,GckIII,0.07783085,0.13220203,-0.05437118,,
fat body,ntc,0.047818013,0.10220631,-0.0543883,,
fat body,CCT6,0.13668533,0.19108906,-0.054403737,,
fat body,CG14817,0.17204854,0.22648458,-0.054436043,,
fat body,mod,0.08024813,0.13469078,-0.054442644,,
fat body,CG14077,0.020693054,0.07514507,-0.054452017,,
fat body,Diap2,0.053486116,0.10796893,-0.05448281,,
fat body,Imp,0.07153312,0.1260339,-0.05450078,,
fat body,CG9101,0.044977196,0.099532075,-0.05455488,,
fat body,Karybeta3,0.32209086,0.37664723,-0.05455637,,
fat body,Mvb12,0.04167927,0.09624649,-0.054567218,,
fat body,m-cup,0.03703632,0.09160457,-0.05456825,,
fat body,bai,0.6110508,0.6656379,-0.054587126,,
fat body,Csp,0.1520285,0.20662734,-0.054598838,,
fat body,mRpS21,0.07234099,0.12695591,-0.054614924,,
fat body,CG17765,0.10187218,0.1564915,-0.05461932,,
fat body,Prosbeta4R1,0.045192055,0.09988902,-0.054696962,,
fat body,alph,0.10708817,0.1617898,-0.054701634,,
fat body,kirre,0.108663574,0.16336975,-0.05470617,,
fat body,CkIIbeta,0.15325087,0.20798634,-0.054735467,,
fat body,Rab14,0.10421053,0.15898925,-0.054778717,,
fat body,Nup58,0.047425173,0.10223505,-0.054809876,,
fat body,CG33060,0.038187232,0.09299994,-0.05481271,,
fat body,yip2,0.40364608,0.45851797,-0.054871887,,
fat body,CG30060,0.027838688,0.08272731,-0.054888625,,
fat body,Set,0.18087585,0.23576581,-0.054889962,,
fat body,Nipped-B,0.07882003,0.13372993,-0.054909907,,
fat body,CG34450,0.04072693,0.09565989,-0.05493296,,
fat body,ed,0.109885454,0.16488655,-0.055001095,,
fat body,CG7755,0.059381895,0.11439796,-0.055016063,,
fat body,CG32945,0.046199385,0.101239085,-0.0550397,,
fat body,CG43072,0.032514337,0.08761197,-0.055097636,,
fat body,CG1979,0.034742836,0.089891635,-0.0551488,,
fat body,sinah,0.05724212,0.11242441,-0.05518229,,
fat body,CG43049,0.040454123,0.09570049,-0.055246364,,
fat body,Phae2,0.0507782,0.10603171,-0.05525351,,
fat body,Prosbeta5R1,0.045079283,0.10035555,-0.055276267,,
fat body,CkIIbeta2,0.028872458,0.08416405,-0.055291593,,
fat body,dmGlut,0.048799522,0.10410524,-0.05530572,,
fat body,CG12795,0.1282525,0.18360884,-0.05535634,,
fat body,CG15025,0.028493382,0.083849914,-0.055356532,,
fat body,wmd,0.08769767,0.14307009,-0.055372417,,
fat body,SCCRO,0.06303488,0.118418746,-0.05538387,,
fat body,CG15536,0.06869138,0.124086194,-0.055394813,,
fat body,asRNA:CR43152,0.019598834,0.075062044,-0.05546321,,
fat body,L2HGDH,0.15130351,0.20679173,-0.055488214,,
fat body,Mtpalpha,0.15517858,0.210668,-0.05548942,,
fat body,Gdi,0.3337725,0.38928428,-0.055511773,,
fat body,Hph,0.0674134,0.1229284,-0.055515006,,
fat body,CG5327,0.2883535,0.34393698,-0.055583477,,
fat body,Mkrn1,0.060120303,0.1157782,-0.055657897,,
fat body,pug,0.13829577,0.19401357,-0.055717796,,
fat body,Hydr1,0.058053892,0.11380303,-0.055749137,,
fat body,CG17387,0.026679292,0.08243587,-0.055756576,,
fat body,CG7208,0.036816068,0.09257639,-0.055760324,,
fat body,CG42597,0.018084148,0.07388451,-0.055800363,,
fat body,CG42288,0.04737961,0.1032005,-0.055820893,,
fat body,CG14903,0.10070589,0.15653318,-0.05582729,,
fat body,CG13982,0.16709013,0.2229364,-0.055846274,,
fat body,robl37BC,0.054506492,0.11038468,-0.05587819,,
fat body,Axn,0.0738359,0.1297368,-0.055900894,,
fat body,CG34173,0.03306182,0.08897038,-0.055908557,,
fat body,CG7251,0.046073753,0.10201517,-0.055941414,,
fat body,CG4452,0.09784114,0.15378769,-0.055946544,,
fat body,Ctl2,0.15532894,0.21130548,-0.05597654,,
fat body,CG2931,0.07164191,0.12762427,-0.055982366,,
fat body,eIF3f1,0.31808656,0.37418422,-0.056097656,,
fat body,hydra,0.035505533,0.0916323,-0.056126766,,
fat body,Eip55E,0.285496,0.34163067,-0.05613467,,
fat body,CG13405,0.034274004,0.090478115,-0.05620411,,
fat body,CG13010,0.06554814,0.12175871,-0.05621057,,
fat body,CG3528,0.02382554,0.08004058,-0.05621504,,
fat body,CG1840,0.054870892,0.111130856,-0.056259964,,
fat body,P5CDh2,0.027050108,0.08332445,-0.05627434,,
fat body,l(3)neo43,0.09350772,0.14980936,-0.05630164,,
fat body,CCT7,0.12205413,0.1783969,-0.056342766,,
fat body,Mics1,0.034569338,0.090915926,-0.056346588,,
fat body,eIF3d2,0.016389852,0.072768874,-0.05637902,,
fat body,CG34150,0.067578174,0.12396862,-0.05639045,,
fat body,CG16741,0.03970757,0.09610646,-0.05639889,,
fat body,mRpL2,0.074278235,0.13067873,-0.056400493,,
fat body,CG9961,0.025180174,0.08158281,-0.05640263,,
fat body,CG5721,0.08494461,0.14136855,-0.05642394,,
fat body,CG5693,0.061760746,0.1182314,-0.056470655,,
fat body,MtnD,0.22718853,0.283685,-0.05649647,,
fat body,CG30432,0.03316094,0.0896592,-0.05649826,,
fat body,Nepl21,0.21947446,0.27601385,-0.056539387,,
fat body,CG11474,0.13806002,0.19467148,-0.056611463,,
fat body,CG9072,0.048421033,0.10504635,-0.056625314,,
fat body,CG31343,0.19192798,0.24862656,-0.056698576,,
fat body,CG31908,0.09094233,0.14769049,-0.05674816,,
fat body,CG6218,0.033747386,0.09051212,-0.056764733,,
fat body,aurB,0.04253978,0.09930851,-0.056768734,,
fat body,CG5854,0.16279101,0.21959059,-0.056799576,,
fat body,Fdx1,0.047869034,0.104669236,-0.0568002,,
fat body,l(3)05822,0.059292216,0.11614385,-0.056851637,,
fat body,Vamp7,0.2573376,0.31419697,-0.056859374,,
fat body,GEFmeso,0.0536195,0.11049636,-0.056876857,,
fat body,CG7916,0.38313326,0.44003335,-0.056900084,,
fat body,CG31266,0.027019706,0.083930686,-0.05691098,,
fat body,Coprox,0.06965477,0.12658325,-0.05692848,,
fat body,Dic3,0.030313235,0.08728921,-0.056975972,,
fat body,Fas3,0.055545155,0.112532206,-0.05698705,,
fat body,CG1409,0.040392872,0.09741469,-0.057021815,,
fat body,CG13725,0.04475361,0.101816945,-0.057063334,,
fat body,AGO2,0.1812538,0.2383449,-0.057091087,,
fat body,EndoA,0.046608802,0.103706494,-0.057097692,,
fat body,CG4021,0.0571677,0.11428605,-0.05711835,,
fat body,CG13978,0.03746992,0.094604746,-0.057134826,,
fat body,CG33191,0.028456185,0.0856027,-0.057146516,,
fat body,Npl4,0.103276215,0.1604393,-0.057163082,,
fat body,CG6709,0.040597163,0.09777271,-0.057175547,,
fat body,Trf2,0.107133366,0.16435304,-0.057219677,,
fat body,Ufd1-like,0.10087229,0.15809707,-0.05722478,,
fat body,CG14505,0.034855876,0.092119105,-0.05726323,,
fat body,Vps52,0.096158706,0.15347147,-0.057312764,,
fat body,CG4520,0.026250167,0.083563104,-0.057312936,,
fat body,CG5789,0.09182978,0.14915104,-0.057321265,,
fat body,NAT1,0.40021363,0.4575378,-0.05732417,,
fat body,CG15631,0.03467363,0.09202391,-0.057350278,,
fat body,APP-BP1,0.052447155,0.1098149,-0.057367742,,
fat body,Arpc4,0.15404779,0.2114468,-0.05739902,,
fat body,lncRNA:CR46040,0.043045375,0.1004698,-0.057424422,,
fat body,Ibf2,0.06871057,0.12615474,-0.057444163,,
fat body,Chi,0.08182822,0.13929737,-0.057469144,,
fat body,mago,0.09491009,0.15240622,-0.057496123,,
fat body,CG1317,0.05767018,0.11522402,-0.05755384,,
fat body,CG9970,0.043483626,0.101049036,-0.05756541,,
fat body,Bet1,0.20049001,0.25806046,-0.057570443,,
fat body,ATPsyngamma,0.3125042,0.37009135,-0.057587147,,
fat body,RpS14b,1.2945383,1.3521434,-0.057605147,,
fat body,FucTD,0.030072056,0.08771484,-0.057642788,,
fat body,SkpA,0.29183674,0.34953284,-0.057696104,,
fat body,Cht5,0.14849973,0.2062493,-0.05774957,,
fat body,CG12147,0.031678922,0.08944506,-0.05776614,,
fat body,CG7920,0.4184015,0.4761946,-0.05779308,,
fat body,CG30184,0.042176817,0.0999797,-0.057802882,,
fat body,CG4741,0.050183404,0.10800007,-0.057816666,,
fat body,CG30278,0.034443714,0.09228602,-0.057842307,,
fat body,lncRNA:CR45103,0.04488159,0.10272571,-0.057844117,,
fat body,CG10950,0.037707243,0.095586464,-0.05787922,,
fat body,CG3581,0.049008943,0.1069199,-0.057910956,,
fat body,CG1971,0.06297922,0.120909266,-0.057930045,,
fat body,Pka-R2,0.078717634,0.13665037,-0.057932734,,
fat body,CG4511,0.08417792,0.1421255,-0.057947583,,
fat body,slmo,0.17138691,0.22934309,-0.057956174,,
fat body,Rpt1,0.2903058,0.34830844,-0.05800265,,
fat body,CG6767,0.70667064,0.7646747,-0.05800408,,
fat body,CG32847,0.07932679,0.13734326,-0.058016464,,
fat body,CG31812,0.11517308,0.1732249,-0.058051817,,
fat body,CG10674,0.17905545,0.23714192,-0.05808647,,
fat body,RpS5b,0.050290782,0.10838424,-0.058093455,,
fat body,PCNA,0.059958883,0.11805484,-0.058095954,,
fat body,CG1958,0.039494343,0.09768152,-0.05818718,,
fat body,prage,0.07496789,0.13316685,-0.05819896,,
fat body,CG1571,0.02100631,0.0792584,-0.05825209,,
fat body,Nnf1a,0.047137614,0.10540156,-0.058263946,,
fat body,CG34159,0.19606806,0.2543502,-0.058282122,,
fat body,CG2652,0.05189372,0.11028983,-0.05839611,,
fat body,CG14609,0.033393376,0.0919282,-0.058534823,,
fat body,Fum2,0.06166906,0.12021138,-0.05854232,,
fat body,Npc2f,0.27126545,0.32983524,-0.05856979,,
fat body,CG3473,0.047716305,0.10631926,-0.05860296,,
fat body,kkv,0.05092171,0.10959941,-0.058677703,,
fat body,CG15258,0.029862795,0.088547245,-0.05868445,,
fat body,CG16979,0.05103823,0.10977321,-0.05873498,,
fat body,CG31347,0.039532434,0.098395176,-0.058862742,,
fat body,CG45428,0.033608902,0.09247791,-0.058869008,,
fat body,Saf-B,0.085727185,0.14468998,-0.058962792,,
fat body,CG44001,0.19840284,0.25738674,-0.058983907,,
fat body,CG32026,0.023537464,0.08253733,-0.058999866,,
fat body,CG8635,0.12020487,0.17922366,-0.059018783,,
fat body,Tektin-A,0.04135913,0.10038317,-0.05902404,,
fat body,RpS19a,2.5546134,2.613692,-0.059078693,,
fat body,CG15136,0.05831202,0.11741172,-0.059099697,,
fat body,rha,0.036334157,0.0954617,-0.05912754,,
fat body,CG32278,0.078913465,0.13809907,-0.05918561,,
fat body,ACXC,0.037437767,0.09663382,-0.059196055,,
fat body,Pdk1,0.15395264,0.2131822,-0.059229553,,
fat body,CG2233,1.6343912,1.6936302,-0.05923903,,
fat body,CG11791,0.10084585,0.16010198,-0.05925613,,
fat body,CG9014,0.057072707,0.116361804,-0.059289098,,
fat body,CG43188,0.0373545,0.096650176,-0.059295677,,
fat body,CG31206,0.03251373,0.09182756,-0.059313826,,
fat body,CG13581,0.047916718,0.107242234,-0.059325516,,
fat body,CG12159,0.069465555,0.12880175,-0.059336193,,
fat body,CG9485,0.10224904,0.16162138,-0.059372336,,
fat body,RpL23,2.8226955,2.8820739,-0.059378386,,
fat body,CG42455,0.101259805,0.16065264,-0.059392832,,
fat body,CG1835,0.027088381,0.08649363,-0.059405252,,
fat body,CG12702,0.05417893,0.113593884,-0.059414953,,
fat body,CG43775,0.026542442,0.08601246,-0.05947002,,
fat body,CG32115,0.060356747,0.119838595,-0.059481848,,
fat body,Ten-a,0.06611117,0.12559302,-0.05948185,,
fat body,CG18508,0.116484806,0.1760176,-0.05953279,,
fat body,RnpS1,0.03516852,0.094713695,-0.059545174,,
fat body,CG31174,0.04371874,0.103310525,-0.059591785,,
fat body,CG3927,0.057669785,0.117279954,-0.05961017,,
fat body,CG9624,0.045204308,0.1048611,-0.059656795,,
fat body,Irp-1A,0.11140319,0.17108795,-0.05968476,,
fat body,CG17230,0.045558322,0.105254464,-0.05969614,,
fat body,CG9008,0.10970172,0.16944128,-0.05973956,,
fat body,Hipk,0.159146,0.21890944,-0.059763446,,
fat body,CG13526,0.037612513,0.097474754,-0.05986224,,
fat body,CG33934,0.048815403,0.10869211,-0.059876706,,
fat body,gdl-ORF39,0.04752996,0.1074481,-0.059918143,,
fat body,polo,0.034219284,0.094179966,-0.059960682,,
fat body,Rpn9,0.2551367,0.31511903,-0.05998233,,
fat body,CG15147,0.053234164,0.11322403,-0.059989866,,
fat body,CG32368,0.5283422,0.58835876,-0.060016572,,
fat body,CG31068,0.023767993,0.08386845,-0.06010046,,
fat body,CG11703,0.03247922,0.09263224,-0.060153022,,
fat body,CG31855,0.070027836,0.13019305,-0.06016522,,
fat body,CG14540,0.049307816,0.10948932,-0.060181506,,
fat body,CG1927,0.20216875,0.26236057,-0.060191825,,
fat body,Rpb5,0.13827191,0.19848548,-0.060213566,,
fat body,bol,0.06455811,0.12477532,-0.06021721,,
fat body,Taf12L,0.04276896,0.10300869,-0.06023973,,
fat body,CG45154,0.039005674,0.09927194,-0.060266264,,
fat body,CG2865,0.0697565,0.130039,-0.060282506,,
fat body,NC2beta,0.090425916,0.1507212,-0.06029529,,
fat body,CG17944,0.03467847,0.09500857,-0.060330097,,
fat body,mip40,0.054450195,0.11478714,-0.060336944,,
fat body,Eps-15,0.093139485,0.15358688,-0.060447395,,
fat body,CG13481,0.04015296,0.10061559,-0.06046263,,
fat body,CG4733,0.037509125,0.09799631,-0.060487185,,
fat body,CG14717,0.039193965,0.09970546,-0.060511492,,
fat body,CG13551,1.1277598,1.1882846,-0.06052482,,
fat body,Arf102F,0.3967946,0.45735767,-0.060563087,,
fat body,HBS1,0.0831781,0.14375877,-0.06058067,,
fat body,CG31482,0.049888946,0.110568,-0.060679056,,
fat body,Ubqn,0.20973465,0.27048996,-0.060755312,,
fat body,CG3817,0.04634757,0.107102916,-0.060755346,,
fat body,bwa,0.12153909,0.18233633,-0.060797237,,
fat body,wash,0.04024479,0.10104957,-0.06080478,,
fat body,CG31459,0.04797202,0.10881658,-0.06084456,,
fat body,CG42748,0.08717,0.14803743,-0.060867436,,
fat body,Ntl,0.03417805,0.09504896,-0.06087091,,
fat body,CG3408,0.06588958,0.12677789,-0.060888305,,
fat body,aft,0.11404268,0.1749468,-0.060904123,,
fat body,Fer3HCH,0.03639794,0.097316355,-0.060918413,,
fat body,Myo81F,0.10013138,0.16105388,-0.060922503,,
fat body,Ubc10,0.098677784,0.15964164,-0.060963854,,
fat body,Mst33A,0.067367226,0.12836769,-0.061000466,,
fat body,sau,0.09169926,0.15271139,-0.061012134,,
fat body,CG10750,0.03897593,0.10001592,-0.06103999,,
fat body,CG5516,0.064822406,0.12587832,-0.061055914,,
fat body,CG42830,0.027092548,0.08816762,-0.061075076,,
fat body,lqf,0.16849697,0.22957231,-0.061075345,,
fat body,CG11663,0.042945188,0.10409788,-0.061152693,,
fat body,Ip259,0.5377877,0.59901285,-0.061225176,,
fat body,AnxB9,0.34303355,0.40427762,-0.06124407,,
fat body,Dlc90F,0.17384458,0.2351031,-0.061258525,,
fat body,CG42383,0.03786511,0.09916515,-0.06130004,,
fat body,lncRNA:CR33987,0.028752323,0.09006959,-0.06131727,,
fat body,sip3,0.098219976,0.15959775,-0.06137778,,
fat body,tzn,0.14821334,0.20967305,-0.061459705,,
fat body,CG6094,0.083018035,0.1445216,-0.06150356,,
fat body,SdhA,0.10159918,0.16310701,-0.06150783,,
fat body,Samuel,0.064764954,0.12628908,-0.06152413,,
fat body,SERCA,0.24940188,0.31098992,-0.061588034,,
fat body,Ald1,0.88763136,0.94923306,-0.0616017,,
fat body,wrd,0.08910863,0.15071143,-0.0616028,,
fat body,nmo,0.061838776,0.12350066,-0.061661884,,
fat body,Uros2,0.05737146,0.11903715,-0.06166569,,
fat body,CG34176,0.19546887,0.25716713,-0.061698258,,
fat body,CG13723,0.057505567,0.1192199,-0.061714333,,
fat body,CG42355,0.05368934,0.11540976,-0.061720423,,
fat body,CG17776,0.24352968,0.3052847,-0.06175503,,
fat body,CG31141,0.039149452,0.10090874,-0.06175929,,
fat body,boca,0.2104561,0.27225316,-0.061797053,,
fat body,asRNA:CR45131,0.07578631,0.13763587,-0.061849564,,
fat body,CG8065,0.04336537,0.10522631,-0.061860938,,
fat body,Usp10,0.09741471,0.15929809,-0.061883382,,
fat body,CG12848,0.10127281,0.16316478,-0.061891973,,
fat body,CG11068,0.03427912,0.0962037,-0.06192458,,
fat body,CG13704,0.1705382,0.23248376,-0.061945558,,
fat body,CG13678,0.09966884,0.16163765,-0.06196881,,
fat body,Larp4B,0.0781621,0.14017768,-0.062015586,,
fat body,CG15210,0.16991511,0.23202136,-0.06210625,,
fat body,Xbp1,0.4381216,0.50024873,-0.062127143,,
fat body,bun,0.51286525,0.5750197,-0.062154472,,
fat body,CG14628,0.061251987,0.12341703,-0.06216504,,
fat body,RhoGAP71E,0.044144154,0.10638325,-0.062239096,,
fat body,gw,0.20795436,0.27023405,-0.062279686,,
fat body,Klp10A,0.05203729,0.11434238,-0.062305085,,
fat body,snf,0.10934424,0.17170057,-0.06235633,,
fat body,gom,0.03705644,0.099413626,-0.062357187,,
fat body,CG3760,0.122403845,0.18479171,-0.06238787,,
fat body,RpS15Ab,0.12469091,0.1870806,-0.062389694,,
fat body,Prosalpha4T2,0.050782032,0.11317175,-0.062389717,,
fat body,ND-75,0.20255485,0.26499096,-0.062436104,,
fat body,EndoG,0.082249895,0.14469345,-0.062443554,,
fat body,ogre,0.09554821,0.1580675,-0.06251928,,
fat body,CG17154,0.041182917,0.10371774,-0.062534824,,
fat body,ND-19,0.13403665,0.19658652,-0.062549874,,
fat body,Rab7,0.34559283,0.4082767,-0.06268388,,
fat body,U2af50,0.11292108,0.1757292,-0.06280812,,
fat body,E(spl)mbeta-HLH,0.14327167,0.20609759,-0.06282592,,
fat body,CG31697,0.049101077,0.11208603,-0.06298495,,
fat body,LRP1,0.075447604,0.13848674,-0.06303914,,
fat body,CG14740,0.030430833,0.09347745,-0.06304662,,
fat body,CG13838,0.060602825,0.123690784,-0.063087955,,
fat body,CG15742,0.044777963,0.107886255,-0.063108295,,
fat body,CG3092,0.03940769,0.10252899,-0.063121304,,
fat body,CG17260,0.06259345,0.1257253,-0.06313185,,
fat body,CG31997,0.20093903,0.2641077,-0.063168675,,
fat body,Ccm3,0.11477658,0.1779691,-0.06319252,,
fat body,CG10734,0.031050688,0.09425981,-0.063209124,,
fat body,Smn,0.08619756,0.14946492,-0.06326736,,
fat body,spir,0.05405191,0.11733328,-0.06328137,,
fat body,CG34021,0.04106627,0.10436206,-0.0632958,,
fat body,CG14644,0.046001162,0.10933944,-0.06333828,,
fat body,Vha26,0.4634137,0.52675897,-0.06334528,,
fat body,CG6380,0.054629505,0.11799122,-0.06336171,,
fat body,CG12126,0.04916327,0.11257836,-0.063415095,,
fat body,CG10749,0.039661154,0.10321863,-0.063557476,,
fat body,Shmt,0.16244651,0.22601572,-0.0635692,,
fat body,CG10862,0.034524586,0.09813566,-0.063611075,,
fat body,D19A,0.045311812,0.10902659,-0.06371477,,
fat body,boly,0.030277532,0.09401708,-0.06373955,,
fat body,Usp30,0.08551133,0.14931376,-0.063802436,,
fat body,CG42232,0.054367904,0.118173614,-0.063805714,,
fat body,CG11404,0.032519504,0.096353084,-0.06383358,,
fat body,Rap1,0.20008308,0.26393038,-0.0638473,,
fat body,Atg3,0.1547528,0.21863773,-0.06388493,,
fat body,kis,0.08585886,0.14976233,-0.06390347,,
fat body,CG10970,0.076126866,0.14015304,-0.06402617,,
fat body,eIF5,0.17372331,0.23777774,-0.06405443,,
fat body,CG5446,0.27581108,0.3398665,-0.06405541,,
fat body,CG32236,0.036556557,0.1006429,-0.06408634,,
fat body,CG43076,0.066858694,0.13096674,-0.064108044,,
fat body,PHGPx,1.0804105,1.1445853,-0.06417477,,
fat body,CG31460,0.09557516,0.15979373,-0.06421857,,
fat body,Mst36Fb,0.03629386,0.10057609,-0.06428222,,
fat body,Ant2,0.05225534,0.11657752,-0.06432218,,
fat body,CG16852,0.042824574,0.10715769,-0.06433312,,
fat body,Bug22,0.066706635,0.13108881,-0.06438217,,
fat body,CG42733,0.07048214,0.13490923,-0.064427085,,
fat body,mRpL17,0.10378775,0.16823898,-0.06445123,,
fat body,CG14282,0.046212573,0.11067371,-0.06446114,,
fat body,CG13032,0.047904104,0.11240913,-0.064505026,,
fat body,SkpB,0.067518905,0.1320436,-0.064524695,,
fat body,CG4438,0.054421425,0.118960045,-0.06453862,,
fat body,sina,0.0630298,0.12758715,-0.06455735,,
fat body,CG33947,0.08261167,0.14719102,-0.064579345,,
fat body,CG13585,0.2082545,0.27283505,-0.064580545,,
fat body,CG33668,0.040711895,0.10532582,-0.06461392,,
fat body,CG5556,0.06019901,0.124813765,-0.06461476,,
fat body,CG14613,0.070088536,0.13470563,-0.0646171,,
fat body,HP6,0.045819737,0.11044088,-0.06462114,,
fat body,CG15715,0.11278095,0.17740516,-0.06462421,,
fat body,Top2,0.066319086,0.13096468,-0.064645596,,
fat body,Arp53D,0.046884395,0.11156921,-0.064684816,,
fat body,VhaM9.7-d,0.04299466,0.10769535,-0.06470069,,
fat body,scyl,0.19295791,0.25770652,-0.064748615,,
fat body,RpS28-like,0.07637634,0.14122808,-0.06485174,,
fat body,CG43117,0.18355185,0.2484165,-0.06486465,,
fat body,Mdh2,0.56456524,0.62943107,-0.06486583,,
fat body,CG13455,0.03478243,0.099655956,-0.06487353,,
fat body,CG14269,0.04438275,0.10929519,-0.06491244,,
fat body,CG8839,0.2381517,0.30316573,-0.065014035,,
fat body,CG8001,0.054800875,0.11981872,-0.06501784,,
fat body,CG1902,0.09497203,0.15999518,-0.065023154,,
fat body,d4,0.108875856,0.17393054,-0.065054685,,
fat body,CG4329,0.084545985,0.14965123,-0.065105245,,
fat body,RNASEK,1.1819992,1.2471428,-0.065143585,,
fat body,CG6209,0.041791286,0.10698998,-0.06519869,,
fat body,CG32119,0.033334605,0.09855465,-0.06522004,,
fat body,Nurf-38,0.23057131,0.2958021,-0.06523077,,
fat body,CG34291,0.60871905,0.6740823,-0.06536323,,
fat body,asRNA:CR43160,0.039548285,0.10492533,-0.06537704,,
fat body,CG17145,0.16178738,0.2271759,-0.06538853,,
fat body,Inx3,0.10171852,0.16711259,-0.065394066,,
fat body,CG11286,0.04129554,0.10669269,-0.06539714,,
fat body,CG4572,0.21741842,0.28281918,-0.065400764,,
fat body,CG31275,0.0392756,0.10470308,-0.06542748,,
fat body,CG7335,0.044562582,0.1100053,-0.06544271,,
fat body,CG3557,0.027291708,0.09273927,-0.06544756,,
fat body,CG17564,0.03522939,0.10070325,-0.065473855,,
fat body,mei-38,0.15385675,0.21934213,-0.06548537,,
fat body,Zif,0.065557465,0.13105084,-0.065493375,,
fat body,CG9065,0.085971564,0.15146725,-0.065495685,,
fat body,CG7264,0.057514273,0.123011895,-0.06549762,,
fat body,VhaPPA1-2,0.036061473,0.101638034,-0.06557656,,
fat body,ND-42,0.10689577,0.17249379,-0.06559802,,
fat body,CG30177,0.06391696,0.12952171,-0.065604754,,
fat body,CG34330,0.37867293,0.44432214,-0.06564921,,
fat body,lncRNA:CR43785,0.07242805,0.13818784,-0.06575979,,
fat body,CtBP,0.17608738,0.24185354,-0.065766156,,
fat body,CCT5,0.18215324,0.24795496,-0.065801725,,
fat body,CG31198,0.21313497,0.2789755,-0.06584051,,
fat body,lola,0.23218085,0.29805535,-0.0658745,,
fat body,velo,0.08679801,0.15268221,-0.0658842,,
fat body,CG46304,0.041312344,0.10719723,-0.06588489,,
fat body,CG31957,0.0593831,0.1253538,-0.0659707,,
fat body,geko,0.08924131,0.15522864,-0.06598733,,
fat body,MED10,0.15048364,0.21648186,-0.06599823,,
fat body,Rho1,0.5804677,0.64651674,-0.06604904,,
fat body,CG32061,0.03838534,0.10447324,-0.0660879,,
fat body,asRNA:CR46128,0.07544416,0.14155169,-0.06610753,,
fat body,CG3061,0.135318,0.20143062,-0.06611262,,
fat body,Mi-2,0.09234792,0.15855359,-0.066205665,,
fat body,CG44253,0.03252262,0.098742075,-0.06621946,,
fat body,RpL9,3.1355162,3.2017722,-0.06625605,,
fat body,bou,0.1579103,0.22419286,-0.066282555,,
fat body,CG15296,0.045477305,0.11176831,-0.066291004,,
fat body,CG32576,0.3793059,0.44561645,-0.066310555,,
fat body,CG11777,0.23690797,0.30322775,-0.06631978,,
fat body,Lkb1,0.059606094,0.1259334,-0.0663273,,
fat body,CG6610,0.117751576,0.1841282,-0.06637662,,
fat body,mRpL42,0.13229775,0.19868046,-0.066382706,,
fat body,A16,0.11732313,0.18370783,-0.0663847,,
fat body,CG4101,0.23258854,0.29902145,-0.06643291,,
fat body,eIF4H2,0.053301174,0.119748555,-0.06644738,,
fat body,CG34298,0.04444605,0.11091272,-0.06646667,,
fat body,CG34423,0.33836582,0.40485564,-0.066489816,,
fat body,eIF3g2,0.035585687,0.102161385,-0.0665757,,
fat body,dj-1beta,0.190259,0.25688073,-0.066621736,,
fat body,Hat1,0.038109418,0.10478,-0.06667058,,
fat body,SC35,0.13858597,0.20526055,-0.066674575,,
fat body,CG10947,0.055174075,0.12185103,-0.06667695,,
fat body,CG6693,0.09164668,0.1583531,-0.06670643,,
fat body,eIF3k,0.56730556,0.63401437,-0.0667088,,
fat body,CG18469,0.046067722,0.1128428,-0.066775076,,
fat body,CG32437,0.025576679,0.09235507,-0.06677839,,
fat body,CG18787,0.036352724,0.10317027,-0.066817544,,
fat body,Pgm2a,0.11278613,0.17962138,-0.066835254,,
fat body,Capr,0.15601797,0.22285904,-0.066841066,,
fat body,CG5388,0.034378547,0.10124468,-0.06686613,,
fat body,eIF3i,0.4051331,0.47200018,-0.06686708,,
fat body,smid,0.07299862,0.139878,-0.066879384,,
fat body,CG11686,0.35541472,0.4223293,-0.06691459,,
fat body,CG7069,0.026827948,0.09378283,-0.06695488,,
fat body,bnb,0.08628483,0.15323979,-0.066954955,,
fat body,CG32396,0.031598598,0.098600745,-0.06700215,,
fat body,CG5355,0.13316375,0.20017387,-0.06701012,,
fat body,CG31717,0.24158278,0.30865443,-0.06707165,,
fat body,rump,0.11362611,0.18072677,-0.06710066,,
fat body,CG13482,0.25031623,0.31743613,-0.0671199,,
fat body,CG9173,0.040784094,0.107944086,-0.067159995,,
fat body,CG3226,0.20123078,0.26844555,-0.06721477,,
fat body,CG32276,1.4250659,1.4923028,-0.0672369,,
fat body,CG15605,0.07848897,0.14578173,-0.06729276,,
fat body,CG3062,0.030685097,0.09804353,-0.067358434,,
fat body,Ndg,0.049963012,0.11733766,-0.06737465,,
fat body,CG4502,0.08178657,0.14923033,-0.06744376,,
fat body,CG34288,0.10293233,0.17039374,-0.06746141,,
fat body,CG14983,0.04936795,0.1168635,-0.06749555,,
fat body,SkpF,0.04726186,0.114782505,-0.06752065,,
fat body,CG5515,0.09524902,0.1627801,-0.06753109,,
fat body,IP3K1,0.31490514,0.38245803,-0.067552894,,
fat body,CG43206,0.048878193,0.11645174,-0.06757355,,
fat body,Eno,0.5411136,0.60869807,-0.067584455,,
fat body,Usp7,0.09133397,0.15893082,-0.06759685,,
fat body,26-29-p,0.2999962,0.3676203,-0.06762409,,
fat body,l(1)G0320,0.2948817,0.36251658,-0.06763488,,
fat body,Hsc70Cb,0.22374275,0.2913796,-0.06763685,,
fat body,mRpS33,0.08054925,0.14820819,-0.06765894,,
fat body,CG13403,0.11426486,0.18195257,-0.067687705,,
fat body,CG5144,0.039050218,0.10682114,-0.06777093,,
fat body,CG41378,0.096886225,0.16470627,-0.06782005,,
fat body,Rpn13,0.13991779,0.20776117,-0.06784338,,
fat body,asRNA:CR45260,0.03967164,0.10759916,-0.067927524,,
fat body,CG18343,0.3678537,0.43581825,-0.067964554,,
fat body,CG9254,0.0656531,0.13392727,-0.06827417,,
fat body,CG5569,0.090452485,0.15874742,-0.068294935,,
fat body,Prosbeta4,0.4630471,0.5313427,-0.0682956,,
fat body,l(2)05287,0.062362127,0.13067119,-0.06830906,,
fat body,asRNA:CR45999,0.068101734,0.13649987,-0.06839813,,
fat body,CG34188,0.04504161,0.11344595,-0.06840435,,
fat body,CG14894,0.19073099,0.25918996,-0.068458974,,
fat body,Wdfy2,0.1563215,0.22478291,-0.06846142,,
fat body,mRpL51,0.088912204,0.15745178,-0.068539575,,
fat body,CG15873,0.042632703,0.11119308,-0.06856038,,
fat body,CG15705,0.060185805,0.12876499,-0.06857918,,
fat body,PPP1R15,0.099271365,0.16790211,-0.06863075,,
fat body,colt,0.15602358,0.2246729,-0.06864932,,
fat body,CG14840,0.028362509,0.09701681,-0.0686543,,
fat body,Orct,0.23096757,0.2996346,-0.06866704,,
fat body,RpL10Aa,0.059155382,0.12782557,-0.06867019,,
fat body,CG9853,0.12734424,0.19607253,-0.0687283,,
fat body,CG42675,0.06325359,0.13198262,-0.068729036,,
fat body,Nxt1,0.14068595,0.20945495,-0.06876901,,
fat body,CG12824,0.31092104,0.37974665,-0.0688256,,
fat body,Uch,0.25083238,0.31966424,-0.06883186,,
fat body,CG9953,0.15209284,0.22097014,-0.068877295,,
fat body,CG14839,0.042250548,0.11119688,-0.06894633,,
fat body,CG14464,0.16937989,0.23833866,-0.068958774,,
fat body,CG9389,0.061584912,0.13055257,-0.06896766,,
fat body,CG30025,0.16128056,0.23027204,-0.06899148,,
fat body,CG31861,0.0536478,0.122715674,-0.06906787,,
fat body,mRpS14,0.08857991,0.1576942,-0.0691143,,
fat body,CG18810,0.035849612,0.10497627,-0.06912665,,
fat body,SLIRP2,0.1449651,0.21409258,-0.069127485,,
fat body,Arl2,0.08047035,0.14966516,-0.06919481,,
fat body,Nup358,0.111023076,0.18026008,-0.069237,,
fat body,CG44250,0.16819221,0.23743744,-0.069245234,,
fat body,Rpe,0.12543909,0.1947222,-0.06928311,,
fat body,tsr,1.2074087,1.2767818,-0.06937313,,
fat body,bond,0.06565564,0.13503054,-0.0693749,,
fat body,Frl,0.07885028,0.14824638,-0.0693961,,
fat body,CG9344,0.12678888,0.19621475,-0.069425866,,
fat body,CG9281,0.10766363,0.17715855,-0.06949492,,
fat body,CCT2,0.20801319,0.27758202,-0.06956883,,
fat body,CG13040,0.04284028,0.112441204,-0.069600925,,
fat body,lncRNA:CR33218,0.05762945,0.12737282,-0.069743365,,
fat body,CG12479,0.060233407,0.12998344,-0.06975003,,
fat body,eIF2gamma,0.144608,0.21437576,-0.06976776,,
fat body,Psa,0.13065326,0.20052096,-0.0698677,,
fat body,Cirl,0.08038303,0.15026641,-0.06988338,,
fat body,MagR,0.06400276,0.13389145,-0.06988869,,
fat body,Prosbeta5R2,0.04055901,0.11045936,-0.06990035,,
fat body,Ref1,0.17066325,0.24059501,-0.06993176,,
fat body,GILT1,0.19176693,0.26178706,-0.070020124,,
fat body,EMC3,0.109718084,0.17984703,-0.07012895,,
fat body,eIF4G1,0.34944847,0.41958556,-0.07013708,,
fat body,CG3795,0.049037527,0.11920309,-0.07016556,,
fat body,CG46025,0.052441727,0.12261391,-0.070172176,,
fat body,CG16782,0.05567863,0.12590297,-0.07022434,,
fat body,Sgt1,0.109441325,0.17977971,-0.07033838,,
fat body,Sp7,0.23484294,0.3052848,-0.07044186,,
fat body,CG17593,0.13029511,0.20074208,-0.07044697,,
fat body,CG46385,0.21533686,0.28584272,-0.07050586,,
fat body,eIF4A,1.1401833,1.2107079,-0.07052457,,
fat body,NUCB1,0.28925046,0.35979563,-0.07054517,,
fat body,ND-20L,0.06745998,0.13806497,-0.07060499,,
fat body,mRpS16,0.066739045,0.13736102,-0.070621975,,
fat body,Pepck2,1.2316258,1.3022479,-0.07062209,,
fat body,CYLD,0.067930534,0.13857952,-0.07064898,,
fat body,CG30369,0.03947486,0.11019305,-0.07071819,,
fat body,CG31528,0.052897215,0.123631395,-0.07073418,,
fat body,Kr-h2,0.17194325,0.24275756,-0.07081431,,
fat body,CSN6,0.13019736,0.20103838,-0.070841014,,
fat body,CG44194,0.1391518,0.21011205,-0.07096025,,
fat body,CG17059,0.2427406,0.3137313,-0.07099071,,
fat body,shrb,0.23483916,0.3058576,-0.07101844,,
fat body,CG14974,0.058246925,0.12938102,-0.07113409,,
fat body,poly,0.118520714,0.18965942,-0.0711387,,
fat body,CG16836,0.2490361,0.32019323,-0.07115713,,
fat body,elfless,0.0391543,0.110354766,-0.07120047,,
fat body,blw,0.46311954,0.5343624,-0.07124284,,
fat body,CG11885,0.11952828,0.19087614,-0.07134786,,
fat body,lolal,0.22118533,0.29254958,-0.071364254,,
fat body,BBS1,0.06446227,0.13589418,-0.07143191,,
fat body,CG12464,0.04672606,0.11826483,-0.071538776,,
fat body,eIF2alpha,0.27730483,0.348886,-0.071581185,,
fat body,CG13171,0.042503957,0.11409639,-0.071592435,,
fat body,CG34286,0.047143385,0.11899686,-0.071853474,,
fat body,CG17030,0.06756976,0.13943517,-0.07186541,,
fat body,RpL37a,2.8102596,2.8821585,-0.07189894,,
fat body,Fkbp59,0.17087385,0.24278454,-0.071910694,,
fat body,CCHa2,0.34557828,0.41751638,-0.0719381,,
fat body,emc,0.12991375,0.20186366,-0.071949914,,
fat body,Klp59C,0.04120151,0.1131805,-0.07197899,,
fat body,CG5862,0.1385982,0.21064985,-0.072051644,,
fat body,Atg8a,0.8311362,0.90320706,-0.07207084,,
fat body,CG8745,0.5676268,0.63973105,-0.072104275,,
fat body,LSm3,0.10193177,0.17404091,-0.07210914,,
fat body,CG34457,0.050993472,0.12310265,-0.07210918,,
fat body,Bace,0.13803783,0.21020432,-0.07216649,,
fat body,Arp1,0.16989473,0.24206997,-0.07217525,,
fat body,hdc,0.123564504,0.19576983,-0.07220533,,
fat body,CG6296,0.35185805,0.42411527,-0.07225722,,
fat body,CG17048,0.044569988,0.11684811,-0.07227813,,
fat body,CG14579,0.057166744,0.12952384,-0.0723571,,
fat body,Neos,0.11799235,0.19035572,-0.07236337,,
fat body,nmdyn-D7,0.10277069,0.17517498,-0.07240429,,
fat body,Vap33,0.23122178,0.30364174,-0.07241996,,
fat body,CG34231,0.09933803,0.17186807,-0.07253004,,
fat body,eIF3b,0.4845547,0.55708605,-0.07253134,,
fat body,ThrRS,0.18928324,0.26187506,-0.07259183,,
fat body,Cyp312a1,0.047176287,0.11976842,-0.07259213,,
fat body,Tsp42Ec,0.1022462,0.17488964,-0.07264344,,
fat body,Ance,0.53855747,0.6112404,-0.07268292,,
fat body,CG4712,0.025856903,0.09872021,-0.0728633,,
fat body,Adk1,0.07023684,0.14323609,-0.07299925,,
fat body,CG14921,0.06913376,0.14216456,-0.0730308,,
fat body,Cht12,0.030847834,0.10388207,-0.073034234,,
fat body,pyx,0.29323888,0.36628228,-0.073043406,,
fat body,CG1773,0.20927419,0.2823247,-0.073050514,,
fat body,CG42565,0.4096494,0.48272946,-0.07308006,,
fat body,ms(3)76Cc,0.038494524,0.11161316,-0.07311864,,
fat body,Mal-A6,0.138069,0.2113115,-0.0732425,,
fat body,CG8476,0.06436215,0.13762048,-0.073258325,,
fat body,CG1354,0.17267597,0.24594052,-0.073264554,,
fat body,CG4714,0.030389445,0.10369993,-0.07331049,,
fat body,CG43233,0.042244054,0.115641564,-0.07339751,,
fat body,VhaM9.7-b,0.6487808,0.72218144,-0.07340062,,
fat body,CG30487,0.04682926,0.12032907,-0.073499806,,
fat body,ND-B14.5A,0.22159785,0.295167,-0.07356915,,
fat body,Pfdn2,0.17471628,0.2482894,-0.07357313,,
fat body,Mtch,0.123269565,0.19684657,-0.07357701,,
fat body,CG13540,0.05815207,0.1317457,-0.07359363,,
fat body,CG15044,0.2501736,0.32377508,-0.073601484,,
fat body,Sh3beta,0.15772459,0.23136728,-0.073642686,,
fat body,Idh,0.16103372,0.23467799,-0.073644266,,
fat body,Fer2LCH,1.0941157,1.1677712,-0.073655486,,
fat body,Obp99b,5.5339007,5.607564,-0.073663235,,
fat body,CG17819,0.057227254,0.13097191,-0.073744655,,
fat body,bru1,0.12741777,0.20124109,-0.07382332,,
fat body,CG12107,0.21102776,0.28485936,-0.0738316,,
fat body,CG44158,0.05273786,0.1266281,-0.07389024,,
fat body,CG2930,0.2813324,0.3553948,-0.07406241,,
fat body,CG4995,0.08685028,0.16095616,-0.07410588,,
fat body,CG9393,0.11865142,0.19281372,-0.074162304,,
fat body,CG1943,0.32293305,0.3972744,-0.07434136,,
fat body,CG2082,0.07130845,0.1456602,-0.07435176,,
fat body,CG14684,0.05008879,0.12444165,-0.07435286,,
fat body,CG33308,0.063324265,0.13770479,-0.074380524,,
fat body,Paics,0.67817193,0.75265986,-0.074487925,,
fat body,CG8565,0.033948403,0.10845839,-0.07450999,,
fat body,CG6403,0.17659007,0.25111455,-0.07452448,,
fat body,CG3939,0.18129416,0.25582913,-0.07453497,,
fat body,CG17237,0.050993796,0.12553543,-0.07454163,,
fat body,CG13243,0.046310227,0.12086682,-0.07455659,,
fat body,Npc2h,0.24798793,0.32256225,-0.07457432,,
fat body,Hex-t2,0.052462906,0.12709817,-0.07463527,,
fat body,CG15498,0.066108406,0.14074948,-0.07464108,,
fat body,CG11298,0.046989687,0.1216868,-0.074697115,,
fat body,eIF2beta,0.30742627,0.38216254,-0.07473627,,
fat body,MCPH1,0.04363675,0.118397065,-0.07476032,,
fat body,maf-S,0.28044006,0.3552267,-0.07478663,,
fat body,Vajk2,0.13711554,0.2119273,-0.07481176,,
fat body,CG10565,0.10176526,0.17659979,-0.074834526,,
fat body,Ski6,0.060873553,0.13574775,-0.07487419,,
fat body,CG12784,0.07071226,0.14562242,-0.07491016,,
fat body,pre-rRNA:CR45847,0.4604366,0.5354117,-0.0749751,,
fat body,Cyp9f2,0.21683125,0.2918128,-0.074981555,,
fat body,Ubc2,0.12223671,0.19723274,-0.07499603,,
fat body,l(1)10Bb,0.06829253,0.1433078,-0.07501528,,
fat body,CG10934,0.048739377,0.12376412,-0.07502474,,
fat body,CG9313,0.026105985,0.10114228,-0.075036295,,
fat body,par-1,0.1728886,0.24793728,-0.07504867,,
fat body,CG16984,0.04164483,0.11683392,-0.075189084,,
fat body,Glo1,0.4604566,0.53568774,-0.075231135,,
fat body,ND-39,0.17781556,0.2531201,-0.07530454,,
fat body,Vha16-1,1.026036,1.1013557,-0.07531965,,
fat body,CG34161,0.053614866,0.12893458,-0.07531971,,
fat body,B52,0.19986221,0.27533072,-0.07546851,,
fat body,CG31041,0.05914573,0.13461427,-0.07546854,,
fat body,mRpL33,0.1907113,0.2662599,-0.075548604,,
fat body,CG18418,0.08435462,0.15995857,-0.075603954,,
fat body,CG3121,0.04581155,0.12144775,-0.0756362,,
fat body,CG5110,0.26627564,0.34192383,-0.07564819,,
fat body,Reepl1,0.07851301,0.15417375,-0.075660735,,
fat body,Phk-3,0.36282998,0.43851388,-0.07568389,,
fat body,CG13544,0.07020832,0.1459086,-0.075700276,,
fat body,CG5096,0.29896876,0.37484622,-0.07587746,,
fat body,Vrp1,0.07097457,0.14701895,-0.07604438,,
fat body,Bacc,0.88963103,0.96568006,-0.07604903,,
fat body,CR43186,0.8316995,0.9077507,-0.076051235,,
fat body,BOD1,0.08750082,0.16355261,-0.076051794,,
fat body,CG18003,0.13217571,0.2083568,-0.076181084,,
fat body,CG11110,0.087417066,0.16360202,-0.07618496,,
fat body,CG8066,0.28461125,0.36081618,-0.076204926,,
fat body,CG45085,0.2214606,0.29767323,-0.07621263,,
fat body,Vha55,0.52990204,0.6061241,-0.07622206,,
fat body,ND-B16.6,0.3315945,0.4078731,-0.0762786,,
fat body,mRpL12,0.107717514,0.1840209,-0.07630339,,
fat body,ubl,0.16745971,0.24377263,-0.076312914,,
fat body,fal,0.07944083,0.15575476,-0.07631393,,
fat body,CG5886,0.06289129,0.1392263,-0.07633501,,
fat body,Iyd,0.069434464,0.14586793,-0.076433465,,
fat body,CG42691,0.053638082,0.13018806,-0.07654998,,
fat body,Past1,0.1371449,0.21370718,-0.076562285,,
fat body,CG5561,0.060107894,0.136727,-0.07661911,,
fat body,CG13751,0.40794736,0.48457626,-0.07662889,,
fat body,Gbeta13F,0.29134145,0.36801523,-0.076673776,,
fat body,Dera,0.0708633,0.1475571,-0.076693796,,
fat body,Ubc84D,0.06625944,0.14300129,-0.07674185,,
fat body,CysRS-m,0.060867876,0.13761671,-0.07674883,,
fat body,CG32473,0.07549487,0.15227695,-0.07678208,,
fat body,Sar1,0.41169497,0.48853618,-0.076841205,,
fat body,zetaTry,0.07794896,0.15481898,-0.076870024,,
fat body,glob2,0.07548011,0.15238778,-0.07690767,,
fat body,TTLL4B,0.040974054,0.11792292,-0.076948866,,
fat body,Vps24,0.24363403,0.3206345,-0.077000484,,
fat body,I-2,0.07619932,0.1532026,-0.07700327,,
fat body,CG11911,0.72438693,0.8013962,-0.07700926,,
fat body,Fbl6,0.05214546,0.12925571,-0.07711025,,
fat body,CG31178,0.030033518,0.10731012,-0.0772766,,
fat body,san,0.11451525,0.19183107,-0.077315815,,
fat body,CG8036,0.21086831,0.28829092,-0.077422604,,
fat body,ND-30,0.1329735,0.21042049,-0.07744698,,
fat body,CycA,0.04185157,0.11936447,-0.077512905,,
fat body,CG5565,0.044889007,0.12244128,-0.077552274,,
fat body,Tim17b,0.3668384,0.4444375,-0.07759911,,
fat body,mad2,0.086899415,0.16450118,-0.07760176,,
fat body,CG1137,0.07375415,0.15137629,-0.077622145,,
fat body,CG10014,0.033957593,0.111693904,-0.07773631,,
fat body,bb8,0.04981938,0.12757455,-0.07775517,,
fat body,CG43237,0.03671673,0.114526,-0.077809274,,
fat body,CG12935,0.10572354,0.18363522,-0.07791168,,
fat body,ref(2)P,0.27842152,0.35642648,-0.078004956,,
fat body,Ccdc58,0.13708223,0.2151322,-0.07804997,,
fat body,mtTFB1,0.10688618,0.18495442,-0.07806824,,
fat body,CG11694,0.060893007,0.1389636,-0.07807059,,
fat body,CG13962,1.4087101,1.4868574,-0.07814729,,
fat body,CG10911,0.13103803,0.20919074,-0.078152716,,
fat body,CG32856,0.07246909,0.15063629,-0.07816719,,
fat body,28SrRNA-Psi:CR45859,0.38190216,0.460078,-0.07817584,,
fat body,CG3565,0.04233288,0.1205279,-0.07819502,,
fat body,mlt,0.10981779,0.18806195,-0.078244165,,
fat body,ATPsynC,1.4173162,1.4955696,-0.07825339,,
fat body,CR43275,0.78624517,0.8645396,-0.078294456,,
fat body,sip2,0.04208909,0.12040206,-0.07831297,,
fat body,RpS24,1.817771,1.8962349,-0.07846391,,
fat body,mRpS18A,0.111896716,0.19037233,-0.07847562,,
fat body,Ppm1,0.05890896,0.13741626,-0.0785073,,
fat body,GCS2alpha,0.17247877,0.25103936,-0.07856059,,
fat body,fax,0.20519009,0.2838175,-0.07862741,,
fat body,CG14071,0.053240947,0.13187248,-0.07863153,,
fat body,RpII215,0.089281425,0.1679452,-0.07866378,,
fat body,CG2267,0.0437421,0.12241092,-0.07866882,,
fat body,CG11035,0.080523126,0.1592253,-0.078702174,,
fat body,Miro,0.07578463,0.15449354,-0.07870891,,
fat body,emp,0.14812328,0.22687675,-0.07875347,,
fat body,Nacalpha,1.3003668,1.3791558,-0.078788996,,
fat body,CG9263,0.06317524,0.14202355,-0.07884831,,
fat body,CG46280,0.12776472,0.20664486,-0.078880146,,
fat body,CG15198,0.069781944,0.14876936,-0.07898742,,
fat body,CG14391,0.078807086,0.15785879,-0.0790517,,
fat body,Ucp4C,0.06412675,0.14322253,-0.07909577,,
fat body,CG32069,0.20666969,0.28580824,-0.07913855,,
fat body,CG1307,0.15963233,0.23892958,-0.07929726,,
fat body,CG16824,0.05626849,0.13565059,-0.0793821,,
fat body,Eglp1,0.06195526,0.1414027,-0.07944745,,
fat body,CG8508,0.06024031,0.13973704,-0.07949673,,
fat body,CG8086,0.053106893,0.13266,-0.07955311,,
fat body,Sap47,0.07975085,0.15935779,-0.079606935,,
fat body,CG31523,0.134744,0.21438703,-0.079643026,,
fat body,pen-2,0.1659049,0.24555671,-0.07965182,,
fat body,CG15800,0.07199036,0.1517254,-0.07973503,,
fat body,CG18081,0.24850993,0.3282575,-0.07974757,,
fat body,prominin-like,0.10413837,0.18391946,-0.07978109,,
fat body,CG11444,0.21091674,0.29078496,-0.07986821,,
fat body,Cisd2,0.18942283,0.26932302,-0.07990019,,
fat body,CG34250,0.21847077,0.2984731,-0.08000232,,
fat body,Fst,0.6497689,0.7297733,-0.080004394,,
fat body,AIF,0.05657078,0.13658947,-0.080018684,,
fat body,CG15578,0.040065054,0.12013397,-0.080068916,,
fat body,YME1L,0.091561735,0.17172249,-0.08016075,,
fat body,Ufd4,0.13316877,0.21338807,-0.0802193,,
fat body,CG43075,0.05207889,0.13232276,-0.08024387,,
fat body,CG42810,0.08906517,0.16939732,-0.08033215,,
fat body,CG7131,0.05802545,0.13839246,-0.080367014,,
fat body,ND-24L,0.06082855,0.14126027,-0.080431715,,
fat body,CG33223,0.078452624,0.15889484,-0.08044221,,
fat body,Dad1,0.36377835,0.44426253,-0.08048418,,
fat body,ND-B8,0.06185161,0.14241242,-0.08056082,,
fat body,Jon65Aii,0.5430403,0.62364477,-0.08060449,,
fat body,Rpn11,0.32349992,0.40410778,-0.08060786,,
fat body,CG32643,0.058360793,0.13901502,-0.080654226,,
fat body,CG14151,0.051777408,0.13262284,-0.08084543,,
fat body,CG17768,0.15486751,0.23574449,-0.080876976,,
fat body,Prosbeta7,0.39937848,0.48027378,-0.080895305,,
fat body,papi,0.086275466,0.1672198,-0.08094434,,
fat body,IscU,0.19353737,0.2746329,-0.08109553,,
fat body,Rpb12,0.27325526,0.35436797,-0.08111271,,
fat body,CG11722,0.060892045,0.14202288,-0.08113083,,
fat body,CG43844,0.043619256,0.12479484,-0.08117558,,
fat body,CG15043,0.17729968,0.25848106,-0.08118138,,
fat body,Pgi,0.3116716,0.39293352,-0.0812619,,
fat body,CG42536,0.049112488,0.13039804,-0.08128555,,
fat body,CG5024,0.062160883,0.14346704,-0.08130616,,
fat body,SdhBL,0.051057372,0.13241535,-0.081357986,,
fat body,CG13021,0.067641035,0.14901873,-0.0813777,,
fat body,CG7382,0.13313694,0.21452895,-0.081392005,,
fat body,Hel25E,0.12684527,0.20828952,-0.08144425,,
fat body,CG14818,0.43043444,0.5120841,-0.08164969,,
fat body,CG3345,0.05288784,0.13466586,-0.08177802,,
fat body,stai,0.07959505,0.16144495,-0.081849895,,
fat body,Tret1-1,0.48995176,0.5718211,-0.081869334,,
fat body,Jabba,0.521912,0.6038317,-0.08191973,,
fat body,CG14036,0.09319061,0.17514192,-0.081951305,,
fat body,Hrb87F,0.14332165,0.22532764,-0.08200599,,
fat body,Taz,0.08891441,0.17096403,-0.08204962,,
fat body,CG15306,0.02522218,0.10745193,-0.08222975,,
fat body,Sf3b5,0.1806372,0.26288113,-0.082243934,,
fat body,CG1418,0.096327536,0.1785842,-0.08225667,,
fat body,CG43702,0.055938073,0.1383191,-0.08238103,,
fat body,CG6980,0.055439305,0.1378754,-0.082436085,,
fat body,CG8952,0.22177242,0.3042259,-0.082453474,,
fat body,CG7059,0.0324853,0.11497581,-0.08249051,,
fat body,CG34125,0.14868782,0.23118897,-0.08250114,,
fat body,Ctr1B,0.18806532,0.27058095,-0.08251563,,
fat body,lncRNA:CR33938,0.2520313,0.33455968,-0.08252838,,
fat body,CG6180,0.22942728,0.31202474,-0.082597464,,
fat body,CG15579,0.063786164,0.14641385,-0.082627684,,
fat body,mt:Cyt-b,2.0771286,2.1598394,-0.08271074,,
fat body,CG13326,0.048778176,0.13162461,-0.08284643,,
fat body,CG5214,0.15803751,0.24088466,-0.08284715,,
fat body,Fum4,0.03900983,0.122026995,-0.08301716,,
fat body,CG31806,0.06555697,0.14859974,-0.08304277,,
fat body,CG30412,0.064966805,0.14804003,-0.08307322,,
fat body,Rpn10,0.23279192,0.3158797,-0.08308779,,
fat body,CG12182,0.028833669,0.11197916,-0.083145484,,
fat body,Tom70,0.061447594,0.14460501,-0.08315742,,
fat body,Sod2,0.16529211,0.24852404,-0.083231926,,
fat body,Sdc,0.3623274,0.44557,-0.083242595,,
fat body,Tsp42Ek,0.5837941,0.66705644,-0.083262324,,
fat body,AdipoR,0.25435713,0.33769405,-0.08333692,,
fat body,eEF2,1.5224044,1.605752,-0.08334756,,
fat body,Lk6,0.858479,0.941973,-0.08349395,,
fat body,Sec31,0.3042246,0.38779905,-0.083574444,,
fat body,RpL24-like,0.48759058,0.5711999,-0.08360931,,
fat body,CG5823,0.08186723,0.1654854,-0.083618164,,
fat body,CG31007,0.108745925,0.19247717,-0.08373124,,
fat body,COX6AL,0.05785781,0.14168061,-0.0838228,,
fat body,Pp2A-29B,0.4045858,0.48842236,-0.083836555,,
fat body,CycG,0.88115305,0.9651142,-0.08396113,,
fat body,CG13476,0.067142956,0.15121418,-0.08407123,,
fat body,Mul1,0.21401282,0.29810423,-0.08409141,,
fat body,Acyp,0.07746531,0.16157222,-0.08410691,,
fat body,Inx2,0.11084761,0.19507149,-0.08422388,,
fat body,kuk,0.09152294,0.17574854,-0.0842256,,
fat body,CG32450,0.07388528,0.15815473,-0.08426945,,
fat body,me31B,0.16194765,0.24625942,-0.08431177,,
fat body,Phae1,0.13442454,0.218847,-0.08442247,,
fat body,CG30355,0.08131534,0.16590396,-0.08458862,,
fat body,CG15256,0.06369994,0.14831716,-0.08461722,,
fat body,CG33322,0.044443246,0.12912291,-0.08467966,,
fat body,CG43293,0.066670045,0.15139396,-0.08472392,,
fat body,Mlf,0.12971899,0.21446037,-0.084741384,,
fat body,tna,0.13075292,0.21552572,-0.084772795,,
fat body,e(y)2b,0.0897034,0.17452955,-0.08482615,,
fat body,CG15177,0.05630608,0.14116405,-0.08485797,,
fat body,CG1988,0.05594942,0.14081994,-0.08487052,,
fat body,Trxr-1,0.1656147,0.2505066,-0.084891915,,
fat body,CG12106,0.07743844,0.16234843,-0.08491,,
fat body,ScsbetaA,0.24573213,0.33066362,-0.08493149,,
fat body,CG32112,0.06583761,0.15077041,-0.084932804,,
fat body,lncRNA:CR42767,0.08451656,0.16945294,-0.08493637,,
fat body,Fsn,0.14933503,0.23427285,-0.084937826,,
fat body,CG12511,0.04703953,0.13204896,-0.08500943,,
fat body,capu,0.10104826,0.18608354,-0.08503528,,
fat body,CG2871,0.05723313,0.14230052,-0.08506739,,
fat body,Mpcp2,0.32553825,0.41060606,-0.08506781,,
fat body,CG10822,0.123502225,0.2085829,-0.08508067,,
fat body,kud,0.31837937,0.40358993,-0.08521056,,
fat body,CG11635,0.0715958,0.15687436,-0.085278556,,
fat body,Mapmodulin,0.17172685,0.2570163,-0.08528945,,
fat body,ssp5,0.045052346,0.13040325,-0.0853509,,
fat body,akirin,0.2731136,0.35850504,-0.08539143,,
fat body,CG12115,0.20069088,0.28608385,-0.08539297,,
fat body,CG14183,0.03423526,0.11967864,-0.08544338,,
fat body,Cyt-c1L,0.065859295,0.15131383,-0.08545453,,
fat body,asRNA:CR42871,0.043809112,0.1295101,-0.08570099,,
fat body,br,0.4420703,0.5277983,-0.08572799,,
fat body,RpL10Ab,2.135564,2.2213836,-0.08581948,,
fat body,CG10492,0.08736285,0.17326048,-0.08589763,,
fat body,red,0.104379795,0.19029959,-0.08591979,,
fat body,CG13494,0.069674,0.15559751,-0.08592351,,
fat body,CG1146,0.07105933,0.15720582,-0.08614649,,
fat body,Tsf1,0.14749862,0.23371753,-0.08621891,,
fat body,CG34222,0.065697424,0.15193231,-0.08623489,,
fat body,CG15425,0.09474121,0.18106577,-0.08632456,,
fat body,CG2021,0.1285382,0.21496259,-0.08642438,,
fat body,CG14294,0.052020684,0.13847189,-0.0864512,,
fat body,CG32299,0.07363856,0.1601528,-0.086514235,,
fat body,CG7794,0.05050339,0.13715811,-0.08665472,,
fat body,ND-ACP,0.33125162,0.41793752,-0.086685896,,
fat body,CG12689,0.06679668,0.15349625,-0.08669957,,
fat body,CG10317,0.07202165,0.15878445,-0.0867628,,
fat body,nemy,0.06827093,0.15513879,-0.08686786,,
fat body,CG9922,0.13304983,0.21992233,-0.0868725,,
fat body,CG8478,0.06238747,0.14930315,-0.08691569,,
fat body,CG17083,0.055669572,0.14265832,-0.08698875,,
fat body,Sam-S,0.34806174,0.435074,-0.08701226,,
fat body,lncRNA:CR42868,0.4106616,0.4977029,-0.08704129,,
fat body,Hsp60A,0.11693037,0.20398548,-0.08705511,,
fat body,ND-B14.5B,0.30889544,0.39605796,-0.087162524,,
fat body,Pfdn6,0.15541428,0.24258512,-0.08717084,,
fat body,ImpE2,0.15278332,0.24011277,-0.08732945,,
fat body,atl,0.18459208,0.27196375,-0.08737166,,
fat body,CG14757,0.11460707,0.20201893,-0.08741186,,
fat body,CG3330,0.049760558,0.13730611,-0.08754555,,
fat body,ND-B17.2,0.25618523,0.34375224,-0.087567,,
fat body,Mzt1,0.07027238,0.15793028,-0.087657906,,
fat body,CaBP1,0.29880804,0.3865102,-0.087702155,,
fat body,Rpb8,0.13209642,0.21983472,-0.08773829,,
fat body,e(y)2,0.123533435,0.2114748,-0.08794137,,
fat body,hpRNA:CR46342,0.06761191,0.15562396,-0.08801205,,
fat body,CG33136,0.04219127,0.13031812,-0.08812685,,
fat body,lncRNA:CR43939,0.0620184,0.15014778,-0.08812939,,
fat body,CG32441,0.191627,0.2797579,-0.08813089,,
fat body,CG13527,0.06794278,0.15612702,-0.08818424,,
fat body,CG10834,0.061044443,0.14923477,-0.08819033,,
fat body,scf,0.16092531,0.24913886,-0.08821355,,
fat body,Gp150,0.40620348,0.4944282,-0.08822471,,
fat body,ps,0.27114207,0.35939687,-0.08825481,,
fat body,CG5011,0.32527116,0.41364342,-0.08837226,,
fat body,Tsp29Fa,0.3218406,0.41024557,-0.08840495,,
fat body,CG31287,0.12942725,0.21785975,-0.08843249,,
fat body,Tim23,0.18360098,0.27225402,-0.08865304,,
fat body,lncRNA:CR46194,0.09161918,0.18027242,-0.08865324,,
fat body,CG14402,0.057885546,0.14664695,-0.088761404,,
fat body,CG31161,0.053178452,0.14196485,-0.0887864,,
fat body,Tpr2,0.10142411,0.19047356,-0.08904944,,
fat body,vig2,0.25805226,0.34720352,-0.08915126,,
fat body,Fis1,0.360576,0.44976294,-0.08918694,,
fat body,CG34177,0.059412774,0.14868276,-0.08926998,,
fat body,Cks85A,0.11040272,0.19971587,-0.08931315,,
fat body,CG32148,0.080440015,0.16976556,-0.08932555,,
fat body,CG3323,0.05200226,0.14140569,-0.08940343,,
fat body,vih,0.10545863,0.19489363,-0.089434996,,
fat body,CG40472,0.16576278,0.25522956,-0.08946678,,
fat body,hmw,0.05180367,0.14135502,-0.08955135,,
fat body,CG7017,0.30688527,0.3964581,-0.08957282,,
fat body,zda,0.16411974,0.25377703,-0.08965729,,
fat body,Dp1,0.5548595,0.6446031,-0.089743555,,
fat body,saturn,0.06678512,0.15652913,-0.08974401,,
fat body,CG11858,0.18438911,0.27418715,-0.08979803,,
fat body,mod(mdg4),0.23004097,0.31986722,-0.089826256,,
fat body,grsm,0.34362632,0.43346435,-0.08983803,,
fat body,B9d1,0.055982172,0.14588127,-0.08989909,,
fat body,Sply,0.1339366,0.22396815,-0.09003155,,
fat body,Prosalpha6,0.31408232,0.40421712,-0.0901348,,
fat body,CG16719,0.090293065,0.18043317,-0.090140104,,
fat body,SdhC,0.27153584,0.3616809,-0.09014505,,
fat body,Usp47,0.18576011,0.27594766,-0.09018755,,
fat body,CG6762,0.57881874,0.6691243,-0.09030557,,
fat body,loqs,0.05743231,0.14775945,-0.09032714,,
fat body,CG17300,0.08808471,0.17849302,-0.09040831,,
fat body,CG34253,0.20994431,0.30035746,-0.09041315,,
fat body,Diap1,0.3045671,0.39506385,-0.09049675,,
fat body,CG33129,0.3651883,0.4557122,-0.0905239,,
fat body,CG8042,0.099285156,0.18989474,-0.09060958,,
fat body,CG3420,0.13813688,0.2287634,-0.09062652,,
fat body,Scsalpha1,0.49875546,0.58945906,-0.09070361,,
fat body,Tudor-SN,0.27576575,0.36667126,-0.09090552,,
fat body,asRNA:CR44182,0.057867277,0.1487933,-0.09092602,,
fat body,Oda,1.4469956,1.5379362,-0.090940595,,
fat body,asRNA:CR45026,0.072390914,0.16338365,-0.090992734,,
fat body,Gpat4,0.18359095,0.2746191,-0.091028154,,
fat body,Kaz1-ORFB,0.36962268,0.46073043,-0.091107756,,
fat body,teq,0.17697285,0.26809907,-0.09112622,,
fat body,heph,0.13656805,0.22772038,-0.091152325,,
fat body,Zip99C,0.12794288,0.21910806,-0.091165185,,
fat body,CG31949,0.08196585,0.17315058,-0.091184735,,
fat body,CG14480,0.10484113,0.19607586,-0.09123473,,
fat body,eEF5,2.182617,2.2738967,-0.091279745,,
fat body,CG31694,0.13870144,0.23029616,-0.091594726,,
fat body,Tsp42Ee,0.26303396,0.35463044,-0.091596484,,
fat body,blp,0.12257806,0.21426164,-0.091683574,,
fat body,Prosbeta4R2,0.08835869,0.18023461,-0.09187592,,
fat body,CG11145,0.06480185,0.15680563,-0.092003785,,
fat body,Hmgcl,0.06655442,0.15862955,-0.09207513,,
fat body,Duba,0.07811305,0.17021157,-0.09209852,,
fat body,RpS12,2.6838245,2.775938,-0.092113495,,
fat body,ras,0.32224116,0.41443717,-0.09219602,,
fat body,CG10910,0.2327011,0.3250427,-0.0923416,,
fat body,CG10077,0.14058892,0.23304959,-0.09246066,,
fat body,Rpt6R,0.076488316,0.16895187,-0.09246355,,
fat body,CG15676,0.05726072,0.14972796,-0.09246723,,
fat body,CG43760,0.08445874,0.17717932,-0.09272058,,
fat body,yuri,0.12159415,0.21433993,-0.09274577,,
fat body,CG33774,0.38793194,0.48076588,-0.092833936,,
fat body,lncRNA:CR43278,0.045455955,0.1383014,-0.09284545,,
fat body,CG12521,0.06961359,0.16246918,-0.09285559,,
fat body,CG2811,0.18039298,0.2734318,-0.09303883,,
fat body,CG15422,0.15624362,0.24928781,-0.09304419,,
fat body,nudC,0.132808,0.2258888,-0.093080804,,
fat body,CG12470,0.08133298,0.17445198,-0.093118995,,
fat body,CG2736,0.49049804,0.58368576,-0.09318772,,
fat body,Lam,0.098280035,0.19148599,-0.09320595,,
fat body,Cchl,0.10154587,0.19481088,-0.09326501,,
fat body,PDCD-5,0.19893557,0.29223508,-0.09329951,,
fat body,Akap200,0.29271102,0.38621497,-0.09350395,,
fat body,mRpS10,0.10072362,0.19430691,-0.09358329,,
fat body,Prosalpha6T,0.06589496,0.15949157,-0.09359661,,
fat body,sra,0.11108188,0.20468225,-0.09360036,,
fat body,CG30056,0.08147259,0.17518821,-0.09371562,,
fat body,SdhD,0.19431724,0.2880387,-0.093721464,,
fat body,CG11327,0.046698563,0.14056095,-0.09386239,,
fat body,cnn,0.058817647,0.1526914,-0.09387375,,
fat body,CG10527,0.6439988,0.73794043,-0.09394163,,
fat body,Cbp20,0.13006979,0.22427416,-0.094204366,,
fat body,Gapdh2,0.5815789,0.675854,-0.09427512,,
fat body,CG7164,0.07334949,0.16769707,-0.09434758,,
fat body,msd1,0.072329134,0.16668412,-0.09435499,,
fat body,CG4390,0.193739,0.28822702,-0.094488025,,
fat body,Alg-2,0.39893,0.4935261,-0.09459609,,
fat body,CG15283,0.07139722,0.16599917,-0.09460195,,
fat body,CG13747,0.06895515,0.16356313,-0.09460798,,
fat body,CG15260,0.07482445,0.16947123,-0.09464678,,
fat body,Gbp1,0.29939348,0.3941071,-0.09471363,,
fat body,CG32436,0.03556853,0.13029213,-0.0947236,,
fat body,CtsB1,1.1611578,1.255937,-0.094779134,,
fat body,CG10841,0.051931225,0.14677477,-0.094843544,,
fat body,Rpn12R,0.049053837,0.14391239,-0.09485856,,
fat body,CG43178,0.08021802,0.17549163,-0.095273614,,
fat body,gskt,0.061731964,0.15702045,-0.095288485,,
fat body,CG11755,0.060901955,0.15622331,-0.09532136,,
fat body,Mal-A5,0.5780005,0.6733273,-0.09532684,,
fat body,CG31230,0.10460589,0.1999389,-0.095333,,
fat body,CG15734,0.06868828,0.16402921,-0.09534093,,
fat body,CG4701,0.05410825,0.14954841,-0.095440164,,
fat body,Ggamma1,0.40383762,0.49934176,-0.095504135,,
fat body,ND-PDSW,0.3607319,0.45636535,-0.09563345,,
fat body,Pcyt2,0.053871065,0.1495049,-0.095633835,,
fat body,CG11781,0.27578586,0.3715877,-0.09580183,,
fat body,Clc,0.53662485,0.6324888,-0.09586394,,
fat body,Jon99Cii,1.5993805,1.6952919,-0.09591138,,
fat body,CG7394,0.17194521,0.26787597,-0.095930755,,
fat body,lncRNA:CR42850,0.045154173,0.14111064,-0.095956475,,
fat body,CG12831,0.049037445,0.14501129,-0.09597385,,
fat body,RpS13,1.9771906,2.0732346,-0.096043944,,
fat body,ATPsynbeta,0.6932524,0.78929865,-0.09604627,,
fat body,CG1882,0.120887585,0.21710576,-0.096218176,,
fat body,CycB,0.05909734,0.15539327,-0.09629594,,
fat body,Sprn,0.06096751,0.15740015,-0.09643264,,
fat body,CG7182,0.11006308,0.20652732,-0.09646424,,
fat body,CG42855,0.07691231,0.173871,-0.09695868,,
fat body,CG31921,0.03593779,0.132969,-0.09703122,,
fat body,SmD2,0.2507479,0.3477875,-0.09703961,,
fat body,TSG101,0.1922248,0.28930888,-0.097084075,,
fat body,Vha16-3,0.05738187,0.15450259,-0.09712072,,
fat body,Ho,0.20213865,0.29926315,-0.0971245,,
fat body,CG31360,0.08750705,0.18464783,-0.09714078,,
fat body,CG31948,0.061854277,0.15902744,-0.09717317,,
fat body,Dhod,0.185115,0.28236628,-0.09725128,,
fat body,ND-B17,0.23279901,0.3301399,-0.0973409,,
fat body,l(2)37Cc,0.15313582,0.25050434,-0.09736852,,
fat body,CG32137,0.09442764,0.19180053,-0.0973729,,
fat body,Rexo5,0.071553186,0.16900915,-0.09745596,,
fat body,CG31805,0.037765015,0.13550243,-0.09773742,,
fat body,Prosbeta6,0.45064464,0.54850906,-0.09786442,,
fat body,CG31546,0.09019051,0.18818475,-0.097994246,,
fat body,bor,0.076451585,0.17458326,-0.09813167,,
fat body,CG14043,0.054430246,0.15259065,-0.0981604,,
fat body,Spase22-23,0.5926708,0.69088715,-0.098216355,,
fat body,CG12963,0.18141645,0.27964932,-0.098232865,,
fat body,CG5504,0.12629817,0.22453754,-0.09823936,,
fat body,CG34296,0.14249936,0.24092689,-0.098427534,,
fat body,CG9570,0.04374418,0.14222747,-0.098483294,,
fat body,Rbp1,0.1761927,0.27483332,-0.09864062,,
fat body,Hsp60D,0.05542476,0.15410961,-0.09868485,,
fat body,RpS19b,0.098596744,0.19744399,-0.09884725,,
fat body,CG6873,0.07745178,0.17630455,-0.09885277,,
fat body,SF2,0.16856934,0.26755705,-0.09898771,,
fat body,ND-15,0.34685844,0.4459653,-0.09910685,,
fat body,ND-13B,0.20919687,0.3083045,-0.09910762,,
fat body,CG8531,0.10120247,0.20036957,-0.09916709,,
fat body,I-t,0.057170227,0.15641212,-0.0992419,,
fat body,CG9875,0.06494334,0.16418652,-0.09924318,,
fat body,CG5614,0.05604746,0.1553576,-0.099310145,,
fat body,CG2533,0.06578182,0.16514862,-0.0993668,,
fat body,lncRNA:CR32835,0.098429985,0.19783351,-0.09940352,,
fat body,bru3,0.56915283,0.6686234,-0.099470556,,
fat body,djl,0.08651964,0.18617393,-0.09965429,,
fat body,CG3483,0.061344255,0.16102119,-0.09967694,,
fat body,CG16974,0.09281148,0.19253023,-0.09971875,,
fat body,CG30356,0.06889879,0.16863544,-0.09973665,,
fat body,CG44242,0.27878726,0.3785299,-0.09974265,,
fat body,Srpk79D,0.06105088,0.16086803,-0.09981716,,
fat body,SmB,0.17244354,0.2723767,-0.09993315,,
fat body,chb,0.08313172,0.18306574,-0.09993402,,
fat body,COX6B,0.64032066,0.74027634,-0.09995568,,
fat body,CG43058,0.0775487,0.17779168,-0.10024299,,
fat body,CG5958,0.56019115,0.6604536,-0.10026246,,
fat body,Tapdelta,0.6719714,0.77228516,-0.10031378,,
fat body,Tpi,0.32327077,0.4236257,-0.10035494,,
fat body,hpRNA:CR18854,0.4876562,0.58809966,-0.10044345,,
fat body,blanks,0.07492869,0.1754161,-0.1004874,,
fat body,CG15128,0.04200475,0.14250629,-0.10050154,,
fat body,COX7C,0.92853695,1.0291135,-0.10057658,,
fat body,CG3306,0.04504264,0.14568253,-0.10063989,,
fat body,Srp14,0.2725133,0.37316006,-0.100646764,,
fat body,lncRNA:CR43610,0.068123475,0.16892178,-0.10079831,,
fat body,CG14488,0.1096485,0.21075961,-0.10111111,,
fat body,CG15124,0.07023081,0.17139578,-0.10116497,,
fat body,Tpl94D,0.06742398,0.16860628,-0.101182304,,
fat body,Roc1a,0.36250842,0.4636941,-0.10118568,,
fat body,CG33144,0.12491689,0.22617953,-0.10126264,,
fat body,CG15577,0.056205668,0.15748072,-0.10127505,,
fat body,14-3-3zeta,0.7216316,0.822987,-0.10135543,,
fat body,CG42306,0.1647783,0.266142,-0.1013637,,
fat body,CG13220,0.22736213,0.3287575,-0.10139537,,
fat body,Pfdn4,0.26516414,0.36677334,-0.1016092,,
fat body,CG4218,0.07068467,0.17238559,-0.10170092,,
fat body,Dnali1,0.11328142,0.21499993,-0.10171851,,
fat body,orb2,0.06366958,0.16544387,-0.10177429,,
fat body,Roc2,0.24846451,0.35024685,-0.10178234,,
fat body,Tim9a,0.17036368,0.27236876,-0.10200508,,
fat body,RpL13,1.9524919,2.0546305,-0.10213864,,
fat body,lncRNA:CR40469,3.6830976,3.785289,-0.10219145,,
fat body,CG31913,0.11369162,0.2159067,-0.102215074,,
fat body,CG43755,0.07668996,0.17894188,-0.10225192,,
fat body,Idh3b,0.10204859,0.20430969,-0.102261096,,
fat body,CG7215,0.419147,0.5214369,-0.102289915,,
fat body,MtnE,0.45743823,0.5598276,-0.102389395,,
fat body,CG32392,0.057229448,0.15966173,-0.10243228,,
fat body,CG17684,0.3750948,0.47753754,-0.10244274,,
fat body,CG13244,0.06525816,0.16785537,-0.10259721,,
fat body,CG13315,2.123615,2.226234,-0.10261893,,
fat body,aqz,0.41010278,0.51274145,-0.10263866,,
fat body,CG8860,0.18583487,0.2884774,-0.10264252,,
fat body,eIF6,0.14947914,0.25224817,-0.10276903,,
fat body,orb,0.06878575,0.1715801,-0.10279436,,
fat body,RPA3,0.112447016,0.21526176,-0.10281474,,
fat body,CG42758,0.06910375,0.17195721,-0.10285346,,
fat body,Tango11,0.11417047,0.21707146,-0.10290099,,
fat body,asRNA:CR44370,0.086185955,0.18911445,-0.1029285,,
fat body,CG42853,0.09186989,0.19495898,-0.103089094,,
fat body,Yif1,0.17812234,0.28126812,-0.10314578,,
fat body,Kap-alpha3,0.3995076,0.5026555,-0.103147894,,
fat body,NP15.6,0.27692118,0.38011813,-0.10319695,,
fat body,BI-1,0.2301858,0.33357647,-0.103390664,,
fat body,CG13364,0.9938818,1.0973225,-0.10344064,,
fat body,kermit,0.09020406,0.19367638,-0.10347232,,
fat body,CG5676,0.34633124,0.44993094,-0.1035997,,
fat body,CG6870,0.12725475,0.23088002,-0.10362527,,
fat body,CG31816,0.09385554,0.19751854,-0.103663005,,
fat body,Manf,0.42054245,0.5242411,-0.10369864,,
fat body,Tim17b1,0.082445055,0.18625548,-0.10381043,,
fat body,CG43675,0.0446027,0.14852482,-0.10392212,,
fat body,Gel,0.5985265,0.7026597,-0.10413325,,
fat body,CG1172,0.113076866,0.21734849,-0.10427162,,
fat body,CG4669,0.09095474,0.19529314,-0.1043384,,
fat body,asRNA:CR44027,0.070010856,0.1746751,-0.10466425,,
fat body,prtp,0.20372237,0.30841035,-0.104687974,,
fat body,EloC,0.33753967,0.44230887,-0.1047692,,
fat body,CG32267,0.26647383,0.37126935,-0.104795516,,
fat body,CG43277,0.07778471,0.18259463,-0.10480992,,
fat body,CR33319,0.07334032,0.17815076,-0.10481044,,
fat body,mt:ND5,0.47650188,0.5813245,-0.104822636,,
fat body,eEF1delta,0.32963088,0.43449652,-0.10486564,,
fat body,Dg,0.11692109,0.22179729,-0.1048762,,
fat body,CG34434,0.07795005,0.18305029,-0.10510024,,
fat body,Alp4,0.03603128,0.14119035,-0.105159074,,
fat body,CG43209,0.11661593,0.22178484,-0.10516892,,
fat body,REPTOR-BP,0.50797486,0.61345005,-0.10547519,,
fat body,lncRNA:CR32690,0.10571379,0.21120557,-0.10549178,,
fat body,CSN7,0.20347726,0.30904588,-0.10556862,,
fat body,Tctp,1.5632234,1.6688098,-0.10558641,,
fat body,CG32440,0.07119523,0.17682384,-0.10562861,,
fat body,mRpL34,0.11362268,0.21933013,-0.10570745,,
fat body,Nap1,0.6981087,0.80391395,-0.10580528,,
fat body,CG6903,0.20170614,0.30757922,-0.10587308,,
fat body,Erk7,0.055437747,0.16132848,-0.105890736,,
fat body,RpL3,1.629077,1.7351583,-0.10608137,,
fat body,ND-B18,0.2565262,0.36266014,-0.10613394,,
fat body,CG17931,0.27584222,0.38199836,-0.10615614,,
fat body,Tat,0.10812083,0.214373,-0.10625218,,
fat body,CG9568,0.6145289,0.7208945,-0.10636562,,
fat body,Trx-2,0.5289573,0.6353277,-0.10637039,,
fat body,Uxt,0.062335238,0.16889358,-0.10655834,,
fat body,mEFTu2,0.1111516,0.21783198,-0.106680386,,
fat body,CG10616,0.093236774,0.19992974,-0.10669297,,
fat body,CG7637,0.1467312,0.25346154,-0.10673034,,
fat body,lncRNA:CR32661,0.08017142,0.18693379,-0.106762365,,
fat body,CG4286,0.106136285,0.21304631,-0.10691003,,
fat body,lncRNA:CR43166,0.22982076,0.33678052,-0.10695976,,
fat body,CG32713,0.075918555,0.18290046,-0.1069819,,
fat body,CG44271,0.06396827,0.1710167,-0.10704842,,
fat body,CG8851,0.061166488,0.16840346,-0.107236974,,
fat body,CG8138,0.07532318,0.18274468,-0.1074215,,
fat body,CG46433,0.1775797,0.28504995,-0.107470244,,
fat body,LysX,0.11240142,0.22002436,-0.107622944,,
fat body,RpS7,2.1727633,2.2805018,-0.107738495,,
fat body,arm,0.34277704,0.4505424,-0.10776535,,
fat body,CG12679,0.09411214,0.20191504,-0.1078029,,
fat body,RpL37b,0.06714352,0.17506103,-0.10791751,,
fat body,ymp,0.104479566,0.21240076,-0.1079212,,
fat body,Rpn8,0.2622078,0.37027025,-0.108062446,,
fat body,eIF4E1,0.25220117,0.36040226,-0.10820109,,
fat body,CG13067,0.06928596,0.17750488,-0.10821892,,
fat body,ND-B14,0.28573942,0.39398876,-0.10824934,,
fat body,Tim9b,0.09105434,0.1993144,-0.10826006,,
fat body,POLDIP2,0.08136116,0.1898099,-0.108448744,,
fat body,SmD3,0.13556494,0.24435532,-0.10879038,,
fat body,Rtnl1,0.75036913,0.8592345,-0.10886538,,
fat body,CG31050,0.08508232,0.19397388,-0.10889156,,
fat body,eIF3e,0.25562066,0.36457396,-0.1089533,,
fat body,Pif1A,0.1968895,0.30584934,-0.10895984,,
fat body,Got2,0.20848796,0.31766886,-0.1091809,,
fat body,CG45050,0.505795,0.61506724,-0.10927224,,
fat body,Pex3,0.09067883,0.1999853,-0.10930646,,
fat body,Sbat,0.12882142,0.23817688,-0.109355465,,
fat body,SmE,0.25836036,0.36777875,-0.10941839,,
fat body,CG6304,0.07779936,0.18728113,-0.109481774,,
fat body,cnc,0.39375892,0.50335205,-0.10959312,,
fat body,CG31624,0.08756026,0.19717395,-0.109613694,,
fat body,CG33189,0.08307689,0.19269095,-0.10961407,,
fat body,CG1999,0.072735995,0.18245302,-0.10971703,,
fat body,fig,0.06945152,0.17938657,-0.10993505,,
fat body,Pect,0.1944319,0.30467921,-0.110247314,,
fat body,FLASH,0.086887516,0.1972031,-0.11031558,,
fat body,azot,0.067144886,0.17763732,-0.11049244,,
fat body,eEF1beta,1.6228372,1.7334379,-0.11060071,,
fat body,CG6891,0.39448714,0.50531965,-0.11083251,,
fat body,Got1,0.1778231,0.28866777,-0.11084467,,
fat body,CG16964,0.09668846,0.20757735,-0.11088889,,
fat body,CG15357,0.08027297,0.19127919,-0.111006215,,
fat body,CG3397,0.23184448,0.34287238,-0.1110279,,
fat body,ATPsynD,0.24527809,0.3563878,-0.111109704,,
fat body,CG16743,0.6894887,0.8008901,-0.11140138,,
fat body,rdgB,0.0772888,0.18871889,-0.111430086,,
fat body,CG31008,0.08976166,0.20130615,-0.11154449,,
fat body,Cdlc2,0.107124895,0.2186961,-0.11157121,,
fat body,CG31802,0.10193212,0.2136852,-0.11175308,,
fat body,RpL35A,1.7027007,1.8145205,-0.111819744,,
fat body,chic,1.0260528,1.1379064,-0.1118536,,
fat body,Bsg,0.5263785,0.6383733,-0.1119948,,
fat body,CG14305,0.09671041,0.20922801,-0.112517595,,
fat body,CG13471,0.0787716,0.19130956,-0.11253796,,
fat body,Pink1,0.17670101,0.28924105,-0.11254004,,
fat body,Uba1,0.24943867,0.36223534,-0.112796664,,
fat body,CG6262,0.07574571,0.18854752,-0.11280181,,
fat body,Acyp2,0.16846447,0.28135422,-0.11288975,,
fat body,CG31128,0.07693628,0.18985032,-0.11291403,,
fat body,CG40228,0.23321174,0.34614393,-0.11293219,,
fat body,CG6295,0.1794101,0.29247037,-0.113060266,,
fat body,Pu,0.6540599,0.76714766,-0.11308777,,
fat body,Ssb-c31a,0.16834264,0.28150192,-0.113159284,,
fat body,DppIII,0.20522772,0.31848195,-0.113254234,,
fat body,Uch-L5,0.17303647,0.28648254,-0.11344607,,
fat body,CG32192,0.081232816,0.19468842,-0.11345561,,
fat body,mge,0.19710076,0.31060436,-0.113503605,,
fat body,apolpp,1.7574872,1.8711628,-0.113675594,,
fat body,Acbp3,0.09250374,0.2062085,-0.113704756,,
fat body,RpS5a,2.0179875,2.1317883,-0.113800764,,
fat body,eIF3c,0.54136497,0.65526336,-0.1138984,,
fat body,Klp59D,0.056304064,0.17025983,-0.113955766,,
fat body,UK114,0.9925262,1.1065134,-0.11398721,,
fat body,Prosalpha3,0.49455145,0.608553,-0.11400154,,
fat body,CG14968,0.10295652,0.21711096,-0.11415444,,
fat body,CG43051,0.40665,0.5209283,-0.11427832,,
fat body,yps,0.18545793,0.29997018,-0.11451225,,
fat body,sel,0.285145,0.3997132,-0.114568174,,
fat body,Taf10b,0.1779681,0.29276234,-0.11479424,,
fat body,Dic2,0.08437796,0.19919506,-0.1148171,,
fat body,mt:CoIII,2.1977131,2.3127108,-0.114997625,,
fat body,CG34230,0.0746887,0.18971188,-0.11502318,,
fat body,sut4,0.057795748,0.17289877,-0.11510302,,
fat body,CG1468,0.86546665,0.98085344,-0.115386784,,
fat body,CG31960,0.07945214,0.19488037,-0.115428224,,
fat body,28SrRNA-Psi:CR40596,0.28369182,0.3993181,-0.115626276,,
fat body,CG8526,0.0721031,0.18785343,-0.11575033,,
fat body,CG1890,0.24131097,0.35714927,-0.115838304,,
fat body,Tig,0.4578452,0.57369304,-0.115847826,,
fat body,Paip2,0.18065429,0.2969195,-0.11626521,,
fat body,CG6527,0.07733788,0.19362733,-0.116289444,,
fat body,CG2964,0.07225868,0.1886521,-0.11639342,,
fat body,CG13280,0.0736376,0.19005226,-0.11641466,,
fat body,CG3868,0.57383627,0.6903158,-0.116479516,,
fat body,CG13186,0.09548955,0.21203007,-0.11654052,,
fat body,CG3492,0.08754158,0.20417555,-0.11663397,,
fat body,hoip,0.24999724,0.36672917,-0.11673193,,
fat body,CG3566,0.3849334,0.5017455,-0.11681211,,
fat body,Rpn6,0.3530505,0.46997663,-0.11692613,,
fat body,RhoGDI,0.30439293,0.42137036,-0.11697742,,
fat body,mag,0.37006938,0.48710796,-0.11703858,,
fat body,Hrb27C,0.7255015,0.8426458,-0.117144346,,
fat body,D1,0.18146883,0.2987311,-0.11726226,,
fat body,UQCR-11L,0.08989627,0.20722795,-0.117331676,,
fat body,rin,0.21120137,0.32866904,-0.11746767,,
fat body,c-cup,0.08637599,0.20386423,-0.11748824,,
fat body,ATPsynO,0.31786305,0.43556377,-0.117700726,,
fat body,CG16894,0.06328936,0.18109427,-0.117804915,,
fat body,CG14355,0.06538321,0.18321584,-0.11783263,,
fat body,RpL38,3.1996639,3.3175387,-0.11787486,,
fat body,CG32081,0.07343488,0.19161978,-0.1181849,,
fat body,CG5045,0.12546858,0.24393985,-0.118471265,,
fat body,Rpb10,0.23263505,0.35115322,-0.11851817,,
fat body,CG6138,0.09299266,0.21152236,-0.11852969,,
fat body,CG5885,0.85718375,0.97571653,-0.11853278,,
fat body,CG32445,0.080297165,0.19906351,-0.118766345,,
fat body,CG8157,1.1366266,1.2556223,-0.11899567,,
fat body,CG7694,0.08844362,0.20765226,-0.119208634,,
fat body,Stip1,0.27237135,0.39160413,-0.119232774,,
fat body,Nplp4,0.11433223,0.23373549,-0.11940326,,
fat body,Tsp42Ep,1.1927255,1.3125994,-0.11987388,,
fat body,PI31,0.1439811,0.263996,-0.120014906,,
fat body,CG42847,0.48871577,0.60886526,-0.12014949,,
fat body,CG10576,0.34854996,0.46878022,-0.12023026,,
fat body,Ppi1,0.05673805,0.17734982,-0.12061177,,
fat body,CG43402,0.90475905,1.0256311,-0.12087202,,
fat body,CG13018,0.13607892,0.25704122,-0.12096229,,
fat body,TppII,0.37887716,0.49995297,-0.12107581,,
fat body,Prosalpha5,0.4448861,0.56604147,-0.12115538,,
fat body,CG14297,0.07651609,0.19768271,-0.12116662,,
fat body,dod,0.19559273,0.31677663,-0.1211839,,
fat body,Adk3,0.13011229,0.2514179,-0.121305615,,
fat body,Gpdh3,0.078385554,0.19992143,-0.121535875,,
fat body,rhea,0.17955448,0.30114532,-0.12159084,,
fat body,ATPsynCF6L,0.09264529,0.214295,-0.12164971,,
fat body,CG4983,0.08601279,0.20769419,-0.1216814,,
fat body,CG18568,0.11761699,0.23936059,-0.1217436,,
fat body,CG31910,0.049495574,0.17133194,-0.121836364,,
fat body,CG3999,0.20519531,0.3271437,-0.12194839,,
fat body,CG9410,0.11193613,0.2339565,-0.12202037,,
fat body,CG43321,0.085160874,0.20735131,-0.12219044,,
fat body,Vps25,0.18035652,0.3026626,-0.12230609,,
fat body,CG8728,0.09705396,0.21942288,-0.12236892,,
fat body,Droj2,0.2209053,0.34356093,-0.12265563,,
fat body,CG45089,0.24354947,0.36629388,-0.12274441,,
fat body,CG17633,0.65985745,0.7826728,-0.12281537,,
fat body,mib2,0.12294904,0.24584642,-0.12289738,,
fat body,nrv2,0.08437761,0.20729971,-0.1229221,,
fat body,Tim8,0.27050266,0.3938234,-0.12332073,,
fat body,CG7387,0.06944176,0.19283792,-0.123396166,,
fat body,Oat,0.31159675,0.43540335,-0.123806596,,
fat body,CG30270,0.10162032,0.22580974,-0.12418942,,
fat body,Prosalpha2,0.507692,0.6319337,-0.12424171,,
fat body,ATPsynCF6,0.5694463,0.69376177,-0.12431544,,
fat body,CG15876,0.089905106,0.21427374,-0.12436863,,
fat body,CG17329,0.11486355,0.23938915,-0.1245256,,
fat body,COX7A,0.6353808,0.76003104,-0.12465024,,
fat body,DnaJ-H,0.12681921,0.2518582,-0.125039,,
fat body,CG15638,0.08160042,0.20673296,-0.12513253,,
fat body,primo-2,0.19858958,0.32380572,-0.12521614,,
fat body,Jon66Ci,1.6250741,1.7504941,-0.12541997,,
fat body,SWIP,0.37755322,0.5031012,-0.125548,,
fat body,CG13044,0.09591542,0.22158743,-0.12567201,,
fat body,CG10869,0.09010158,0.21581881,-0.12571722,,
fat body,fest,0.093399376,0.21916133,-0.12576196,,
fat body,CG14718,0.076599464,0.2023659,-0.12576644,,
fat body,Pglym87,0.07041282,0.19623163,-0.12581882,,
fat body,Lamp1,0.3458409,0.47172466,-0.12588376,,
fat body,CG12674,0.09776239,0.22367656,-0.12591417,,
fat body,CG43114,0.58836806,0.71428853,-0.12592047,,
fat body,Muc55B,0.363763,0.48977122,-0.12600821,,
fat body,CG7557,0.082076885,0.20813265,-0.12605578,,
fat body,galla-1,0.23442373,0.3606648,-0.12624109,,
fat body,Hsc70-4,2.2357938,2.3621624,-0.12636852,,
fat body,CG42692,0.09002176,0.21646088,-0.12643912,,
fat body,Prosbeta3,0.6015769,0.72817534,-0.12659842,,
fat body,SmF,0.18301465,0.30975395,-0.12673931,,
fat body,FucTB,0.14498097,0.27188885,-0.12690789,,
fat body,CG43183,0.097631335,0.22466093,-0.1270296,,
fat body,Pfdn1,0.19568925,0.32318047,-0.12749122,,
fat body,CG8136,0.06446037,0.19203131,-0.12757094,,
fat body,fan,0.11151401,0.23919955,-0.12768555,,
fat body,CG7886,0.07601971,0.2037481,-0.1277284,,
fat body,knon,0.0725023,0.20030613,-0.12780383,,
fat body,CG12605,0.073176384,0.20118214,-0.12800576,,
fat body,CG43052,0.09924355,0.2272762,-0.12803265,,
fat body,lncRNA:CR42657,0.08883693,0.21688123,-0.1280443,,
fat body,rept,0.102188356,0.23028527,-0.12809691,,
fat body,SsRbeta,0.35799792,0.48638386,-0.12838593,,
fat body,ctp,0.35840952,0.4870374,-0.12862787,,
fat body,mldr,0.0919275,0.22062156,-0.12869406,,
fat body,Act5C,1.9253511,2.0540652,-0.12871408,,
fat body,lncRNA:CR42859,0.092073426,0.2208541,-0.12878068,,
fat body,CG14835,0.0994393,0.22832431,-0.128885,,
fat body,CG31231,0.065782465,0.19467886,-0.12889639,,
fat body,CG8750,0.086309575,0.2154026,-0.12909302,,
fat body,CG34170,0.07908247,0.20824893,-0.12916645,,
fat body,CG10470,0.2011618,0.33033922,-0.12917742,,
fat body,oys,0.2537787,0.383216,-0.1294373,,
fat body,Pfdn5,0.2249612,0.354402,-0.1294408,,
fat body,CG7945,0.16711544,0.2967112,-0.12959577,,
fat body,CG46313,0.5498192,0.67962486,-0.12980568,,
fat body,Ag5r2,0.76018924,0.890107,-0.12991774,,
fat body,Drip,0.32971674,0.4599491,-0.13023236,,
fat body,Rrp6,0.07994215,0.21040948,-0.13046733,,
fat body,CG18266,0.07910657,0.20972474,-0.13061817,,
fat body,CG43121,0.12246411,0.25308904,-0.13062492,,
fat body,sqd,0.46457145,0.59521204,-0.1306406,,
fat body,tant,0.12749608,0.2582328,-0.13073672,,
fat body,TfIIA-S,0.3429782,0.4737551,-0.13077688,,
fat body,Acbp1,0.49993846,0.63088256,-0.1309441,,
fat body,ND-AGGG,0.3265568,0.45755413,-0.13099733,,
fat body,CG32448,0.27523503,0.4063999,-0.13116488,,
fat body,CG12229,0.07192903,0.20312807,-0.13119903,,
fat body,CG34289,0.11411296,0.24539308,-0.13128012,,
fat body,Ubi-p5E,0.67869836,0.8100549,-0.13135654,,
fat body,Cnx99A,0.32224426,0.45365223,-0.13140798,,
fat body,CG13202,0.10157519,0.233089,-0.1315138,,
fat body,CG9314,0.087946616,0.21949814,-0.13155153,,
fat body,bel,0.13495012,0.2665579,-0.13160779,,
fat body,CG44774,0.09703326,0.22884157,-0.13180831,,
fat body,CG43800,0.1134219,0.24537954,-0.13195764,,
fat body,betaTub56D,1.578221,1.7102098,-0.13198888,,
fat body,CG17666,0.10878444,0.24086122,-0.13207678,,
fat body,Tsp29Fb,0.4750729,0.60751545,-0.13244256,,
fat body,Eb1,0.16014418,0.29268858,-0.1325444,,
fat body,salto,0.08280124,0.21542005,-0.13261881,,
fat body,CG31294,0.079057276,0.21170834,-0.13265106,,
fat body,eIF1A,0.5990051,0.7317841,-0.132779,,
fat body,CG31415,0.11193446,0.24482882,-0.13289437,,
fat body,CG42393,0.090814814,0.22376591,-0.1329511,,
fat body,Sgt,0.21294624,0.34597278,-0.13302654,,
fat body,CG2277,0.14791305,0.2809518,-0.13303874,,
fat body,Rpn3,0.51946646,0.6525734,-0.13310695,,
fat body,CG31093,0.09959433,0.23278658,-0.13319224,,
fat body,CG31075,0.9643051,1.0975599,-0.13325483,,
fat body,Fib,0.1614903,0.29477912,-0.13328882,,
fat body,cib,0.6629254,0.796368,-0.13344258,,
fat body,lwr,0.32679084,0.46023646,-0.13344562,,
fat body,CG30378,0.06269126,0.19613858,-0.13344732,,
fat body,Fatp3,0.37034625,0.50382006,-0.13347381,,
fat body,Sec61alpha,0.4044967,0.53835183,-0.13385513,,
fat body,CG34310,0.16484109,0.29871377,-0.13387269,,
fat body,CREG,1.1223581,1.256284,-0.13392591,,
fat body,Prtl99C,0.13352601,0.26760504,-0.13407902,,
fat body,Rhau,0.15717486,0.29148903,-0.13431418,,
fat body,CG8407,0.098260924,0.2326806,-0.13441968,,
fat body,CG17118,0.084077604,0.2187205,-0.1346429,,
fat body,Mdh1,0.89182687,1.0265155,-0.13468862,,
fat body,Pebp1,0.14210583,0.27695957,-0.13485374,,
fat body,CG8397,0.26494402,0.3998688,-0.13492477,,
fat body,Rtnl2,0.073693216,0.20881534,-0.13512212,,
fat body,CG46298,0.1083525,0.24354258,-0.13519008,,
fat body,CG15922,0.16610774,0.30175266,-0.13564491,,
fat body,RpS20,2.6789923,2.8146927,-0.13570046,,
fat body,CG3222,0.06739069,0.20329419,-0.13590351,,
fat body,Rpi,0.13842443,0.27461806,-0.13619363,,
fat body,l(2)k10201,0.41674048,0.5533139,-0.13657343,,
fat body,SelT,0.3982329,0.53495425,-0.13672134,,
fat body,CG43059,0.1126375,0.24943005,-0.13679254,,
fat body,CG13994,0.1491054,0.2861659,-0.1370605,,
fat body,Pif2,0.11005672,0.24739186,-0.13733515,,
fat body,COX5A,0.49968508,0.63702184,-0.13733676,,
fat body,CG43774,0.35187864,0.4893484,-0.13746977,,
fat body,Ubi-p63E,0.32249334,0.459984,-0.13749066,,
fat body,CG14763,0.1359717,0.27350482,-0.13753313,,
fat body,Ubc4,0.16507213,0.3027516,-0.13767947,,
fat body,Pcmt,0.17624997,0.31407133,-0.13782136,,
fat body,crc,0.6694186,0.8072821,-0.13786352,,
fat body,CG5532,0.4131781,0.55118066,-0.13800257,,
fat body,Pep,0.40292943,0.5409742,-0.13804477,,
fat body,Cam,0.761339,0.8998412,-0.13850218,,
fat body,CG3662,0.57609475,0.7146197,-0.13852495,,
fat body,CG16957,0.1353872,0.27406684,-0.13867964,,
fat body,CG17202,0.2918042,0.43048683,-0.13868263,,
fat body,CG18135,1.0301454,1.1688583,-0.13871288,,
fat body,CG43638,0.1323321,0.2710752,-0.13874309,,
fat body,Phf5a,0.20564282,0.34442568,-0.13878286,,
fat body,Hsp26,1.5337353,1.6725302,-0.1387949,,
fat body,Cdc5,0.15272494,0.29157838,-0.13885345,,
fat body,CG10064,0.09331012,0.23238626,-0.13907614,,
fat body,kra,0.61650324,0.7556351,-0.13913184,,
fat body,Sap-r,1.0657282,1.2048804,-0.13915217,,
fat body,CG30109,0.15961474,0.29903665,-0.13942191,,
fat body,eff,0.39728135,0.5367052,-0.13942385,,
fat body,pAbp,1.6669477,1.8063834,-0.13943565,,
fat body,UQCR-14L,0.14756086,0.28708926,-0.1395284,,
fat body,CG11267,0.30465296,0.44428265,-0.13962969,,
fat body,Neb-cGP,0.64641947,0.78620636,-0.1397869,,
fat body,SmD1,0.18422814,0.32409322,-0.13986509,,
fat body,CG13989,0.11845039,0.25837865,-0.13992827,,
fat body,Aldh,0.2652987,0.4053139,-0.14001521,,
fat body,Vha68-3,0.10125094,0.24129476,-0.14004382,,
fat body,CG14500,0.06601582,0.20617814,-0.14016232,,
fat body,ATPsynB,0.4591238,0.5997861,-0.14066231,,
fat body,Fer1HCH,0.9465582,1.0874935,-0.14093536,,
fat body,Peritrophin-15a,1.2922806,1.4333607,-0.14108014,,
fat body,lost,0.37133497,0.51249814,-0.14116317,,
fat body,lncRNA:CR32658,0.1408268,0.28220323,-0.14137642,,
fat body,alphaTub84D,0.14131527,0.282701,-0.14138572,,
fat body,Tom20,0.33315665,0.47454286,-0.14138621,,
fat body,Rack1,1.6542188,1.7956839,-0.14146507,,
fat body,COX4L,0.094889954,0.23653936,-0.14164941,,
fat body,Gs1,0.6225549,0.7642925,-0.14173758,,
fat body,CG30423,0.6516099,0.79336107,-0.14175117,,
fat body,Rm62,0.62435937,0.7661568,-0.14179742,,
fat body,Svil,0.20361601,0.34564206,-0.14202605,,
fat body,CG6332,0.12060583,0.2629163,-0.14231047,,
fat body,CG34117,0.15165405,0.29397988,-0.14232583,,
fat body,levy,0.6719922,0.8143806,-0.1423884,,
fat body,CG15764,0.12731972,0.26987326,-0.14255354,,
fat body,CG5280,0.11980074,0.26236603,-0.14256528,,
fat body,Fkbp39,0.17944829,0.32201767,-0.14256938,,
fat body,CG42239,0.38724354,0.5299438,-0.14270028,,
fat body,Jra,0.22972314,0.3725277,-0.14280455,,
fat body,COX5B,0.5947346,0.73777497,-0.14304036,,
fat body,eIF1,0.7270008,0.87062985,-0.14362907,,
fat body,His3.3B,0.6085959,0.7524555,-0.14385957,,
fat body,CG9445,0.13165647,0.27583995,-0.14418349,,
fat body,mt:ND4,0.8438783,0.9881779,-0.14429957,,
fat body,CG32727,0.08582031,0.2302412,-0.14442089,,
fat body,Nlp,0.5243355,0.6687978,-0.14446229,,
fat body,Cp1,0.8030857,0.9477202,-0.14463454,,
fat body,Nph,0.3042683,0.44891456,-0.14464626,,
fat body,CG30065,0.12090871,0.26594675,-0.14503804,,
fat body,CG30156,0.09673379,0.24187766,-0.14514387,,
fat body,lncRNA:CR32194,0.8036611,0.9494841,-0.145823,,
fat body,CG17140,0.091672786,0.23773803,-0.14606524,,
fat body,CG41128,0.54715884,0.69323784,-0.146079,,
fat body,CG43450,0.0980207,0.24433185,-0.14631115,,
fat body,CG14589,0.10273954,0.24937482,-0.14663528,,
fat body,CG2852,1.3755441,1.5223798,-0.14683568,,
fat body,pre-rRNA:CR45856,1.349821,1.4967309,-0.14690995,,
fat body,Tim17b2,0.10852667,0.2554428,-0.14691612,,
fat body,sm,0.1450587,0.292028,-0.1469693,,
fat body,nw,0.18901987,0.33613622,-0.14711635,,
fat body,CG31327,0.09004798,0.23754485,-0.14749688,,
fat body,Mtk,0.21806343,0.36561343,-0.14755,,
fat body,janA,0.2669294,0.41467673,-0.14774734,,
fat body,robl,0.45008233,0.59835243,-0.1482701,,
fat body,CG32371,0.10007978,0.24839327,-0.14831349,,
fat body,Ugt36A1,0.122454286,0.27098423,-0.14852995,,
fat body,eIF4E5,0.08588814,0.23444325,-0.1485551,,
fat body,ND-B15,0.3762905,0.52493584,-0.14864534,,
fat body,CG30192,0.11762699,0.26631078,-0.14868379,,
fat body,gdl,0.12899747,0.2776841,-0.14868662,,
fat body,Prosbeta1,0.46816915,0.6171727,-0.14900357,,
fat body,CG5968,0.12632069,0.27536365,-0.14904296,,
fat body,CG8564,0.089493714,0.23858549,-0.14909178,,
fat body,CG7414,0.42350185,0.5729897,-0.14948785,,
fat body,CG33704,0.13622813,0.28585386,-0.14962573,,
fat body,CG8664,0.96364146,1.1134868,-0.1498453,,
fat body,CG16758,0.2436865,0.39380738,-0.15012088,,
fat body,CG12279,0.3011571,0.45144296,-0.15028587,,
fat body,CG5458,0.12664601,0.27698058,-0.15033457,,
fat body,CG31709,0.12146899,0.27196407,-0.15049508,,
fat body,CG2046,0.23866493,0.38918233,-0.1505174,,
fat body,UQCR-C2,0.47990355,0.6304974,-0.15059385,,
fat body,asRNA:CR43812,0.10549967,0.25675777,-0.1512581,,
fat body,sun,0.50380296,0.6551306,-0.15132767,,
fat body,His2Av,0.21897103,0.37035248,-0.15138145,,
fat body,CG14483,0.32420725,0.47572374,-0.1515165,,
fat body,und,0.25622493,0.40775594,-0.15153101,,
fat body,CG9129,0.13230452,0.28397194,-0.15166742,,
fat body,porin,0.45461017,0.60648066,-0.15187049,,
fat body,CG43200,0.1703398,0.32221857,-0.15187877,,
fat body,CG43069,0.1000645,0.25198463,-0.15192012,,
fat body,Fkbp12,0.8121969,0.96442306,-0.15222615,,
fat body,Sem1,0.6436586,0.7959474,-0.1522888,,
fat body,eIF4E4,0.09801364,0.25059715,-0.15258351,,
fat body,snRNP-U1-C,0.2106258,0.3644819,-0.1538561,,
fat body,Ubc87F,0.12882237,0.28367177,-0.1548494,,
fat body,eIF4E3,0.121467315,0.2769751,-0.15550777,,
fat body,Eip71CD,0.15511677,0.31067485,-0.15555808,,
fat body,CG6888,0.11055832,0.26668423,-0.1561259,,
fat body,Jon99Ciii,1.771082,1.9274894,-0.15640736,,
fat body,CG4691,0.12712772,0.2839713,-0.15684359,,
fat body,CG31473,0.13499966,0.29193383,-0.15693417,,
fat body,CG15461,0.12719359,0.28429008,-0.15709649,,
fat body,CG1288,0.14969076,0.30703595,-0.15734519,,
fat body,baf,0.24543254,0.4028663,-0.15743376,,
fat body,mt:CoI,2.2789671,2.4364407,-0.15747356,,
fat body,Snp,0.1306496,0.288506,-0.1578564,,
fat body,Rcd7,0.12545994,0.28383514,-0.1583752,,
fat body,CG4968,0.23595317,0.3944366,-0.15848343,,
fat body,CG34210,0.1003024,0.2594442,-0.15914181,,
fat body,TER94,0.4121598,0.5715052,-0.15934539,,
fat body,CG10912,0.5406409,0.7000429,-0.15940201,,
fat body,ND-B22,0.441712,0.60185045,-0.16013846,,
fat body,Syb,0.5851524,0.7457623,-0.1606099,,
fat body,RpL34a,0.7443961,0.90547866,-0.16108257,,
fat body,cl,0.36782283,0.5290845,-0.16126168,,
fat body,CG34301,0.1434116,0.30477455,-0.16136295,,
fat body,ppl,0.43987286,0.60138005,-0.16150719,,
fat body,CG4367,0.07474113,0.23625556,-0.16151443,,
fat body,Sec61gamma,0.86146706,1.0236307,-0.16216367,,
fat body,CG3982,0.13209142,0.29441378,-0.16232236,,
fat body,CG32240,0.102872446,0.26552546,-0.16265301,,
fat body,Usp14,0.42919275,0.5924354,-0.16324267,,
fat body,CG31870,0.117259435,0.28080237,-0.16354293,,
fat body,RpII18,0.25873354,0.42234802,-0.16361448,,
fat body,CG11125,0.11463419,0.2784606,-0.1638264,,
fat body,Vps60,0.3000947,0.46400768,-0.16391298,,
fat body,DnaJ-1,0.62688583,0.7908175,-0.16393167,,
fat body,Gart,0.5742364,0.738218,-0.16398162,,
fat body,CG14995,0.11446381,0.27869585,-0.16423205,,
fat body,CG31715,0.35397717,0.5184945,-0.16451731,,
fat body,CG15200,0.13785864,0.30241954,-0.1645609,,
fat body,CG7714,0.26386836,0.42869124,-0.16482288,,
fat body,CG8813,0.12392005,0.28928265,-0.1653626,,
fat body,CG15109,0.112913,0.2786017,-0.16568871,,
fat body,CG4546,0.12312573,0.28887478,-0.16574904,,
fat body,CG11089,0.8312544,0.99700475,-0.16575032,,
fat body,Phb2,0.26423335,0.43027994,-0.16604659,,
fat body,CG2862,0.62115085,0.7872336,-0.16608274,,
fat body,CG14957,0.36494836,0.53111535,-0.16616699,,
fat body,CG8043,0.16180189,0.3281231,-0.1663212,,
fat body,CG4681,0.10769736,0.27402008,-0.16632271,,
fat body,Hrb98DE,0.24335913,0.40975758,-0.16639845,,
fat body,Hsp70Bc,0.90223783,1.0687777,-0.16653985,,
fat body,CG11137,0.40532145,0.5722192,-0.16689774,,
fat body,CG12384,1.2583648,1.4255422,-0.16717744,,
fat body,CG33128,0.6867805,0.8541788,-0.16739827,,
fat body,CNBP,0.78823763,0.95565623,-0.1674186,,
fat body,CG34107,0.12535642,0.29282314,-0.16746671,,
fat body,CG8299,0.17725421,0.34483036,-0.16757615,,
fat body,Sod1,0.96778095,1.1353947,-0.16761374,,
fat body,Atg8b,0.14960684,0.31724444,-0.1676376,,
fat body,Cyp1,1.3131036,1.4807904,-0.16768682,,
fat body,CG16739,0.124357164,0.29233015,-0.16797298,,
fat body,Cdc37,0.2754956,0.44356376,-0.16806817,,
fat body,asRNA:CR45778,0.2467669,0.41483948,-0.16807258,,
fat body,CG14113,0.1286928,0.29766357,-0.16897076,,
fat body,robl22E,0.1394941,0.30883095,-0.16933684,,
fat body,Scsalpha2,0.09124754,0.2608373,-0.16958974,,
fat body,bic,0.9890713,1.1587019,-0.16963059,,
fat body,Jon99Fii,0.59702396,0.7673452,-0.17032123,,
fat body,asRNA:CR45343,0.73984796,0.91018236,-0.1703344,,
fat body,CG9672,0.22663511,0.39718622,-0.1705511,,
fat body,GstS1,0.27335128,0.44417948,-0.1708282,,
fat body,CG15459,0.115201324,0.28759095,-0.17238963,,
fat body,tomboy20,0.15347284,0.32659793,-0.17312509,,
fat body,exu,0.14101961,0.31442612,-0.17340651,,
fat body,MstProx,0.13726342,0.31077495,-0.17351153,,
fat body,p23,0.5039072,0.67782384,-0.17391664,,
fat body,mt:CoII,2.4791164,2.6537602,-0.17464375,,
fat body,goddard,0.15299955,0.3283637,-0.17536414,,
fat body,CG12860,0.14534567,0.3209585,-0.17561282,,
fat body,CG3494,0.17690344,0.3527301,-0.17582665,,
fat body,CG3517,0.12641227,0.3025862,-0.17617393,,
fat body,mRpL36,0.17482242,0.35118565,-0.17636323,,
fat body,Syp,0.43615463,0.61255157,-0.17639694,,
fat body,CG11373,0.116756245,0.2933163,-0.17656006,,
fat body,cype,1.1027644,1.279789,-0.1770246,,
fat body,CG33284,0.14066873,0.31797996,-0.17731123,,
fat body,CG31313,1.1201202,1.2976103,-0.17749012,,
fat body,14-3-3epsilon,0.77009714,0.9476123,-0.17751515,,
fat body,mbf1,0.24808751,0.42562887,-0.17754136,,
fat body,CG2921,0.14622283,0.32389286,-0.17767003,,
fat body,Jon99Fi,0.9427215,1.1205308,-0.17780936,,
fat body,CG15034,0.13663131,0.31446955,-0.17783824,,
fat body,regucalcin,1.0028956,1.1813949,-0.17849934,,
fat body,Sec61beta,1.044539,1.2232243,-0.17868531,,
fat body,CG5050,0.11658156,0.29532185,-0.1787403,,
fat body,Rab3-GAP,0.18091778,0.35966128,-0.1787435,,
fat body,CG14926,0.12166962,0.30076715,-0.17909753,,
fat body,roh,0.56163293,0.7407618,-0.17912889,,
fat body,Hsp68,0.4584998,0.6377274,-0.17922759,,
fat body,CG11106,0.214574,0.39391243,-0.17933844,,
fat body,CG42559,0.14859201,0.32810804,-0.17951603,,
fat body,CG5790,0.07975832,0.25965968,-0.17990136,,
fat body,Jon25Biii,0.98351145,1.163507,-0.17999554,,
fat body,Tim10,0.28362402,0.46385995,-0.18023592,,
fat body,mil,0.14009508,0.32079732,-0.18070224,,
fat body,CG17470,0.14805625,0.3291866,-0.18113033,,
fat body,CG43349,0.5887306,0.77105516,-0.18232459,,
fat body,CG5048,0.1788388,0.36194637,-0.18310757,,
fat body,CG9034,0.37069145,0.5540602,-0.18336877,,
fat body,Hsp70Aa,0.6349753,0.8184571,-0.18348181,,
fat body,CG8838,0.14600837,0.3303675,-0.18435913,,
fat body,Hsp70Ab,0.6337076,0.8188103,-0.1851027,,
fat body,CG4456,0.86811423,1.0534768,-0.18536258,,
fat body,CG8840,0.16934536,0.35479572,-0.18545036,,
fat body,asRNA:CR45264,0.76225024,0.9479012,-0.18565094,,
fat body,GstD1,0.61798686,0.80378526,-0.1857984,,
fat body,CG17349,0.13315508,0.31920967,-0.18605459,,
fat body,Act42A,0.50365984,0.689731,-0.18607116,,
fat body,CG6652,0.12284407,0.3091982,-0.18635413,,
fat body,w-cup,0.13119364,0.3178298,-0.18663615,,
fat body,ATPsynF,0.7457607,0.9326787,-0.18691802,,
fat body,CG5217,0.15752034,0.34451962,-0.18699928,,
fat body,CG42703,0.1366474,0.32370073,-0.18705332,,
fat body,CG7290,0.45253128,0.6397935,-0.18726224,,
fat body,TrpRS-m,0.14728642,0.3345787,-0.18729228,,
fat body,lncRNA:CR32660,0.19397984,0.38166863,-0.18768878,,
fat body,Mst98Cb,0.15832269,0.34669238,-0.18836969,,
fat body,Hsc70-2,0.12711026,0.3155753,-0.18846504,,
fat body,CG44435,0.12936318,0.3179614,-0.18859822,,
fat body,CG15818,0.29659942,0.485406,-0.1888066,,
fat body,Ppr-Y,0.049754303,0.23885001,-0.1890957,,
fat body,Pdi,1.30948,1.4988899,-0.18940997,,
fat body,CG46434,0.1188782,0.30836067,-0.18948247,,
fat body,CG7630,0.6417094,0.8312279,-0.18951851,,
fat body,CG12307,0.17164683,0.36170134,-0.1900545,,
fat body,CG43922,0.18856794,0.379323,-0.19075507,,
fat body,dpr17,0.098568454,0.2896819,-0.19111346,,
fat body,CG18335,0.14228155,0.33363542,-0.19135387,,
fat body,CG5089,0.1795966,0.37115738,-0.19156078,,
fat body,CG3788,0.116094746,0.30813727,-0.19204253,,
fat body,CG43169,0.16360913,0.35573262,-0.19212349,,
fat body,UQCR-6.4,0.4742846,0.6666524,-0.19236779,,
fat body,28SrRNA-Psi:CR45851,0.14921859,0.3429771,-0.19375852,,
fat body,gish,0.13931042,0.33310047,-0.19379005,,
fat body,CG30324,0.1720832,0.36602262,-0.19393942,,
fat body,CG18371,0.16857617,0.36334312,-0.19476695,,
fat body,toc,0.10119926,0.29599187,-0.1947926,,
fat body,Tektin-C,0.113996156,0.3089406,-0.19494444,,
fat body,CG8560,0.40843087,0.6037636,-0.1953327,,
fat body,CG34241,0.19030817,0.38585126,-0.1955431,,
fat body,CG18336,0.20065203,0.3967327,-0.19608065,,
fat body,CG31909,0.16547342,0.36227483,-0.19680141,,
fat body,HSPC300,0.32312503,0.52019745,-0.19707242,,
fat body,Nedd8,0.3732008,0.5708992,-0.19769838,,
fat body,Porin2,0.18787262,0.38572374,-0.19785112,,
fat body,CG5554,0.2703494,0.46971208,-0.19936267,,
fat body,lncRNA:CR32652,0.15281136,0.35269067,-0.1998793,,
fat body,RpL4,1.2136897,1.4147111,-0.20102143,,
fat body,Hsc70-5,0.29774398,0.49888197,-0.20113799,,
fat body,CG8661,0.45603877,0.6573029,-0.20126414,,
fat body,TTLL6B,0.11750662,0.31932688,-0.20182025,,
fat body,CG12853,0.26123723,0.46308067,-0.20184344,,
fat body,CG1236,0.96135443,1.1635367,-0.20218223,,
fat body,Prosalpha7,0.46018547,0.6636403,-0.20345485,,
fat body,UQCR-Q,0.48437628,0.6883973,-0.204021,,
fat body,soti,0.18195258,0.3866342,-0.20468162,,
fat body,ProtB,0.18809007,0.39300114,-0.20491107,,
fat body,CG8517,0.21529819,0.42037874,-0.20508055,,
fat body,CG33170,0.3161845,0.52140915,-0.20522466,,
fat body,CG12617,0.14966479,0.3552198,-0.20555502,,
fat body,CG5770,0.38460743,0.5901734,-0.20556599,,
fat body,CG34160,0.1690028,0.37459826,-0.20559546,,
fat body,CG18180,1.3454309,1.5515633,-0.20613241,,
fat body,S-Lap8,0.24576768,0.45266542,-0.20689774,,
fat body,Dpy-30L2,0.16959038,0.37677526,-0.20718488,,
fat body,CG5139,0.16824219,0.3755256,-0.2072834,,
fat body,CG33293,0.17776804,0.387676,-0.20990796,,
fat body,HmgD,0.29353693,0.5034868,-0.20994988,,
fat body,CG13323,0.8628567,1.0733767,-0.21051997,,
fat body,sowi,0.15771784,0.36835864,-0.2106408,,
fat body,Hsp83,1.1072026,1.3181491,-0.21094644,,
fat body,mEFTs,0.18398601,0.39501897,-0.21103296,,
fat body,Df31,0.4056609,0.61766535,-0.21200445,,
fat body,CG5539,0.19521944,0.40728602,-0.21206658,,
fat body,CG6569,0.16398962,0.37614214,-0.21215253,,
fat body,CG34200,0.5404026,0.75304,-0.21263742,,
fat body,fon,1.6017346,1.8154085,-0.21367383,,
fat body,ERp60,0.6345541,0.8494559,-0.2149018,,
fat body,CG13053,0.121574216,0.33648342,-0.2149092,,
fat body,CG7298,0.289481,0.5044724,-0.21499136,,
fat body,Acbp6,0.44500384,0.6602362,-0.21523234,,
fat body,Mur29B,0.28229964,0.4979995,-0.21569985,,
fat body,vrs,0.17847672,0.3946616,-0.21618488,,
fat body,COX8,0.8418188,1.0583009,-0.21648204,,
fat body,Grx1t,0.18305165,0.39964157,-0.21658993,,
fat body,CG5762,0.22372003,0.44060874,-0.21688871,,
fat body,CG42523,0.24915093,0.46685272,-0.2177018,,
fat body,S-Lap7,0.18401825,0.40283084,-0.21881258,,
fat body,CG8349,0.1441735,0.36368173,-0.21950823,,
fat body,CG3687,0.15983693,0.37978327,-0.21994634,,
fat body,CG5399,0.49666855,0.71671623,-0.22004768,,
fat body,CG43731,0.15515809,0.37575042,-0.22059233,,
fat body,COX7AL,0.23960128,0.46041793,-0.22081664,,
fat body,CG32302,0.87389165,1.0951885,-0.22129685,,
fat body,CG6878,0.25071603,0.4722033,-0.22148728,,
fat body,ND-13A,0.31913584,0.542073,-0.22293717,,
fat body,ND-MLRQ,1.1014664,1.325223,-0.22375655,,
fat body,robl62A,0.1265732,0.35039172,-0.22381851,,
fat body,CG15172,0.18300514,0.4068654,-0.22386025,,
fat body,lncRNA:CR32657,0.23086682,0.45477188,-0.22390506,,
fat body,Acam,0.18631624,0.41033483,-0.22401859,,
fat body,ND-B12,0.4874367,0.71213967,-0.22470295,,
fat body,CG13255,0.25065976,0.47606286,-0.2254031,,
fat body,dj,0.16251142,0.38842583,-0.2259144,,
fat body,CG8701,0.19916393,0.42509368,-0.22592975,,
fat body,CG30039,0.20749393,0.43422416,-0.22673023,,
fat body,CG3085,0.15698202,0.3837137,-0.22673167,,
fat body,lncRNA:CR43157,0.23898643,0.4659937,-0.22700727,,
fat body,awd,1.2369341,1.4642315,-0.22729743,,
fat body,CG31029,0.124133594,0.35150728,-0.22737369,,
fat body,CAH13,0.12084188,0.34910303,-0.22826114,,
fat body,CG32388,0.2145429,0.44292125,-0.22837836,,
fat body,CG4375,0.2643851,0.49277353,-0.22838843,,
fat body,Mst77F,0.20787746,0.43627653,-0.22839907,,
fat body,CG43935,0.22102904,0.45053393,-0.22950488,,
fat body,CG13168,0.20884512,0.4387242,-0.22987907,,
fat body,Pomp,0.5671592,0.7972154,-0.23005623,,
fat body,Jon66Cii,0.4937599,0.7242902,-0.23053029,,
fat body,lncRNA:CR34335,2.9658554,3.196718,-0.23086262,,
fat body,lncRNA:CR9284,0.26790822,0.49917144,-0.23126322,,
fat body,CG17261,0.28347918,0.51523316,-0.23175398,,
fat body,Chd64,0.71116996,0.9432018,-0.23203182,,
fat body,janB,0.24813324,0.48132354,-0.2331903,,
fat body,CG11562,0.23048514,0.46393403,-0.2334489,,
fat body,CG9130,0.18152024,0.41552594,-0.2340057,,
fat body,CG12861,0.16467728,0.39872038,-0.2340431,,
fat body,Obp99a,0.9605104,1.1949235,-0.23441315,,
fat body,TrxT,0.18272328,0.41726646,-0.23454317,,
fat body,CG42336,0.9196953,1.1542915,-0.2345962,,
fat body,ATPsynGL,0.21992649,0.45622128,-0.23629479,,
fat body,CG30376,0.19189739,0.42914647,-0.23724908,,
fat body,His4r,1.5216472,1.7592274,-0.23758018,,
fat body,Drs,0.8978472,1.1357998,-0.23795259,,
fat body,CG30031,0.5448408,0.78292483,-0.23808402,,
fat body,endos,0.36166486,0.60126996,-0.2396051,,
fat body,mt:lrRNA,3.2929149,3.5336542,-0.24073935,,
fat body,CG9596,0.18744238,0.42822003,-0.24077766,,
fat body,CG16837,0.15122698,0.39295477,-0.24172778,,
fat body,CG15423,0.55695146,0.79970616,-0.2427547,,
fat body,CG7202,0.21070655,0.45425028,-0.24354373,,
fat body,SNRPG,0.4083612,0.6521213,-0.24376011,,
fat body,loopin-1,0.25916177,0.50297374,-0.24381196,,
fat body,CG44008,0.96880776,1.2129097,-0.24410194,,
fat body,fabp,1.8418206,2.0872679,-0.24544728,,
fat body,CG18449,0.24652208,0.49423867,-0.24771659,,
fat body,Tom7,0.63821685,0.8874507,-0.24923384,,
fat body,Jon25Bii,0.9867061,1.2371386,-0.25043255,,
fat body,CG30271,0.11700495,0.3674439,-0.25043893,,
fat body,ATPsynE,0.81003267,1.061876,-0.2518434,,
fat body,kl-5,0.07361206,0.32691863,-0.25330657,,
fat body,ATPsynG,1.044417,1.2983484,-0.2539314,,
fat body,UQCR-11,0.82559407,1.0796515,-0.2540574,,
fat body,CG1394,0.22294703,0.47843528,-0.25548825,,
fat body,ORY,0.13484463,0.3912548,-0.25641018,,
fat body,CG31644,0.22421272,0.48086685,-0.25665414,,
fat body,Obp44a,0.8764621,1.1332384,-0.25677633,,
fat body,CG7656,0.3990913,0.6577424,-0.25865108,,
fat body,Cyt-c-d,0.1800695,0.4401805,-0.260111,,
fat body,CG6933,0.54526544,0.80617225,-0.26090682,,
fat body,twin,0.2133744,0.47719184,-0.26381743,,
fat body,ND-MWFE,0.5052059,0.76994634,-0.2647404,,
fat body,CG42659,0.22837357,0.49451724,-0.26614368,,
fat body,CG18662,0.23754685,0.5037434,-0.26619655,,
fat body,CG13898,0.2646972,0.5313336,-0.26663643,,
fat body,Vps28,0.42188817,0.6901222,-0.268234,,
fat body,CG31468,0.2725797,0.54116255,-0.26858285,,
fat body,CG2127,0.2505109,0.5203193,-0.26980838,,
fat body,ProtA,0.23716587,0.5107344,-0.2735685,,
fat body,ox,0.84023947,1.114759,-0.2745195,,
fat body,CG44296,0.19449437,0.471475,-0.27698064,,
fat body,CG13110,0.25191763,0.52911097,-0.27719334,,
fat body,Hsp60C,0.2541443,0.5314594,-0.27731508,,
fat body,Pof,0.27915588,0.55683285,-0.27767697,,
fat body,CG31538,0.19558258,0.47787675,-0.28229415,,
fat body,CG9920,0.4400014,0.7241686,-0.2841672,,
fat body,lncRNA:CR43264,0.29064518,0.5766074,-0.28596222,,
fat body,Pen,0.18016781,0.46802634,-0.28785855,,
fat body,CG1324,0.28062725,0.57159907,-0.29097182,,
fat body,alphaTub84B,1.9454368,2.239891,-0.29445422,,
fat body,CG3124,0.35135114,0.64732486,-0.29597372,,
fat body,CG9016,0.38241884,0.6804865,-0.29806766,,
fat body,CG15657,0.25247186,0.55129004,-0.29881817,,
fat body,CG4686,0.290451,0.59064317,-0.30019218,,
fat body,CG12902,0.28895366,0.5916978,-0.30274415,,
fat body,CG8997,0.93725693,1.240716,-0.30345905,,
fat body,His3.3A,0.4837494,0.787379,-0.30362964,,
fat body,Mst98Ca,0.29775688,0.60440403,-0.30664715,,
fat body,18SrRNA-Psi:CR41602,0.6030664,0.9098671,-0.30680072,,
fat body,Tim13,0.30654883,0.6157957,-0.30924684,,
fat body,CG42587,1.2292567,1.5388393,-0.3095826,,
fat body,CG7220,0.40949437,0.7206004,-0.31110606,,
fat body,Hsp23,2.455029,2.7671046,-0.31207561,,
fat body,Hsp60B,0.24940406,0.56212395,-0.31271988,,
fat body,CG43222,0.3134642,0.627495,-0.3140308,,
fat body,CG13245,0.32642308,0.64865506,-0.32223198,,
fat body,CG10859,0.20127027,0.5266655,-0.32539523,,
fat body,Ran,0.60907197,0.9354988,-0.3264268,,
fat body,CG33340,0.3605991,0.68938184,-0.32878274,,
fat body,CG14658,0.342579,0.6719706,-0.3293916,,
fat body,CG31820,0.42554584,0.7554326,-0.32988676,,
fat body,Jon25Bi,0.8816932,1.2135118,-0.33181864,,
fat body,CG9021,0.32164705,0.65544647,-0.33379942,,
fat body,CG31407,0.35927972,0.6955528,-0.3362731,,
fat body,CG3213,0.2633294,0.60332125,-0.33999187,,
fat body,CG15219,0.46618775,0.8107699,-0.34458217,,
fat body,CG7768,0.30935302,0.65647507,-0.34712204,,
fat body,Fbp1,3.0768752,3.4340756,-0.35720038,,
fat body,CG31740,0.4324753,0.79223806,-0.35976276,,
fat body,CG10252,0.6067028,0.9666836,-0.35998082,,
fat body,tHMG1,0.3690882,0.7298815,-0.36079332,,
fat body,S-Lap2,0.34230894,0.70324403,-0.3609351,,
fat body,CG42656,0.43304792,0.7973542,-0.3643063,,
fat body,S-Lap3,0.25818872,0.63334054,-0.3751518,,
fat body,tHMG2,0.39905038,0.7910242,-0.39197382,,
fat body,Mst84Dd,0.58676267,0.9907502,-0.40398753,,
fat body,CG31639,0.49987566,0.90697926,-0.4071036,,
fat body,Jupiter,0.6240804,1.032063,-0.4079826,,
fat body,smt3,1.0696214,1.4815673,-0.41194582,,
fat body,S-Lap4,0.30731037,0.7208951,-0.41358474,,
fat body,CG31226,0.66431564,1.0800288,-0.41571313,,
fat body,alphaTry,0.8939626,1.3129128,-0.4189502,,
fat body,lncRNA:CR44455,0.44503555,0.8661007,-0.42106518,,
fat body,CG17377,0.53701085,0.9652583,-0.42824745,,
fat body,LysS,0.60470515,1.034961,-0.43025583,,
fat body,Mst84Da,0.5836778,1.0160859,-0.43240803,,
fat body,CG31789,0.99867743,1.4324387,-0.4337613,,
fat body,CG7953,1.1029766,1.5367873,-0.4338107,,
fat body,CG4836,0.38678882,0.8215619,-0.43477306,,
fat body,CG15353,1.771391,2.2132068,-0.44181573,,
fat body,CG31788,0.619357,1.0665617,-0.4472047,,
fat body,CG31988,0.46591485,0.93669814,-0.4707833,,
fat body,ocn,0.57590777,1.0507507,-0.47484297,,
fat body,Mst84Dc,0.69994265,1.175557,-0.47561437,,
fat body,S-Lap1,0.42330933,0.90215653,-0.4788472,,
fat body,Mst87F,1.1938184,1.6748364,-0.48101795,,
fat body,CG42688,0.624952,1.1161832,-0.49123114,,
fat body,Drsl2,1.0242869,1.5193706,-0.4950837,,
fat body,CG12699,0.80438197,1.3468246,-0.5424427,,
fat body,CG15369,1.1003698,1.6490233,-0.5486535,,
fat body,CG46059,0.8025357,1.3627586,-0.5602229,,
fat body,betaTry,0.8388606,1.3997424,-0.5608818,,
fat body,Jon65Aiii,2.1747227,2.7459059,-0.5711832,,
fat body,Mst84Db,1.0633008,1.6387997,-0.5754988,,
fat body,TotA,1.9803243,2.5568035,-0.5764792,,
fat body,CG30430,1.0893098,1.6669701,-0.5776603,,
fat body,yip7,1.6847496,2.2654293,-0.58067966,,
fat body,CG17376,0.80658776,1.3977479,-0.5911601,,
fat body,deltaTry,1.9031814,2.4978936,-0.59471214,0.014925373134328358,0.08724409276690982
fat body,betaTub85D,0.63493156,1.257569,-0.6226374,0.12935323383084577,0.027095500953130857
fat body,CG34168,1.3468585,1.9789943,-0.63213575,0.3582089552238806,0.02873224637701297
fat body,CG9682,0.47258645,1.1248865,-0.65230006,0.009950248756218905,0.06128963729912326
fat body,CG14302,1.9395205,2.648008,-0.70848763,0.009950248756218905,0.07917569814721657
fat body,Jon65Aiv,2.255969,2.9695473,-0.7135782,0.01990049751243781,0.0775464131470733
