gene,mean_bulge,mean_dent,lfc,p_geomnull,null_sd,interface
PTHLH,0.98502845,0.7737616,0.21126688,0.004975124378109453,0.022363554426041397,tumor|nontumor
FTH1,1.4186676,1.2794251,0.13924241,0.004975124378109453,0.012591779507655198,tumor|nontumor
SLC2A1,0.42799076,0.29036862,0.13762215,0.004975124378109453,0.011898344090845532,tumor|nontumor
KRT17,0.7400678,0.61333424,0.12673354,0.004975124378109453,0.011050886692524508,tumor|nontumor
AMTN,0.8693013,0.7548561,0.11444521,0.004975124378109453,0.020788094175765923,tumor|nontumor
EGLN3,0.28655455,0.19039977,0.09615478,0.004975124378109453,0.006419106493271485,tumor|nontumor
TGFBI,0.59376144,0.5022651,0.09149635,,,tumor|nontumor
NDUFA4L2,0.19139977,0.10965542,0.08174435,,,tumor|nontumor
MT2A,0.5469945,0.46640128,0.08059323,,,tumor|nontumor
LAMC2,0.47408473,0.40670595,0.06737879,,,tumor|nontumor
SERPINE1,0.17695914,0.11472509,0.06223405,,,tumor|nontumor
GAPDH,0.35924813,0.2973945,0.061853617,,,tumor|nontumor
ACTB,1.5418752,1.4819715,0.05990374,,,tumor|nontumor
FSCN1,0.29058015,0.23424569,0.056334466,,,tumor|nontumor
HSPA2,0.44011655,0.38410518,0.05601138,,,tumor|nontumor
SFN,0.8250521,0.77311194,0.051940143,,,tumor|nontumor
LGALS1,0.42775705,0.3774612,0.05029586,,,tumor|nontumor
LDHA,0.3608748,0.3143437,0.04653111,,,tumor|nontumor
ITGA6,0.25027153,0.20711797,0.043153554,,,tumor|nontumor
S100A10,0.4498387,0.40766716,0.042171538,,,tumor|nontumor
TMSB10,0.5314584,0.49046457,0.04099381,,,tumor|nontumor
KRT14,0.568479,0.5280228,0.040456176,,,tumor|nontumor
TIMP3,0.13805594,0.098136075,0.03991986,,,tumor|nontumor
ATP1B1,0.25114807,0.21192937,0.03921871,,,tumor|nontumor
ERO1A,0.12385817,0.08656575,0.03729242,,,tumor|nontumor
H3-3B,0.56568444,0.52967733,0.036007106,,,tumor|nontumor
COL17A1,0.17150392,0.13673179,0.034772128,,,tumor|nontumor
IGFL1,0.1277781,0.093527995,0.034250103,,,tumor|nontumor
JUN,0.20075329,0.16683216,0.033921123,,,tumor|nontumor
GJB6,0.10581875,0.07223188,0.033586867,,,tumor|nontumor
SPP1,0.13846257,0.10497394,0.03348863,,,tumor|nontumor
TAGLN2,0.5877269,0.55524856,0.032478333,,,tumor|nontumor
TRPM3,0.8099959,0.77794546,0.03205043,,,tumor|nontumor
SDC1,0.34523597,0.31386173,0.031374246,,,tumor|nontumor
PPFIBP1,0.2702915,0.23892923,0.03136228,,,tumor|nontumor
ENO1,0.2911139,0.2597948,0.03131911,,,tumor|nontumor
IVNS1ABP,0.18845294,0.15728948,0.031163469,,,tumor|nontumor
ACTG1,0.64201635,0.6121478,0.029868543,,,tumor|nontumor
MMP12,0.11369673,0.08397565,0.029721081,,,tumor|nontumor
MT-RNR2,2.3733118,2.3442764,0.02903533,,,tumor|nontumor
CA12,0.108803004,0.08023755,0.028565452,,,tumor|nontumor
GJB2,0.12653817,0.098040916,0.028497256,,,tumor|nontumor
EGFR,0.15442775,0.1262272,0.028200552,,,tumor|nontumor
PDPN,0.20631301,0.1785897,0.027723312,,,tumor|nontumor
COL7A1,0.14492986,0.11755894,0.027370915,,,tumor|nontumor
SLC38A2,0.4280577,0.4019513,0.026106387,,,tumor|nontumor
TKTL1,0.23276545,0.2067004,0.026065052,,,tumor|nontumor
VEGFA,0.079170614,0.053549726,0.025620889,,,tumor|nontumor
PKM,0.26012093,0.23481217,0.025308758,,,tumor|nontumor
PTK2,0.11661255,0.09150143,0.025111124,,,tumor|nontumor
DSG2,0.15497531,0.12989303,0.025082275,,,tumor|nontumor
SDC4,0.14440003,0.11949139,0.02490864,,,tumor|nontumor
S100A2,1.2375869,1.2128168,0.024770021,,,tumor|nontumor
NFKBIA,0.20877394,0.18457559,0.024198353,,,tumor|nontumor
SEMA4B,0.0950093,0.07095671,0.02405259,,,tumor|nontumor
LAMB3,0.1835091,0.15973274,0.023776352,,,tumor|nontumor
FAM177A1,0.24124436,0.21809591,0.023148447,,,tumor|nontumor
ITGB1,0.17487247,0.15215139,0.022721082,,,tumor|nontumor
ENSG00000254687,0.47717062,0.45456555,0.022605062,,,tumor|nontumor
ITGA5,0.070276976,0.04773555,0.022541426,,,tumor|nontumor
SHANK2,0.16998021,0.14753067,0.022449538,,,tumor|nontumor
MAF,0.099287875,0.0770991,0.022188775,,,tumor|nontumor
MYL12A,0.21842247,0.19623965,0.022182822,,,tumor|nontumor
VMP1,0.37660855,0.35447893,0.022129625,,,tumor|nontumor
COL5A1,0.12861565,0.106503434,0.022112213,,,tumor|nontumor
RAC1,0.3685013,0.3464641,0.022037208,,,tumor|nontumor
KRT16,0.25024882,0.22829191,0.021956906,,,tumor|nontumor
CTSB,0.20964965,0.18772003,0.021929622,,,tumor|nontumor
PYGL,0.087793835,0.066023506,0.021770328,,,tumor|nontumor
HIF1A,0.2177142,0.19595252,0.021761686,,,tumor|nontumor
PGK1,0.14693262,0.12517095,0.02176167,,,tumor|nontumor
AHNAK,0.25965136,0.2381843,0.02146706,,,tumor|nontumor
SLC35E2B,0.6429751,0.6217129,0.021262169,,,tumor|nontumor
PLIN2,0.06748533,0.046594832,0.0208905,,,tumor|nontumor
CAV1,0.1172511,0.09636834,0.020882756,,,tumor|nontumor
PPP1R14B,0.2479347,0.22760536,0.020329341,,,tumor|nontumor
PLAU,0.10864723,0.088574015,0.020073213,,,tumor|nontumor
IGFBP3,0.050467283,0.030849347,0.019617936,,,tumor|nontumor
PMEPA1,0.17918718,0.15961522,0.01957196,,,tumor|nontumor
C4orf3,0.09621017,0.076660566,0.0195496,,,tumor|nontumor
CITED4,0.073074445,0.0535483,0.019526146,,,tumor|nontumor
S100A6,0.5621426,0.54274106,0.01940155,,,tumor|nontumor
NDRG1,0.045459904,0.026133552,0.019326352,,,tumor|nontumor
CD44,0.22652695,0.20732367,0.019203275,,,tumor|nontumor
GUK1,0.17890427,0.16012533,0.018778935,,,tumor|nontumor
PLEKHG3,0.13468958,0.11598152,0.018708065,,,tumor|nontumor
DDIT4,0.037686925,0.018996377,0.018690549,,,tumor|nontumor
MXRA7,0.12271373,0.10403753,0.018676199,,,tumor|nontumor
TPI1,0.1997559,0.18120961,0.018546298,,,tumor|nontumor
DST,0.11849826,0.10019433,0.01830393,,,tumor|nontumor
COL1A1,0.5678654,0.54959136,0.01827401,,,tumor|nontumor
SH3BGRL3,0.1757749,0.15770066,0.018074244,,,tumor|nontumor
CXCL14,0.14361544,0.12560849,0.01800695,,,tumor|nontumor
MYL12B,0.41365844,0.3958336,0.017824829,,,tumor|nontumor
H2AZ1,0.1889603,0.17161395,0.017346352,,,tumor|nontumor
HK2,0.049300227,0.031973194,0.017327033,,,tumor|nontumor
PGF,0.03969627,0.02245768,0.017238589,,,tumor|nontumor
IFI27,0.36508292,0.34800577,0.017077148,,,tumor|nontumor
VAPA,0.16014221,0.14331733,0.016824886,,,tumor|nontumor
PDLIM7,0.10590066,0.08912578,0.016774878,,,tumor|nontumor
MYH9,0.29553187,0.27877015,0.01676172,,,tumor|nontumor
ENSG00000290977,0.062369883,0.045670856,0.016699027,,,tumor|nontumor
CAV2,0.092899695,0.07623923,0.016660467,,,tumor|nontumor
FOS,0.113169625,0.09652179,0.016647838,,,tumor|nontumor
ARF6,0.16615345,0.149556,0.01659745,,,tumor|nontumor
DSG3,0.24682586,0.2302602,0.016565666,,,tumor|nontumor
RNF187,0.13471097,0.118283994,0.016426973,,,tumor|nontumor
CLTB,0.1738782,0.15770112,0.016177073,,,tumor|nontumor
LAMTOR3,0.06352501,0.047411412,0.016113602,,,tumor|nontumor
P4HA2,0.089361794,0.073435254,0.01592654,,,tumor|nontumor
YWHAE,0.21795033,0.20214538,0.015804946,,,tumor|nontumor
BNIP3,0.040991765,0.0252064,0.015785364,,,tumor|nontumor
LOXL2,0.05616898,0.040445294,0.015723687,,,tumor|nontumor
GJB3,0.09997598,0.08426835,0.015707634,,,tumor|nontumor
FRMD6,0.072673894,0.057144154,0.015529741,,,tumor|nontumor
IER3,0.06922656,0.053727247,0.015499316,,,tumor|nontumor
DDX17,0.17504579,0.1596297,0.015416086,,,tumor|nontumor
MT1X,0.08952152,0.074285746,0.015235774,,,tumor|nontumor
CA9,0.040699746,0.025552593,0.015147153,,,tumor|nontumor
VKORC1,0.11027607,0.095231056,0.015045017,,,tumor|nontumor
MACF1,0.15362392,0.1385874,0.015036523,,,tumor|nontumor
PLEC,0.092175394,0.07718554,0.014989853,,,tumor|nontumor
LMNA,0.17010196,0.15511905,0.014982909,,,tumor|nontumor
PDGFA,0.07025515,0.055342935,0.014912218,,,tumor|nontumor
ACKR3,0.09112812,0.07630729,0.014820829,,,tumor|nontumor
MIR31HG,0.08987752,0.07509528,0.0147822425,,,tumor|nontumor
IL24,0.21288665,0.19811045,0.0147762,,,tumor|nontumor
SEC61G,0.19902833,0.18442574,0.014602587,,,tumor|nontumor
FGFR3,0.07451093,0.060169447,0.014341485,,,tumor|nontumor
GNAS,0.24302092,0.22880982,0.014211103,,,tumor|nontumor
CMIP,0.13660473,0.12245161,0.014153115,,,tumor|nontumor
NADSYN1,0.12277923,0.10873444,0.014044791,,,tumor|nontumor
BGN,0.09934342,0.0853186,0.014024816,,,tumor|nontumor
SLC16A1,0.06480331,0.05080086,0.01400245,,,tumor|nontumor
TNNT1,0.09388639,0.07991369,0.0139727,,,tumor|nontumor
CAMK2N1,0.07500526,0.061173074,0.013832189,,,tumor|nontumor
MKNK2,0.079301156,0.06547421,0.013826944,,,tumor|nontumor
KIAA1958,0.42815623,0.41434777,0.013808459,,,tumor|nontumor
DUSP6,0.087106414,0.07331073,0.013795681,,,tumor|nontumor
S100A16,0.23506017,0.22130492,0.013755247,,,tumor|nontumor
GJA1,0.10450797,0.09093494,0.013573028,,,tumor|nontumor
ETS2,0.110366136,0.09681081,0.013555326,,,tumor|nontumor
NREP,0.08490232,0.07151293,0.013389386,,,tumor|nontumor
ITGB4,0.14772566,0.13441889,0.013306767,,,tumor|nontumor
ITGA3,0.07803826,0.064825796,0.013212465,,,tumor|nontumor
MT-TV,0.2416119,0.22841802,0.013193876,,,tumor|nontumor
PFKFB3,0.059740555,0.046652135,0.01308842,,,tumor|nontumor
PPP1CB,0.121311665,0.10833724,0.012974426,,,tumor|nontumor
CD59,0.14537886,0.13242924,0.012949616,,,tumor|nontumor
APP,0.33029416,0.3174661,0.012828052,,,tumor|nontumor
SERINC2,0.08662892,0.073842034,0.012786888,,,tumor|nontumor
UPP1,0.05698039,0.044248033,0.012732357,,,tumor|nontumor
PTPRF,0.19909413,0.18636365,0.012730479,,,tumor|nontumor
YWHAZ,0.46646616,0.45382527,0.012640893,,,tumor|nontumor
DAAM1,0.07903097,0.06640642,0.012624547,,,tumor|nontumor
FHL2,0.060482763,0.04789888,0.012583882,,,tumor|nontumor
TP63,0.16066505,0.14824878,0.012416273,,,tumor|nontumor
H19,0.07808193,0.06568418,0.012397751,,,tumor|nontumor
TMEM59,0.14747709,0.13515492,0.0123221725,,,tumor|nontumor
LPCAT1,0.0851627,0.07287167,0.012291029,,,tumor|nontumor
CAPN2,0.109699205,0.09741977,0.012279436,,,tumor|nontumor
P4HA1,0.04184007,0.029589651,0.012250418,,,tumor|nontumor
OCIAD2,0.12355235,0.11133543,0.012216926,,,tumor|nontumor
PLAUR,0.079873055,0.067745335,0.01212772,,,tumor|nontumor
RHOC,0.087046824,0.07502299,0.012023836,,,tumor|nontumor
MT1E,0.13782537,0.12583078,0.011994585,,,tumor|nontumor
TTYH3,0.06713283,0.055248674,0.011884157,,,tumor|nontumor
CLCA2,0.26904324,0.2571634,0.011879832,,,tumor|nontumor
NET1,0.061725084,0.049957857,0.011767227,,,tumor|nontumor
KTN1,0.088218376,0.07645933,0.011759043,,,tumor|nontumor
DYNLT3,0.07721251,0.06546466,0.011747852,,,tumor|nontumor
SUN1,0.08474776,0.073087126,0.0116606355,,,tumor|nontumor
LRRFIP1,0.08802164,0.07637262,0.01164902,,,tumor|nontumor
TPPP3,0.06033635,0.048717942,0.011618409,,,tumor|nontumor
CAP1,0.1679489,0.1563307,0.011618197,,,tumor|nontumor
PRNP,0.15001088,0.13840064,0.01161024,,,tumor|nontumor
SLC6A8,0.03736993,0.025811112,0.011558818,,,tumor|nontumor
AK4,0.057095893,0.04556896,0.011526931,,,tumor|nontumor
LIMA1,0.09706604,0.085556425,0.011509612,,,tumor|nontumor
PPP4R1,0.10116099,0.08966724,0.01149375,,,tumor|nontumor
ZBTB1,0.09932577,0.08787683,0.011448942,,,tumor|nontumor
PGAM1,0.11433382,0.102900326,0.011433497,,,tumor|nontumor
ACTN1,0.23239607,0.22096747,0.011428595,,,tumor|nontumor
EIF4E,0.053816423,0.042404376,0.011412047,,,tumor|nontumor
FGFR1OP2,0.10991458,0.09859084,0.011323735,,,tumor|nontumor
ITGB6,0.15868862,0.14740749,0.011281133,,,tumor|nontumor
S100A11,0.69723564,0.6860555,0.011180162,,,tumor|nontumor
ISG15,0.12587038,0.114710726,0.011159651,,,tumor|nontumor
PRKY,0.06218763,0.051055957,0.011131674,,,tumor|nontumor
S100A14,0.14234972,0.13137053,0.0109791905,,,tumor|nontumor
NECTIN4,0.05002189,0.03906645,0.010955442,,,tumor|nontumor
CLIC1,0.124179974,0.11323891,0.010941066,,,tumor|nontumor
STOM,0.12367798,0.11278474,0.010893233,,,tumor|nontumor
GRINA,0.111176,0.100363694,0.010812305,,,tumor|nontumor
MALL,0.04215689,0.03134867,0.010808218,,,tumor|nontumor
PURB,0.08972783,0.079058856,0.010668971,,,tumor|nontumor
CCNL2,0.090790555,0.08020594,0.010584615,,,tumor|nontumor
HCFC1R1,0.06928765,0.058706224,0.010581426,,,tumor|nontumor
ANXA1,0.17472003,0.16431399,0.010406047,,,tumor|nontumor
GSDME,0.069905445,0.05952724,0.010378204,,,tumor|nontumor
ANKRD17,0.07240227,0.06206082,0.010341447,,,tumor|nontumor
GDI1,0.09561171,0.085328825,0.010282882,,,tumor|nontumor
ENO2,0.026522717,0.016343746,0.01017897,,,tumor|nontumor
APLP2,0.110757165,0.100733,0.010024168,,,tumor|nontumor
TAX1BP3,0.10093268,0.09091917,0.010013513,,,tumor|nontumor
WSB1,0.06515026,0.055251136,0.0098991245,,,tumor|nontumor
TNFRSF12A,0.09350392,0.083646245,0.009857677,,,tumor|nontumor
GNB1,0.15624566,0.1464403,0.009805366,,,tumor|nontumor
MSANTD3,0.041357003,0.03161421,0.009742793,,,tumor|nontumor
ARF1,0.2502848,0.24056639,0.009718403,,,tumor|nontumor
ENAH,0.2617487,0.25206333,0.009685367,,,tumor|nontumor
EIF4A2,0.17460312,0.16494122,0.009661898,,,tumor|nontumor
LY6K,0.08516418,0.07560135,0.009562835,,,tumor|nontumor
TPBG,0.04174509,0.0323039,0.0094411895,,,tumor|nontumor
CALD1,0.09398983,0.08456013,0.009429693,,,tumor|nontumor
FAM89B,0.07823868,0.06886423,0.009374455,,,tumor|nontumor
PPP2R2C,0.050908364,0.041543785,0.009364579,,,tumor|nontumor
CALML3,0.11195033,0.102613635,0.009336695,,,tumor|nontumor
B4GALT1,0.093756236,0.08446109,0.009295143,,,tumor|nontumor
SLC2A4RG,0.10899994,0.099704914,0.009295024,,,tumor|nontumor
FAM83A,0.050443027,0.041160993,0.009282034,,,tumor|nontumor
RAB31,0.059557382,0.050293095,0.009264287,,,tumor|nontumor
RPL12,0.29976887,0.290556,0.0092128515,,,tumor|nontumor
RNASE1,0.047413882,0.038232833,0.009181049,,,tumor|nontumor
VEGFB,0.0686339,0.05946874,0.00916516,,,tumor|nontumor
RAB7A,0.124316104,0.115236826,0.0090792775,,,tumor|nontumor
MXD1,0.05429962,0.045231823,0.009067796,,,tumor|nontumor
CRIP2,0.05172593,0.042693276,0.0090326555,,,tumor|nontumor
ENSG00000280011,0.19745338,0.18849194,0.008961439,,,tumor|nontumor
GOLGA8A,0.059247788,0.05031476,0.008933026,,,tumor|nontumor
TENM2,0.061754614,0.052849088,0.008905526,,,tumor|nontumor
GALNT2,0.094345786,0.08544903,0.008896753,,,tumor|nontumor
RHOB,0.08327662,0.07441405,0.00886257,,,tumor|nontumor
FLNB,0.079548,0.07070354,0.008844458,,,tumor|nontumor
C7orf50,0.09622259,0.08741606,0.008806527,,,tumor|nontumor
ZFP36L1,0.19926065,0.1904559,0.008804753,,,tumor|nontumor
CSNK1E,0.09380692,0.08507952,0.0087274015,,,tumor|nontumor
SPOCK1,0.0303953,0.021686165,0.0087091345,,,tumor|nontumor
CTTN,0.1627714,0.15409231,0.008679092,,,tumor|nontumor
ARPC2,0.2500912,0.24141945,0.008671746,,,tumor|nontumor
ELL2,0.06763507,0.05896829,0.008666776,,,tumor|nontumor
MAP4K4,0.09336592,0.08470424,0.00866168,,,tumor|nontumor
ENSG00000283213,0.17475352,0.16613735,0.008616164,,,tumor|nontumor
TMED4,0.0734334,0.064902194,0.008531205,,,tumor|nontumor
CCDC91,0.1060542,0.097587205,0.008466996,,,tumor|nontumor
KRAS,0.1152398,0.106788106,0.008451693,,,tumor|nontumor
CDKN1A,0.08638247,0.07794821,0.008434258,,,tumor|nontumor
LAMC1,0.080951914,0.07262018,0.008331731,,,tumor|nontumor
CAB39,0.055137,0.04692009,0.00821691,,,tumor|nontumor
TRIO,0.059015382,0.050812982,0.0082024,,,tumor|nontumor
HYCC1,0.07590465,0.06773502,0.008169636,,,tumor|nontumor
KLHL42,0.11732166,0.10915293,0.008168735,,,tumor|nontumor
RTN4,0.13068913,0.12253705,0.008152083,,,tumor|nontumor
RNF149,0.08654001,0.07838949,0.008150525,,,tumor|nontumor
PERP,0.61080724,0.60270566,0.0081015825,,,tumor|nontumor
RALA,0.11331789,0.10524267,0.008075222,,,tumor|nontumor
MAP3K20,0.08093536,0.07287207,0.008063287,,,tumor|nontumor
ATL3,0.087318406,0.07928554,0.008032866,,,tumor|nontumor
LAMA5,0.06385084,0.05582303,0.008027811,,,tumor|nontumor
IFITM2,0.118185334,0.11018027,0.00800506,,,tumor|nontumor
YWHAQ,0.20681259,0.19882548,0.007987112,,,tumor|nontumor
FBLIM1,0.05594414,0.047965948,0.007978193,,,tumor|nontumor
TNS4,0.046305638,0.038346253,0.0079593845,,,tumor|nontumor
ANGPTL4,0.028134197,0.020193677,0.00794052,,,tumor|nontumor
SUGCT,0.049345434,0.041427862,0.007917572,,,tumor|nontumor
SDC2,0.098467894,0.09057392,0.007893972,,,tumor|nontumor
CD63,0.2137532,0.2058601,0.0078931,,,tumor|nontumor
PXN,0.07218192,0.06429927,0.007882647,,,tumor|nontumor
FMNL2,0.0543455,0.0464753,0.007870201,,,tumor|nontumor
SYT7,0.03138974,0.023536447,0.007853292,,,tumor|nontumor
TES,0.05673857,0.048891842,0.007846728,,,tumor|nontumor
ADH5,0.048285518,0.04044337,0.00784215,,,tumor|nontumor
RAI14,0.061354663,0.05354645,0.007808212,,,tumor|nontumor
SOX4,0.07949847,0.07169063,0.0078078434,,,tumor|nontumor
CIB1,0.08127543,0.073481664,0.0077937692,,,tumor|nontumor
BZW1,0.11038988,0.10260627,0.007783614,,,tumor|nontumor
FAM83H,0.10082637,0.09304417,0.0077821985,,,tumor|nontumor
TAX1BP1,0.08322878,0.075458005,0.0077707767,,,tumor|nontumor
MTATP6P1,0.46372142,0.45598978,0.0077316463,,,tumor|nontumor
SNAI2,0.04286653,0.035139978,0.007726554,,,tumor|nontumor
CLSTN1,0.10400398,0.096301965,0.0077020153,,,tumor|nontumor
FLNA,0.22854643,0.22084704,0.0076993853,,,tumor|nontumor
SUMO2,0.12096968,0.113310955,0.0076587275,,,tumor|nontumor
TMBIM6,0.23619449,0.22859028,0.0076042116,,,tumor|nontumor
MFAP2,0.049237754,0.041645203,0.0075925514,,,tumor|nontumor
ITPRID2,0.055246036,0.04766488,0.0075811557,,,tumor|nontumor
TMSB4X,0.8239887,0.8164178,0.007570863,,,tumor|nontumor
PDGFC,0.030764682,0.02321236,0.007552322,,,tumor|nontumor
CALML5,0.07016692,0.0626375,0.0075294226,,,tumor|nontumor
CDCP1,0.04496847,0.03744189,0.0075265802,,,tumor|nontumor
PLP2,0.15848742,0.15096553,0.0075218976,,,tumor|nontumor
INHBA,0.12173448,0.114227675,0.0075068027,,,tumor|nontumor
MARCHF6,0.09003673,0.08253011,0.0075066164,,,tumor|nontumor
FKBP9,0.09347712,0.085975796,0.0075013265,,,tumor|nontumor
EIF1,0.39214614,0.38467738,0.00746876,,,tumor|nontumor
CCM2,0.06225039,0.0547824,0.007467989,,,tumor|nontumor
NXPH4,0.024126073,0.01666599,0.007460084,,,tumor|nontumor
CHSY1,0.048409924,0.040958256,0.0074516684,,,tumor|nontumor
BSG,0.10950245,0.102064274,0.0074381754,,,tumor|nontumor
PRSS23,0.070830144,0.06341028,0.007419862,,,tumor|nontumor
PTGFRN,0.088583976,0.08116522,0.007418759,,,tumor|nontumor
VIM,0.18380363,0.17639121,0.0074124187,,,tumor|nontumor
EFNA1,0.07913643,0.071724266,0.0074121654,,,tumor|nontumor
SERPINE2,0.06251547,0.05510525,0.007410217,,,tumor|nontumor
RBMS1,0.06911388,0.061706677,0.0074072033,,,tumor|nontumor
EXT1,0.05965807,0.052252356,0.007405713,,,tumor|nontumor
P4HB,0.10247917,0.09507911,0.007400058,,,tumor|nontumor
SHC1,0.10578013,0.098387465,0.0073926672,,,tumor|nontumor
CHMP1B,0.047581486,0.040227894,0.0073535927,,,tumor|nontumor
TNKS1BP1,0.06413451,0.05679927,0.007335238,,,tumor|nontumor
GOLGA7B,0.034935955,0.02763247,0.0073034856,,,tumor|nontumor
ZYX,0.0810065,0.07371111,0.007295385,,,tumor|nontumor
BEST1,0.03259066,0.025341243,0.0072494186,,,tumor|nontumor
FNDC3B,0.07363758,0.06640345,0.007234134,,,tumor|nontumor
PAM,0.055217333,0.04799245,0.007224884,,,tumor|nontumor
SPHK1,0.037196398,0.029984033,0.007212365,,,tumor|nontumor
TMBIM1,0.06858251,0.061383493,0.007199019,,,tumor|nontumor
SERPING1,0.07516816,0.06796981,0.007198356,,,tumor|nontumor
DIP2B,0.07436302,0.06718044,0.007182583,,,tumor|nontumor
MIR205HG,0.49645984,0.4892805,0.0071793497,,,tumor|nontumor
PKP1,0.15893136,0.1517553,0.0071760565,,,tumor|nontumor
NBL1,0.09032198,0.08316888,0.0071531013,,,tumor|nontumor
CCDC92,0.058914427,0.051779088,0.007135339,,,tumor|nontumor
CD151,0.05538457,0.048259005,0.007125564,,,tumor|nontumor
RAP1B,0.16101275,0.15388747,0.0071252882,,,tumor|nontumor
ENSG00000257042,0.027497701,0.020400358,0.007097343,,,tumor|nontumor
F11R,0.07383136,0.066749245,0.007082112,,,tumor|nontumor
TMED10,0.18761942,0.18053949,0.007079929,,,tumor|nontumor
LRAT,0.03082871,0.023750167,0.0070785433,,,tumor|nontumor
GPBP1L1,0.07005084,0.06300238,0.0070484653,,,tumor|nontumor
SIPA1L2,0.05867005,0.05164327,0.0070267804,,,tumor|nontumor
RAB22A,0.06358078,0.056567773,0.007013008,,,tumor|nontumor
SKIL,0.104685165,0.09768527,0.006999895,,,tumor|nontumor
KLF6,0.11501715,0.108035795,0.006981358,,,tumor|nontumor
DYNC1I2,0.07844018,0.07150995,0.006930232,,,tumor|nontumor
PTTG1IP,0.050706305,0.043781992,0.0069243126,,,tumor|nontumor
CCDC85B,0.046887178,0.040013548,0.00687363,,,tumor|nontumor
VOPP1,0.060905363,0.054034617,0.0068707466,,,tumor|nontumor
TPM4,0.1330241,0.12616776,0.006856337,,,tumor|nontumor
RNF11,0.045341752,0.038489457,0.0068522952,,,tumor|nontumor
KDELR2,0.13556738,0.12872276,0.006844625,,,tumor|nontumor
BRI3,0.0933513,0.086509444,0.0068418533,,,tumor|nontumor
SOX15,0.033329148,0.026492162,0.006836986,,,tumor|nontumor
TUBA4A,0.07117137,0.06433894,0.0068324357,,,tumor|nontumor
IL1RAP,0.042547002,0.0357164,0.006830603,,,tumor|nontumor
LDLRAD4,0.05077899,0.0439854,0.0067935884,,,tumor|nontumor
MXI1,0.027178455,0.02039395,0.0067845043,,,tumor|nontumor
EIF3B,0.11434684,0.10757316,0.0067736804,,,tumor|nontumor
CARHSP1,0.04552119,0.038763028,0.006758161,,,tumor|nontumor
ITGB5,0.05452641,0.0477729,0.0067535117,,,tumor|nontumor
KLHL24,0.03975351,0.03300463,0.006748881,,,tumor|nontumor
NAV1,0.071973704,0.06523748,0.0067362264,,,tumor|nontumor
PLXNB2,0.06670833,0.05999152,0.0067168064,,,tumor|nontumor
UBA6,0.04875199,0.042067982,0.006684009,,,tumor|nontumor
ZNF706,0.08205538,0.07537551,0.00667987,,,tumor|nontumor
HELZ2,0.05333776,0.046701007,0.0066367537,,,tumor|nontumor
ITGA2,0.048744325,0.04211406,0.006630264,,,tumor|nontumor
PJA2,0.03804189,0.031452212,0.006589677,,,tumor|nontumor
AP3S1,0.07952356,0.07298428,0.006539285,,,tumor|nontumor
RPL36AL,0.08773614,0.08120644,0.0065296963,,,tumor|nontumor
CREG2,0.028384658,0.021855079,0.006529579,,,tumor|nontumor
TMEM134,0.060998034,0.054475557,0.0065224767,,,tumor|nontumor
MARCKSL1,0.110993296,0.104510315,0.006482981,,,tumor|nontumor
IRF6,0.12858926,0.12210964,0.006479621,,,tumor|nontumor
MGAT1,0.056306493,0.049827002,0.0064794905,,,tumor|nontumor
LTBP1,0.06418441,0.057710055,0.006474357,,,tumor|nontumor
KDM7A,0.025318068,0.018853499,0.006464569,,,tumor|nontumor
BHLHE40,0.06326599,0.05681847,0.0064475164,,,tumor|nontumor
RTL8C,0.07356793,0.067141965,0.006425962,,,tumor|nontumor
SMYD3,0.045509797,0.039098017,0.0064117797,,,tumor|nontumor
ZDHHC4,0.04769779,0.041306827,0.0063909627,,,tumor|nontumor
DNAJB2,0.032187898,0.02580122,0.006386677,,,tumor|nontumor
BPGM,0.030836284,0.024453245,0.006383039,,,tumor|nontumor
TAGLN,0.08932593,0.0829441,0.0063818246,,,tumor|nontumor
IFNGR2,0.05284491,0.04647891,0.0063660033,,,tumor|nontumor
ULK1,0.050373495,0.04400807,0.006365426,,,tumor|nontumor
CDC42SE1,0.121579245,0.11522426,0.0063549876,,,tumor|nontumor
ARRDC3,0.03991561,0.033583447,0.006332163,,,tumor|nontumor
SQSTM1,0.08431101,0.07798586,0.006325148,,,tumor|nontumor
PSMG3,0.10262641,0.096317,0.0063094124,,,tumor|nontumor
BASP1,0.14598374,0.13967519,0.0063085556,,,tumor|nontumor
ARL8A,0.043028407,0.036727566,0.0063008405,,,tumor|nontumor
COX20,0.063767865,0.057501335,0.0062665306,,,tumor|nontumor
CELSR1,0.043665763,0.03741813,0.006247632,,,tumor|nontumor
LGALS3BP,0.08185436,0.07561896,0.0062353984,,,tumor|nontumor
MAN2A1,0.048976257,0.042758606,0.006217651,,,tumor|nontumor
BNC1,0.05006815,0.043885145,0.006183006,,,tumor|nontumor
IL4R,0.06422177,0.058054738,0.006167032,,,tumor|nontumor
TANC2,0.039496858,0.03333456,0.006162297,,,tumor|nontumor
TRA2A,0.07346122,0.06729969,0.0061615333,,,tumor|nontumor
NEAT1,0.20557132,0.19942023,0.006151095,,,tumor|nontumor
LEPROT,0.065093935,0.058953445,0.006140489,,,tumor|nontumor
LDAF1,0.03487348,0.028778283,0.006095199,,,tumor|nontumor
RIMS2,0.043128844,0.03703628,0.0060925633,,,tumor|nontumor
TMX1,0.05925556,0.053217653,0.006037906,,,tumor|nontumor
PCBP1,0.1147557,0.10873655,0.0060191453,,,tumor|nontumor
NIBAN2,0.048987936,0.042972792,0.0060151443,,,tumor|nontumor
NINJ1,0.025415724,0.019405767,0.006009957,,,tumor|nontumor
ANO6,0.03445431,0.028474353,0.005979955,,,tumor|nontumor
IL13RA1,0.04326704,0.037313048,0.0059539936,,,tumor|nontumor
TNFAIP1,0.053525556,0.047604777,0.005920779,,,tumor|nontumor
NECTIN1,0.05629774,0.050377965,0.005919777,,,tumor|nontumor
CTSL,0.042294696,0.036378626,0.00591607,,,tumor|nontumor
GNA12,0.05873157,0.05282799,0.0059035793,,,tumor|nontumor
DUSP7,0.042066485,0.036176004,0.005890481,,,tumor|nontumor
COX6B2,0.063398376,0.057524424,0.005873952,,,tumor|nontumor
LGALS3,0.07520241,0.06933919,0.0058632195,,,tumor|nontumor
FSTL3,0.035838176,0.029982056,0.005856119,,,tumor|nontumor
FOSL1,0.025870334,0.020019049,0.0058512855,,,tumor|nontumor
AKAP13,0.08407335,0.07822773,0.005845621,,,tumor|nontumor
AP2M1,0.13714637,0.13130708,0.0058392882,,,tumor|nontumor
CDK2AP2,0.14950894,0.14371231,0.005796626,,,tumor|nontumor
GNG12,0.07984425,0.0740576,0.00578665,,,tumor|nontumor
GRB10,0.034342583,0.028589342,0.0057532415,,,tumor|nontumor
COL6A2,0.04748167,0.041728888,0.0057527833,,,tumor|nontumor
LTB4R,0.026382973,0.020643117,0.0057398565,,,tumor|nontumor
PTPN12,0.045962323,0.040240947,0.0057213753,,,tumor|nontumor
IGFBP5,0.033211906,0.027499152,0.005712753,,,tumor|nontumor
RAB12,0.07338004,0.06768119,0.005698845,,,tumor|nontumor
L1CAM,0.03533557,0.029645128,0.0056904424,,,tumor|nontumor
SEPTIN7,0.08748178,0.08179917,0.00568261,,,tumor|nontumor
DRAP1,0.09246932,0.08680343,0.005665891,,,tumor|nontumor
CD9,0.107246004,0.10159239,0.0056536123,,,tumor|nontumor
PPP1R14C,0.055225223,0.04957436,0.005650863,,,tumor|nontumor
AHNAK2,0.030546151,0.02490108,0.00564507,,,tumor|nontumor
GLI3,0.054340176,0.048697993,0.005642183,,,tumor|nontumor
MET,0.02769465,0.022054551,0.005640099,,,tumor|nontumor
NPTN,0.09254494,0.08692363,0.005621314,,,tumor|nontumor
SLC16A3,0.040976297,0.035356686,0.0056196116,,,tumor|nontumor
GJB5,0.035141937,0.029523538,0.005618399,,,tumor|nontumor
YKT6,0.11536451,0.10976162,0.0056028888,,,tumor|nontumor
YBX3,0.06909857,0.06349635,0.005602218,,,tumor|nontumor
GRSF1,0.04952213,0.043928675,0.0055934563,,,tumor|nontumor
LAMA3,0.060198624,0.054605857,0.005592767,,,tumor|nontumor
RNF145,0.0692177,0.06362537,0.005592324,,,tumor|nontumor
SLC25A37,0.051830422,0.046259142,0.0055712797,,,tumor|nontumor
TMEM230,0.06036224,0.054791465,0.005570773,,,tumor|nontumor
RXRA,0.04085839,0.03530512,0.0055532716,,,tumor|nontumor
FN1,0.17118554,0.16564885,0.0055366904,,,tumor|nontumor
TPST2,0.04385585,0.038329974,0.005525876,,,tumor|nontumor
BMPR2,0.06300473,0.05748667,0.005518064,,,tumor|nontumor
SDCBP,0.07787804,0.07237494,0.005503103,,,tumor|nontumor
TGFB1,0.031630173,0.026152207,0.0054779667,,,tumor|nontumor
LAMP2,0.106706105,0.10123907,0.005467035,,,tumor|nontumor
SMS,0.034188967,0.028725762,0.0054632053,,,tumor|nontumor
SPATS2L,0.114224516,0.10876203,0.0054624826,,,tumor|nontumor
SLC44A1,0.05723941,0.05177931,0.0054600984,,,tumor|nontumor
PSMC6,0.045194555,0.039739843,0.0054547116,,,tumor|nontumor
MAP7D1,0.088478215,0.08303176,0.0054464564,,,tumor|nontumor
METTL26,0.040307093,0.03486439,0.005442705,,,tumor|nontumor
TUFT1,0.040597856,0.035166997,0.0054308586,,,tumor|nontumor
ITGAV,0.08144461,0.076028354,0.005416259,,,tumor|nontumor
TM2D1,0.04737579,0.041967917,0.0054078735,,,tumor|nontumor
HP1BP3,0.08320648,0.07780087,0.0054056123,,,tumor|nontumor
CD55,0.037200674,0.031800702,0.005399972,,,tumor|nontumor
TSC22D1,0.046978388,0.04158851,0.0053898767,,,tumor|nontumor
TMEM50A,0.06452259,0.059136968,0.0053856187,,,tumor|nontumor
THBS1,0.053767122,0.04839535,0.0053717718,,,tumor|nontumor
CAPZA2,0.044430673,0.039063837,0.0053668357,,,tumor|nontumor
PPP1R13L,0.0703582,0.0649924,0.005365804,,,tumor|nontumor
PTMS,0.10996792,0.10464763,0.0053202882,,,tumor|nontumor
RAP1GDS1,0.044828452,0.039509233,0.005319219,,,tumor|nontumor
KLF4,0.032613646,0.027297411,0.005316235,,,tumor|nontumor
NIPSNAP2,0.04450984,0.039216597,0.0052932426,,,tumor|nontumor
STARD10,0.056895964,0.05161318,0.005282782,,,tumor|nontumor
CLDND1,0.058387827,0.053105593,0.0052822344,,,tumor|nontumor
PFKP,0.030326528,0.0250565,0.0052700285,,,tumor|nontumor
PKP3,0.053139556,0.04787645,0.005263105,,,tumor|nontumor
PPP2R5E,0.049225442,0.043963585,0.005261857,,,tumor|nontumor
STK17A,0.05065356,0.04539411,0.005259447,,,tumor|nontumor
SERINC3,0.068231896,0.06297545,0.005256444,,,tumor|nontumor
POSTN,0.09292316,0.08768109,0.0052420646,,,tumor|nontumor
TGIF1,0.04770887,0.042481534,0.005227335,,,tumor|nontumor
UBE2Q2,0.05923964,0.054027073,0.0052125677,,,tumor|nontumor
ARL4C,0.03862483,0.033414505,0.005210325,,,tumor|nontumor
CKAP4,0.11676787,0.111561194,0.0052066743,,,tumor|nontumor
TSC22D2,0.032332446,0.027128665,0.0052037816,,,tumor|nontumor
BACE2,0.04537529,0.04017161,0.005203683,,,tumor|nontumor
LINC02315,0.027152007,0.021955814,0.0051961932,,,tumor|nontumor
WAC,0.066587105,0.06140098,0.0051861256,,,tumor|nontumor
FHOD1,0.036392044,0.031208973,0.005183071,,,tumor|nontumor
HPS4,0.029759066,0.024587581,0.0051714852,,,tumor|nontumor
SPPL3,0.051771414,0.046604626,0.0051667877,,,tumor|nontumor
LY6E,0.16545223,0.1602954,0.00515683,,,tumor|nontumor
TMEM54,0.055412557,0.050261762,0.005150795,,,tumor|nontumor
KDM5B,0.04446283,0.039315894,0.0051469356,,,tumor|nontumor
PLIN3,0.05575352,0.050617225,0.005136296,,,tumor|nontumor
MEX3D,0.04147656,0.03635581,0.0051207505,,,tumor|nontumor
ARHGAP21,0.062005516,0.05689486,0.005110655,,,tumor|nontumor
KCNJ15,0.026353864,0.021251898,0.0051019657,,,tumor|nontumor
NEURL1B,0.035217978,0.030118218,0.0050997604,,,tumor|nontumor
PLS3,0.13861264,0.13352303,0.005089611,,,tumor|nontumor
CALM2,0.16368052,0.1585962,0.005084321,,,tumor|nontumor
ACADVL,0.07053695,0.06545301,0.005083941,,,tumor|nontumor
SMTN,0.028189978,0.023110231,0.0050797462,,,tumor|nontumor
ARL4D,0.042409014,0.037338972,0.005070042,,,tumor|nontumor
FRMD6-AS2,0.023603238,0.01853773,0.005065508,,,tumor|nontumor
SEC23A,0.057446994,0.052388467,0.005058527,,,tumor|nontumor
PNP,0.05836717,0.05331112,0.0050560497,,,tumor|nontumor
DSTN,0.155094,0.15003851,0.005055487,,,tumor|nontumor
ARHGAP5,0.032493073,0.027457057,0.005036017,,,tumor|nontumor
RHOD,0.042335954,0.03730391,0.005032044,,,tumor|nontumor
TPM1,0.10037573,0.095345944,0.0050297827,,,tumor|nontumor
NMB,0.032258466,0.027230185,0.0050282814,,,tumor|nontumor
ERGIC3,0.07509517,0.07006887,0.005026296,,,tumor|nontumor
OST4,0.20177828,0.19677514,0.0050031394,,,tumor|nontumor
TUG1,0.06464118,0.059638415,0.005002763,,,tumor|nontumor
DVL1,0.032026917,0.027026275,0.0050006416,,,tumor|nontumor
LNPK,0.024633966,0.019637628,0.004996339,,,tumor|nontumor
RAP2B,0.04315857,0.038187426,0.004971143,,,tumor|nontumor
COL4A1,0.054022662,0.0490537,0.0049689636,,,tumor|nontumor
IL1RN,0.031100139,0.026144825,0.004955314,,,tumor|nontumor
KIF5B,0.07890003,0.07395651,0.00494352,,,tumor|nontumor
SOD2,0.0718582,0.0669164,0.0049417987,,,tumor|nontumor
COL4A5,0.025902923,0.020964183,0.0049387403,,,tumor|nontumor
SNX6,0.09362567,0.08868818,0.0049374923,,,tumor|nontumor
OPN3,0.05762825,0.05269151,0.00493674,,,tumor|nontumor
LRRC8C,0.023870543,0.018945333,0.00492521,,,tumor|nontumor
ENSG00000291105,0.028375277,0.0234523,0.0049229767,,,tumor|nontumor
ANXA5,0.076650955,0.07172967,0.0049212873,,,tumor|nontumor
LPP,0.048270497,0.043353893,0.0049166046,,,tumor|nontumor
PGBD5,0.06585173,0.06094029,0.0049114414,,,tumor|nontumor
CCN2,0.03559151,0.030680155,0.004911354,,,tumor|nontumor
TYMP,0.0845597,0.07965064,0.004909061,,,tumor|nontumor
SNHG16,0.07862244,0.073736586,0.0048858523,,,tumor|nontumor
SOCS3,0.04299619,0.038120203,0.004875988,,,tumor|nontumor
TLCD3A,0.033358805,0.028486403,0.004872402,,,tumor|nontumor
COMT,0.07280386,0.06793303,0.004870832,,,tumor|nontumor
MTMR3,0.035597447,0.030732296,0.004865151,,,tumor|nontumor
CXADR,0.08228006,0.077416405,0.004863657,,,tumor|nontumor
CREB5,0.027028054,0.022184776,0.004843278,,,tumor|nontumor
ARF5,0.12911533,0.124301516,0.0048138127,,,tumor|nontumor
ZNF185,0.027733583,0.022922108,0.004811475,,,tumor|nontumor
SUMO1,0.080612324,0.0758114,0.004800923,,,tumor|nontumor
NEK7,0.03978871,0.034989484,0.004799228,,,tumor|nontumor
BAIAP2L1,0.029652491,0.024865547,0.004786944,,,tumor|nontumor
SDR16C5,0.044927772,0.04014251,0.004785262,,,tumor|nontumor
DARS1,0.029760422,0.024993343,0.004767079,,,tumor|nontumor
YPEL5,0.03542161,0.030664694,0.0047569163,,,tumor|nontumor
TRAF4,0.05235844,0.047611617,0.0047468245,,,tumor|nontumor
EIF4EBP1,0.029131508,0.024387347,0.004744161,,,tumor|nontumor
DHRS7,0.050146822,0.045403462,0.00474336,,,tumor|nontumor
EZR,0.081754856,0.07701741,0.004737444,,,tumor|nontumor
CBX3,0.11957161,0.11484087,0.0047307387,,,tumor|nontumor
MAFK,0.030251557,0.025533335,0.0047182217,,,tumor|nontumor
JOSD1,0.050223663,0.04551611,0.0047075525,,,tumor|nontumor
CHMP4B,0.06716066,0.062463064,0.004697595,,,tumor|nontumor
CALM1,0.1378293,0.13316008,0.0046692193,,,tumor|nontumor
NFIL3,0.030787006,0.02612293,0.0046640765,,,tumor|nontumor
STK24,0.06531052,0.060659602,0.0046509206,,,tumor|nontumor
GPR153,0.028351825,0.023704113,0.0046477113,,,tumor|nontumor
TMEM30B,0.051935207,0.047297116,0.0046380907,,,tumor|nontumor
MT-TL1,0.09937459,0.09474852,0.004626073,,,tumor|nontumor
SDK2,0.03061202,0.025995634,0.0046163853,,,tumor|nontumor
ZBTB25,0.052383468,0.04777695,0.004606519,,,tumor|nontumor
IGF1R,0.04711088,0.04250916,0.0046017207,,,tumor|nontumor
EXOC6B,0.033051733,0.028458765,0.004592968,,,tumor|nontumor
ERGIC2,0.16172299,0.15713061,0.004592374,,,tumor|nontumor
KIAA1191,0.05531701,0.050724864,0.0045921467,,,tumor|nontumor
NAMPT,0.052995086,0.04841664,0.004578445,,,tumor|nontumor
GPI,0.080205835,0.07563098,0.0045748577,,,tumor|nontumor
DGKA,0.052466653,0.04790949,0.0045571625,,,tumor|nontumor
CAPRIN2,0.033261087,0.02870814,0.0045529474,,,tumor|nontumor
GMFB,0.031063184,0.026511433,0.0045517515,,,tumor|nontumor
AMIGO2,0.033574164,0.029035464,0.0045387,,,tumor|nontumor
PDLIM1,0.07026367,0.065727584,0.004536085,,,tumor|nontumor
MAFB,0.0533435,0.048820276,0.004523225,,,tumor|nontumor
SH3GLB1,0.05694816,0.052444045,0.0045041144,,,tumor|nontumor
FADD,0.09209468,0.08760526,0.004489422,,,tumor|nontumor
BCAR1,0.024204401,0.01971657,0.004487831,,,tumor|nontumor
RALB,0.024529345,0.02004175,0.0044875946,,,tumor|nontumor
RAB4A,0.059129953,0.054652307,0.004477646,,,tumor|nontumor
GLG1,0.06344277,0.058966085,0.0044766814,,,tumor|nontumor
NORAD,0.17548299,0.17100722,0.0044757724,,,tumor|nontumor
RAB18,0.055895995,0.051434472,0.004461523,,,tumor|nontumor
STX16,0.050286863,0.045829,0.004457861,,,tumor|nontumor
H1-0,0.11699422,0.11253828,0.004455939,,,tumor|nontumor
PAFAH1B1,0.068603516,0.06417088,0.0044326335,,,tumor|nontumor
SMIM3,0.058623865,0.05419172,0.0044321455,,,tumor|nontumor
MMP14,0.0378744,0.03344667,0.004427731,,,tumor|nontumor
LINC02574,0.044887464,0.04046349,0.004423976,,,tumor|nontumor
MTPN,0.10356208,0.099138625,0.0044234544,,,tumor|nontumor
TBC1D9B,0.051687267,0.047283597,0.0044036694,,,tumor|nontumor
PATJ,0.043430787,0.039038453,0.0043923333,,,tumor|nontumor
CMPK1,0.07830479,0.07391376,0.0043910295,,,tumor|nontumor
STK38L,0.07515914,0.07077516,0.004383981,,,tumor|nontumor
MAP1LC3B,0.041501667,0.037123628,0.0043780394,,,tumor|nontumor
GOLGA7,0.046607897,0.042230576,0.0043773204,,,tumor|nontumor
KMT2E,0.050247133,0.04587399,0.0043731444,,,tumor|nontumor
SLC3A2,0.052625675,0.048253257,0.004372418,,,tumor|nontumor
METRNL,0.03054018,0.026173586,0.0043665934,,,tumor|nontumor
TMEM184B,0.05140248,0.047035955,0.0043665245,,,tumor|nontumor
PRRX2,0.03484472,0.030479852,0.0043648668,,,tumor|nontumor
MYADM,0.035580494,0.03122082,0.0043596737,,,tumor|nontumor
PPP1R14B-AS1,0.034496557,0.030142853,0.004353704,,,tumor|nontumor
HOOK3,0.03685008,0.032518715,0.004331365,,,tumor|nontumor
PDLIM4,0.030461041,0.026136182,0.004324859,,,tumor|nontumor
NR3C1,0.029919038,0.025614,0.0043050367,,,tumor|nontumor
TMEM65,0.040090363,0.035804152,0.004286211,,,tumor|nontumor
SEPTIN10,0.035517536,0.031233659,0.004283877,,,tumor|nontumor
TUBB6,0.17890143,0.17462164,0.0042797923,,,tumor|nontumor
KRT6C,0.15673754,0.15246688,0.004270658,,,tumor|nontumor
CSTB,0.21802355,0.21375698,0.004266575,,,tumor|nontumor
RTL8A,0.061923873,0.057669222,0.0042546503,,,tumor|nontumor
SRPK2,0.04240156,0.03814873,0.0042528287,,,tumor|nontumor
RRAS,0.046632998,0.042395372,0.0042376257,,,tumor|nontumor
TFRC,0.12812297,0.12389673,0.0042262375,,,tumor|nontumor
KBTBD2,0.03601782,0.031792037,0.004225783,,,tumor|nontumor
CD276,0.056685816,0.05246161,0.0042242073,,,tumor|nontumor
METAP1,0.03149822,0.027284347,0.0042138733,,,tumor|nontumor
SNX33,0.022812597,0.018598769,0.0042138286,,,tumor|nontumor
PROM2,0.053039208,0.04883084,0.0042083673,,,tumor|nontumor
ADAM17,0.050003458,0.045796365,0.0042070933,,,tumor|nontumor
ACVR1,0.036863074,0.032656956,0.0042061172,,,tumor|nontumor
SRP9,0.08323282,0.07903119,0.0042016283,,,tumor|nontumor
PDE7A,0.048240844,0.044045024,0.0041958205,,,tumor|nontumor
BCL10,0.02932257,0.025129998,0.004192572,,,tumor|nontumor
RAB10,0.09344474,0.08926198,0.0041827634,,,tumor|nontumor
OSBPL3,0.0629635,0.058781933,0.0041815676,,,tumor|nontumor
CTNND1,0.09303124,0.088851735,0.0041795075,,,tumor|nontumor
EHBP1L1,0.03561816,0.03145074,0.004167419,,,tumor|nontumor
PITPNM1,0.036776695,0.032615047,0.0041616485,,,tumor|nontumor
PFKL,0.030093828,0.025933458,0.0041603707,,,tumor|nontumor
SMAD3,0.03259712,0.028437722,0.0041593984,,,tumor|nontumor
HBB,0.043702643,0.039586548,0.0041160956,,,tumor|nontumor
PPM1A,0.042598084,0.03848684,0.0041112453,,,tumor|nontumor
ADAM9,0.02670522,0.022595245,0.004109975,,,tumor|nontumor
MYO10,0.038498662,0.034394585,0.004104078,,,tumor|nontumor
DLG1,0.038228698,0.03412787,0.0041008294,,,tumor|nontumor
MARK3,0.046448205,0.042354938,0.004093267,,,tumor|nontumor
KIAA0930,0.06504975,0.0609604,0.0040893517,,,tumor|nontumor
SH3PXD2A,0.030826174,0.02673686,0.0040893145,,,tumor|nontumor
CRK,0.03314158,0.029059464,0.0040821154,,,tumor|nontumor
TAF7,0.03665549,0.032581255,0.0040742345,,,tumor|nontumor
PSMA3-AS1,0.042344794,0.038273066,0.0040717274,,,tumor|nontumor
FAM162A,0.028573377,0.024507465,0.004065912,,,tumor|nontumor
WASF2,0.052795228,0.048730224,0.0040650032,,,tumor|nontumor
SYPL1,0.138648,0.13458432,0.004063681,,,tumor|nontumor
LYST,0.025971627,0.021914372,0.0040572546,,,tumor|nontumor
PPP2R5B,0.026526632,0.022470728,0.004055904,,,tumor|nontumor
GPRIN1,0.022738596,0.018685706,0.0040528905,,,tumor|nontumor
BPNT2,0.061543778,0.057493266,0.004050512,,,tumor|nontumor
ERP44,0.034355566,0.030305523,0.0040500425,,,tumor|nontumor
PPFIA1,0.1266226,0.122584045,0.0040385574,,,tumor|nontumor
SNHG29,0.1508946,0.14685923,0.0040353686,,,tumor|nontumor
RBM17,0.077000454,0.07297608,0.0040243715,,,tumor|nontumor
FLOT1,0.043652803,0.039629277,0.004023526,,,tumor|nontumor
KLF10,0.03592895,0.031909585,0.0040193647,,,tumor|nontumor
RUFY3,0.029667698,0.025649976,0.004017722,,,tumor|nontumor
IQANK1,0.03853265,0.03452142,0.0040112287,,,tumor|nontumor
NME4,0.04336238,0.039352775,0.0040096045,,,tumor|nontumor
ASPH,0.043620683,0.039624356,0.0039963275,,,tumor|nontumor
ITM2B,0.24997701,0.24599145,0.003985554,,,tumor|nontumor
TGFA,0.026151935,0.022168972,0.003982963,,,tumor|nontumor
GNGT1,0.03603431,0.032058883,0.003975425,,,tumor|nontumor
RBM39,0.09747762,0.09350911,0.0039685145,,,tumor|nontumor
MAP3K2,0.04967922,0.04571827,0.0039609484,,,tumor|nontumor
PLOD1,0.032946937,0.02899443,0.003952507,,,tumor|nontumor
WIPI2,0.06201555,0.0580642,0.0039513484,,,tumor|nontumor
KMT5B,0.027654633,0.023704344,0.0039502885,,,tumor|nontumor
SP100,0.043872073,0.039924994,0.003947079,,,tumor|nontumor
PGM1,0.04779552,0.043866903,0.0039286166,,,tumor|nontumor
SPTSSA,0.0982302,0.0943052,0.0039249957,,,tumor|nontumor
ATP13A3,0.031655975,0.02774446,0.003911514,,,tumor|nontumor
CYB5R3,0.120559774,0.11664999,0.0039097816,,,tumor|nontumor
JPT2,0.044710003,0.040801443,0.0039085597,,,tumor|nontumor
NF1,0.044231646,0.04033513,0.0038965158,,,tumor|nontumor
FAM107B,0.03272617,0.02883845,0.0038877185,,,tumor|nontumor
ECM1,0.047963124,0.044081084,0.0038820393,,,tumor|nontumor
MAPK1,0.05083918,0.046958197,0.0038809814,,,tumor|nontumor
VDAC1,0.08429059,0.08041083,0.0038797557,,,tumor|nontumor
BTG1,0.05729033,0.05341319,0.0038771406,,,tumor|nontumor
CLK1,0.031207044,0.02733716,0.0038698837,,,tumor|nontumor
C1GALT1,0.025370358,0.02151551,0.0038548484,,,tumor|nontumor
POLR1D,0.049904346,0.046053544,0.0038508028,,,tumor|nontumor
MAPK1IP1L,0.057634786,0.05378585,0.0038489364,,,tumor|nontumor
XIAP,0.031296726,0.027449787,0.0038469397,,,tumor|nontumor
SELENOF,0.06796183,0.064117365,0.0038444623,,,tumor|nontumor
COL27A1,0.16510941,0.16126692,0.003842488,,,tumor|nontumor
ENOSF1,0.030285176,0.026454717,0.003830459,,,tumor|nontumor
PLEKHA1,0.031702343,0.027878577,0.0038237665,,,tumor|nontumor
KCNK1,0.025245301,0.021432491,0.0038128104,,,tumor|nontumor
ARL15,0.031003455,0.027195314,0.0038081408,,,tumor|nontumor
RAPGEF1,0.03166034,0.02785891,0.0038014315,,,tumor|nontumor
PPDPF,0.40096548,0.39716935,0.0037961304,,,tumor|nontumor
BMP1,0.031250264,0.027459474,0.0037907902,,,tumor|nontumor
TLE5,0.1182094,0.11441959,0.0037898123,,,tumor|nontumor
TRIOBP,0.046399225,0.042610575,0.00378865,,,tumor|nontumor
C1orf43,0.080488056,0.07670052,0.0037875324,,,tumor|nontumor
ZFAND5,0.037424136,0.033639006,0.0037851296,,,tumor|nontumor
ALKBH5,0.048221048,0.044437166,0.0037838817,,,tumor|nontumor
BCL3,0.0366679,0.03288615,0.003781747,,,tumor|nontumor
CDH13,0.051481906,0.047702435,0.003779471,,,tumor|nontumor
KCMF1,0.06988738,0.06610873,0.003778644,,,tumor|nontumor
EXOC3,0.035765376,0.03198761,0.0037777647,,,tumor|nontumor
BICD2,0.04795965,0.044183493,0.0037761591,,,tumor|nontumor
VDAC2,0.05839749,0.054632183,0.0037653074,,,tumor|nontumor
NPEPPS,0.056688096,0.052925874,0.0037622228,,,tumor|nontumor
LMAN1,0.051753633,0.047998387,0.0037552454,,,tumor|nontumor
XAF1,0.04998077,0.046228703,0.0037520677,,,tumor|nontumor
QKI,0.042168505,0.03842409,0.003744416,,,tumor|nontumor
C14orf119,0.036648665,0.03290744,0.0037412234,,,tumor|nontumor
EXOC5,0.02975827,0.026020493,0.0037377775,,,tumor|nontumor
PDLIM5,0.038340982,0.03460398,0.0037370026,,,tumor|nontumor
PHLDB2,0.028785601,0.0250595,0.0037261005,,,tumor|nontumor
DVL3,0.060118116,0.05639671,0.0037214048,,,tumor|nontumor
PFDN2,0.058716413,0.054998245,0.0037181675,,,tumor|nontumor
TCEAL9,0.041958075,0.038240895,0.0037171803,,,tumor|nontumor
RAD23B,0.060668483,0.056959376,0.0037091076,,,tumor|nontumor
EPAS1,0.042773828,0.039068338,0.0037054904,,,tumor|nontumor
MARVELD1,0.049572617,0.04588,0.0036926158,,,tumor|nontumor
TAOK1,0.038749926,0.035058133,0.0036917925,,,tumor|nontumor
MPRIP,0.032863278,0.029171512,0.0036917664,,,tumor|nontumor
MINK1,0.05612127,0.05243068,0.003690593,,,tumor|nontumor
CCNY,0.042637017,0.03895163,0.003685385,,,tumor|nontumor
SPIN1,0.040523373,0.03684176,0.0036816113,,,tumor|nontumor
CA2,0.05037633,0.04670502,0.0036713108,,,tumor|nontumor
LRRC8A,0.045053933,0.041382648,0.0036712848,,,tumor|nontumor
CNBP,0.06394897,0.06027866,0.003670305,,,tumor|nontumor
RBFOX2,0.036434993,0.032771144,0.003663849,,,tumor|nontumor
TGFBR1,0.046591517,0.0429353,0.003656216,,,tumor|nontumor
SMYD2,0.02593861,0.022284588,0.0036540218,,,tumor|nontumor
IQGAP1,0.10338155,0.099728234,0.0036533177,,,tumor|nontumor
PPP1R12A,0.031265583,0.027615946,0.003649637,,,tumor|nontumor
MT-ND6,0.084445044,0.08079584,0.003649205,,,tumor|nontumor
CFAP20DC,0.024246436,0.020597652,0.003648784,,,tumor|nontumor
MBNL2,0.032126874,0.028487524,0.0036393497,,,tumor|nontumor
TSPAN1,0.032389652,0.028759975,0.003629677,,,tumor|nontumor
WDR45B,0.032200463,0.0285722,0.0036282632,,,tumor|nontumor
AGO2,0.04675995,0.043139786,0.0036201663,,,tumor|nontumor
NDFIP2,0.03770266,0.034097683,0.0036049783,,,tumor|nontumor
YEATS2,0.031211186,0.027606258,0.003604928,,,tumor|nontumor
ANXA4,0.055743635,0.05214559,0.0035980456,,,tumor|nontumor
DDT,0.06196779,0.05837236,0.0035954304,,,tumor|nontumor
DNAJB14,0.02307023,0.019477021,0.0035932083,,,tumor|nontumor
OSMR,0.063234024,0.059641004,0.0035930201,,,tumor|nontumor
PAK2,0.08708978,0.08349866,0.0035911202,,,tumor|nontumor
DELEC1,0.040156547,0.036567636,0.0035889111,,,tumor|nontumor
DNAJB6,0.06035291,0.056766693,0.0035862178,,,tumor|nontumor
ZNRF2,0.035905022,0.03231903,0.0035859905,,,tumor|nontumor
JAG1,0.19336338,0.18977779,0.003585592,,,tumor|nontumor
MFSD10,0.030594269,0.027010348,0.0035839211,,,tumor|nontumor
STUB1,0.05560446,0.052027445,0.0035770163,,,tumor|nontumor
C5orf24,0.047553036,0.04397617,0.0035768673,,,tumor|nontumor
SOS2,0.02761207,0.024036389,0.0035756808,,,tumor|nontumor
PAIP1,0.03815796,0.034584265,0.0035736933,,,tumor|nontumor
CTNNA1,0.051683348,0.04810992,0.0035734288,,,tumor|nontumor
PUM1,0.062061116,0.058498,0.0035631172,,,tumor|nontumor
ATP6V1D,0.039872322,0.03630996,0.003562361,,,tumor|nontumor
NCOA3,0.041232027,0.03767066,0.0035613663,,,tumor|nontumor
TRAPPC1,0.064139806,0.060578715,0.0035610907,,,tumor|nontumor
BLOC1S2,0.039646473,0.036085714,0.0035607591,,,tumor|nontumor
JAK1,0.06983381,0.06627755,0.003556259,,,tumor|nontumor
MMP13,0.052570354,0.049036305,0.0035340488,,,tumor|nontumor
GPC1,0.07800683,0.074474774,0.003532052,,,tumor|nontumor
DUSP14,0.033033017,0.029517438,0.0035155788,,,tumor|nontumor
GNG4,0.031888064,0.028376076,0.0035119876,,,tumor|nontumor
MAPK12,0.023354137,0.019845711,0.0035084262,,,tumor|nontumor
APPL2,0.02552312,0.022017587,0.0035055336,,,tumor|nontumor
KLF5,0.061603095,0.05810053,0.0035025664,,,tumor|nontumor
KIAA0319L,0.038393162,0.034904376,0.0034887865,,,tumor|nontumor
MDFI,0.023860924,0.020377945,0.0034829788,,,tumor|nontumor
PIM1,0.029011162,0.02553565,0.0034755114,,,tumor|nontumor
MRTFA,0.04722159,0.04374713,0.003474459,,,tumor|nontumor
PDCD10,0.039382055,0.035910733,0.0034713224,,,tumor|nontumor
IFI6,0.08604673,0.08257671,0.003470026,,,tumor|nontumor
JKAMP,0.03142054,0.027952196,0.003468344,,,tumor|nontumor
ZFR,0.03936899,0.03590317,0.00346582,,,tumor|nontumor
STMP1,0.08456615,0.081103995,0.0034621581,,,tumor|nontumor
RND3,0.039499387,0.03604577,0.003453616,,,tumor|nontumor
MTSS1,0.048449773,0.04499793,0.0034518428,,,tumor|nontumor
SELENOW,0.15601373,0.15257037,0.0034433603,,,tumor|nontumor
TXN,0.22407515,0.22063653,0.0034386218,,,tumor|nontumor
ACTR10,0.06204495,0.058611844,0.0034331046,,,tumor|nontumor
KIF13A,0.0315378,0.02810587,0.0034319311,,,tumor|nontumor
ENSG00000259692,0.02486845,0.02143702,0.00343143,,,tumor|nontumor
WIPF2,0.042792976,0.039367307,0.003425669,,,tumor|nontumor
YWHAG,0.10708196,0.103657454,0.003424503,,,tumor|nontumor
MAP3K13,0.032420658,0.029005699,0.0034149587,,,tumor|nontumor
GNB2,0.054986075,0.05157157,0.0034145042,,,tumor|nontumor
FBXO11,0.031572994,0.028167384,0.00340561,,,tumor|nontumor
ZNF12,0.025835698,0.022437237,0.0033984613,,,tumor|nontumor
MAP2K1,0.039051518,0.03565446,0.0033970587,,,tumor|nontumor
KLF7,0.0322249,0.028837103,0.0033877976,,,tumor|nontumor
RNF217,0.027025532,0.023644755,0.0033807773,,,tumor|nontumor
EIF4E2,0.04229616,0.038919784,0.003376376,,,tumor|nontumor
MIDEAS,0.02854806,0.025173038,0.0033750217,,,tumor|nontumor
AKR1B10,0.03588561,0.032513592,0.0033720173,,,tumor|nontumor
CDC42EP1,0.046752743,0.04338104,0.0033717044,,,tumor|nontumor
PHC2,0.026686858,0.023315154,0.0033717044,,,tumor|nontumor
KIAA1217,0.023803111,0.020438386,0.003364725,,,tumor|nontumor
MT1F,0.041504707,0.038146462,0.003358245,,,tumor|nontumor
ZFP36,0.06796739,0.0646093,0.003358096,,,tumor|nontumor
EPN1,0.06279311,0.05943557,0.0033575445,,,tumor|nontumor
RAB1A,0.07914435,0.075788245,0.0033561066,,,tumor|nontumor
CES2,0.025647346,0.022293262,0.0033540837,,,tumor|nontumor
WWTR1,0.024773432,0.021421976,0.0033514556,,,tumor|nontumor
RETREG2,0.047315802,0.043964516,0.003351286,,,tumor|nontumor
PHLDA1,0.054191492,0.050845314,0.0033461787,,,tumor|nontumor
NEDD8,0.068921186,0.06557565,0.0033455342,,,tumor|nontumor
PDS5A,0.041081805,0.037747238,0.003334567,,,tumor|nontumor
PUM2,0.04373857,0.040408608,0.0033299625,,,tumor|nontumor
EHBP1,0.031348865,0.028019229,0.0033296365,,,tumor|nontumor
RTRAF,0.068110906,0.064798206,0.0033126995,,,tumor|nontumor
DYNLRB1,0.032664906,0.029355599,0.0033093076,,,tumor|nontumor
RHEB,0.05418537,0.050876804,0.0033085681,,,tumor|nontumor
SLC44A5,0.03469903,0.03139333,0.0033056997,,,tumor|nontumor
MS4A19P,0.077098034,0.07380224,0.0032957941,,,tumor|nontumor
TMEM79,0.031868376,0.028576704,0.003291672,,,tumor|nontumor
MORF4L1,0.1454379,0.14215127,0.00328663,,,tumor|nontumor
ATP6V1G1,0.08631377,0.08302772,0.0032860488,,,tumor|nontumor
SLC22A23,0.023458276,0.020191723,0.0032665525,,,tumor|nontumor
NCS1,0.023419438,0.020155689,0.0032637492,,,tumor|nontumor
CHD9,0.036248434,0.032987665,0.003260769,,,tumor|nontumor
EHD2,0.03927972,0.036019444,0.0032602772,,,tumor|nontumor
ACAP2,0.032330453,0.02907213,0.0032583233,,,tumor|nontumor
UBE2I,0.090584695,0.08732685,0.0032578483,,,tumor|nontumor
MAGEA10,0.031888276,0.02863186,0.003256416,,,tumor|nontumor
B3GALT6,0.028024275,0.02477274,0.003251534,,,tumor|nontumor
BLCAP,0.042288747,0.03904121,0.0032475367,,,tumor|nontumor
ARL8B,0.04719178,0.043947086,0.0032446943,,,tumor|nontumor
CAMK1D,0.0374518,0.034207243,0.0032445565,,,tumor|nontumor
CASK,0.051828943,0.048587553,0.00324139,,,tumor|nontumor
MPLKIP,0.022698075,0.019466713,0.0032313615,,,tumor|nontumor
MED10,0.03422994,0.03100106,0.0032288823,,,tumor|nontumor
ACBD3,0.0456658,0.04244417,0.003221631,,,tumor|nontumor
TNRC18,0.03757166,0.034353238,0.0032184236,,,tumor|nontumor
ADIPOR1,0.05486922,0.051651668,0.0032175519,,,tumor|nontumor
DDX3X,0.08641105,0.08319948,0.0032115728,,,tumor|nontumor
TIA1,0.039058972,0.035848256,0.003210716,,,tumor|nontumor
PPP2CB,0.054856934,0.051650025,0.0032069087,,,tumor|nontumor
CERS6,0.029649103,0.026449455,0.003199648,,,tumor|nontumor
EMC4,0.049864672,0.046674762,0.0031899102,,,tumor|nontumor
TOR1AIP2,0.046456836,0.04326773,0.0031891055,,,tumor|nontumor
RAPGEF5,0.031115212,0.027927676,0.0031875353,,,tumor|nontumor
CRIP1,0.058449596,0.055270832,0.0031787641,,,tumor|nontumor
ATP6V1E1,0.05956576,0.05638801,0.0031777509,,,tumor|nontumor
CERS2,0.07472886,0.07155505,0.0031738132,,,tumor|nontumor
ZC3H12A,0.047554467,0.044382107,0.0031723604,,,tumor|nontumor
XPR1,0.038291108,0.035127167,0.0031639412,,,tumor|nontumor
ZDHHC8,0.02850465,0.025350878,0.0031537712,,,tumor|nontumor
WSB2,0.03478596,0.031632267,0.003153693,,,tumor|nontumor
C11orf68,0.03079694,0.027646065,0.0031508747,,,tumor|nontumor
FAM20C,0.03136745,0.028218353,0.0031490978,,,tumor|nontumor
PLD3,0.040644497,0.037500918,0.0031435788,,,tumor|nontumor
SH3BP4,0.030111471,0.02696825,0.0031432211,,,tumor|nontumor
MT1M,0.026805326,0.023673857,0.0031314697,,,tumor|nontumor
UBE2G1,0.03799063,0.03485981,0.0031308196,,,tumor|nontumor
SIAH1,0.044946313,0.04181679,0.0031295232,,,tumor|nontumor
CCNL1,0.038519077,0.03539843,0.0031206459,,,tumor|nontumor
TMOD3,0.033540912,0.030424993,0.0031159185,,,tumor|nontumor
MED13L,0.039563358,0.036450412,0.0031129457,,,tumor|nontumor
CAST,0.06416412,0.06105404,0.0031100772,,,tumor|nontumor
MALSU1,0.044840265,0.041736037,0.0031042285,,,tumor|nontumor
ENSG00000253154,0.049607433,0.046504274,0.0031031594,,,tumor|nontumor
DDX41,0.031568624,0.028465973,0.0031026509,,,tumor|nontumor
NUMB,0.035975628,0.03287831,0.003097318,,,tumor|nontumor
CYTOR,0.023421314,0.020329678,0.0030916352,,,tumor|nontumor
RABGAP1,0.032021616,0.028932251,0.0030893646,,,tumor|nontumor
KANK1,0.029901808,0.026815519,0.0030862894,,,tumor|nontumor
METRN,0.0258013,0.022715513,0.0030857865,,,tumor|nontumor
EMP1,0.03319884,0.030116498,0.0030823424,,,tumor|nontumor
ESYT2,0.026880544,0.023804607,0.0030759368,,,tumor|nontumor
RALGAPA1,0.027978953,0.024910554,0.0030683987,,,tumor|nontumor
ACTR3,0.108313374,0.105245374,0.003068,,,tumor|nontumor
RRAGA,0.03812727,0.035070866,0.0030564032,,,tumor|nontumor
PARP6,0.030256938,0.027207103,0.0030498356,,,tumor|nontumor
KIAA2013,0.045593802,0.042547084,0.0030467175,,,tumor|nontumor
CSNK1A1,0.025657358,0.022611514,0.003045844,,,tumor|nontumor
CSNK2A1,0.057573933,0.0545299,0.0030440316,,,tumor|nontumor
HERPUD2,0.03929208,0.03624971,0.00304237,,,tumor|nontumor
TUBA1A,0.113309495,0.11028074,0.0030287579,,,tumor|nontumor
GREM1,0.026442131,0.023415554,0.0030265767,,,tumor|nontumor
TEAD2,0.056771666,0.053747386,0.00302428,,,tumor|nontumor
MAP3K1,0.030638019,0.027614798,0.0030232202,,,tumor|nontumor
PNN,0.06616415,0.0631433,0.0030208528,,,tumor|nontumor
RYK,0.03412673,0.031108137,0.0030185916,,,tumor|nontumor
VPS13B,0.03592847,0.0329104,0.00301807,,,tumor|nontumor
NUDCD3,0.046182834,0.04316868,0.0030141547,,,tumor|nontumor
BLVRA,0.04540011,0.042394005,0.0030061044,,,tumor|nontumor
OS9,0.07408007,0.071078435,0.0030016378,,,tumor|nontumor
KIFC3,0.02878453,0.025784848,0.002999682,,,tumor|nontumor
SMIM19,0.07498211,0.071984954,0.0029971525,,,tumor|nontumor
FAT1,0.035552666,0.03256152,0.0029911473,,,tumor|nontumor
CHRAC1,0.050602227,0.047612797,0.00298943,,,tumor|nontumor
DNAL4,0.02317186,0.020191777,0.0029800832,,,tumor|nontumor
PLEKHM2,0.026057098,0.023094498,0.0029626004,,,tumor|nontumor
HAPSTR1,0.03378325,0.030820826,0.0029624235,,,tumor|nontumor
PPARD,0.024412526,0.021450201,0.0029623248,,,tumor|nontumor
CDA,0.032102577,0.029146997,0.0029555801,,,tumor|nontumor
GNAI2,0.06253329,0.05958119,0.0029520988,,,tumor|nontumor
SDF4,0.037003085,0.03405137,0.0029517151,,,tumor|nontumor
NCSTN,0.048462853,0.045521468,0.002941385,,,tumor|nontumor
CTNNBIP1,0.02881215,0.025879305,0.0029328447,,,tumor|nontumor
FHIP2B,0.0243439,0.021414183,0.0029297173,,,tumor|nontumor
PPP1R2,0.031265426,0.028337426,0.002928,,,tumor|nontumor
ANKH,0.025505556,0.022579024,0.0029265322,,,tumor|nontumor
COL4A2,0.09397593,0.09105116,0.0029247701,,,tumor|nontumor
TPD52L2,0.07048476,0.067564234,0.0029205233,,,tumor|nontumor
MARCHF7,0.038787276,0.035869937,0.0029173382,,,tumor|nontumor
FAM89A,0.027006224,0.024088923,0.002917301,,,tumor|nontumor
PRDM2,0.02752759,0.024611395,0.0029161945,,,tumor|nontumor
RHBDF1,0.029789029,0.026875807,0.0029132217,,,tumor|nontumor
CSRP2,0.023979694,0.021066494,0.0029131994,,,tumor|nontumor
KRT10,0.07481032,0.071908966,0.002901353,,,tumor|nontumor
WDFY2,0.025193045,0.0222946,0.0028984454,,,tumor|nontumor
GIPC1,0.04781491,0.04491704,0.0028978698,,,tumor|nontumor
IGF2R,0.03988511,0.03699048,0.0028946325,,,tumor|nontumor
MAST4,0.04928472,0.046390403,0.0028943159,,,tumor|nontumor
ARID4B,0.04192112,0.039036978,0.002884142,,,tumor|nontumor
BAZ1A,0.13661495,0.13373534,0.0028796047,,,tumor|nontumor
SF3B1,0.0593193,0.05644102,0.0028782785,,,tumor|nontumor
IFFO2,0.032354794,0.029481238,0.0028735567,,,tumor|nontumor
EIF2AK2,0.04936322,0.04649067,0.002872549,,,tumor|nontumor
EIF4G3,0.041795615,0.038924348,0.0028712675,,,tumor|nontumor
IGF2BP2,0.024424322,0.02155335,0.0028709713,,,tumor|nontumor
LRFN4,0.022670241,0.0198073,0.0028629415,,,tumor|nontumor
STAU1,0.084853955,0.0819931,0.0028608516,,,tumor|nontumor
PYCR2,0.030984687,0.028125742,0.0028589442,,,tumor|nontumor
ZNF385A,0.037285373,0.034430344,0.002855029,,,tumor|nontumor
MEF2A,0.036509093,0.033654105,0.002854988,,,tumor|nontumor
HDHD5,0.023605539,0.020753222,0.002852317,,,tumor|nontumor
CTDNEP1,0.0746374,0.07178724,0.00285016,,,tumor|nontumor
LRP10,0.03152394,0.028679347,0.0028445926,,,tumor|nontumor
CYSTM1,0.02923275,0.026388217,0.002844533,,,tumor|nontumor
CDK13,0.048072822,0.045228325,0.0028444976,,,tumor|nontumor
VCAN,0.037783854,0.034944948,0.002838906,,,tumor|nontumor
DLGAP4,0.045056943,0.042218555,0.002838388,,,tumor|nontumor
FRYL,0.034484264,0.0316498,0.0028344654,,,tumor|nontumor
PPARA,0.023009574,0.020177608,0.0028319657,,,tumor|nontumor
ARFGAP3,0.027062364,0.024232825,0.0028295387,,,tumor|nontumor
AKT1,0.035258424,0.03243077,0.0028276518,,,tumor|nontumor
IFITM3,0.21378547,0.21095906,0.0028264076,,,tumor|nontumor
PCNX4,0.026480947,0.023655523,0.002825424,,,tumor|nontumor
CTHRC1,0.034726717,0.031904474,0.0028222427,,,tumor|nontumor
SYNE2,0.048268784,0.04545297,0.0028158128,,,tumor|nontumor
PRKCSH,0.0653758,0.06256278,0.0028130189,,,tumor|nontumor
MANBAL,0.031261824,0.028455071,0.002806753,,,tumor|nontumor
SERPINH1,0.06355111,0.060745396,0.0028057173,,,tumor|nontumor
ARPC5L,0.050102405,0.047310237,0.0027921684,,,tumor|nontumor
NAPRT,0.022446949,0.019655999,0.0027909502,,,tumor|nontumor
GNA15,0.04420649,0.04141721,0.0027892776,,,tumor|nontumor
HOMER2,0.028951842,0.026165323,0.002786519,,,tumor|nontumor
HSF1,0.033921447,0.031138636,0.0027828105,,,tumor|nontumor
AGPAT2,0.03354848,0.030768486,0.002779996,,,tumor|nontumor
SMIM12,0.043914594,0.041136786,0.0027778074,,,tumor|nontumor
CCDC71L,0.02786264,0.025085704,0.0027769357,,,tumor|nontumor
IMPDH1,0.030837158,0.028060244,0.0027769133,,,tumor|nontumor
ARPC1A,0.0640007,0.06122672,0.0027739815,,,tumor|nontumor
CPNE2,0.024350805,0.021577297,0.0027735084,,,tumor|nontumor
ARGLU1,0.04791385,0.045141555,0.002772294,,,tumor|nontumor
YTHDF2,0.042063348,0.039292112,0.002771236,,,tumor|nontumor
PSMD2,0.09087975,0.088110656,0.0027690977,,,tumor|nontumor
UBE2D3,0.083948106,0.08117999,0.0027681142,,,tumor|nontumor
UBE2L3,0.075992614,0.073231906,0.0027607083,,,tumor|nontumor
LINC00511,0.033932656,0.031177014,0.002755642,,,tumor|nontumor
GPCPD1,0.03735315,0.034601178,0.0027519725,,,tumor|nontumor
NEMF,0.024259482,0.021509707,0.0027497746,,,tumor|nontumor
CDK16,0.042342793,0.03959688,0.0027459115,,,tumor|nontumor
CHIC2,0.029318998,0.026580388,0.00273861,,,tumor|nontumor
DDAH2,0.025235126,0.02249962,0.0027355049,,,tumor|nontumor
CUX1,0.046696458,0.043963753,0.0027327053,,,tumor|nontumor
SRSF9,0.062184308,0.059455693,0.002728615,,,tumor|nontumor
GNPTG,0.031160777,0.028434735,0.0027260426,,,tumor|nontumor
LRCH3,0.02663188,0.023910785,0.0027210955,,,tumor|nontumor
LIMS1,0.03412019,0.031399667,0.0027205236,,,tumor|nontumor
RELA,0.065273285,0.06255774,0.002715543,,,tumor|nontumor
NOTCH3,0.08578406,0.08307209,0.002711974,,,tumor|nontumor
SRC,0.024908308,0.022197569,0.0027107392,,,tumor|nontumor
GPHN,0.026749993,0.024042819,0.002707174,,,tumor|nontumor
UGCG,0.03172832,0.029022356,0.0027059633,,,tumor|nontumor
UBE2Q1,0.059170716,0.056465086,0.00270563,,,tumor|nontumor
TBC1D20,0.02242672,0.019723017,0.002703704,,,tumor|nontumor
KLHDC2,0.031949975,0.029246341,0.0027036332,,,tumor|nontumor
UBE2E2,0.026277144,0.023574172,0.002702972,,,tumor|nontumor
TBCA,0.09510011,0.09240048,0.002699636,,,tumor|nontumor
PNISR,0.042201083,0.039504077,0.0026970059,,,tumor|nontumor
MAPK11,0.024776222,0.022082211,0.0026940107,,,tumor|nontumor
SP140L,0.023338769,0.020645162,0.0026936065,,,tumor|nontumor
PAIP2,0.046157785,0.043465253,0.0026925318,,,tumor|nontumor
DDR1,0.045292754,0.042600684,0.0026920699,,,tumor|nontumor
MBOAT2,0.02785656,0.025166718,0.0026898421,,,tumor|nontumor
LSM12,0.029100865,0.026412547,0.0026883185,,,tumor|nontumor
UBXN6,0.06061362,0.05792963,0.0026839897,,,tumor|nontumor
S100A3,0.031436082,0.028753096,0.0026829857,,,tumor|nontumor
TPM2,0.024190415,0.02150798,0.0026824344,,,tumor|nontumor
RRAGC,0.057297587,0.0546172,0.0026803873,,,tumor|nontumor
MYO1D,0.05540175,0.05273028,0.002671469,,,tumor|nontumor
CDYL2,0.13781632,0.13514753,0.002668798,,,tumor|nontumor
MYO1E,0.041909803,0.03924406,0.0026657432,,,tumor|nontumor
SNHG15,0.04736331,0.04469974,0.0026635714,,,tumor|nontumor
CAPNS1,0.096285895,0.093624435,0.0026614591,,,tumor|nontumor
TAF13,0.032877315,0.030217672,0.002659643,,,tumor|nontumor
EFHD2,0.05848097,0.055822782,0.0026581883,,,tumor|nontumor
GNAQ,0.026218563,0.023561364,0.0026571993,,,tumor|nontumor
MAP4K5,0.026682993,0.024027674,0.0026553199,,,tumor|nontumor
UBQLN1,0.046033103,0.04338376,0.0026493445,,,tumor|nontumor
MRPL32,0.04330673,0.0406595,0.0026472323,,,tumor|nontumor
GAS2L1,0.040858716,0.038211994,0.002646722,,,tumor|nontumor
GANAB,0.12302115,0.12037458,0.0026465654,,,tumor|nontumor
MLF1,0.026665477,0.024019718,0.002645759,,,tumor|nontumor
PARD3,0.03502329,0.032381225,0.0026420653,,,tumor|nontumor
ENSG00000287587,0.03191364,0.029275669,0.002637973,,,tumor|nontumor
R3HDM4,0.06641114,0.06377495,0.0026361868,,,tumor|nontumor
NOP10,0.079332,0.07669881,0.0026331916,,,tumor|nontumor
TENT4A,0.026370395,0.023743546,0.0026268493,,,tumor|nontumor
RASA1,0.023221616,0.020597914,0.0026237015,,,tumor|nontumor
ARAP1,0.02807745,0.025456237,0.002621213,,,tumor|nontumor
CTSD,0.1233186,0.12070081,0.0026177913,,,tumor|nontumor
KIAA1522,0.037639376,0.035022244,0.002617132,,,tumor|nontumor
STK3,0.032046374,0.029429596,0.002616778,,,tumor|nontumor
AHCYL1,0.039984845,0.037369534,0.0026153103,,,tumor|nontumor
UBE2D1,0.022446016,0.019833948,0.0026120674,,,tumor|nontumor
ARL6IP6,0.023918394,0.021306891,0.002611503,,,tumor|nontumor
DLST,0.03563618,0.03302936,0.0026068203,,,tumor|nontumor
TOX2,0.024673508,0.022069165,0.002604343,,,tumor|nontumor
RNF216,0.035063155,0.032463618,0.0025995374,,,tumor|nontumor
GID8,0.054424252,0.051826715,0.002597537,,,tumor|nontumor
UBE2F,0.027386716,0.024789914,0.0025968011,,,tumor|nontumor
RHBDD2,0.044575308,0.04198014,0.0025951676,,,tumor|nontumor
ABI1,0.036871932,0.034280248,0.0025916845,,,tumor|nontumor
ELOC,0.07759123,0.075000934,0.0025902987,,,tumor|nontumor
TBC1D22A,0.03032398,0.027735576,0.0025884043,,,tumor|nontumor
GLIS2,0.03680099,0.03421377,0.0025872216,,,tumor|nontumor
PNRC1,0.03280785,0.0302238,0.0025840495,,,tumor|nontumor
TMEM30A,0.041524407,0.038942747,0.0025816597,,,tumor|nontumor
DBN1,0.036892448,0.034316413,0.0025760345,,,tumor|nontumor
PTK6,0.024663197,0.022089422,0.0025737751,,,tumor|nontumor
SREK1IP1,0.030787956,0.028215267,0.0025726892,,,tumor|nontumor
TNFRSF1A,0.033469632,0.030899242,0.0025703907,,,tumor|nontumor
COL5A2,0.0376165,0.035046674,0.0025698245,,,tumor|nontumor
ZNRF1,0.023844708,0.021275077,0.0025696307,,,tumor|nontumor
SRP54,0.072925456,0.070365086,0.0025603697,,,tumor|nontumor
TMEM245,0.025795134,0.023235017,0.0025601164,,,tumor|nontumor
IRX2,0.04077645,0.038216837,0.0025596134,,,tumor|nontumor
TPD52,0.034598187,0.03203975,0.0025584362,,,tumor|nontumor
WDR33,0.024345791,0.02178929,0.002556501,,,tumor|nontumor
MIDN,0.05180394,0.04924815,0.0025557876,,,tumor|nontumor
RELL1,0.02237619,0.019823216,0.002552975,,,tumor|nontumor
OPTN,0.04495907,0.04241127,0.0025477968,,,tumor|nontumor
SULF1,0.03955113,0.03700434,0.002546791,,,tumor|nontumor
CAMK2D,0.024482233,0.02193831,0.0025439244,,,tumor|nontumor
C12orf75,0.08170611,0.07916842,0.00253769,,,tumor|nontumor
CDCA4,0.023203133,0.02066815,0.0025349818,,,tumor|nontumor
NTPCR,0.037373636,0.034843475,0.0025301613,,,tumor|nontumor
TNFRSF21,0.06435568,0.06182716,0.0025285184,,,tumor|nontumor
NCKAP1,0.09271147,0.09018421,0.0025272593,,,tumor|nontumor
TMC6,0.032392442,0.029875446,0.002516996,,,tumor|nontumor
RUNX1,0.098941706,0.09643103,0.0025106743,,,tumor|nontumor
FBXO7,0.061061308,0.058554836,0.0025064722,,,tumor|nontumor
NUMA1,0.07644255,0.07394145,0.0025011003,,,tumor|nontumor
STX3,0.02589652,0.023397677,0.0024988428,,,tumor|nontumor
CHMP4C,0.03025706,0.027761366,0.002495693,,,tumor|nontumor
EPPK1,0.06017904,0.05768466,0.0024943799,,,tumor|nontumor
HEXIM1,0.02753389,0.025042176,0.0024917144,,,tumor|nontumor
MED21,0.043778885,0.04129589,0.0024829954,,,tumor|nontumor
PAFAH1B2,0.03364205,0.031162588,0.002479462,,,tumor|nontumor
PPP4C,0.053645235,0.05117406,0.002471175,,,tumor|nontumor
SH3GL1,0.027877467,0.025409233,0.002468234,,,tumor|nontumor
FOXJ3,0.034206074,0.031738296,0.0024677776,,,tumor|nontumor
PAWR,0.04155307,0.039085437,0.0024676323,,,tumor|nontumor
CLASP1,0.036000326,0.033533007,0.0024673194,,,tumor|nontumor
YPEL3,0.04313308,0.040668998,0.002464082,,,tumor|nontumor
TP53I13,0.02857377,0.026112061,0.002461709,,,tumor|nontumor
ITPR3,0.04566901,0.043207824,0.0024611875,,,tumor|nontumor
ATRAID,0.06322126,0.060761463,0.002459798,,,tumor|nontumor
TRAF7,0.040743176,0.038288154,0.0024550222,,,tumor|nontumor
PSMD11,0.0870429,0.08459376,0.00244914,,,tumor|nontumor
PCGF2,0.029931322,0.027482366,0.0024489556,,,tumor|nontumor
RBM25,0.04553427,0.043087192,0.0024470799,,,tumor|nontumor
TNFAIP8,0.026610535,0.024163755,0.00244678,,,tumor|nontumor
GRK2,0.06566951,0.063223206,0.0024463013,,,tumor|nontumor
STK25,0.039050885,0.036605563,0.0024453215,,,tumor|nontumor
RER1,0.058873218,0.056427974,0.0024452433,,,tumor|nontumor
SHARPIN,0.035434917,0.032990653,0.0024442635,,,tumor|nontumor
ZMYM2,0.024942989,0.022501886,0.0024411026,,,tumor|nontumor
DYNC1H1,0.04808817,0.04564905,0.002439119,,,tumor|nontumor
ZBTB7A,0.051976155,0.04954632,0.0024298355,,,tumor|nontumor
RNF130,0.03233587,0.029906254,0.0024296157,,,tumor|nontumor
PCNX1,0.02757633,0.02514785,0.0024284795,,,tumor|nontumor
PPP1R21,0.02400636,0.021580948,0.0024254117,,,tumor|nontumor
USP22,0.07099694,0.06857274,0.0024242029,,,tumor|nontumor
ELK3,0.02486441,0.022441495,0.002422914,,,tumor|nontumor
CERCAM,0.025978595,0.023555715,0.0024228804,,,tumor|nontumor
TRIM56,0.030152295,0.027735826,0.0024164692,,,tumor|nontumor
VAT1,0.029158318,0.026760608,0.0023977105,,,tumor|nontumor
TMED9,0.14261058,0.14021318,0.0023974031,,,tumor|nontumor
WDR26,0.05060032,0.048205335,0.0023949854,,,tumor|nontumor
PNMA1,0.02398301,0.021597024,0.002385985,,,tumor|nontumor
SLC9A1,0.02231082,0.019927261,0.002383558,,,tumor|nontumor
CHMP2A,0.03521959,0.032839067,0.0023805238,,,tumor|nontumor
ATP9A,0.036880035,0.03450037,0.0023796633,,,tumor|nontumor
GIT1,0.059560407,0.05718184,0.002378568,,,tumor|nontumor
EIF5A,0.10712495,0.10474677,0.0023781806,,,tumor|nontumor
MORF4L2,0.0966617,0.094285406,0.0023762956,,,tumor|nontumor
ODC1,0.04143758,0.03906173,0.0023758523,,,tumor|nontumor
TUT4,0.033062667,0.030690897,0.0023717694,,,tumor|nontumor
TRAPPC6B,0.025399512,0.023032064,0.002367448,,,tumor|nontumor
CNOT2,0.026990479,0.02463303,0.0023574494,,,tumor|nontumor
TXNDC17,0.07885655,0.0765002,0.0023563504,,,tumor|nontumor
TMEM106B,0.03776535,0.035412468,0.0023528822,,,tumor|nontumor
REEP4,0.033967078,0.03161421,0.0023528673,,,tumor|nontumor
COPS8,0.034008842,0.03165928,0.002349563,,,tumor|nontumor
PITPNA,0.040455993,0.03810769,0.0023483038,,,tumor|nontumor
ATF4,0.10613693,0.1037892,0.00234773,,,tumor|nontumor
ADAMTS4,0.04891146,0.04656497,0.0023464896,,,tumor|nontumor
SNHG26,0.026476793,0.024134474,0.002342319,,,tumor|nontumor
C5orf15,0.035177108,0.032835495,0.0023416132,,,tumor|nontumor
RNASEK,0.07361355,0.071276,0.0023375452,,,tumor|nontumor
VAMP8,0.11692127,0.114584155,0.002337113,,,tumor|nontumor
COL16A1,0.03821744,0.035881747,0.0023356937,,,tumor|nontumor
B3GNT5,0.022268483,0.019936292,0.002332192,,,tumor|nontumor
KCNC2,0.10039701,0.098067775,0.0023292378,,,tumor|nontumor
EPCAM,0.025306212,0.022979368,0.0023268443,,,tumor|nontumor
RNF19B,0.05255947,0.050236776,0.0023226924,,,tumor|nontumor
SFT2D1,0.031328056,0.029006697,0.0023213588,,,tumor|nontumor
ARIH1,0.03496525,0.03264447,0.0023207814,,,tumor|nontumor
HTRA1,0.03870851,0.0363913,0.0023172125,,,tumor|nontumor
JUNB,0.23052366,0.2282089,0.0023147613,,,tumor|nontumor
PLCB1,0.025735406,0.023421522,0.002313884,,,tumor|nontumor
WDR1,0.060886644,0.058575504,0.0023111403,,,tumor|nontumor
VTI1B,0.049848933,0.047538128,0.002310805,,,tumor|nontumor
LRRC41,0.042715076,0.0404044,0.0023106746,,,tumor|nontumor
CSRP1,0.03346033,0.031150984,0.0023093466,,,tumor|nontumor
ZDHHC12,0.023980131,0.021672482,0.0023076497,,,tumor|nontumor
EML2,0.023497552,0.02119045,0.002307102,,,tumor|nontumor
C1orf52,0.02840932,0.026103972,0.0023053493,,,tumor|nontumor
RAB21,0.042291123,0.03998798,0.002303142,,,tumor|nontumor
ATP1A1,0.075711645,0.07342264,0.0022890046,,,tumor|nontumor
EMP3,0.024341177,0.022052413,0.0022887643,,,tumor|nontumor
HTATIP2,0.03970836,0.037420426,0.0022879355,,,tumor|nontumor
SEMA3C,0.034504768,0.032219507,0.0022852607,,,tumor|nontumor
ELOVL1,0.060798377,0.058519326,0.0022790506,,,tumor|nontumor
CDC42BPA,0.026749533,0.024471026,0.0022785068,,,tumor|nontumor
ZNFX1,0.032561544,0.030283807,0.0022777375,,,tumor|nontumor
GET4,0.029442953,0.027166285,0.0022766683,,,tumor|nontumor
ZDHHC5,0.053968564,0.051699825,0.002268739,,,tumor|nontumor
CFAP251,0.040003836,0.037737228,0.0022666082,,,tumor|nontumor
SIK3,0.02411971,0.021855146,0.0022645649,,,tumor|nontumor
SUN2,0.063944966,0.061680414,0.0022645518,,,tumor|nontumor
AGAP1,0.02343987,0.021180479,0.0022593904,,,tumor|nontumor
RNF14,0.028010635,0.02575208,0.002258554,,,tumor|nontumor
SESN3,0.040115573,0.037857853,0.0022577196,,,tumor|nontumor
GSK3A,0.05501799,0.05276353,0.00225446,,,tumor|nontumor
BIRC6,0.031259198,0.029005868,0.0022533294,,,tumor|nontumor
KDM2A,0.054156434,0.051903393,0.0022530407,,,tumor|nontumor
HPCAL1,0.02976117,0.027510615,0.002250554,,,tumor|nontumor
SPINT2,0.10252418,0.1002779,0.002246283,,,tumor|nontumor
ZC3H3,0.04306829,0.040825393,0.0022428967,,,tumor|nontumor
KPNA4,0.05785133,0.055608492,0.002242837,,,tumor|nontumor
NABP1,0.02955624,0.027313711,0.0022425298,,,tumor|nontumor
FGD5-AS1,0.02665491,0.024416817,0.002238093,,,tumor|nontumor
SMC5,0.022881733,0.020646999,0.0022347346,,,tumor|nontumor
RHOT2,0.024207624,0.021978037,0.0022295862,,,tumor|nontumor
RO60,0.032733984,0.030506453,0.0022275317,,,tumor|nontumor
PDZK1IP1,0.03466527,0.032439474,0.0022257976,,,tumor|nontumor
PRRC2B,0.058395814,0.0561748,0.0022210144,,,tumor|nontumor
CNIH1,0.05167384,0.049454384,0.0022194572,,,tumor|nontumor
PKN2,0.023740383,0.021521684,0.002218699,,,tumor|nontumor
UFM1,0.034625303,0.032408252,0.0022170506,,,tumor|nontumor
RBM34,0.034044527,0.031831317,0.0022132099,,,tumor|nontumor
UBE2K,0.05304718,0.050837077,0.002210103,,,tumor|nontumor
TAB2,0.023396604,0.021187136,0.0022094678,,,tumor|nontumor
POLDIP2,0.04658271,0.044374518,0.002208192,,,tumor|nontumor
UIMC1,0.030966388,0.028761268,0.0022051204,,,tumor|nontumor
ZDHHC3,0.028350377,0.026145786,0.0022045914,,,tumor|nontumor
RPL28,0.23773311,0.2355316,0.0022015125,,,tumor|nontumor
STARD3NL,0.02759386,0.025393836,0.0022000242,,,tumor|nontumor
CELSR2,0.041935544,0.03973621,0.0021993332,,,tumor|nontumor
FOSL2,0.10229572,0.10010106,0.002194658,,,tumor|nontumor
LAMTOR5,0.079842046,0.077647924,0.0021941215,,,tumor|nontumor
UBE2E3,0.055731133,0.0535376,0.002193533,,,tumor|nontumor
TBC1D14,0.022371178,0.02017866,0.0021925177,,,tumor|nontumor
VPS41,0.03151804,0.029326256,0.002191782,,,tumor|nontumor
IMP3,0.06261026,0.06043271,0.0021775514,,,tumor|nontumor
WTAP,0.07943708,0.07726398,0.002173096,,,tumor|nontumor
PPP6R3,0.041699264,0.039528307,0.0021709576,,,tumor|nontumor
TMEM179B,0.06050122,0.058337655,0.0021635666,,,tumor|nontumor
B4GALT3,0.03046849,0.02830505,0.00216344,,,tumor|nontumor
BRK1,0.078226455,0.07606441,0.0021620467,,,tumor|nontumor
SDF2,0.042020574,0.039863292,0.002157282,,,tumor|nontumor
NIPBL,0.028825419,0.02666998,0.00215544,,,tumor|nontumor
HMOX2,0.026429974,0.024282418,0.0021475554,,,tumor|nontumor
AFDN,0.040693894,0.038550265,0.002143629,,,tumor|nontumor
DCTN4,0.031234028,0.029090773,0.0021432545,,,tumor|nontumor
FAM210B,0.038155984,0.03601614,0.002139844,,,tumor|nontumor
CHMP3,0.059765484,0.057630576,0.002134908,,,tumor|nontumor
MLXIP,0.032553907,0.030423718,0.00213019,,,tumor|nontumor
LARP6,0.03808047,0.035950825,0.0021296442,,,tumor|nontumor
CLK2,0.026665369,0.024535915,0.0021294542,,,tumor|nontumor
ZMIZ1,0.036668446,0.034540225,0.002128221,,,tumor|nontumor
KMT2C,0.027009027,0.024882004,0.0021270234,,,tumor|nontumor
NRBP1,0.05968922,0.057562936,0.002126284,,,tumor|nontumor
ABL2,0.029070882,0.026945127,0.002125755,,,tumor|nontumor
CD81,0.11892057,0.11680019,0.002120383,,,tumor|nontumor
FEM1B,0.03283631,0.03072105,0.0021152608,,,tumor|nontumor
TMEM127,0.052302618,0.05018765,0.0021149665,,,tumor|nontumor
PARVB,0.032995835,0.03088216,0.0021136757,,,tumor|nontumor
RAP2C,0.02473731,0.022624088,0.0021132212,,,tumor|nontumor
RAB3GAP2,0.027387805,0.025275523,0.0021122824,,,tumor|nontumor
HDAC7,0.034688737,0.032577053,0.0021116845,,,tumor|nontumor
IAH1,0.0334548,0.031343505,0.0021112934,,,tumor|nontumor
TWSG1,0.023188286,0.021080619,0.0021076668,,,tumor|nontumor
ZBTB4,0.02882567,0.026718594,0.0021070763,,,tumor|nontumor
RARG,0.032864727,0.030759089,0.0021056384,,,tumor|nontumor
AKIRIN1,0.033852622,0.03174728,0.0021053404,,,tumor|nontumor
AUP1,0.04550508,0.04339979,0.002105292,,,tumor|nontumor
GPNMB,0.03221945,0.030115245,0.002104206,,,tumor|nontumor
VWA1,0.0229411,0.020840554,0.002100546,,,tumor|nontumor
UBE2M,0.045751546,0.043661203,0.0020903423,,,tumor|nontumor
EPSTI1,0.03200272,0.029917568,0.002085153,,,tumor|nontumor
SNX13,0.046745226,0.044661228,0.0020839982,,,tumor|nontumor
ABL1,0.037111443,0.03502958,0.0020818636,,,tumor|nontumor
CTBP1,0.045378882,0.043298908,0.0020799749,,,tumor|nontumor
SLCO2A1,0.05945187,0.057377268,0.002074603,,,tumor|nontumor
HERC4,0.022635115,0.020566368,0.0020687468,,,tumor|nontumor
CHST15,0.022947771,0.020880202,0.0020675696,,,tumor|nontumor
DGCR2,0.032668736,0.030602116,0.0020666197,,,tumor|nontumor
HRAS,0.02381113,0.021745969,0.0020651612,,,tumor|nontumor
RAB14,0.059689283,0.057626173,0.0020631105,,,tumor|nontumor
DAD1,0.044504706,0.042443026,0.00206168,,,tumor|nontumor
LGALS8,0.030461293,0.028399846,0.0020614471,,,tumor|nontumor
UBE2D2,0.11627736,0.1142185,0.0020588562,,,tumor|nontumor
AGRN,0.032693353,0.030638432,0.0020549204,,,tumor|nontumor
ATXN1,0.029408036,0.027356677,0.002051359,,,tumor|nontumor
GOLPH3,0.053726226,0.051678255,0.002047971,,,tumor|nontumor
GABARAPL2,0.038547732,0.036500286,0.0020474456,,,tumor|nontumor
MEAF6,0.06275758,0.06071151,0.002046071,,,tumor|nontumor
DEDD,0.031357475,0.029312015,0.00204546,,,tumor|nontumor
IGSF9,0.036505803,0.034462962,0.0020428412,,,tumor|nontumor
FRMD8,0.038402062,0.036362596,0.002039466,,,tumor|nontumor
TFG,0.06194895,0.05991098,0.0020379722,,,tumor|nontumor
SRRM2,0.06338426,0.061351467,0.0020327903,,,tumor|nontumor
CLN8,0.02714041,0.025107834,0.0020325761,,,tumor|nontumor
CHMP1A,0.0289063,0.026881376,0.0020249244,,,tumor|nontumor
SZRD1,0.028247042,0.026225753,0.0020212885,,,tumor|nontumor
TOR1AIP1,0.024306985,0.022286305,0.0020206794,,,tumor|nontumor
B3GALNT2,0.040950473,0.038931403,0.00201907,,,tumor|nontumor
PDCD6IP,0.03599663,0.033978112,0.0020185187,,,tumor|nontumor
UGDH,0.027065134,0.025047492,0.0020176414,,,tumor|nontumor
CDC34,0.035439793,0.033423547,0.0020162463,,,tumor|nontumor
SLC52A2,0.033527855,0.031512193,0.0020156614,,,tumor|nontumor
GNPAT,0.030786395,0.028773857,0.0020125378,,,tumor|nontumor
ATMIN,0.03494167,0.032930873,0.0020107962,,,tumor|nontumor
CPSF6,0.048255958,0.04624605,0.0020099059,,,tumor|nontumor
CYFIP1,0.06435736,0.062350925,0.0020064376,,,tumor|nontumor
VEZT,0.025316965,0.023315415,0.00200155,,,tumor|nontumor
TMPRSS11D,0.025877304,0.02387829,0.001999015,,,tumor|nontumor
RIOK3,0.044276305,0.04227747,0.0019988343,,,tumor|nontumor
SIRPA,0.042834423,0.040838335,0.0019960888,,,tumor|nontumor
MCUB,0.030842595,0.028848642,0.0019939523,,,tumor|nontumor
ETFRF1,0.03006187,0.028067991,0.0019938797,,,tumor|nontumor
TM2D3,0.027746608,0.02575287,0.001993738,,,tumor|nontumor
GNA13,0.027073404,0.025081823,0.0019915812,,,tumor|nontumor
PAX8-AS1,0.027015366,0.025027651,0.0019877143,,,tumor|nontumor
TRIM29,0.062153894,0.060167115,0.0019867793,,,tumor|nontumor
AIDA,0.052481577,0.050494988,0.0019865893,,,tumor|nontumor
MMP28,0.034502458,0.03251982,0.0019826367,,,tumor|nontumor
NDEL1,0.033617176,0.031635996,0.0019811802,,,tumor|nontumor
PTPA,0.030469524,0.028488398,0.0019811261,,,tumor|nontumor
DLEU1,0.02799249,0.026013548,0.0019789431,,,tumor|nontumor
PAQR4,0.024004057,0.022025844,0.001978213,,,tumor|nontumor
C8orf82,0.029101804,0.027123716,0.0019780882,,,tumor|nontumor
SELENOM,0.081989154,0.08001202,0.0019771308,,,tumor|nontumor
BCL7C,0.038340166,0.036372855,0.001967311,,,tumor|nontumor
APH1A,0.09078145,0.0888173,0.0019641519,,,tumor|nontumor
RAB38,0.047931794,0.045970388,0.0019614063,,,tumor|nontumor
SCYL2,0.022597002,0.020637246,0.001959756,,,tumor|nontumor
ACTR1B,0.03602277,0.034065083,0.0019576885,,,tumor|nontumor
PACS1,0.047111638,0.045163088,0.0019485503,,,tumor|nontumor
MKLN1,0.026928827,0.024980603,0.0019482244,,,tumor|nontumor
SVBP,0.029575733,0.02762795,0.0019477829,,,tumor|nontumor
EMC6,0.043485902,0.04153945,0.001946453,,,tumor|nontumor
POLR2H,0.042442873,0.040496945,0.0019459277,,,tumor|nontumor
MICALL1,0.0368275,0.03488268,0.0019448213,,,tumor|nontumor
MSC-AS1,0.025235644,0.023294643,0.001941001,,,tumor|nontumor
MIF,0.026211485,0.024271091,0.0019403938,,,tumor|nontumor
ZNF644,0.027251294,0.025311645,0.0019396488,,,tumor|nontumor
YAP1,0.029427368,0.02749813,0.0019292384,,,tumor|nontumor
C1orf198,0.023138195,0.021212718,0.0019254778,,,tumor|nontumor
RBCK1,0.051528495,0.04960566,0.0019228347,,,tumor|nontumor
S100A13,0.035061788,0.03314185,0.0019199364,,,tumor|nontumor
HMG20B,0.07175092,0.069831125,0.0019197911,,,tumor|nontumor
RBBP6,0.02773129,0.025813656,0.0019176342,,,tumor|nontumor
LTBR,0.024532389,0.022615155,0.0019172337,,,tumor|nontumor
HES1,0.027999964,0.026083283,0.0019166805,,,tumor|nontumor
MEMO1,0.033785164,0.031868864,0.0019163005,,,tumor|nontumor
CRKL,0.034937833,0.033023346,0.0019144863,,,tumor|nontumor
AKAP9,0.023516105,0.02160267,0.0019134358,,,tumor|nontumor
PSEN1,0.032312494,0.03040471,0.0019077845,,,tumor|nontumor
MAGEF1,0.023996048,0.02208846,0.001907587,,,tumor|nontumor
WWP1,0.031979688,0.030072894,0.0019067936,,,tumor|nontumor
KLHL9,0.028486775,0.026580708,0.0019060671,,,tumor|nontumor
LMAN2,0.07966552,0.077759504,0.001906015,,,tumor|nontumor
ZFAND3,0.02756938,0.02566398,0.0019054003,,,tumor|nontumor
MAF1,0.034958698,0.03305338,0.0019053183,,,tumor|nontumor
SRRM1,0.033454165,0.031549122,0.0019050427,,,tumor|nontumor
ACTN4,0.10628622,0.10438182,0.0019043982,,,tumor|nontumor
ANKFY1,0.023210842,0.02130866,0.0019021817,,,tumor|nontumor
ADAM10,0.04451664,0.042614907,0.0019017346,,,tumor|nontumor
ATXN7L3B,0.029809473,0.027911194,0.0018982794,,,tumor|nontumor
DBNL,0.047813684,0.045919392,0.0018942915,,,tumor|nontumor
PRKAR1B,0.022464672,0.020571772,0.0018929001,,,tumor|nontumor
PTBP3,0.064423166,0.06253064,0.0018925294,,,tumor|nontumor
PHACTR4,0.041711845,0.0398203,0.001891546,,,tumor|nontumor
LIMK2,0.04333451,0.0414436,0.0018909089,,,tumor|nontumor
KPNA6,0.023913436,0.022026666,0.0018867701,,,tumor|nontumor
NTAN1,0.029377988,0.027492411,0.0018855762,,,tumor|nontumor
TRAPPC3,0.06042983,0.058548238,0.001881592,,,tumor|nontumor
FKBP8,0.028576218,0.026696213,0.001880005,,,tumor|nontumor
C9orf78,0.06053015,0.05865195,0.0018781982,,,tumor|nontumor
RBPJ,0.030356424,0.028479593,0.001876831,,,tumor|nontumor
MDM2,0.025816651,0.023940278,0.0018763728,,,tumor|nontumor
DAB2IP,0.026393961,0.024518304,0.0018756576,,,tumor|nontumor
CEBPG,0.03204751,0.03017381,0.0018737,,,tumor|nontumor
NCOR1,0.02409135,0.02222598,0.0018653702,,,tumor|nontumor
RAB6A,0.044012204,0.0421476,0.0018646047,,,tumor|nontumor
HEXB,0.03569714,0.033833727,0.0018634126,,,tumor|nontumor
MARK2,0.03690311,0.035040803,0.0018623061,,,tumor|nontumor
CTDSP1,0.050356306,0.04849448,0.0018618256,,,tumor|nontumor
GPR87,0.030208157,0.028347094,0.0018610638,,,tumor|nontumor
TMEM259,0.048044503,0.0461844,0.0018601045,,,tumor|nontumor
MIR4435-2HG,0.024587471,0.022729637,0.0018578339,,,tumor|nontumor
GTF2IRD1,0.023324296,0.021469142,0.0018551536,,,tumor|nontumor
RAB1B,0.045069147,0.043215886,0.0018532611,,,tumor|nontumor
ENSG00000248973,0.030935662,0.029086327,0.0018493347,,,tumor|nontumor
SLC4A2,0.032716114,0.03086901,0.0018471032,,,tumor|nontumor
HNRNPC,0.14489944,0.14305301,0.0018464327,,,tumor|nontumor
TLK1,0.023562225,0.021716265,0.0018459596,,,tumor|nontumor
THBS2,0.025294416,0.023450468,0.0018439479,,,tumor|nontumor
RSRP1,0.022638101,0.020796249,0.0018418524,,,tumor|nontumor
BRWD1,0.026233273,0.02439389,0.0018393826,,,tumor|nontumor
ZNF598,0.03548115,0.0336454,0.0018357523,,,tumor|nontumor
CAMTA1,0.048198227,0.04636412,0.0018341057,,,tumor|nontumor
KAT6A,0.044022214,0.04218981,0.0018324032,,,tumor|nontumor
LFNG,0.022640988,0.020809906,0.0018310826,,,tumor|nontumor
GNAI3,0.08160876,0.0797801,0.0018286556,,,tumor|nontumor
VASP,0.034187403,0.03236645,0.0018209517,,,tumor|nontumor
AFTPH,0.025014352,0.023195717,0.0018186346,,,tumor|nontumor
CFDP1,0.023245772,0.021428894,0.0018168781,,,tumor|nontumor
YIF1A,0.046249144,0.044432573,0.0018165708,,,tumor|nontumor
NIPAL4,0.030376386,0.02856421,0.0018121768,,,tumor|nontumor
AVL9,0.022831168,0.021022731,0.0018084366,,,tumor|nontumor
NRBP2,0.02295993,0.021160677,0.0017992537,,,tumor|nontumor
CYTH3,0.026681762,0.024884535,0.0017972272,,,tumor|nontumor
SPINT1,0.058114875,0.056319963,0.0017949119,,,tumor|nontumor
RHOT1,0.027305644,0.025511183,0.0017944612,,,tumor|nontumor
CERT1,0.024545982,0.022753224,0.0017927587,,,tumor|nontumor
DHX15,0.042302456,0.040510707,0.0017917491,,,tumor|nontumor
GALNS,0.023146769,0.02135688,0.0017898884,,,tumor|nontumor
ARHGAP23,0.06052919,0.05874281,0.001786381,,,tumor|nontumor
ARHGEF4,0.02291588,0.021134079,0.0017818008,,,tumor|nontumor
PCNP,0.025112256,0.023331713,0.0017805435,,,tumor|nontumor
RAB25,0.026668042,0.02489114,0.001776902,,,tumor|nontumor
CIZ1,0.035819866,0.034043178,0.0017766878,,,tumor|nontumor
IGSF8,0.033459723,0.031683713,0.0017760098,,,tumor|nontumor
NCBP2,0.033714715,0.031940933,0.0017737821,,,tumor|nontumor
EPS15,0.043450147,0.04167717,0.0017729774,,,tumor|nontumor
DYNLT1,0.06317837,0.06140868,0.001769688,,,tumor|nontumor
TOLLIP,0.023044918,0.021275725,0.0017691925,,,tumor|nontumor
GTSF1,0.038194966,0.036431238,0.0017637275,,,tumor|nontumor
ATP2B4,0.04013636,0.038375195,0.0017611645,,,tumor|nontumor
MYLK,0.024061875,0.022302806,0.001759069,,,tumor|nontumor
TRIM47,0.059244182,0.057492666,0.001751516,,,tumor|nontumor
BTF3L4,0.058190797,0.056439362,0.001751434,,,tumor|nontumor
USP34,0.0408331,0.039082836,0.0017502643,,,tumor|nontumor
ACIN1,0.026632588,0.02488527,0.0017473176,,,tumor|nontumor
FZD6,0.050449938,0.048705164,0.0017447732,,,tumor|nontumor
ANKLE2,0.04835919,0.046620715,0.0017384738,,,tumor|nontumor
MRFAP1,0.046465844,0.044728037,0.001737807,,,tumor|nontumor
ATXN7L3,0.025374135,0.023643091,0.0017310437,,,tumor|nontumor
RAB11B,0.05142282,0.049692895,0.0017299242,,,tumor|nontumor
PRRC2C,0.06481077,0.06308239,0.0017283782,,,tumor|nontumor
SLC25A24,0.025583498,0.0238597,0.001723798,,,tumor|nontumor
PSMA7,0.12909545,0.12737244,0.0017230064,,,tumor|nontumor
FBH1,0.041262385,0.03954278,0.0017196052,,,tumor|nontumor
KLF13,0.03586067,0.034146663,0.0017140061,,,tumor|nontumor
SHTN1,0.022637408,0.020923747,0.0017136615,,,tumor|nontumor
GINM1,0.026436191,0.024724407,0.0017117839,,,tumor|nontumor
BAZ2B,0.022405261,0.020696174,0.0017090868,,,tumor|nontumor
SNX10,0.027132764,0.02542485,0.0017079152,,,tumor|nontumor
BLOC1S6,0.029405871,0.027700584,0.001705287,,,tumor|nontumor
BAD,0.027617801,0.025915971,0.00170183,,,tumor|nontumor
FBRSL1,0.03157846,0.029877303,0.0017011557,,,tumor|nontumor
YTHDF1,0.07867387,0.07697335,0.0017005205,,,tumor|nontumor
MEAK7,0.022012597,0.020312991,0.001699606,,,tumor|nontumor
NCK2,0.02948073,0.027783329,0.0016974006,,,tumor|nontumor
METTL9,0.025277294,0.02358206,0.0016952343,,,tumor|nontumor
TIMM9,0.023987792,0.022296485,0.0016913079,,,tumor|nontumor
SEM1,0.104622476,0.10293424,0.0016882345,,,tumor|nontumor
CELF1,0.051844995,0.050157946,0.0016870499,,,tumor|nontumor
SRSF5,0.07138945,0.06970672,0.0016827285,,,tumor|nontumor
TRAPPC8,0.027640155,0.025960293,0.0016798619,,,tumor|nontumor
TRABD,0.04604183,0.04436314,0.0016786903,,,tumor|nontumor
C1D,0.02320056,0.021523431,0.0016771294,,,tumor|nontumor
FYTTD1,0.047330145,0.045654967,0.0016751774,,,tumor|nontumor
DCBLD2,0.025368955,0.023694085,0.00167487,,,tumor|nontumor
AMOTL1,0.023359101,0.021688648,0.0016704537,,,tumor|nontumor
RABGAP1L,0.040056795,0.038387306,0.0016694888,,,tumor|nontumor
BPTF,0.030394627,0.028726544,0.0016680826,,,tumor|nontumor
XRN2,0.024795072,0.023130495,0.001664577,,,tumor|nontumor
MAP3K12,0.022899285,0.021236211,0.0016630739,,,tumor|nontumor
KIF1C,0.033674616,0.032014944,0.0016596727,,,tumor|nontumor
MED13,0.02629831,0.024639038,0.0016592722,,,tumor|nontumor
YIPF4,0.034057077,0.032397807,0.0016592704,,,tumor|nontumor
ASH1L,0.029686425,0.028027937,0.0016584881,,,tumor|nontumor
ZNF131,0.028689507,0.027031707,0.0016578007,,,tumor|nontumor
REEP3,0.042088244,0.040431388,0.0016568564,,,tumor|nontumor
RNF19A,0.029534465,0.027878815,0.0016556494,,,tumor|nontumor
MSL1,0.040308718,0.038653303,0.0016554147,,,tumor|nontumor
PEDS1,0.0497785,0.04812748,0.0016510189,,,tumor|nontumor
AP1S1,0.021963296,0.020312894,0.0016504023,,,tumor|nontumor
VEZF1,0.024446195,0.022796102,0.0016500931,,,tumor|nontumor
VPS28,0.03945081,0.03780167,0.0016491376,,,tumor|nontumor
CCZ1,0.03082823,0.029179765,0.0016484652,,,tumor|nontumor
MAPK6,0.06749944,0.0658531,0.0016463399,,,tumor|nontumor
SMOC1,0.041281797,0.03963818,0.0016436167,,,tumor|nontumor
RAP2A,0.024202686,0.022563478,0.0016392078,,,tumor|nontumor
TMEM43,0.03796626,0.036329053,0.0016372055,,,tumor|nontumor
ATP2A2,0.096871294,0.095236406,0.0016348884,,,tumor|nontumor
CCNYL1,0.021721741,0.02008718,0.0016345605,,,tumor|nontumor
DYNLL1,0.1949431,0.19331026,0.0016328394,,,tumor|nontumor
OSBPL9,0.032441862,0.030809857,0.001632005,,,tumor|nontumor
VPS35,0.04050343,0.038878836,0.0016245954,,,tumor|nontumor
SAP30BP,0.024768243,0.023144638,0.0016236044,,,tumor|nontumor
DAP,0.04576393,0.04414106,0.0016228668,,,tumor|nontumor
SLC1A4,0.04797387,0.046351027,0.0016228445,,,tumor|nontumor
GLUD1,0.037752826,0.03613325,0.0016195774,,,tumor|nontumor
NCOR2,0.06260531,0.060987085,0.0016182214,,,tumor|nontumor
NDFIP1,0.07374017,0.0721225,0.0016176701,,,tumor|nontumor
HSBP1,0.074518576,0.07290561,0.0016129687,,,tumor|nontumor
AGO4,0.02269509,0.021085106,0.0016099848,,,tumor|nontumor
AFF4,0.029428024,0.027818063,0.0016099606,,,tumor|nontumor
CD46,0.07592494,0.07431738,0.0016075596,,,tumor|nontumor
NBEAL1,0.03151605,0.029912142,0.001603907,,,tumor|nontumor
DNAAF5,0.033469778,0.031866137,0.0016036406,,,tumor|nontumor
CIRBP,0.080619924,0.0790221,0.0015978217,,,tumor|nontumor
TMED7,0.029035976,0.02743824,0.001597736,,,tumor|nontumor
RUFY1,0.039238974,0.03764133,0.0015976429,,,tumor|nontumor
SRSF11,0.089173526,0.08757717,0.001596354,,,tumor|nontumor
SLC15A4,0.02543244,0.023840217,0.0015922226,,,tumor|nontumor
TSPAN17,0.03513169,0.033541985,0.0015897043,,,tumor|nontumor
VGLL4,0.022446815,0.020858653,0.001588162,,,tumor|nontumor
CREB1,0.030231928,0.028644016,0.0015879124,,,tumor|nontumor
LPGAT1,0.03181286,0.030224958,0.0015879031,,,tumor|nontumor
SEZ6L2,0.024585811,0.022998683,0.0015871283,,,tumor|nontumor
ZMIZ2,0.047103062,0.045516446,0.001586616,,,tumor|nontumor
IQCG,0.025092239,0.023509132,0.0015831068,,,tumor|nontumor
GOLGA3,0.035366435,0.033783406,0.0015830286,,,tumor|nontumor
RHOQ,0.027593497,0.026012152,0.0015813448,,,tumor|nontumor
TMEM87B,0.026567703,0.024986632,0.001581071,,,tumor|nontumor
SP3,0.029829262,0.028248873,0.0015803892,,,tumor|nontumor
RSRC2,0.032694876,0.031114722,0.0015801545,,,tumor|nontumor
PTPRA,0.031239128,0.029661424,0.0015777033,,,tumor|nontumor
MLX,0.025288064,0.02371175,0.0015763137,,,tumor|nontumor
DNAJB1,0.112491846,0.11091586,0.0015759841,,,tumor|nontumor
PPP3CA,0.03206395,0.030491374,0.0015725754,,,tumor|nontumor
POGZ,0.03018502,0.028613873,0.0015711468,,,tumor|nontumor
EP300,0.04556987,0.04399916,0.001570709,,,tumor|nontumor
RNF126,0.03939948,0.037829723,0.0015697554,,,tumor|nontumor
PIGT,0.04587039,0.044302396,0.0015679933,,,tumor|nontumor
WDR43,0.037107676,0.035548285,0.0015593916,,,tumor|nontumor
MTX2,0.030902425,0.029344432,0.0015579928,,,tumor|nontumor
RPL39L,0.060068745,0.058512278,0.0015564673,,,tumor|nontumor
TSPO,0.13041188,0.12885694,0.0015549362,,,tumor|nontumor
CAVIN1,0.10774421,0.10619153,0.0015526786,,,tumor|nontumor
CLIP1,0.058103215,0.056553014,0.0015502013,,,tumor|nontumor
EMC2,0.022637673,0.02108793,0.0015497431,,,tumor|nontumor
EAPP,0.0401097,0.03856,0.0015497021,,,tumor|nontumor
ZNF655,0.0308069,0.029263072,0.0015438274,,,tumor|nontumor
TIMMDC1,0.034514386,0.03297056,0.0015438274,,,tumor|nontumor
IRF2BP2,0.30474284,0.30319926,0.0015435815,,,tumor|nontumor
MICAL2,0.023005785,0.021463443,0.0015423428,,,tumor|nontumor
RPS4Y1,0.11915215,0.117610164,0.0015419871,,,tumor|nontumor
ATP11B,0.027328528,0.02578835,0.0015401784,,,tumor|nontumor
UBE2R2,0.05337985,0.05184253,0.0015373193,,,tumor|nontumor
KCTD2,0.022104593,0.020567566,0.0015370268,,,tumor|nontumor
PRELID3B,0.0368859,0.035348877,0.0015370212,,,tumor|nontumor
RC3H2,0.022577638,0.021040745,0.0015368927,,,tumor|nontumor
UBE3C,0.031403758,0.02986882,0.001534937,,,tumor|nontumor
MYL9,0.032743637,0.031209495,0.0015341416,,,tumor|nontumor
PIP5K1A,0.02390628,0.022373335,0.0015329439,,,tumor|nontumor
MBD6,0.022787828,0.021256866,0.0015309621,,,tumor|nontumor
USP33,0.022637822,0.02110775,0.0015300717,,,tumor|nontumor
PIAS3,0.03183775,0.030307919,0.0015298314,,,tumor|nontumor
HBP1,0.027172495,0.025647534,0.0015249606,,,tumor|nontumor
POLD4,0.023462884,0.021941531,0.0015213527,,,tumor|nontumor
ARL2BP,0.04246603,0.040946573,0.0015194565,,,tumor|nontumor
KLF16,0.033284944,0.03176667,0.0015182719,,,tumor|nontumor
RPL6,0.12260711,0.12109065,0.0015164614,,,tumor|nontumor
SCAMP1,0.041189615,0.039675847,0.001513768,,,tumor|nontumor
HNRNPA0,0.06501912,0.063510485,0.0015086383,,,tumor|nontumor
SUCO,0.028013647,0.026506474,0.0015071724,,,tumor|nontumor
ITFG1,0.03138218,0.029876359,0.001505822,,,tumor|nontumor
CPNE1,0.06917408,0.0676719,0.0015021786,,,tumor|nontumor
MYOF,0.026343618,0.024847904,0.0014957134,,,tumor|nontumor
LAMP1,0.12320698,0.12171429,0.001492694,,,tumor|nontumor
MYO1C,0.051383562,0.049891245,0.0014923178,,,tumor|nontumor
NXN,0.022657026,0.021164775,0.0014922507,,,tumor|nontumor
MRPL36,0.04294086,0.041449055,0.0014918037,,,tumor|nontumor
THOC2,0.024776032,0.023286229,0.0014898032,,,tumor|nontumor
PRXL2A,0.052257463,0.05076773,0.0014897324,,,tumor|nontumor
CPD,0.030209744,0.028720902,0.0014888421,,,tumor|nontumor
YME1L1,0.043877933,0.042393487,0.0014844462,,,tumor|nontumor
AURKAIP1,0.050657555,0.04917406,0.0014834963,,,tumor|nontumor
PARD6G,0.030471137,0.028988171,0.0014829654,,,tumor|nontumor
PTP4A2,0.07907849,0.077600636,0.0014778525,,,tumor|nontumor
RAPH1,0.0241133,0.022637013,0.001476286,,,tumor|nontumor
CLIC4,0.07778522,0.07630953,0.0014756918,,,tumor|nontumor
NSMCE2,0.022888672,0.021416482,0.00147219,,,tumor|nontumor
OGA,0.04374947,0.042277943,0.0014715269,,,tumor|nontumor
FURIN,0.03946052,0.037991434,0.0014690869,,,tumor|nontumor
MRPL55,0.027065676,0.02559925,0.0014664251,,,tumor|nontumor
RNF141,0.026353939,0.024887703,0.0014662351,,,tumor|nontumor
SENP5,0.036458794,0.034993246,0.0014655478,,,tumor|nontumor
BUD31,0.021955652,0.020491151,0.001464501,,,tumor|nontumor
TMEM33,0.036181286,0.03471885,0.0014624372,,,tumor|nontumor
HELZ,0.023452735,0.021997796,0.0014549382,,,tumor|nontumor
IRF2BPL,0.03181206,0.030359443,0.0014526173,,,tumor|nontumor
CD109,0.03615997,0.034708522,0.0014514476,,,tumor|nontumor
FAM91A1,0.03502477,0.03357357,0.001451198,,,tumor|nontumor
CDK2AP1,0.051937774,0.05048902,0.0014487542,,,tumor|nontumor
ODF2L,0.026699826,0.02525134,0.001448486,,,tumor|nontumor
FAM110A,0.02282894,0.021381112,0.0014478285,,,tumor|nontumor
TMCO1,0.044331584,0.042885233,0.0014463514,,,tumor|nontumor
VAMP2,0.03742426,0.035977934,0.0014463253,,,tumor|nontumor
MFSD14B,0.02936382,0.02791784,0.0014459807,,,tumor|nontumor
METTL5,0.041419785,0.039974272,0.0014455132,,,tumor|nontumor
SUMF2,0.055672128,0.054229546,0.0014425814,,,tumor|nontumor
ARID1A,0.04669483,0.045252364,0.0014424659,,,tumor|nontumor
FCF1,0.0250861,0.02364375,0.0014423486,,,tumor|nontumor
FBXO28,0.022709262,0.02126829,0.0014409721,,,tumor|nontumor
ENSG00000260877,0.041483145,0.040043626,0.0014395192,,,tumor|nontumor
ZFC3H1,0.023243506,0.021805173,0.0014383327,,,tumor|nontumor
UBE2A,0.0647791,0.06334447,0.0014346316,,,tumor|nontumor
UBE2Z,0.028052462,0.026617883,0.0014345795,,,tumor|nontumor
RALBP1,0.03781564,0.03638851,0.0014271326,,,tumor|nontumor
INAVA,0.05709561,0.055668883,0.0014267266,,,tumor|nontumor
ERGIC1,0.04602741,0.044604115,0.0014232956,,,tumor|nontumor
DNAJB9,0.03429294,0.032870013,0.0014229268,,,tumor|nontumor
AUTS2,0.0238264,0.022404967,0.001421433,,,tumor|nontumor
HSPA1A,0.06629885,0.06487912,0.0014197305,,,tumor|nontumor
TMEM41A,0.036020078,0.034605455,0.0014146231,,,tumor|nontumor
TMEM9,0.03275882,0.031344246,0.0014145747,,,tumor|nontumor
BTBD2,0.03701713,0.035603028,0.0014141016,,,tumor|nontumor
RNF114,0.032680973,0.03126806,0.0014129132,,,tumor|nontumor
LTBP4,0.02591515,0.024502806,0.0014123432,,,tumor|nontumor
NRAS,0.028095838,0.026685853,0.0014099851,,,tumor|nontumor
SLC9A3R1,0.032784075,0.03137649,0.001407586,,,tumor|nontumor
TMEM256,0.030034745,0.028628387,0.0014063586,,,tumor|nontumor
TSKU,0.022250656,0.020845752,0.0014049038,,,tumor|nontumor
ELOF1,0.021506283,0.020102669,0.0014036149,,,tumor|nontumor
FERMT1,0.047501627,0.046099268,0.0014023595,,,tumor|nontumor
COL18A1,0.035196774,0.033794753,0.0014020205,,,tumor|nontumor
PPP3R1,0.024730444,0.02333084,0.0013996046,,,tumor|nontumor
ACTR2,0.056876134,0.055476766,0.001399368,,,tumor|nontumor
SLC20A1,0.042825174,0.04142683,0.0013983436,,,tumor|nontumor
ACP5,0.038154446,0.036756404,0.0013980418,,,tumor|nontumor
RNF121,0.07232417,0.07092778,0.0013963953,,,tumor|nontumor
PIM3,0.043274228,0.041878022,0.0013962053,,,tumor|nontumor
ADD1,0.038767982,0.03737213,0.0013958514,,,tumor|nontumor
EEA1,0.025781084,0.02438899,0.0013920944,,,tumor|nontumor
SETD5,0.02334887,0.021957267,0.0013916027,,,tumor|nontumor
INTS1,0.023596259,0.02220506,0.0013911985,,,tumor|nontumor
PPCS,0.055879846,0.054489885,0.0013899617,,,tumor|nontumor
ISCA1,0.02697341,0.025584249,0.0013891608,,,tumor|nontumor
CORO1C,0.04300184,0.041613802,0.0013880394,,,tumor|nontumor
GNPNAT1,0.029829558,0.02844168,0.0013878774,,,tumor|nontumor
RREB1,0.023766864,0.022379393,0.0013874713,,,tumor|nontumor
ROCK2,0.025459532,0.024073701,0.0013858303,,,tumor|nontumor
ENSG00000230021,0.034823216,0.033437785,0.0013854317,,,tumor|nontumor
SEC62,0.050187886,0.04880366,0.0013842247,,,tumor|nontumor
NAA30,0.026871238,0.025490355,0.0013808832,,,tumor|nontumor
TXNDC12,0.02137475,0.019997137,0.0013776142,,,tumor|nontumor
MMADHC,0.035476066,0.03409962,0.0013764463,,,tumor|nontumor
RBX1,0.10818878,0.1068125,0.0013762787,,,tumor|nontumor
SELENOK,0.03877993,0.037404507,0.0013754219,,,tumor|nontumor
AAK1,0.03356429,0.032189026,0.0013752617,,,tumor|nontumor
CCZ1B,0.03535689,0.033982463,0.0013744272,,,tumor|nontumor
NUFIP2,0.050859082,0.049487047,0.0013720356,,,tumor|nontumor
HDLBP,0.0812642,0.07989228,0.0013719201,,,tumor|nontumor
TMEM45A,0.024363035,0.022991603,0.0013714321,,,tumor|nontumor
ASAP2,0.02571723,0.024354093,0.0013631377,,,tumor|nontumor
FAM222B,0.025846047,0.024483453,0.0013625938,,,tumor|nontumor
DAGLB,0.025109494,0.02374722,0.0013622735,,,tumor|nontumor
BCL2L13,0.032943588,0.031581465,0.0013621226,,,tumor|nontumor
GRN,0.23581316,0.2344517,0.0013614595,,,tumor|nontumor
CHST11,0.033399556,0.032048013,0.0013515428,,,tumor|nontumor
RETREG3,0.029397028,0.028047755,0.0013492722,,,tumor|nontumor
UGP2,0.023606602,0.022257436,0.001349166,,,tumor|nontumor
RNF135,0.025166726,0.02381795,0.0013487749,,,tumor|nontumor
SPTLC1,0.0485424,0.04719873,0.0013436675,,,tumor|nontumor
GNAL,0.026750663,0.025409216,0.0013414472,,,tumor|nontumor
MAP4,0.07202377,0.0706841,0.001339674,,,tumor|nontumor
GLO1,0.07224913,0.070910186,0.0013389438,,,tumor|nontumor
TSG101,0.030018039,0.028680036,0.0013380032,,,tumor|nontumor
NXF1,0.023568314,0.022231322,0.0013369918,,,tumor|nontumor
USP7,0.060404167,0.059069414,0.0013347529,,,tumor|nontumor
MESD,0.038268924,0.03693451,0.0013344139,,,tumor|nontumor
SLC39A9,0.029316051,0.027981946,0.0013341047,,,tumor|nontumor
RIC8A,0.02398549,0.022653429,0.0013320614,,,tumor|nontumor
CIAO1,0.048079282,0.046747237,0.0013320446,,,tumor|nontumor
SETX,0.024137508,0.022807172,0.0013303366,,,tumor|nontumor
AEBP1,0.03947702,0.03814904,0.0013279803,,,tumor|nontumor
TRIP12,0.04471916,0.04339231,0.0013268478,,,tumor|nontumor
TCF12,0.026490418,0.025163796,0.0013266224,,,tumor|nontumor
GSK3B,0.036205582,0.03487974,0.001325842,,,tumor|nontumor
FBXO45,0.039303504,0.0379827,0.0013208054,,,tumor|nontumor
SARS1,0.03388538,0.03256662,0.0013187602,,,tumor|nontumor
PPP6C,0.03080292,0.029486759,0.0013161618,,,tumor|nontumor
SMCHD1,0.034314282,0.03300272,0.001311563,,,tumor|nontumor
SETBP1,0.027471427,0.02616307,0.0013083573,,,tumor|nontumor
SPEN,0.031385355,0.030077836,0.0013075192,,,tumor|nontumor
FBXO25,0.033261243,0.03195589,0.0013053529,,,tumor|nontumor
BCAS3,0.0282022,0.02690104,0.0013011601,,,tumor|nontumor
IL15RA,0.026408259,0.025109975,0.0012982842,,,tumor|nontumor
CAPZB,0.09732433,0.096027195,0.0012971312,,,tumor|nontumor
EPHX1,0.033250213,0.031953417,0.0012967959,,,tumor|nontumor
EIF4H,0.061178964,0.05988303,0.0012959354,,,tumor|nontumor
NAGK,0.023870818,0.022575503,0.0012953151,,,tumor|nontumor
IFI44,0.030516857,0.029227344,0.001289513,,,tumor|nontumor
ANTXR1,0.026115576,0.024826296,0.0012892801,,,tumor|nontumor
RASGEF1A,0.022913834,0.021626338,0.0012874957,,,tumor|nontumor
DEXI,0.022376508,0.021089617,0.0012868904,,,tumor|nontumor
NFE2L2,0.036229875,0.034943398,0.0012864769,,,tumor|nontumor
ZNF207,0.087885775,0.08660345,0.0012823269,,,tumor|nontumor
CHMP5,0.027709568,0.026427701,0.0012818668,,,tumor|nontumor
MYO5A,0.022902455,0.021621387,0.0012810677,,,tumor|nontumor
INTS15,0.026281932,0.025002278,0.001279654,,,tumor|nontumor
KLHL7,0.028267387,0.026993323,0.0012740642,,,tumor|nontumor
ENSG00000263244,0.026582181,0.025309142,0.0012730397,,,tumor|nontumor
MCC,0.03145415,0.0301824,0.0012717489,,,tumor|nontumor
DR1,0.06253984,0.06127085,0.0012689866,,,tumor|nontumor
DENR,0.04569023,0.044425674,0.0012645572,,,tumor|nontumor
AOPEP,0.040501557,0.039239973,0.0012615845,,,tumor|nontumor
EMC7,0.043273177,0.042015154,0.0012580231,,,tumor|nontumor
PANK2,0.028834514,0.027577339,0.0012571756,,,tumor|nontumor
ARHGEF12,0.026569542,0.025314337,0.0012552049,,,tumor|nontumor
SPPL2A,0.032611884,0.031368002,0.0012438819,,,tumor|nontumor
VAMP3,0.048193343,0.046950348,0.0012429953,,,tumor|nontumor
SPAG9,0.029478967,0.028236376,0.0012425911,,,tumor|nontumor
GRPEL2,0.02241306,0.021170825,0.0012422353,,,tumor|nontumor
CUL4A,0.024181813,0.022943314,0.0012384988,,,tumor|nontumor
RAB34,0.03835486,0.037116706,0.0012381524,,,tumor|nontumor
SMAD5,0.023217885,0.021980176,0.0012377091,,,tumor|nontumor
STYX,0.024881134,0.0236469,0.0012342334,,,tumor|nontumor
DUSP22,0.03136963,0.030135889,0.0012337416,,,tumor|nontumor
CTNNB1,0.09034085,0.0891124,0.0012284517,,,tumor|nontumor
EIF4A3,0.05108211,0.049854007,0.0012281016,,,tumor|nontumor
PLXNA1,0.04670466,0.04547802,0.0012266412,,,tumor|nontumor
ZNF623,0.02406485,0.022842633,0.0012222175,,,tumor|nontumor
NXT1,0.033012137,0.031792462,0.001219675,,,tumor|nontumor
RANBP2,0.039420865,0.038201485,0.0012193806,,,tumor|nontumor
UBXN4,0.025948515,0.024731612,0.0012169033,,,tumor|nontumor
TRPC4AP,0.033321165,0.03210434,0.0012168251,,,tumor|nontumor
UBA1,0.08496161,0.08374776,0.0012138486,,,tumor|nontumor
ABHD17A,0.023066161,0.021855686,0.0012104753,,,tumor|nontumor
TUBB4B,0.13470626,0.13349856,0.0012076944,,,tumor|nontumor
AGPS,0.025654428,0.024446845,0.0012075827,,,tumor|nontumor
BAK1,0.03192656,0.03072034,0.0012062211,,,tumor|nontumor
CHASERR,0.029354168,0.028148314,0.0012058541,,,tumor|nontumor
CARM1,0.02906857,0.027863696,0.0012048744,,,tumor|nontumor
ZFYVE9,0.032240264,0.031035572,0.0012046918,,,tumor|nontumor
B4GALT5,0.030508947,0.029316165,0.0011927821,,,tumor|nontumor
UHMK1,0.061672088,0.060479563,0.001192525,,,tumor|nontumor
GABARAP,0.0240153,0.02282366,0.0011916403,,,tumor|nontumor
PNPLA2,0.037717644,0.03652685,0.0011907928,,,tumor|nontumor
INPPL1,0.026023772,0.024833763,0.0011900086,,,tumor|nontumor
FAT2,0.10930518,0.108117566,0.0011876151,,,tumor|nontumor
GPAT4,0.03218905,0.031006677,0.0011823718,,,tumor|nontumor
TNIP1,0.024197863,0.023017697,0.0011801664,,,tumor|nontumor
VDAC3,0.06322742,0.06204738,0.0011800416,,,tumor|nontumor
PHF14,0.0382361,0.037057374,0.0011787266,,,tumor|nontumor
YES1,0.03541914,0.03424084,0.0011783019,,,tumor|nontumor
STING1,0.036873914,0.035695646,0.0011782683,,,tumor|nontumor
LHFPL2,0.030436072,0.029261388,0.0011746846,,,tumor|nontumor
MKRN1,0.029100895,0.02792743,0.0011734646,,,tumor|nontumor
RTF2,0.039664995,0.038498927,0.001166068,,,tumor|nontumor
ASAP1,0.022476,0.021311676,0.0011643246,,,tumor|nontumor
PMVK,0.02508088,0.023916679,0.0011642016,,,tumor|nontumor
MIER1,0.034021188,0.032857034,0.0011641532,,,tumor|nontumor
C11orf80,0.029829597,0.028666511,0.0011630859,,,tumor|nontumor
CHPF,0.02957806,0.028418208,0.0011598524,,,tumor|nontumor
RPL36,0.43041682,0.42925805,0.0011587739,,,tumor|nontumor
MZT2A,0.03404859,0.032890208,0.0011583827,,,tumor|nontumor
NUP50-DT,0.022962859,0.02180489,0.0011579692,,,tumor|nontumor
EXOC7,0.022700742,0.021546267,0.0011544749,,,tumor|nontumor
TAOK3,0.031740457,0.030588023,0.0011524335,,,tumor|nontumor
APMAP,0.075349376,0.07419727,0.0011521056,,,tumor|nontumor
MYO18A,0.026972435,0.025821013,0.001151422,,,tumor|nontumor
MOB4,0.036319107,0.035169944,0.0011491627,,,tumor|nontumor
SRSF7,0.05974253,0.05859691,0.0011456199,,,tumor|nontumor
COP1,0.042539727,0.041394487,0.0011452399,,,tumor|nontumor
LAD1,0.09197331,0.090830036,0.0011432767,,,tumor|nontumor
BCL2L1,0.031690612,0.0305485,0.0011421125,,,tumor|nontumor
VAPB,0.021866972,0.020724965,0.0011420064,,,tumor|nontumor
PITPNB,0.047443397,0.04630552,0.0011378787,,,tumor|nontumor
HDGFL3,0.02428428,0.023147607,0.0011366736,,,tumor|nontumor
RNF10,0.030881673,0.029745879,0.0011357944,,,tumor|nontumor
CAPN15,0.03085156,0.02971584,0.0011357199,,,tumor|nontumor
FIBP,0.0644806,0.06334597,0.001134634,,,tumor|nontumor
FLRT3,0.028069826,0.026935956,0.0011338703,,,tumor|nontumor
MACROH2A1,0.09799256,0.096859254,0.0011333078,,,tumor|nontumor
DLG5,0.02179596,0.020663332,0.001132628,,,tumor|nontumor
SPG7,0.025935292,0.024803942,0.0011313502,,,tumor|nontumor
ECPAS,0.05420553,0.0530747,0.0011308305,,,tumor|nontumor
FAF2,0.028524075,0.027402887,0.0011211876,,,tumor|nontumor
SENP2,0.023180787,0.022063127,0.0011176597,,,tumor|nontumor
GPBP1,0.029368736,0.028252443,0.0011162926,,,tumor|nontumor
EIF5,0.0728149,0.071700916,0.001113981,,,tumor|nontumor
RRP7A,0.03583419,0.034720637,0.0011135526,,,tumor|nontumor
BRD9,0.030796655,0.02968376,0.0011128951,,,tumor|nontumor
TMEM185B,0.024551759,0.023438996,0.0011127628,,,tumor|nontumor
KATNBL1,0.022249892,0.021139711,0.0011101812,,,tumor|nontumor
ATF1,0.022040581,0.020931793,0.001108788,,,tumor|nontumor
DCAF6,0.024624573,0.023516294,0.0011082795,,,tumor|nontumor
ANKIB1,0.0243959,0.023288244,0.0011076555,,,tumor|nontumor
ADRM1,0.02333751,0.022231696,0.0011058133,,,tumor|nontumor
PLPP1,0.031936124,0.03083047,0.0011056531,,,tumor|nontumor
AGTRAP,0.029383799,0.028279532,0.0011042673,,,tumor|nontumor
SKI,0.046777293,0.04567363,0.001103662,,,tumor|nontumor
BEX3,0.036849458,0.035749346,0.0011001118,,,tumor|nontumor
SSH1,0.022896284,0.021797301,0.001098983,,,tumor|nontumor
SUZ12,0.026393892,0.025295926,0.001097966,,,tumor|nontumor
MKNK1,0.025674477,0.024581721,0.0010927562,,,tumor|nontumor
MRPL37,0.048801295,0.047709353,0.0010919422,,,tumor|nontumor
MGAT4B,0.043660056,0.042568862,0.0010911934,,,tumor|nontumor
TRIP10,0.023318937,0.022228448,0.0010904893,,,tumor|nontumor
IST1,0.037787054,0.03669667,0.001090385,,,tumor|nontumor
DSC3,0.309816,0.30872667,0.0010893345,,,tumor|nontumor
AKIRIN2,0.028551115,0.027462268,0.0010888465,,,tumor|nontumor
SLC7A5,0.05354279,0.052456796,0.0010859929,,,tumor|nontumor
C6orf62,0.06819779,0.06711699,0.0010807961,,,tumor|nontumor
ADSS2,0.034612235,0.033532213,0.0010800213,,,tumor|nontumor
SNX1,0.023301125,0.022222683,0.0010784417,,,tumor|nontumor
MAVS,0.024051964,0.02297739,0.0010745749,,,tumor|nontumor
OSBPL8,0.02569372,0.02461961,0.0010741111,,,tumor|nontumor
SENP6,0.022916593,0.021843322,0.001073271,,,tumor|nontumor
SRP68,0.032927614,0.031855542,0.0010720715,,,tumor|nontumor
PSMD9,0.0261583,0.025087737,0.0010705628,,,tumor|nontumor
AFF1,0.031468537,0.030399548,0.0010689888,,,tumor|nontumor
RTCA,0.03157403,0.030509526,0.0010645036,,,tumor|nontumor
ALS2,0.02225474,0.021191105,0.0010636356,,,tumor|nontumor
KIF1B,0.031501558,0.030444795,0.0010567624,,,tumor|nontumor
RANBP1,0.067553475,0.06649915,0.0010543242,,,tumor|nontumor
GARS1,0.05452858,0.053474434,0.0010541454,,,tumor|nontumor
COL6A3,0.08684664,0.08579325,0.0010533929,,,tumor|nontumor
TRIP6,0.032539614,0.031487335,0.001052279,,,tumor|nontumor
KAZN,0.02375185,0.022700274,0.001051575,,,tumor|nontumor
COA6,0.030929368,0.029879529,0.001049839,,,tumor|nontumor
LBH,0.031016504,0.029967623,0.0010488816,,,tumor|nontumor
TM9SF3,0.070087105,0.06903872,0.0010483861,,,tumor|nontumor
MIR23AHG,0.029392049,0.028345782,0.0010462664,,,tumor|nontumor
GLTP,0.034796394,0.033751253,0.0010451414,,,tumor|nontumor
RCN2,0.021439146,0.020395188,0.0010439586,,,tumor|nontumor
ZNF638,0.028006438,0.02696461,0.0010418277,,,tumor|nontumor
AGO3,0.02730412,0.026262691,0.0010414291,,,tumor|nontumor
MFSD5,0.026015593,0.024975311,0.0010402817,,,tumor|nontumor
FTX,0.028298527,0.027258435,0.0010400917,,,tumor|nontumor
ARMC10,0.026467418,0.025432663,0.0010347553,,,tumor|nontumor
FNTA,0.045628536,0.04459512,0.0010334179,,,tumor|nontumor
SLC20A2,0.047483053,0.046450082,0.0010329708,,,tumor|nontumor
RSRC1,0.022741197,0.021708759,0.0010324381,,,tumor|nontumor
NMD3,0.029149078,0.02811664,0.0010324381,,,tumor|nontumor
RAP1A,0.03845746,0.03742547,0.0010319911,,,tumor|nontumor
GTF2H5,0.033862732,0.032830827,0.0010319054,,,tumor|nontumor
UBR5,0.03390436,0.032872997,0.0010313615,,,tumor|nontumor
PPP1CA,0.0651265,0.06409847,0.0010280311,,,tumor|nontumor
PDAP1,0.03625487,0.035227917,0.0010269545,,,tumor|nontumor
SCP2,0.056408387,0.05538518,0.0010232069,,,tumor|nontumor
PFN1,0.32445157,0.3234292,0.0010223687,,,tumor|nontumor
SURF4,0.056548018,0.055526186,0.0010218322,,,tumor|nontumor
SRF,0.02238236,0.021361455,0.0010209046,,,tumor|nontumor
IARS2,0.0372314,0.036211457,0.0010199435,,,tumor|nontumor
WNK1,0.04691544,0.045895714,0.0010197274,,,tumor|nontumor
NT5C,0.023963865,0.022944422,0.0010194425,,,tumor|nontumor
ACTA2,0.08343718,0.08242008,0.0010171011,,,tumor|nontumor
IPPK,0.021984909,0.020970011,0.0010148976,,,tumor|nontumor
ATP6V1B2,0.029653821,0.028639045,0.0010147765,,,tumor|nontumor
SS18,0.050554708,0.04954386,0.0010108463,,,tumor|nontumor
SLC10A3,0.021076433,0.020065874,0.0010105595,,,tumor|nontumor
TMEM11,0.02420731,0.023197884,0.001009427,,,tumor|nontumor
CIAO2B,0.025795344,0.024786409,0.0010089353,,,tumor|nontumor
GFUS,0.051626947,0.050624184,0.0010027625,,,tumor|nontumor
UBE2H,0.04570916,0.04470726,0.0010018982,,,tumor|nontumor
EIF3D,0.099131666,0.09813042,0.0010012463,,,tumor|nontumor
GOLGA8B,0.026606217,0.025605774,0.0010004435,,,tumor|nontumor
CAPG,0.10159412,0.10059422,0.0009998977,,,tumor|nontumor
PPIC,0.038849454,0.037849646,0.0009998083,,,tumor|nontumor
SLC24A3,0.03286675,0.031867176,0.0009995736,,,tumor|nontumor
SFXN1,0.022067545,0.021069111,0.0009984337,,,tumor|nontumor
NDUFB4,0.0736819,0.07268454,0.0009973571,,,tumor|nontumor
CDIPT,0.041057993,0.0400621,0.000995893,,,tumor|nontumor
HPRT1,0.02618675,0.0251928,0.0009939484,,,tumor|nontumor
MAPKAP1,0.030925041,0.02993251,0.000992531,,,tumor|nontumor
RTF1,0.031861156,0.030870823,0.000990333,,,tumor|nontumor
SMG1,0.028533652,0.027544335,0.0009893179,,,tumor|nontumor
PATL1,0.03912826,0.038141016,0.0009872429,,,tumor|nontumor
EVI5,0.023429697,0.022442978,0.0009867195,,,tumor|nontumor
C11orf24,0.029743187,0.028758105,0.0009850822,,,tumor|nontumor
YIPF1,0.022629254,0.021644223,0.0009850301,,,tumor|nontumor
CCT6A,0.1096526,0.108669676,0.0009829253,,,tumor|nontumor
MRPL57,0.021802345,0.02082115,0.0009811949,,,tumor|nontumor
USP24,0.041327152,0.04034622,0.0009809323,,,tumor|nontumor
NEK9,0.022977881,0.021997524,0.0009803567,,,tumor|nontumor
PICALM,0.04289189,0.041915063,0.000976827,,,tumor|nontumor
COMMD5,0.02476563,0.023789564,0.0009760652,,,tumor|nontumor
GYS1,0.024491133,0.023515651,0.00097548217,,,tumor|nontumor
ATG12,0.023936737,0.022966178,0.0009705592,,,tumor|nontumor
ATP6V1C1,0.02561078,0.024641477,0.0009693038,,,tumor|nontumor
SLBP,0.024106164,0.023136953,0.00096921064,,,tumor|nontumor
WDR5,0.022064243,0.021096392,0.0009678509,,,tumor|nontumor
ARFGEF2,0.026492404,0.025525663,0.0009667408,,,tumor|nontumor
PRKAR2A,0.028765408,0.027801676,0.0009637326,,,tumor|nontumor
SMIM26,0.023584152,0.022620706,0.00096344575,,,tumor|nontumor
FAM114A1,0.023314655,0.022355746,0.00095890835,,,tumor|nontumor
TMEM14A,0.039523013,0.03856446,0.00095855445,,,tumor|nontumor
UNC50,0.03411222,0.033153825,0.00095839426,,,tumor|nontumor
RNH1,0.03637687,0.035419725,0.0009571463,,,tumor|nontumor
ZMYM4,0.02851018,0.027553761,0.000956418,,,tumor|nontumor
CHD3,0.024673447,0.023717957,0.0009554904,,,tumor|nontumor
WDR72,0.03250445,0.031550225,0.00095422566,,,tumor|nontumor
HEBP2,0.085929975,0.08497678,0.0009531975,,,tumor|nontumor
METTL17,0.039428618,0.03847642,0.0009521991,,,tumor|nontumor
RTKN,0.022584677,0.021632835,0.0009518415,,,tumor|nontumor
C11orf58,0.034195866,0.033244144,0.00095172226,,,tumor|nontumor
PDXK,0.039859325,0.03890892,0.0009504035,,,tumor|nontumor
CCDC50,0.029668706,0.02872006,0.0009486452,,,tumor|nontumor
TMEM131,0.032247398,0.031298794,0.0009486042,,,tumor|nontumor
DPM1,0.026266742,0.025320815,0.0009459276,,,tumor|nontumor
TXNDC9,0.02268847,0.021742554,0.0009459164,,,tumor|nontumor
GGNBP2,0.034582987,0.033640943,0.00094204396,,,tumor|nontumor
FLII,0.031772394,0.030831302,0.00094109215,,,tumor|nontumor
PSMF1,0.047995895,0.047055464,0.0009404309,,,tumor|nontumor
UQCRC1,0.024570746,0.023633914,0.0009368323,,,tumor|nontumor
THRAP3,0.056060918,0.05512677,0.00093414634,,,tumor|nontumor
PGRMC2,0.03145861,0.030524636,0.0009339731,,,tumor|nontumor
TMEM106C,0.025508082,0.024579419,0.0009286627,,,tumor|nontumor
UBALD2,0.08096005,0.0800369,0.0009231493,,,tumor|nontumor
TMED2,0.14901127,0.1480884,0.0009228736,,,tumor|nontumor
SIAH2,0.022164783,0.021245535,0.00091924705,,,tumor|nontumor
ASCC2,0.027435012,0.026516486,0.0009185262,,,tumor|nontumor
C5orf22,0.02353485,0.022616822,0.000918027,,,tumor|nontumor
TCFL5,0.021731723,0.020813815,0.0009179078,,,tumor|nontumor
DHX33,0.022583196,0.021665968,0.00091722794,,,tumor|nontumor
FUBP1,0.027445676,0.026529718,0.0009159576,,,tumor|nontumor
RPL22L1,0.03672218,0.035807192,0.0009149872,,,tumor|nontumor
SBNO1,0.024013242,0.023100339,0.0009129029,,,tumor|nontumor
TADA3,0.032541748,0.031629812,0.00091193616,,,tumor|nontumor
DENND2B,0.0530254,0.052115038,0.00091036037,,,tumor|nontumor
IFI27L2,0.032387465,0.03147903,0.0009084344,,,tumor|nontumor
PSMB5,0.04252226,0.04161703,0.00090523064,,,tumor|nontumor
ESRRA,0.02995445,0.029053085,0.00090136565,,,tumor|nontumor
NFE2L1,0.06451228,0.063612394,0.0008998886,,,tumor|nontumor
TBRG4,0.038185466,0.037289605,0.00089586154,,,tumor|nontumor
JARID2,0.027879938,0.026985783,0.00089415535,,,tumor|nontumor
TSNAX,0.02726614,0.026373105,0.00089303404,,,tumor|nontumor
HACD3,0.04251447,0.04162212,0.0008923486,,,tumor|nontumor
NETO2,0.02163008,0.020738957,0.00089112297,,,tumor|nontumor
ANAPC16,0.035952374,0.035062794,0.0008895807,,,tumor|nontumor
ZZZ3,0.025883408,0.024999294,0.00088411383,,,tumor|nontumor
PPP1R12C,0.025525149,0.024643058,0.000882091,,,tumor|nontumor
ZDHHC9,0.030199716,0.029319262,0.00088045374,,,tumor|nontumor
ADK,0.025693739,0.02481452,0.0008792188,,,tumor|nontumor
MRPS35,0.121685185,0.12080827,0.000876911,,,tumor|nontumor
YIPF2,0.021476759,0.020600297,0.0008764621,,,tumor|nontumor
SF3B6,0.038934574,0.0380624,0.0008721724,,,tumor|nontumor
CBX4,0.026644025,0.025775012,0.00086901337,,,tumor|nontumor
PHF20L1,0.024520708,0.023652853,0.0008678548,,,tumor|nontumor
FCHSD2,0.023870828,0.023004184,0.0008666441,,,tumor|nontumor
SEPTIN2,0.09019878,0.08933583,0.0008629486,,,tumor|nontumor
GGA1,0.022934072,0.022072343,0.00086172856,,,tumor|nontumor
FAF1,0.047525458,0.046664204,0.0008612536,,,tumor|nontumor
WDR36,0.02366723,0.022806246,0.0008609835,,,tumor|nontumor
SMG7,0.022543183,0.021685446,0.0008577369,,,tumor|nontumor
MARK1,0.02759486,0.026741581,0.0008532796,,,tumor|nontumor
RNF181,0.02962588,0.028774021,0.0008518584,,,tumor|nontumor
ESRP1,0.02865823,0.027807029,0.0008512009,,,tumor|nontumor
BOD1,0.028409518,0.027558608,0.0008509103,,,tumor|nontumor
LARP4B,0.025780471,0.024931483,0.0008489881,,,tumor|nontumor
LMF2,0.026581744,0.025732772,0.0008489713,,,tumor|nontumor
NUP50,0.040264163,0.03941577,0.0008483939,,,tumor|nontumor
LAMTOR1,0.09063241,0.089786455,0.0008459538,,,tumor|nontumor
CREBZF,0.025389753,0.024545478,0.0008442756,,,tumor|nontumor
MTAP,0.03345117,0.032610245,0.0008409247,,,tumor|nontumor
RAB3IP,0.02489759,0.024056677,0.0008409135,,,tumor|nontumor
EWSR1,0.05365299,0.052813746,0.0008392446,,,tumor|nontumor
HIPK3,0.038784664,0.037948478,0.0008361861,,,tumor|nontumor
SF3A3,0.035220474,0.034384534,0.00083594024,,,tumor|nontumor
GOSR1,0.025837667,0.025002927,0.0008347407,,,tumor|nontumor
PYGB,0.026007203,0.025173359,0.00083384477,,,tumor|nontumor
HOXB7,0.021775622,0.02094696,0.000828661,,,tumor|nontumor
EMD,0.04858684,0.047758263,0.00082857907,,,tumor|nontumor
POMGNT1,0.031860754,0.03103367,0.00082708336,,,tumor|nontumor
LUC7L3,0.052064728,0.051238682,0.00082604587,,,tumor|nontumor
COA3,0.03587117,0.035045426,0.0008257441,,,tumor|nontumor
SCOC,0.02334283,0.022517875,0.00082495436,,,tumor|nontumor
NDUFC2,0.02260918,0.021784231,0.0008249488,,,tumor|nontumor
GNG5,0.05216871,0.051346697,0.0008220114,,,tumor|nontumor
PRKCA,0.029088473,0.028267432,0.00082104094,,,tumor|nontumor
KLHL5,0.027161246,0.026344225,0.00081702136,,,tumor|nontumor
FOXK2,0.032480855,0.031664018,0.00081683695,,,tumor|nontumor
PSMG2,0.03370341,0.032890398,0.0008130111,,,tumor|nontumor
BTBD1,0.025321636,0.024514318,0.00080731884,,,tumor|nontumor
EIF2S1,0.03604287,0.03523651,0.0008063577,,,tumor|nontumor
RALY,0.052610535,0.051805705,0.00080483034,,,tumor|nontumor
PUS7,0.026647672,0.025843276,0.00080439635,,,tumor|nontumor
ADO,0.022809854,0.022006247,0.0008036066,,,tumor|nontumor
POLE4,0.039278496,0.038476698,0.00080179796,,,tumor|nontumor
ENSG00000291186,0.027894652,0.0270965,0.0007981509,,,tumor|nontumor
RIN2,0.033080067,0.03228323,0.00079683587,,,tumor|nontumor
ARL2,0.02231865,0.021529466,0.0007891841,,,tumor|nontumor
CYTH1,0.02485412,0.024065156,0.00078896433,,,tumor|nontumor
CNN2,0.08726681,0.08647996,0.00078684837,,,tumor|nontumor
TWF1,0.02723468,0.02645058,0.0007840991,,,tumor|nontumor
CTBP2,0.02691361,0.026132783,0.00078082643,,,tumor|nontumor
ATP6V1F,0.058910005,0.05812919,0.0007808134,,,tumor|nontumor
CUL3,0.0326204,0.031840336,0.0007800646,,,tumor|nontumor
SLK,0.026858611,0.026079712,0.0007788986,,,tumor|nontumor
ZCRB1,0.022855757,0.02207708,0.00077867694,,,tumor|nontumor
VPS4A,0.028168222,0.02738973,0.00077849254,,,tumor|nontumor
RNF34,0.023796672,0.023022942,0.00077372976,,,tumor|nontumor
RNF139,0.03336956,0.032599084,0.0007704757,,,tumor|nontumor
TMEM165,0.033231713,0.03246478,0.00076693296,,,tumor|nontumor
ARID1B,0.047385026,0.046622228,0.0007627979,,,tumor|nontumor
TMEM181,0.024307208,0.023545757,0.0007614512,,,tumor|nontumor
PGM2,0.025412649,0.024652308,0.00076034106,,,tumor|nontumor
RSL24D1,0.029007245,0.028248504,0.00075874105,,,tumor|nontumor
MCRIP1,0.026035877,0.025278414,0.0007574633,,,tumor|nontumor
NT5DC2,0.028565524,0.027808512,0.0007570125,,,tumor|nontumor
PSMD5,0.024773186,0.024017014,0.00075617246,,,tumor|nontumor
CNOT6,0.030490456,0.029736435,0.0007540211,,,tumor|nontumor
FOXN3,0.032411885,0.031660344,0.00075154006,,,tumor|nontumor
TUBB2A,0.046198644,0.045450404,0.00074823946,,,tumor|nontumor
TIAL1,0.029677726,0.028932422,0.0007453039,,,tumor|nontumor
MID1IP1,0.025614453,0.024871262,0.0007431917,,,tumor|nontumor
COL1A2,0.26742187,0.26667967,0.00074219704,,,tumor|nontumor
RASAL2,0.04342881,0.04268793,0.0007408783,,,tumor|nontumor
NFATC2IP,0.02968399,0.028943263,0.0007407274,,,tumor|nontumor
EMILIN2,0.024651896,0.023912625,0.0007392708,,,tumor|nontumor
DRG1,0.024440436,0.0237031,0.00073733553,,,tumor|nontumor
VPS29,0.04015212,0.039415434,0.00073668733,,,tumor|nontumor
TENT2,0.02171975,0.020983623,0.0007361267,,,tumor|nontumor
MRPL17,0.023475625,0.02274071,0.0007349141,,,tumor|nontumor
SEC11A,0.042705357,0.04197283,0.0007325262,,,tumor|nontumor
NFIA,0.04368039,0.04294844,0.00073194876,,,tumor|nontumor
CANT1,0.027699571,0.026970297,0.000729274,,,tumor|nontumor
TIMP2,0.055849835,0.05512114,0.0007286966,,,tumor|nontumor
ZNF248,0.043805134,0.04307657,0.0007285625,,,tumor|nontumor
ORMDL2,0.03880429,0.038077578,0.000726711,,,tumor|nontumor
RBM15B,0.02785605,0.027129663,0.0007263869,,,tumor|nontumor
N4BP1,0.041894916,0.04116997,0.0007249452,,,tumor|nontumor
FBXW2,0.021126648,0.02040572,0.0007209275,,,tumor|nontumor
NEFL,0.08490783,0.08418967,0.00071816146,,,tumor|nontumor
RARS1,0.024704486,0.023988146,0.0007163398,,,tumor|nontumor
SIPA1L1,0.02354282,0.022831209,0.00071161054,,,tumor|nontumor
BNIP2,0.029665451,0.028954493,0.0007109586,,,tumor|nontumor
GDE1,0.02462381,0.023913927,0.000709882,,,tumor|nontumor
TRIM16,0.025217233,0.024507863,0.0007093698,,,tumor|nontumor
MX2,0.045103993,0.044395734,0.00070825964,,,tumor|nontumor
B4GALT2,0.05247724,0.051769238,0.0007080026,,,tumor|nontumor
ATXN10,0.058073733,0.057367336,0.000706397,,,tumor|nontumor
CAMKK2,0.023687808,0.02298207,0.0007057376,,,tumor|nontumor
SLAIN2,0.03985914,0.039154507,0.0007046312,,,tumor|nontumor
VPS72,0.02412268,0.023418982,0.000703698,,,tumor|nontumor
SBNO2,0.03000128,0.0293003,0.0007009804,,,tumor|nontumor
SAR1A,0.036527652,0.03582676,0.000700891,,,tumor|nontumor
SBDS,0.034860168,0.034159437,0.00070073083,,,tumor|nontumor
ESYT1,0.028733995,0.02803612,0.0006978754,,,tumor|nontumor
HSPA1B,0.022057764,0.021361774,0.0006959904,,,tumor|nontumor
PNRC2,0.030332657,0.029638505,0.00069415197,,,tumor|nontumor
PRDX3,0.024223918,0.023529906,0.00069401227,,,tumor|nontumor
RHBDF2,0.022360263,0.021666715,0.00069354847,,,tumor|nontumor
MAP3K7,0.02227906,0.02158573,0.0006933287,,,tumor|nontumor
RANGAP1,0.03965987,0.03896665,0.00069322065,,,tumor|nontumor
TCEA1,0.031621207,0.030933661,0.00068754517,,,tumor|nontumor
MAST2,0.024846029,0.024159374,0.0006866548,,,tumor|nontumor
CEP170B,0.025363665,0.024677096,0.00068656914,,,tumor|nontumor
DUSP1,0.025954373,0.025269793,0.00068457983,,,tumor|nontumor
TMEM69,0.021194743,0.02051381,0.0006809328,,,tumor|nontumor
RALGAPB,0.025294658,0.024614463,0.00068019517,,,tumor|nontumor
AMZ2,0.04137513,0.04069515,0.00067998096,,,tumor|nontumor
DGUOK,0.038017564,0.0373385,0.00067906454,,,tumor|nontumor
PFDN4,0.023622256,0.022945063,0.0006771926,,,tumor|nontumor
ZNF451,0.02191408,0.021238364,0.0006757155,,,tumor|nontumor
CMTM6,0.050546937,0.049871992,0.0006749444,,,tumor|nontumor
DDX56,0.024727436,0.02405531,0.0006721262,,,tumor|nontumor
LYPLA2,0.039631,0.03895947,0.000671532,,,tumor|nontumor
MMP2,0.029070143,0.028403869,0.00066627376,,,tumor|nontumor
MZT2B,0.0833076,0.08264231,0.00066529214,,,tumor|nontumor
RAB3GAP1,0.026199656,0.025534552,0.000665104,,,tumor|nontumor
SLC30A9,0.02768215,0.027017377,0.00066477247,,,tumor|nontumor
KLC1,0.031566437,0.030909829,0.0006566085,,,tumor|nontumor
PKP4,0.028877389,0.028225182,0.00065220706,,,tumor|nontumor
RFTN1,0.027269797,0.02661805,0.000651747,,,tumor|nontumor
OCIAD1,0.046799984,0.04614843,0.0006515533,,,tumor|nontumor
MRPL14,0.033910446,0.033259224,0.0006512217,,,tumor|nontumor
NDUFS2,0.07682772,0.07617678,0.0006509423,,,tumor|nontumor
TTC1,0.025597284,0.024948388,0.0006488953,,,tumor|nontumor
PPIG,0.031993438,0.0313454,0.0006480366,,,tumor|nontumor
DMWD,0.024983926,0.02433591,0.0006480161,,,tumor|nontumor
EFCAB14,0.038874626,0.038227823,0.0006468035,,,tumor|nontumor
SNRPB2,0.035860028,0.03522199,0.0006380379,,,tumor|nontumor
MUC20-OT1,0.030126302,0.02948867,0.00063763186,,,tumor|nontumor
TNPO2,0.03237253,0.03173532,0.0006372109,,,tumor|nontumor
CYC1,0.047779478,0.047144175,0.00063530356,,,tumor|nontumor
ICE1,0.028517723,0.027885543,0.0006321799,,,tumor|nontumor
NBR1,0.02196066,0.02133015,0.000630511,,,tumor|nontumor
GOLGB1,0.02507949,0.024449619,0.0006298721,,,tumor|nontumor
YIPF3,0.03925934,0.03863259,0.0006267503,,,tumor|nontumor
JUND,0.16898829,0.1683618,0.0006264895,,,tumor|nontumor
GOLM2,0.022907034,0.022283461,0.0006235726,,,tumor|nontumor
HCP5,0.023776354,0.023153367,0.00062298775,,,tumor|nontumor
TMED3,0.045173056,0.04455016,0.0006228946,,,tumor|nontumor
MYO19,0.02183379,0.021213317,0.0006204732,,,tumor|nontumor
C2orf69,0.031605035,0.030985689,0.0006193463,,,tumor|nontumor
TMEM237,0.037536584,0.036920134,0.00061644986,,,tumor|nontumor
MTCH2,0.028484002,0.027870327,0.0006136745,,,tumor|nontumor
LSM1,0.03234899,0.031735983,0.0006130077,,,tumor|nontumor
NCLN,0.024381073,0.023768414,0.0006126594,,,tumor|nontumor
DPY19L4,0.021927398,0.021315377,0.0006120205,,,tumor|nontumor
EXT2,0.031478338,0.030867163,0.00061117485,,,tumor|nontumor
FAM3C,0.02364312,0.023037653,0.00060546584,,,tumor|nontumor
KHDRBS1,0.055100523,0.054496136,0.0006043874,,,tumor|nontumor
NAP1L4,0.030657122,0.030053424,0.0006036982,,,tumor|nontumor
GTF2A2,0.040552996,0.039949685,0.00060331076,,,tumor|nontumor
LRRC58,0.028054385,0.027451757,0.0006026272,,,tumor|nontumor
CST3,0.17772481,0.17712404,0.0006007701,,,tumor|nontumor
MAP1B,0.022515254,0.021915413,0.00059984066,,,tumor|nontumor
TTC19,0.025206396,0.024607103,0.00059929304,,,tumor|nontumor
MEN1,0.023481218,0.022883585,0.0005976334,,,tumor|nontumor
NEO1,0.02190108,0.02130716,0.00059392117,,,tumor|nontumor
DTD1,0.030559834,0.029973073,0.00058676116,,,tumor|nontumor
COPS5,0.033272088,0.03268732,0.00058476627,,,tumor|nontumor
EI24,0.053187925,0.052603647,0.00058427826,,,tumor|nontumor
ZNF593,0.022225123,0.021643769,0.0005813539,,,tumor|nontumor
AMFR,0.02288689,0.022307321,0.0005795695,,,tumor|nontumor
NUP133,0.031078696,0.030500878,0.0005778186,,,tumor|nontumor
NSUN2,0.058312446,0.05773853,0.0005739145,,,tumor|nontumor
PRDX4,0.032560013,0.031988204,0.0005718097,,,tumor|nontumor
TSR3,0.041077215,0.04050603,0.00057118386,,,tumor|nontumor
ADNP,0.051822063,0.051251378,0.0005706847,,,tumor|nontumor
YWHAB,0.18850489,0.1879348,0.0005700886,,,tumor|nontumor
ABHD12,0.030032117,0.029463623,0.0005684942,,,tumor|nontumor
MAZ,0.10362595,0.10305848,0.0005674735,,,tumor|nontumor
KHDC4,0.031236235,0.030673355,0.0005628802,,,tumor|nontumor
MTHFD1L,0.025662147,0.025101196,0.0005609505,,,tumor|nontumor
NUP42,0.02864803,0.028089233,0.00055879727,,,tumor|nontumor
NUMBL,0.022154715,0.02159623,0.00055848435,,,tumor|nontumor
ORC2,0.022772165,0.022218503,0.00055366196,,,tumor|nontumor
YWHAH,0.08670417,0.08615383,0.0005503446,,,tumor|nontumor
WASHC5,0.028089222,0.027539719,0.00054950267,,,tumor|nontumor
VBP1,0.03341975,0.032872174,0.0005475767,,,tumor|nontumor
ERICH1,0.02887936,0.028332012,0.0005473476,,,tumor|nontumor
MEA1,0.024874441,0.024336595,0.00053784624,,,tumor|nontumor
SERPINB6,0.02423853,0.023702499,0.000536032,,,tumor|nontumor
RPS6KA4,0.026613614,0.026077928,0.00053568557,,,tumor|nontumor
IER5L,0.027320744,0.026785316,0.0005354285,,,tumor|nontumor
GLUL,0.047102246,0.046569146,0.0005331002,,,tumor|nontumor
POLR2F,0.07019763,0.06966943,0.000528194,,,tumor|nontumor
CDC42EP4,0.056902505,0.056376893,0.0005256124,,,tumor|nontumor
IL20RB,0.02329199,0.022767952,0.00052403845,,,tumor|nontumor
PDE6D,0.024562916,0.02404007,0.00052284636,,,tumor|nontumor
TGOLN2,0.03563334,0.03511099,0.00052234903,,,tumor|nontumor
VCL,0.064367354,0.06384946,0.0005178973,,,tumor|nontumor
TARS1,0.029497776,0.028980574,0.00051720254,,,tumor|nontumor
RPS19BP1,0.046557095,0.04604006,0.00051703304,,,tumor|nontumor
MCMBP,0.023213832,0.022700662,0.0005131699,,,tumor|nontumor
DERL1,0.048885375,0.04837293,0.0005124435,,,tumor|nontumor
C1orf122,0.06503448,0.064522244,0.00051223487,,,tumor|nontumor
ZNF703,0.021907462,0.021396544,0.000510918,,,tumor|nontumor
PTEN,0.038680226,0.038169548,0.0005106777,,,tumor|nontumor
PSMD7,0.047222905,0.046718568,0.00050433725,,,tumor|nontumor
PITX1,0.03928833,0.03878609,0.0005022399,,,tumor|nontumor
TPR,0.027860347,0.027358884,0.0005014632,,,tumor|nontumor
ITGB1BP1,0.03824188,0.037740964,0.0005009137,,,tumor|nontumor
EIF4EBP2,0.035698093,0.035198487,0.00049960613,,,tumor|nontumor
TXN2,0.03377261,0.033274397,0.0004982129,,,tumor|nontumor
PRKRA,0.036304634,0.03580655,0.0004980825,,,tumor|nontumor
CREBBP,0.03573078,0.03523271,0.0004980676,,,tumor|nontumor
SUGT1,0.02280824,0.02231284,0.0004954003,,,tumor|nontumor
GPR107,0.026088908,0.025594112,0.0004947968,,,tumor|nontumor
MRPL42,0.022670394,0.022175802,0.0004945919,,,tumor|nontumor
SAMD4B,0.032895107,0.032402318,0.00049278885,,,tumor|nontumor
NEDD4L,0.02716783,0.026675897,0.0004919339,,,tumor|nontumor
RNF115,0.022874616,0.022383055,0.00049156137,,,tumor|nontumor
RNF7,0.059083804,0.058595836,0.00048796833,,,tumor|nontumor
SMIM14,0.023639882,0.023153715,0.00048616715,,,tumor|nontumor
DUOXA1,0.022463514,0.021979067,0.00048444606,,,tumor|nontumor
YARS1,0.029095279,0.028610986,0.00048429333,,,tumor|nontumor
SLC25A36,0.02743376,0.02694983,0.0004839301,,,tumor|nontumor
RNF44,0.024860024,0.024376431,0.00048359297,,,tumor|nontumor
HGSNAT,0.07086352,0.07038233,0.00048119575,,,tumor|nontumor
CDC27,0.02259825,0.022118062,0.00048018806,,,tumor|nontumor
DYNC1LI2,0.056558106,0.05607861,0.00047949702,,,tumor|nontumor
ZRANB2,0.05261454,0.05213511,0.00047942996,,,tumor|nontumor
PRR14L,0.026657432,0.026181063,0.00047636963,,,tumor|nontumor
MIR4458HG,0.047339246,0.04686522,0.00047402456,,,tumor|nontumor
IP6K2,0.022655345,0.022181438,0.00047390722,,,tumor|nontumor
AP2B1,0.045639623,0.045168,0.00047162175,,,tumor|nontumor
PSME4,0.02921011,0.028739534,0.00047057495,,,tumor|nontumor
FAM172A,0.0254478,0.024978237,0.00046956353,,,tumor|nontumor
RPF1,0.023418581,0.02295173,0.00046685152,,,tumor|nontumor
PHF20,0.025687456,0.025220666,0.00046679005,,,tumor|nontumor
NAA20,0.052123684,0.051659223,0.00046446174,,,tumor|nontumor
SAP30L,0.021913681,0.021453235,0.00046044588,,,tumor|nontumor
TRIM8,0.024099309,0.02364151,0.00045779906,,,tumor|nontumor
POLR2J,0.04161216,0.04115452,0.00045764074,,,tumor|nontumor
NENF,0.04064762,0.040190615,0.0004570037,,,tumor|nontumor
DESI2,0.04170034,0.041244693,0.0004556477,,,tumor|nontumor
TCF3,0.05443105,0.05397712,0.00045393035,,,tumor|nontumor
ALG2,0.022591988,0.022138426,0.00045356154,,,tumor|nontumor
BRD2,0.04502614,0.04457466,0.0004514791,,,tumor|nontumor
PGRMC1,0.050371528,0.04992209,0.00044943765,,,tumor|nontumor
PPP4R3B,0.032284774,0.03183537,0.00044940412,,,tumor|nontumor
ISG20L2,0.021276757,0.02083129,0.0004454665,,,tumor|nontumor
XPOT,0.024316426,0.023873292,0.00044313446,,,tumor|nontumor
LRPAP1,0.03238465,0.03195095,0.0004336983,,,tumor|nontumor
EIF5B,0.060529694,0.06009644,0.000433255,,,tumor|nontumor
YTHDF3,0.0375615,0.037129156,0.0004323423,,,tumor|nontumor
PSMD10,0.02396799,0.023538314,0.00042967685,,,tumor|nontumor
GNL2,0.029485337,0.029059498,0.0004258398,,,tumor|nontumor
DDX21,0.044231012,0.04380742,0.00042359158,,,tumor|nontumor
CSNK1D,0.02904058,0.028626146,0.00041443482,,,tumor|nontumor
CAMSAP2,0.026369486,0.025956305,0.00041318126,,,tumor|nontumor
MYO6,0.030591065,0.030178206,0.00041285902,,,tumor|nontumor
OPA1,0.039843906,0.039431866,0.00041203946,,,tumor|nontumor
MOB1A,0.053444892,0.053033676,0.00041121617,,,tumor|nontumor
SPG21,0.05215643,0.051745757,0.00041067228,,,tumor|nontumor
ANXA7,0.024775699,0.02436611,0.00040958822,,,tumor|nontumor
BLVRB,0.023093613,0.02268407,0.0004095435,,,tumor|nontumor
POP7,0.022681262,0.022272423,0.00040883943,,,tumor|nontumor
DUOX1,0.034247763,0.033841353,0.00040641055,,,tumor|nontumor
PRMT2,0.0452268,0.04482158,0.00040522218,,,tumor|nontumor
SCAF11,0.058911555,0.058506925,0.00040462986,,,tumor|nontumor
PHPT1,0.033229418,0.032824833,0.00040458515,,,tumor|nontumor
NIFK,0.03409086,0.033687357,0.00040350482,,,tumor|nontumor
STRN4,0.04560192,0.045198675,0.00040324405,,,tumor|nontumor
ZFAND6,0.03501969,0.03461775,0.00040193647,,,tumor|nontumor
CD164,0.04484144,0.044441033,0.00040040538,,,tumor|nontumor
PPP2R5A,0.028594995,0.028195929,0.00039906614,,,tumor|nontumor
BROX,0.024350462,0.023952102,0.0003983602,,,tumor|nontumor
NCOA6,0.026254462,0.025859663,0.00039479882,,,tumor|nontumor
TNPO3,0.02596119,0.025568577,0.00039261393,,,tumor|nontumor
TTLL12,0.025667736,0.025275264,0.00039247237,,,tumor|nontumor
PPIE,0.04019508,0.03980622,0.0003888607,,,tumor|nontumor
SLFN5,0.033737488,0.033355456,0.00038203225,,,tumor|nontumor
EHD4,0.028115263,0.027733373,0.00038189068,,,tumor|nontumor
TMEM138,0.034743767,0.034366526,0.00037724152,,,tumor|nontumor
RBM5,0.030196782,0.029825466,0.00037131645,,,tumor|nontumor
RNF167,0.032290675,0.031923708,0.00036696717,,,tumor|nontumor
NADK,0.0233651,0.023000484,0.0003646165,,,tumor|nontumor
FBRS,0.024849644,0.024486922,0.0003627222,,,tumor|nontumor
CNOT7,0.02594109,0.025578996,0.0003620945,,,tumor|nontumor
STAT3,0.04265815,0.042297367,0.0003607832,,,tumor|nontumor
ATP6AP2,0.073882245,0.07352224,0.0003600046,,,tumor|nontumor
NCBP2AS2,0.037889384,0.037530217,0.0003591664,,,tumor|nontumor
DESI1,0.021789463,0.021431077,0.00035838597,,,tumor|nontumor
ADPRS,0.022086892,0.0217287,0.00035819225,,,tumor|nontumor
ELF4,0.028302178,0.027944405,0.00035777315,,,tumor|nontumor
PNPT1,0.022558868,0.022201564,0.00035730377,,,tumor|nontumor
CYTH2,0.027759256,0.027403463,0.00035579316,,,tumor|nontumor
HMGXB3,0.022252211,0.021896483,0.00035572797,,,tumor|nontumor
PTGES3,0.09511225,0.09475665,0.0003556013,,,tumor|nontumor
ENSG00000223393,0.021928824,0.021573652,0.0003551729,,,tumor|nontumor
BTBD6,0.032256737,0.031904068,0.0003526695,,,tumor|nontumor
NT5C3A,0.027725536,0.027373804,0.0003517326,,,tumor|nontumor
KCND3,0.030123385,0.029772967,0.00035041757,,,tumor|nontumor
PPHLN1,0.035035115,0.034685165,0.00034995005,,,tumor|nontumor
ESD,0.023715923,0.023366561,0.00034936145,,,tumor|nontumor
ATG101,0.024042312,0.023695078,0.0003472343,,,tumor|nontumor
GRB2,0.0648999,0.06455293,0.0003469661,,,tumor|nontumor
ETFA,0.023884768,0.023539554,0.00034521334,,,tumor|nontumor
DERL2,0.024933614,0.024588548,0.0003450662,,,tumor|nontumor
FUNDC2,0.025508357,0.025164409,0.0003439486,,,tumor|nontumor
TCF20,0.03704617,0.03670266,0.00034351274,,,tumor|nontumor
SMC6,0.021886872,0.021548346,0.00033852644,,,tumor|nontumor
COMMD4,0.02332102,0.022983579,0.00033744052,,,tumor|nontumor
RING1,0.025106847,0.024769649,0.00033719838,,,tumor|nontumor
YRDC,0.026776709,0.026441416,0.0003352929,,,tumor|nontumor
BANF1,0.14200334,0.14166978,0.0003335625,,,tumor|nontumor
AP3B1,0.023282228,0.022950033,0.0003321953,,,tumor|nontumor
MXRA5,0.033303812,0.032973576,0.0003302358,,,tumor|nontumor
IDH2,0.024142653,0.023815233,0.0003274195,,,tumor|nontumor
BBLN,0.026478373,0.026153618,0.00032475404,,,tumor|nontumor
KCTD15,0.025110392,0.024785686,0.00032470562,,,tumor|nontumor
ARL6IP1,0.091324784,0.09100029,0.00032449514,,,tumor|nontumor
PTPN14,0.03131097,0.030987153,0.000323819,,,tumor|nontumor
DYRK1A,0.025902828,0.025581779,0.00032104924,,,tumor|nontumor
MMGT1,0.03166208,0.03134373,0.00031835213,,,tumor|nontumor
MFF,0.037726656,0.037408628,0.00031802803,,,tumor|nontumor
ST14,0.03869364,0.03837594,0.0003177002,,,tumor|nontumor
PYGO2,0.027633054,0.027318262,0.00031479262,,,tumor|nontumor
SDCCAG8,0.05420206,0.053890828,0.0003112331,,,tumor|nontumor
SON,0.07051187,0.07020636,0.00030551106,,,tumor|nontumor
COX7A2L,0.045064338,0.044759344,0.00030499324,,,tumor|nontumor
YTHDC1,0.02199374,0.021690378,0.00030336156,,,tumor|nontumor
CEP350,0.026485782,0.026184637,0.00030114502,,,tumor|nontumor
POLR2K,0.05006603,0.04976518,0.00030085072,,,tumor|nontumor
SRSF6,0.07278544,0.072484955,0.00030048192,,,tumor|nontumor
FMR1,0.029571664,0.029275056,0.0002966076,,,tumor|nontumor
SLC29A1,0.023346305,0.02305006,0.0002962444,,,tumor|nontumor
TOP1,0.046434626,0.04613902,0.0002956055,,,tumor|nontumor
UBTF,0.025822686,0.025530053,0.00029263273,,,tumor|nontumor
FXR1,0.027250465,0.026958052,0.00029241294,,,tumor|nontumor
PIGX,0.040053643,0.039764155,0.00028948858,,,tumor|nontumor
SPINK6,0.02419812,0.023909854,0.0002882667,,,tumor|nontumor
TM9SF2,0.08199718,0.08171096,0.0002862215,,,tumor|nontumor
MMP9,0.030857569,0.030572003,0.00028556585,,,tumor|nontumor
UPF2,0.023295218,0.023010463,0.0002847556,,,tumor|nontumor
NFATC3,0.023986086,0.02370203,0.0002840571,,,tumor|nontumor
COPZ1,0.071602665,0.07132065,0.00028201193,,,tumor|nontumor
ARPC5,0.10873151,0.10845008,0.00028143078,,,tumor|nontumor
UFD1,0.02811986,0.027839838,0.00028002262,,,tumor|nontumor
RPL7L1,0.024349825,0.024070194,0.00027963147,,,tumor|nontumor
SLC39A4,0.025810208,0.025531698,0.00027851015,,,tumor|nontumor
BAZ2A,0.025754416,0.02547627,0.00027814694,,,tumor|nontumor
COA1,0.02426721,0.023991674,0.0002755355,,,tumor|nontumor
CBX1,0.021084681,0.020812375,0.00027230568,,,tumor|nontumor
DCTN2,0.04811272,0.04784081,0.00027190894,,,tumor|nontumor
RPL36A,0.021452943,0.021184696,0.00026824698,,,tumor|nontumor
TTL,0.04690031,0.04663335,0.00026695803,,,tumor|nontumor
CCNQ,0.026423572,0.026158325,0.00026524626,,,tumor|nontumor
SNAP29,0.022457806,0.02219394,0.00026386604,,,tumor|nontumor
NAE1,0.022282368,0.022019982,0.00026238523,,,tumor|nontumor
MRPS26,0.020699855,0.020438736,0.00026111864,,,tumor|nontumor
SMIM22,0.024524394,0.024264093,0.00026030093,,,tumor|nontumor
ARFGEF1,0.029150877,0.02889279,0.00025808625,,,tumor|nontumor
INTS13,0.051162433,0.050904837,0.00025759637,,,tumor|nontumor
BRD4,0.052786905,0.05252964,0.00025726482,,,tumor|nontumor
PPP2R2A,0.034405038,0.034147862,0.00025717542,,,tumor|nontumor
TFCP2,0.02597369,0.025717348,0.0002563428,,,tumor|nontumor
YLPM1,0.022105984,0.021851003,0.00025498122,,,tumor|nontumor
RNF220,0.058069527,0.05781482,0.00025470555,,,tumor|nontumor
TOMM20,0.09799791,0.09774781,0.0002501011,,,tumor|nontumor
NUP153,0.028232262,0.027987324,0.00024493784,,,tumor|nontumor
DDX6,0.02898435,0.028741162,0.00024318695,,,tumor|nontumor
TMCC1,0.025445903,0.02520296,0.00024294294,,,tumor|nontumor
WWOX,0.027674284,0.027434586,0.00023969822,,,tumor|nontumor
OSBP,0.031972516,0.03173573,0.0002367869,,,tumor|nontumor
ANXA2,0.70501566,0.7047793,0.00023633242,,,tumor|nontumor
SP1,0.023973687,0.023742955,0.00023073144,,,tumor|nontumor
CHURC1,0.023780897,0.023550885,0.00023001246,,,tumor|nontumor
NIP7,0.021971278,0.021741457,0.00022982061,,,tumor|nontumor
EHMT1,0.022087006,0.02185786,0.00022914633,,,tumor|nontumor
GHITM,0.043266904,0.04303885,0.00022805482,,,tumor|nontumor
ARPP19,0.046269353,0.04604179,0.00022756308,,,tumor|nontumor
SNHG17,0.026320795,0.026093815,0.00022698008,,,tumor|nontumor
TMEM50B,0.029327394,0.02910046,0.00022693537,,,tumor|nontumor
GPATCH8,0.02274191,0.022518063,0.0002238471,,,tumor|nontumor
SPTAN1,0.06178013,0.06155677,0.00022335723,,,tumor|nontumor
ANKRD11,0.022939093,0.022716371,0.00022272207,,,tumor|nontumor
SBF1,0.022889238,0.022667177,0.00022206083,,,tumor|nontumor
DNPEP,0.024002,0.023784153,0.00021784753,,,tumor|nontumor
ENTR1,0.027232047,0.027016949,0.00021509826,,,tumor|nontumor
HES4,0.026532978,0.02631862,0.00021435693,,,tumor|nontumor
TM9SF4,0.022017658,0.02180405,0.00021360815,,,tumor|nontumor
RSL1D1,0.034966655,0.03475415,0.00021250546,,,tumor|nontumor
MAPK9,0.032380547,0.032171074,0.00020947307,,,tumor|nontumor
ZNHIT6,0.02119925,0.020989833,0.0002094172,,,tumor|nontumor
CBFA2T2,0.026318302,0.026109835,0.00020846725,,,tumor|nontumor
NPLOC4,0.026698902,0.026491763,0.00020713918,,,tumor|nontumor
PRAME,0.02204097,0.021835476,0.00020549446,,,tumor|nontumor
R3HDM2,0.025393577,0.025189895,0.00020368211,,,tumor|nontumor
PHIP,0.038656544,0.03845557,0.00020097569,,,tumor|nontumor
SRP19,0.03549111,0.035290346,0.00020076334,,,tumor|nontumor
NDUFA10,0.029374907,0.029176174,0.00019873306,,,tumor|nontumor
OAZ2,0.025474323,0.025276827,0.00019749627,,,tumor|nontumor
HNRNPH2,0.037737224,0.037540227,0.00019699708,,,tumor|nontumor
KIF3B,0.026030708,0.025835052,0.00019565597,,,tumor|nontumor
APEX1,0.032515686,0.032320313,0.00019537285,,,tumor|nontumor
BRMS1,0.026643729,0.026450044,0.0001936853,,,tumor|nontumor
ADGRG1,0.04053484,0.040341493,0.00019334629,,,tumor|nontumor
PRPF4,0.024635205,0.02444238,0.00019282475,,,tumor|nontumor
IRF9,0.03271662,0.032524217,0.0001924038,,,tumor|nontumor
ZC3H15,0.02470795,0.024515899,0.00019205175,,,tumor|nontumor
PRKAR1A,0.10288391,0.10269366,0.00019025058,,,tumor|nontumor
FASTKD2,0.04272495,0.042534772,0.00019017607,,,tumor|nontumor
SF3B2,0.045862436,0.04567286,0.0001895763,,,tumor|nontumor
EIF1AX,0.03130358,0.031114597,0.00018898398,,,tumor|nontumor
RNF4,0.025021005,0.024833255,0.0001877509,,,tumor|nontumor
GGCX,0.021636466,0.021450259,0.00018620677,,,tumor|nontumor
VPS25,0.036820795,0.036638416,0.00018237904,,,tumor|nontumor
ERBIN,0.031419184,0.031237384,0.00018179975,,,tumor|nontumor
MED8,0.03849078,0.03830927,0.00018151104,,,tumor|nontumor
IPO8,0.04009937,0.039917942,0.00018142909,,,tumor|nontumor
TMEM219,0.07502039,0.07483955,0.00018084049,,,tumor|nontumor
CAPN1,0.08450389,0.08432477,0.00017911941,,,tumor|nontumor
MFSD1,0.026860598,0.0266822,0.00017839856,,,tumor|nontumor
TTC3,0.03372158,0.0335444,0.00017718226,,,tumor|nontumor
TAF2,0.021854157,0.02167828,0.00017587654,,,tumor|nontumor
AGAP3,0.0321914,0.032019038,0.00017236173,,,tumor|nontumor
BSDC1,0.029417202,0.029248245,0.00016895682,,,tumor|nontumor
MTDH,0.10397452,0.10380673,0.00016779453,,,tumor|nontumor
NCOA7,0.025395181,0.025229054,0.00016612746,,,tumor|nontumor
ZDHHC7,0.025051413,0.024887552,0.00016386062,,,tumor|nontumor
NSFL1C,0.037338708,0.03717512,0.00016358867,,,tumor|nontumor
MAGED2,0.022650205,0.022487622,0.00016258284,,,tumor|nontumor
MRPS6,0.030007059,0.029850248,0.0001568105,,,tumor|nontumor
KPNA1,0.021882646,0.021728061,0.00015458465,,,tumor|nontumor
ATN1,0.038989693,0.038836543,0.00015315041,,,tumor|nontumor
NDUFS4,0.027354982,0.027202647,0.00015233457,,,tumor|nontumor
TPP1,0.043924306,0.043772507,0.00015179813,,,tumor|nontumor
TNPO1,0.031068113,0.030917395,0.0001507178,,,tumor|nontumor
DSC2,0.26722044,0.26707023,0.0001502037,,,tumor|nontumor
DPP9,0.02419847,0.024048815,0.00014965609,,,tumor|nontumor
AK2,0.068714894,0.06856603,0.0001488626,,,tumor|nontumor
GTF3C3,0.023651207,0.023503182,0.00014802441,,,tumor|nontumor
CRELD2,0.04139344,0.04124769,0.00014575198,,,tumor|nontumor
ARHGDIA,0.03564441,0.035498664,0.00014574453,,,tumor|nontumor
RHOG,0.03553176,0.03538769,0.00014406815,,,tumor|nontumor
PINK1,0.027169326,0.027026217,0.00014310889,,,tumor|nontumor
DIDO1,0.02384458,0.02370237,0.00014220923,,,tumor|nontumor
ELP5,0.0319721,0.03183243,0.00013966858,,,tumor|nontumor
SPSB3,0.023309398,0.023170296,0.00013910234,,,tumor|nontumor
CCDC47,0.034554347,0.034416527,0.00013782084,,,tumor|nontumor
USP48,0.023027824,0.022897255,0.00013056956,,,tumor|nontumor
CHTOP,0.050026674,0.049896475,0.0001301989,,,tumor|nontumor
GRIN2D,0.022730552,0.02260308,0.00012747198,,,tumor|nontumor
DNAJA4,0.025669707,0.025545632,0.00012407452,,,tumor|nontumor
SRI,0.04600628,0.045882396,0.00012388453,,,tumor|nontumor
INTS8,0.021100115,0.020978669,0.00012144633,,,tumor|nontumor
DNAJC5,0.03192657,0.031808082,0.00011848658,,,tumor|nontumor
GPR176,0.024452062,0.02433397,0.0001180917,,,tumor|nontumor
TMEM70,0.032889746,0.032772973,0.00011677295,,,tumor|nontumor
SNAPIN,0.02353488,0.023418149,0.00011673011,,,tumor|nontumor
ACP1,0.039257716,0.039145745,0.00011197105,,,tumor|nontumor
EMC8,0.030740825,0.030629583,0.000111242756,,,tumor|nontumor
THOC3,0.023934264,0.023823636,0.00011062808,,,tumor|nontumor
NUDC,0.035753705,0.035650656,0.00010304898,,,tumor|nontumor
CYB561A3,0.027399529,0.02730081,9.871833e-05,,,tumor|nontumor
CSK,0.025056899,0.024959238,9.766035e-05,,,tumor|nontumor
AFAP1L2,0.02117823,0.021082073,9.615719e-05,,,tumor|nontumor
PTPN11,0.032554388,0.03246016,9.422749e-05,,,tumor|nontumor
MBD1,0.030483564,0.030393116,9.0448186e-05,,,tumor|nontumor
SF3B4,0.046050508,0.045960393,9.011477e-05,,,tumor|nontumor
SEL1L,0.022278167,0.022188995,8.9172274e-05,,,tumor|nontumor
ZHX1,0.023595594,0.023508135,8.745864e-05,,,tumor|nontumor
MAGEA4,0.10080066,0.10071531,8.535385e-05,,,tumor|nontumor
PMPCB,0.02180109,0.021718884,8.220598e-05,,,tumor|nontumor
GNPTAB,0.026058258,0.025977373,8.0885366e-05,,,tumor|nontumor
LTBP3,0.04908917,0.049009047,8.0123544e-05,,,tumor|nontumor
RAB5C,0.060123283,0.060043417,7.98665e-05,,,tumor|nontumor
OSTC,0.055800512,0.05572249,7.802248e-05,,,tumor|nontumor
RAE1,0.027992804,0.02791516,7.764436e-05,,,tumor|nontumor
BECN1,0.044891145,0.044814486,7.6659024e-05,,,tumor|nontumor
TMEM238,0.046564624,0.046488922,7.5701624e-05,,,tumor|nontumor
TMEM248,0.036559694,0.03648496,7.473305e-05,,,tumor|nontumor
PRPF19,0.042668633,0.04259525,7.338449e-05,,,tumor|nontumor
RUBCN,0.02423752,0.02416521,7.230975e-05,,,tumor|nontumor
PSMD14,0.047555543,0.047484893,7.065013e-05,,,tumor|nontumor
SLC39A1,0.028526032,0.02845601,7.002242e-05,,,tumor|nontumor
MGST3,0.103244,0.10317494,6.905943e-05,,,tumor|nontumor
TCERG1,0.029682763,0.02961562,6.714277e-05,,,tumor|nontumor
ARPC4,0.042078394,0.042012826,6.5568835e-05,,,tumor|nontumor
MPV17,0.021432439,0.021370426,6.2013045e-05,,,tumor|nontumor
RNF168,0.025026975,0.024966272,6.0703605e-05,,,tumor|nontumor
CDC16,0.022408525,0.022348398,6.0126185e-05,,,tumor|nontumor
PITHD1,0.02940049,0.029340956,5.9533864e-05,,,tumor|nontumor
CHCHD2,0.3772821,0.3772226,5.9515238e-05,,,tumor|nontumor
MRPL13,0.038566098,0.0385115,5.4597855e-05,,,tumor|nontumor
IFNGR1,0.052119922,0.05206665,5.327165e-05,,,tumor|nontumor
PDIA3,0.1443087,0.14425686,5.184114e-05,,,tumor|nontumor
DCTN5,0.02439905,0.024348022,5.1027164e-05,,,tumor|nontumor
MRPL27,0.02580758,0.0257573,5.0280243e-05,,,tumor|nontumor
CLDN4,0.0284185,0.028372336,4.6163797e-05,,,tumor|nontumor
SMAD4,0.02322597,0.023182362,4.360825e-05,,,tumor|nontumor
NSRP1,0.02228644,0.022243384,4.3055043e-05,,,tumor|nontumor
DCAF7,0.025904667,0.025864482,4.0184706e-05,,,tumor|nontumor
HADHB,0.041667093,0.0416289,3.8191676e-05,,,tumor|nontumor
RBM22,0.02588404,0.025846412,3.7627295e-05,,,tumor|nontumor
UBE2G2,0.026787795,0.026751144,3.665127e-05,,,tumor|nontumor
TBC1D10B,0.021938268,0.021903114,3.5153702e-05,,,tumor|nontumor
UTP11,0.030866059,0.030831343,3.471598e-05,,,tumor|nontumor
MYO9B,0.022878287,0.022843795,3.4492463e-05,,,tumor|nontumor
JPT1,0.14671709,0.14668287,3.4213066e-05,,,tumor|nontumor
DPY30,0.029656403,0.029623317,3.3086166e-05,,,tumor|nontumor
XPO6,0.02670801,0.026675627,3.238395e-05,,,tumor|nontumor
WDR41,0.02107344,0.02104269,3.075041e-05,,,tumor|nontumor
GNA11,0.024009671,0.023981737,2.793409e-05,,,tumor|nontumor
VPS26A,0.023947237,0.02392608,2.1157786e-05,,,tumor|nontumor
WDR75,0.029007532,0.028987303,2.0228326e-05,,,tumor|nontumor
RABAC1,0.032213017,0.03219506,1.79559e-05,,,tumor|nontumor
NDUFB5,0.022395194,0.022378838,1.6355887e-05,,,tumor|nontumor
ABLIM1,0.02255813,0.022543391,1.4739111e-05,,,tumor|nontumor
OTUB1,0.052357398,0.052346297,1.1101365e-05,,,tumor|nontumor
PRKCH,0.023027461,0.023016695,1.0766089e-05,,,tumor|nontumor
JUP,0.24991874,0.24990876,9.983778e-06,,,tumor|nontumor
PARL,0.023736186,0.02372714,9.0468675e-06,,,tumor|nontumor
TSPYL5,0.020930259,0.020921523,8.735806e-06,,,tumor|nontumor
SNHG14,0.023723813,0.023716597,7.2158873e-06,,,tumor|nontumor
NCOA4,0.03272263,0.03271634,6.28829e-06,,,tumor|nontumor
KDELR1,0.10268566,0.102686785,-1.1250377e-06,,,tumor|nontumor
RPS7,0.16919231,0.16919485,-2.5331974e-06,,,tumor|nontumor
ELAVL1,0.023498379,0.023511818,-1.3438985e-05,,,tumor|nontumor
SOWAHC,0.058503006,0.05851651,-1.3504177e-05,,,tumor|nontumor
PITRM1,0.025497815,0.025512729,-1.49142e-05,,,tumor|nontumor
GNG2,0.026697962,0.026713619,-1.5657395e-05,,,tumor|nontumor
USP36,0.022313615,0.022330174,-1.6558915e-05,,,tumor|nontumor
LETM1,0.022866191,0.022884853,-1.8661842e-05,,,tumor|nontumor
AFG3L2,0.039965615,0.03998656,-2.0943582e-05,,,tumor|nontumor
SELENOS,0.046333253,0.046354212,-2.0958483e-05,,,tumor|nontumor
GATAD2B,0.022576146,0.02260387,-2.772361e-05,,,tumor|nontumor
SMARCD1,0.031813152,0.031846512,-3.3359975e-05,,,tumor|nontumor
CCDC85C,0.021107733,0.0211424,-3.466755e-05,,,tumor|nontumor
CDC25B,0.057764813,0.057800237,-3.5423785e-05,,,tumor|nontumor
KANSL1,0.026991561,0.02702706,-3.549829e-05,,,tumor|nontumor
C19orf33,0.03453555,0.03457229,-3.6738813e-05,,,tumor|nontumor
TTC17,0.026627222,0.026664274,-3.7051737e-05,,,tumor|nontumor
E2F4,0.021518905,0.021558136,-3.9231032e-05,,,tumor|nontumor
SREK1,0.02268644,0.022725945,-3.950484e-05,,,tumor|nontumor
N4BP2L2,0.0410085,0.041051082,-4.2583793e-05,,,tumor|nontumor
HSPB11,0.03723176,0.03727636,-4.46029e-05,,,tumor|nontumor
ANP32A,0.037752714,0.03779733,-4.4617802e-05,,,tumor|nontumor
MTA2,0.03851061,0.03855582,-4.5210123e-05,,,tumor|nontumor
PSMD1,0.038591396,0.038639713,-4.8317015e-05,,,tumor|nontumor
ZFP91,0.06094819,0.061000403,-5.221367e-05,,,tumor|nontumor
BOP1,0.026477,0.02652962,-5.2619725e-05,,,tumor|nontumor
CNOT9,0.027492499,0.027551062,-5.8563426e-05,,,tumor|nontumor
C1QBP,0.033266343,0.033333417,-6.707385e-05,,,tumor|nontumor
RPS6KA1,0.03049464,0.030565111,-7.047132e-05,,,tumor|nontumor
CISD2,0.029109096,0.029179703,-7.060729e-05,,,tumor|nontumor
ARMC1,0.022855582,0.02292858,-7.2998926e-05,,,tumor|nontumor
UTP6,0.023683034,0.0237584,-7.536635e-05,,,tumor|nontumor
TASOR,0.029396001,0.029474437,-7.843599e-05,,,tumor|nontumor
COPB1,0.02741452,0.027494319,-7.979944e-05,,,tumor|nontumor
MRPL51,0.058769554,0.05885077,-8.1215054e-05,,,tumor|nontumor
TMEM87A,0.06404641,0.06412934,-8.292496e-05,,,tumor|nontumor
RAI1,0.026433678,0.026517587,-8.390844e-05,,,tumor|nontumor
DDA1,0.022642387,0.022734158,-9.1770664e-05,,,tumor|nontumor
ARHGEF18,0.024086136,0.024182718,-9.6581876e-05,,,tumor|nontumor
KXD1,0.021435218,0.02153205,-9.683147e-05,,,tumor|nontumor
SAMD9,0.024812622,0.02490973,-9.710714e-05,,,tumor|nontumor
DNAJC8,0.031703893,0.031801123,-9.723008e-05,,,tumor|nontumor
NSMAF,0.025779227,0.025876615,-9.73884e-05,,,tumor|nontumor
IMP4,0.02602722,0.026127446,-0.00010022707,,,tumor|nontumor
CDC37,0.056846563,0.05694721,-0.00010064617,,,tumor|nontumor
RPS6KB2,0.031370696,0.031472165,-0.00010146946,,,tumor|nontumor
UBQLN2,0.030513978,0.030616958,-0.00010298006,,,tumor|nontumor
ANAPC11,0.044242483,0.044347044,-0.00010456145,,,tumor|nontumor
NLRC5,0.02698553,0.027093742,-0.00010821223,,,tumor|nontumor
IFNAR1,0.026360765,0.026469406,-0.00010864064,,,tumor|nontumor
UBE3A,0.024573656,0.02468276,-0.00010910444,,,tumor|nontumor
ZCCHC8,0.021535007,0.021644814,-0.00010980666,,,tumor|nontumor
ZNHIT1,0.032872062,0.032984342,-0.00011228025,,,tumor|nontumor
MED19,0.023584206,0.023698052,-0.000113846734,,,tumor|nontumor
MALT1,0.0269499,0.027064666,-0.00011476688,,,tumor|nontumor
MIEN1,0.025168948,0.025284193,-0.00011524558,,,tumor|nontumor
SHFL,0.027847428,0.027965058,-0.00011762977,,,tumor|nontumor
NAXE,0.050621416,0.05074053,-0.00011911243,,,tumor|nontumor
SDHB,0.040922124,0.041044056,-0.00012193248,,,tumor|nontumor
PCYT1A,0.034041595,0.034164257,-0.00012266263,,,tumor|nontumor
ERLEC1,0.02664946,0.026773028,-0.00012356788,,,tumor|nontumor
PSMD13,0.031298514,0.03142556,-0.0001270473,,,tumor|nontumor
HSPH1,0.106063515,0.1061907,-0.00012718141,,,tumor|nontumor
CPSF7,0.035311315,0.03544107,-0.00012975559,,,tumor|nontumor
ZNF22,0.023170058,0.023305962,-0.00013590418,,,tumor|nontumor
POLR2L,0.048672155,0.0488104,-0.00013824552,,,tumor|nontumor
WBP1L,0.031178521,0.031318046,-0.00013952516,,,tumor|nontumor
BCLAF1,0.0339819,0.03412553,-0.00014362857,,,tumor|nontumor
DROSHA,0.036381047,0.03652483,-0.0001437813,,,tumor|nontumor
YY1,0.058731206,0.05887707,-0.00014586374,,,tumor|nontumor
PLOD3,0.021677867,0.02183055,-0.00015268289,,,tumor|nontumor
CXXC1,0.025411054,0.02557184,-0.00016078539,,,tumor|nontumor
OOEP,0.024772704,0.024936022,-0.00016331859,,,tumor|nontumor
POLD2,0.040295973,0.04046094,-0.00016496703,,,tumor|nontumor
SARAF,0.05722844,0.057397064,-0.00016862527,,,tumor|nontumor
CLPTM1L,0.09941746,0.09958702,-0.00016956031,,,tumor|nontumor
UBP1,0.029921088,0.030091466,-0.00017037801,,,tumor|nontumor
ATF6,0.024487713,0.024658725,-0.00017101131,,,tumor|nontumor
ATP6AP1,0.06750698,0.067678764,-0.00017178804,,,tumor|nontumor
NOMO1,0.024298767,0.024474652,-0.00017588586,,,tumor|nontumor
SYNPO,0.04005815,0.040237896,-0.00017974526,,,tumor|nontumor
PCBP2,0.13484405,0.13502453,-0.00018048286,,,tumor|nontumor
UACA,0.0222762,0.022458915,-0.00018271431,,,tumor|nontumor
HMGN4,0.048318755,0.04850201,-0.00018325448,,,tumor|nontumor
EIF3E,0.1015354,0.10172613,-0.00019072741,,,tumor|nontumor
ERI3,0.030810779,0.031002251,-0.00019147247,,,tumor|nontumor
CPNE3,0.0521041,0.052297607,-0.00019350648,,,tumor|nontumor
TMED5,0.036304396,0.036498718,-0.00019432232,,,tumor|nontumor
OXCT1,0.023075908,0.023272362,-0.00019645318,,,tumor|nontumor
VPS37C,0.028538309,0.028735293,-0.00019698404,,,tumor|nontumor
MIB2,0.061987575,0.06218656,-0.00019898638,,,tumor|nontumor
SSR2,0.075609,0.0758088,-0.00019980222,,,tumor|nontumor
ADAM15,0.027923696,0.02812434,-0.00020064414,,,tumor|nontumor
TRAPPC2L,0.022321492,0.022527333,-0.00020584092,,,tumor|nontumor
ORMDL1,0.032708526,0.0329193,-0.0002107732,,,tumor|nontumor
RAB5IF,0.03486213,0.03507891,-0.00021677837,,,tumor|nontumor
COPS2,0.028172169,0.028389025,-0.0002168566,,,tumor|nontumor
UBE2J2,0.031383574,0.03160071,-0.000217136,,,tumor|nontumor
SSB,0.03533496,0.035552237,-0.00021727756,,,tumor|nontumor
WIZ,0.024448326,0.024674824,-0.00022649765,,,tumor|nontumor
CDH3,0.18254152,0.18276833,-0.00022681057,,,tumor|nontumor
ANAPC7,0.026843535,0.027070645,-0.00022711046,,,tumor|nontumor
GTF2A1,0.021825748,0.022054913,-0.00022916496,,,tumor|nontumor
EMC10,0.069619045,0.06984901,-0.00022996217,,,tumor|nontumor
DCTD,0.03769012,0.03792118,-0.0002310574,,,tumor|nontumor
WIPF1,0.023369145,0.023602657,-0.00023351237,,,tumor|nontumor
CNOT11,0.03834568,0.038592648,-0.00024696812,,,tumor|nontumor
ANP32B,0.08590503,0.086155035,-0.00025000423,,,tumor|nontumor
CWC15,0.036921013,0.037173886,-0.0002528727,,,tumor|nontumor
ATP6V0E1,0.11852394,0.11878058,-0.0002566427,,,tumor|nontumor
BRIX1,0.024800505,0.025058988,-0.000258483,,,tumor|nontumor
TOP1MT,0.02982785,0.030087844,-0.0002599936,,,tumor|nontumor
TRADD,0.023523714,0.023785662,-0.0002619475,,,tumor|nontumor
NUP85,0.026378298,0.026642237,-0.00026393868,,,tumor|nontumor
OIP5-AS1,0.049786434,0.050051294,-0.0002648607,,,tumor|nontumor
SNRNP70,0.037096262,0.0373635,-0.00026723742,,,tumor|nontumor
TSN,0.03950449,0.039776284,-0.00027179345,,,tumor|nontumor
MAML1,0.021212034,0.021483986,-0.00027195178,,,tumor|nontumor
AHCTF1,0.021993175,0.02226605,-0.00027287565,,,tumor|nontumor
CCDC6,0.02758832,0.02786512,-0.00027679838,,,tumor|nontumor
TERF2IP,0.026445854,0.026723467,-0.00027761236,,,tumor|nontumor
ECHS1,0.022032602,0.022310473,-0.00027787127,,,tumor|nontumor
BCL6,0.02162197,0.021900216,-0.00027824566,,,tumor|nontumor
SNRPB,0.13191691,0.13219652,-0.0002796054,,,tumor|nontumor
STAT6,0.048578642,0.048859667,-0.00028102472,,,tumor|nontumor
AGO1,0.025941173,0.026224822,-0.0002836492,,,tumor|nontumor
DDX42,0.02240504,0.02269541,-0.00029036961,,,tumor|nontumor
SERINC5,0.03084108,0.031135896,-0.00029481575,,,tumor|nontumor
ELK4,0.027431406,0.027727637,-0.00029623136,,,tumor|nontumor
SPCS1,0.05779167,0.058090445,-0.00029877573,,,tumor|nontumor
BCL9L,0.027231038,0.02753149,-0.0003004521,,,tumor|nontumor
PHLDA3,0.024657836,0.02496794,-0.00031010434,,,tumor|nontumor
PALMD,0.022401618,0.02271252,-0.00031090155,,,tumor|nontumor
UQCRHL,0.020272963,0.020584414,-0.00031145103,,,tumor|nontumor
TIPRL,0.027902685,0.028214876,-0.0003121905,,,tumor|nontumor
CALCOCO2,0.023347491,0.023664119,-0.00031662732,,,tumor|nontumor
HDAC1,0.06971806,0.07003524,-0.00031717867,,,tumor|nontumor
SNX7,0.022856116,0.023177696,-0.0003215801,,,tumor|nontumor
ZNF532,0.04108193,0.04140507,-0.00032313913,,,tumor|nontumor
SCO2,0.07866445,0.078990065,-0.00032561272,,,tumor|nontumor
NSD2,0.029152563,0.029480187,-0.00032762438,,,tumor|nontumor
ENY2,0.049148604,0.049479987,-0.0003313832,,,tumor|nontumor
CAPRIN1,0.032517347,0.03285165,-0.00033430383,,,tumor|nontumor
AGPAT3,0.027791992,0.028126383,-0.00033439137,,,tumor|nontumor
BLTP2,0.028995726,0.029332802,-0.00033707544,,,tumor|nontumor
SSH2,0.035281893,0.035620786,-0.00033889338,,,tumor|nontumor
MRPL52,0.03496298,0.035302803,-0.0003398247,,,tumor|nontumor
KYNU,0.02963727,0.029977858,-0.0003405884,,,tumor|nontumor
IDH3A,0.021483596,0.021825647,-0.00034205057,,,tumor|nontumor
PPP1R18,0.054483052,0.054826062,-0.00034300983,,,tumor|nontumor
PRPF3,0.026524058,0.026867665,-0.00034360774,,,tumor|nontumor
XRCC5,0.055111703,0.05545857,-0.00034686923,,,tumor|nontumor
DCAF15,0.026055735,0.026403759,-0.00034802407,,,tumor|nontumor
TCOF1,0.025239326,0.025590222,-0.00035089627,,,tumor|nontumor
PPP4R3A,0.025081277,0.02543441,-0.0003531333,,,tumor|nontumor
DCTN1,0.021878479,0.02223263,-0.0003541503,,,tumor|nontumor
THOC7,0.025870668,0.026228167,-0.00035749935,,,tumor|nontumor
BAG6,0.02743836,0.027797744,-0.00035938434,,,tumor|nontumor
MRPL9,0.028523723,0.028883254,-0.0003595315,,,tumor|nontumor
MT-TS1,0.023959694,0.024323052,-0.00036335737,,,tumor|nontumor
TSPAN14,0.031267695,0.03163136,-0.00036366656,,,tumor|nontumor
PAPOLA,0.06528861,0.065653384,-0.00036477298,,,tumor|nontumor
IARS1,0.02730385,0.027670223,-0.000366373,,,tumor|nontumor
NUP155,0.02062945,0.020998895,-0.0003694445,,,tumor|nontumor
IGFBP4,0.07959534,0.07996667,-0.0003713295,,,tumor|nontumor
FTO,0.022354972,0.022728978,-0.0003740061,,,tumor|nontumor
RTN3,0.095360726,0.09573554,-0.00037481636,,,tumor|nontumor
COPS3,0.023079252,0.023462247,-0.00038299523,,,tumor|nontumor
DPP7,0.024131527,0.024514666,-0.00038313866,,,tumor|nontumor
PPP2R1A,0.047641333,0.048031244,-0.00038991123,,,tumor|nontumor
SHMT2,0.027901828,0.028293267,-0.0003914386,,,tumor|nontumor
NDN,0.02522573,0.025618602,-0.00039287098,,,tumor|nontumor
TLE3,0.027743185,0.028136956,-0.00039377064,,,tumor|nontumor
TINAGL1,0.036894556,0.037290934,-0.00039637834,,,tumor|nontumor
DCAF8,0.029015385,0.029414436,-0.00039905123,,,tumor|nontumor
DUS1L,0.023959469,0.02435934,-0.0003998708,,,tumor|nontumor
ZNF146,0.025896981,0.026297135,-0.00040015392,,,tumor|nontumor
RPL3,0.3522498,0.3526519,-0.00040209293,,,tumor|nontumor
SMARCA4,0.02802123,0.028424667,-0.00040343776,,,tumor|nontumor
NOP58,0.047828235,0.04823276,-0.00040452555,,,tumor|nontumor
MFSD14A,0.025122143,0.025526993,-0.00040484965,,,tumor|nontumor
MPC2,0.02698202,0.027389642,-0.00040762126,,,tumor|nontumor
TXNL1,0.026474593,0.026882704,-0.00040811114,,,tumor|nontumor
CAND1,0.041518424,0.04192665,-0.00040822476,,,tumor|nontumor
TMEM132A,0.025227431,0.025636071,-0.00040864013,,,tumor|nontumor
GORASP2,0.04111773,0.0415271,-0.00040936843,,,tumor|nontumor
OLA1,0.049745083,0.05015717,-0.0004120879,,,tumor|nontumor
MRPL18,0.030560143,0.030976355,-0.00041621178,,,tumor|nontumor
SSU72,0.115883455,0.116300166,-0.00041671097,,,tumor|nontumor
NPDC1,0.02924727,0.029666618,-0.00041934662,,,tumor|nontumor
DUSP23,0.028274983,0.028697662,-0.0004226789,,,tumor|nontumor
IL17RA,0.023365187,0.02379866,-0.00043347292,,,tumor|nontumor
TMEM205,0.033837777,0.034274142,-0.0004363656,,,tumor|nontumor
DNAJC15,0.037657812,0.038095858,-0.0004380457,,,tumor|nontumor
PRCC,0.03401248,0.03445301,-0.00044052675,,,tumor|nontumor
GTF3A,0.03189066,0.032331213,-0.00044055283,,,tumor|nontumor
TMEM183A,0.036122,0.0365681,-0.0004460998,,,tumor|nontumor
ITPR2,0.05052924,0.05098079,-0.0004515499,,,tumor|nontumor
LYPLA1,0.021686802,0.022141356,-0.00045455433,,,tumor|nontumor
SEC61B,0.05054549,0.051000625,-0.00045513362,,,tumor|nontumor
SVIL,0.044626966,0.045084782,-0.00045781583,,,tumor|nontumor
MYC,0.030403107,0.030861871,-0.0004587639,,,tumor|nontumor
OAT,0.034992684,0.035452522,-0.00045983866,,,tumor|nontumor
BTG2,0.026103135,0.026563644,-0.0004605092,,,tumor|nontumor
TSEN54,0.021938952,0.022400154,-0.00046120211,,,tumor|nontumor
NECTIN2,0.027966315,0.028427592,-0.00046127662,,,tumor|nontumor
DEGS1,0.04441847,0.044880882,-0.00046241283,,,tumor|nontumor
NDUFS1,0.033163622,0.03363182,-0.0004681982,,,tumor|nontumor
WDR82,0.03272733,0.03319826,-0.00047092885,,,tumor|nontumor
TFAP2C,0.058042545,0.0585245,-0.0004819557,,,tumor|nontumor
MRPS23,0.02568472,0.02616835,-0.00048363023,,,tumor|nontumor
UBE4B,0.028505785,0.028990487,-0.00048470125,,,tumor|nontumor
CTSA,0.037429,0.037913803,-0.00048480183,,,tumor|nontumor
STIP1,0.03941315,0.039899226,-0.00048607588,,,tumor|nontumor
HR,0.04557098,0.046057735,-0.00048675388,,,tumor|nontumor
ME2,0.025489636,0.025981281,-0.0004916452,,,tumor|nontumor
FOXK1,0.034977134,0.0354722,-0.000495065,,,tumor|nontumor
SUSD6,0.027973648,0.02846873,-0.00049508177,,,tumor|nontumor
CNP,0.031113375,0.03161629,-0.0005029142,,,tumor|nontumor
PSMD12,0.025653483,0.026160035,-0.00050655194,,,tumor|nontumor
EIF2AK1,0.096529454,0.0970364,-0.00050694495,,,tumor|nontumor
CHP1,0.025201377,0.025708333,-0.00050695613,,,tumor|nontumor
RABGGTB,0.046934262,0.047444176,-0.000509914,,,tumor|nontumor
RSU1,0.028749319,0.029259544,-0.0005102251,,,tumor|nontumor
NDUFA8,0.028592436,0.029103814,-0.00051137805,,,tumor|nontumor
GPN1,0.029068414,0.02958007,-0.0005116556,,,tumor|nontumor
CENPB,0.02103598,0.021556329,-0.00052034855,,,tumor|nontumor
LSM8,0.032520317,0.033041373,-0.00052105635,,,tumor|nontumor
MED31,0.023142187,0.02366857,-0.0005263835,,,tumor|nontumor
HYPK,0.04131717,0.041843962,-0.0005267933,,,tumor|nontumor
MRPL21,0.03460562,0.035132937,-0.00052731857,,,tumor|nontumor
SCAMP3,0.031033335,0.031563014,-0.00052967854,,,tumor|nontumor
SUPT5H,0.038946915,0.039478116,-0.0005312003,,,tumor|nontumor
PSME3,0.043057717,0.043591354,-0.00053363666,,,tumor|nontumor
CASP8,0.025764497,0.02629848,-0.0005339831,,,tumor|nontumor
NF2,0.022989698,0.02352446,-0.0005347617,,,tumor|nontumor
COX17,0.048956115,0.049500328,-0.00054421276,,,tumor|nontumor
NUP107,0.042593583,0.04313878,-0.00054519624,,,tumor|nontumor
ADAR,0.10162229,0.10217229,-0.00055000186,,,tumor|nontumor
AP1G1,0.027385099,0.02793671,-0.0005516112,,,tumor|nontumor
PARP9,0.024748497,0.025303485,-0.00055498816,,,tumor|nontumor
RAB11A,0.06100415,0.061559644,-0.00055549294,,,tumor|nontumor
UQCC3,0.021792373,0.022348884,-0.0005565118,,,tumor|nontumor
BTG3,0.029688453,0.03024678,-0.000558326,,,tumor|nontumor
DCAF13,0.02996431,0.03053115,-0.0005668402,,,tumor|nontumor
RBM12,0.026648227,0.027216498,-0.0005682707,,,tumor|nontumor
RPL37,0.6708637,0.67143667,-0.00057297945,,,tumor|nontumor
ENSG00000285108,0.022300899,0.022876477,-0.00057557784,,,tumor|nontumor
PTPN2,0.028847132,0.029424477,-0.0005773455,,,tumor|nontumor
SCAF1,0.02451267,0.025090534,-0.00057786517,,,tumor|nontumor
RAD1,0.029006384,0.029584933,-0.00057854876,,,tumor|nontumor
HSPG2,0.040951688,0.041530527,-0.00057883933,,,tumor|nontumor
COMMD2,0.022302823,0.022886788,-0.00058396533,,,tumor|nontumor
HMGN1,0.16296628,0.16355442,-0.00058813393,,,tumor|nontumor
ETV6,0.029446034,0.03003443,-0.00058839656,,,tumor|nontumor
USP5,0.022144975,0.022733934,-0.0005889591,,,tumor|nontumor
ADPGK,0.022587728,0.023177292,-0.00058956444,,,tumor|nontumor
RAC2,0.04335681,0.04394645,-0.00058963895,,,tumor|nontumor
SSBP3,0.04254693,0.04313721,-0.0005902797,,,tumor|nontumor
LUC7L2,0.020947715,0.021546008,-0.0005982928,,,tumor|nontumor
USB1,0.02638587,0.02698421,-0.00059833936,,,tumor|nontumor
THBD,0.055686492,0.056287497,-0.0006010048,,,tumor|nontumor
PET100,0.026695654,0.027298529,-0.0006028749,,,tumor|nontumor
GFPT1,0.026272945,0.026878418,-0.0006054733,,,tumor|nontumor
VTA1,0.025568485,0.026177835,-0.00060934946,,,tumor|nontumor
MRPS36,0.023518186,0.024130572,-0.0006123856,,,tumor|nontumor
PLXDC2,0.022316799,0.022931091,-0.0006142929,,,tumor|nontumor
GART,0.023253506,0.023873502,-0.00061999634,,,tumor|nontumor
PIAS1,0.023840912,0.024460942,-0.00062002987,,,tumor|nontumor
ICAM1,0.022872683,0.023492906,-0.0006202236,,,tumor|nontumor
RBP1,0.060350955,0.060973026,-0.0006220713,,,tumor|nontumor
PCMT1,0.050871518,0.051495157,-0.0006236397,,,tumor|nontumor
UBE2J1,0.028361512,0.02898925,-0.0006277375,,,tumor|nontumor
UBE2V2,0.026897931,0.027527466,-0.00062953494,,,tumor|nontumor
ARPC3,0.107311346,0.107941024,-0.00062967837,,,tumor|nontumor
CMAS,0.022051636,0.02268205,-0.0006304141,,,tumor|nontumor
NDUFA5,0.031211346,0.031842116,-0.0006307699,,,tumor|nontumor
PSMB6,0.048999477,0.049631387,-0.0006319098,,,tumor|nontumor
DNM2,0.02154645,0.022178967,-0.00063251704,,,tumor|nontumor
SLC7A1,0.022909412,0.023543002,-0.0006335899,,,tumor|nontumor
DYM,0.023125911,0.023761014,-0.0006351024,,,tumor|nontumor
PRKD2,0.025540134,0.026177183,-0.00063704886,,,tumor|nontumor
RNPS1,0.08195441,0.08259578,-0.00064136833,,,tumor|nontumor
SCRIB,0.035920583,0.036563125,-0.0006425418,,,tumor|nontumor
STRAP,0.025281586,0.025928542,-0.00064695626,,,tumor|nontumor
SPON2,0.032483947,0.03313097,-0.0006470233,,,tumor|nontumor
KMT5A,0.02776196,0.028410358,-0.00064839795,,,tumor|nontumor
RPRD2,0.025865193,0.026515266,-0.00065007247,,,tumor|nontumor
MLF2,0.06861105,0.069261536,-0.00065048784,,,tumor|nontumor
AZIN1,0.05238081,0.053032275,-0.00065146387,,,tumor|nontumor
PDCD6,0.024673773,0.025326315,-0.00065254234,,,tumor|nontumor
GM2A,0.040914495,0.041569278,-0.0006547831,,,tumor|nontumor
HUWE1,0.029043775,0.029702598,-0.0006588232,,,tumor|nontumor
PSMA3,0.0718257,0.07248635,-0.00066065043,,,tumor|nontumor
WBP2,0.035574093,0.03623634,-0.00066224486,,,tumor|nontumor
RAB8A,0.02376815,0.02443219,-0.00066404045,,,tumor|nontumor
SLC35E1,0.02857238,0.029237995,-0.0006656144,,,tumor|nontumor
MCM3AP,0.027122144,0.027788369,-0.0006662253,,,tumor|nontumor
CSNK2A2,0.03150921,0.032175533,-0.00066632405,,,tumor|nontumor
SLCO3A1,0.024606286,0.025277978,-0.0006716922,,,tumor|nontumor
ICMT,0.041321855,0.041993603,-0.0006717481,,,tumor|nontumor
NUTF2,0.13439706,0.13507164,-0.00067457557,,,tumor|nontumor
UBAC1,0.030656343,0.031331327,-0.0006749835,,,tumor|nontumor
HNRNPH3,0.02770749,0.02838731,-0.0006798208,,,tumor|nontumor
GTF3C2,0.027235191,0.02791848,-0.000683289,,,tumor|nontumor
NOL11,0.025360176,0.026044717,-0.0006845407,,,tumor|nontumor
LAMTOR2,0.04114879,0.041840713,-0.00069192424,,,tumor|nontumor
ABCE1,0.02088423,0.021584548,-0.0007003173,,,tumor|nontumor
NDUFB10,0.057361558,0.058062796,-0.00070123747,,,tumor|nontumor
PAPSS1,0.02140644,0.022110604,-0.0007041637,,,tumor|nontumor
ARL1,0.029087896,0.02979344,-0.0007055439,,,tumor|nontumor
USP9X,0.0419282,0.04263703,-0.00070883334,,,tumor|nontumor
RPS15,0.22891039,0.22962105,-0.0007106662,,,tumor|nontumor
CS,0.03539949,0.036111973,-0.0007124841,,,tumor|nontumor
CSDE1,0.09314922,0.09386558,-0.0007163584,,,tumor|nontumor
SLC66A2,0.0237223,0.02443911,-0.0007168092,,,tumor|nontumor
CCNDBP1,0.02132934,0.02205069,-0.0007213503,,,tumor|nontumor
LARS1,0.028901657,0.029626202,-0.00072454475,,,tumor|nontumor
NRP2,0.020835556,0.021562446,-0.0007268898,,,tumor|nontumor
SNX3,0.029039923,0.029767355,-0.00072743185,,,tumor|nontumor
DAG1,0.030753005,0.031483687,-0.00073068216,,,tumor|nontumor
AIMP2,0.047594044,0.04832699,-0.00073294714,,,tumor|nontumor
CASC3,0.03137662,0.032112423,-0.00073580444,,,tumor|nontumor
PABPC4,0.09416832,0.09490549,-0.0007371679,,,tumor|nontumor
TLN1,0.036859494,0.037596866,-0.0007373728,,,tumor|nontumor
HAT1,0.041088384,0.041828834,-0.0007404499,,,tumor|nontumor
LARP4,0.028633295,0.029374387,-0.0007410925,,,tumor|nontumor
UBE2E1,0.026936328,0.027680065,-0.00074373744,,,tumor|nontumor
SRSF4,0.04314121,0.043885913,-0.00074470416,,,tumor|nontumor
PON2,0.029681766,0.03042662,-0.00074485317,,,tumor|nontumor
MYO1B,0.07165873,0.07241181,-0.00075308233,,,tumor|nontumor
EID1,0.05636427,0.057118893,-0.0007546209,,,tumor|nontumor
XPO7,0.022630172,0.023385212,-0.00075504,,,tumor|nontumor
SQOR,0.021500831,0.02225884,-0.00075800903,,,tumor|nontumor
CALU,0.077648096,0.0784117,-0.00076360255,,,tumor|nontumor
VPS13C,0.02974848,0.03051395,-0.0007654689,,,tumor|nontumor
NDUFA6,0.098087385,0.09885391,-0.0007665232,,,tumor|nontumor
ZBTB8OS,0.022850038,0.02361684,-0.0007668007,,,tumor|nontumor
C8orf33,0.02130266,0.022069896,-0.0007672347,,,tumor|nontumor
MYL6,0.39971665,0.40048668,-0.0007700324,,,tumor|nontumor
LSM14A,0.034088895,0.03485959,-0.0007706955,,,tumor|nontumor
PSMB3,0.035465557,0.036241665,-0.00077610835,,,tumor|nontumor
SERPINB1,0.040955544,0.041731775,-0.0007762313,,,tumor|nontumor
XRN1,0.022373775,0.023150671,-0.00077689625,,,tumor|nontumor
EPRS1,0.025917344,0.026697688,-0.000780344,,,tumor|nontumor
MPZL1,0.052011307,0.052792516,-0.0007812083,,,tumor|nontumor
PCYOX1,0.035763953,0.03654552,-0.0007815659,,,tumor|nontumor
ACOX1,0.03768183,0.038464755,-0.00078292564,,,tumor|nontumor
TARBP1,0.034979288,0.03576399,-0.0007847026,,,tumor|nontumor
OAS1,0.04040235,0.041192435,-0.00079008564,,,tumor|nontumor
SCAMP2,0.028638536,0.029434985,-0.00079644844,,,tumor|nontumor
EXOSC6,0.03607752,0.036873978,-0.0007964559,,,tumor|nontumor
SCNM1,0.021088442,0.02188629,-0.0007978473,,,tumor|nontumor
VPS36,0.026519852,0.027319249,-0.000799397,,,tumor|nontumor
IPO5,0.022948787,0.023749134,-0.00080034696,,,tumor|nontumor
APOBEC3C,0.036978986,0.037780583,-0.0008015968,,,tumor|nontumor
TXNDC15,0.025805108,0.026608326,-0.0008032173,,,tumor|nontumor
EMC1,0.021555357,0.022361329,-0.00080597214,,,tumor|nontumor
AAMP,0.045927595,0.046736483,-0.0008088872,,,tumor|nontumor
RAB5B,0.06261668,0.06342701,-0.00081032515,,,tumor|nontumor
CMSS1,0.022778254,0.023590224,-0.00081196986,,,tumor|nontumor
CACYBP,0.029963529,0.030776335,-0.0008128062,,,tumor|nontumor
PDP1,0.02497705,0.025794031,-0.0008169804,,,tumor|nontumor
DDX18,0.033381123,0.034199383,-0.00081826,,,tumor|nontumor
UROD,0.022139493,0.022958541,-0.0008190479,,,tumor|nontumor
ITPA,0.026679942,0.027503928,-0.0008239858,,,tumor|nontumor
ASXL1,0.025239063,0.026065338,-0.000826275,,,tumor|nontumor
OTUD6B-AS1,0.027338114,0.028164877,-0.000826763,,,tumor|nontumor
SAT1,0.10607623,0.10690468,-0.00082844496,,,tumor|nontumor
EIF2B5,0.02365469,0.024483547,-0.0008288566,,,tumor|nontumor
IDH3B,0.02082457,0.021657089,-0.00083251856,,,tumor|nontumor
NIPA2,0.02623434,0.027067535,-0.0008331947,,,tumor|nontumor
TRA2B,0.06768054,0.06851504,-0.0008345023,,,tumor|nontumor
HDDC2,0.021634161,0.02246975,-0.0008355882,,,tumor|nontumor
ERF,0.04102338,0.041859504,-0.0008361228,,,tumor|nontumor
PTPN1,0.033421822,0.03426179,-0.0008399673,,,tumor|nontumor
CAMLG,0.037720967,0.03856139,-0.00084042177,,,tumor|nontumor
GFM1,0.029463623,0.030306231,-0.0008426085,,,tumor|nontumor
SMDT1,0.022010216,0.02285972,-0.000849504,,,tumor|nontumor
TUBG1,0.02094073,0.021790262,-0.00084953196,,,tumor|nontumor
SF3A1,0.043164458,0.04401412,-0.0008496605,,,tumor|nontumor
STAG2,0.03474831,0.0355983,-0.00084999204,,,tumor|nontumor
SEC16A,0.03545831,0.036309507,-0.0008511953,,,tumor|nontumor
SKP1,0.02148253,0.022335004,-0.00085247494,,,tumor|nontumor
TALDO1,0.023930795,0.024790378,-0.0008595828,,,tumor|nontumor
LSM3,0.03521122,0.036071856,-0.0008606352,,,tumor|nontumor
LYPD3,0.11404558,0.114906594,-0.00086101145,,,tumor|nontumor
FARSB,0.02643869,0.02730034,-0.00086164847,,,tumor|nontumor
CAPZA1,0.13135852,0.13222148,-0.00086295605,,,tumor|nontumor
ST13,0.0691334,0.06999817,-0.00086476654,,,tumor|nontumor
THY1,0.02271441,0.023579307,-0.0008648969,,,tumor|nontumor
UQCR11,0.03801263,0.03887886,-0.0008662306,,,tumor|nontumor
PSMC5,0.035722457,0.03658972,-0.0008672625,,,tumor|nontumor
PTPRK,0.023205226,0.024073288,-0.00086806156,,,tumor|nontumor
VMA21,0.063818365,0.06468701,-0.0008686483,,,tumor|nontumor
SLC35B1,0.029227901,0.03009854,-0.00087063946,,,tumor|nontumor
GGPS1,0.026968723,0.027840054,-0.0008713305,,,tumor|nontumor
ARHGAP35,0.024024347,0.02489898,-0.00087463297,,,tumor|nontumor
IFIT3,0.02504209,0.025919234,-0.0008771438,,,tumor|nontumor
MARS1,0.028690247,0.029577661,-0.00088741444,,,tumor|nontumor
C22orf39,0.024765864,0.025654506,-0.0008886419,,,tumor|nontumor
CSNK2B,0.02879384,0.029689249,-0.0008954089,,,tumor|nontumor
ANXA11,0.022120627,0.023019077,-0.0008984506,,,tumor|nontumor
DNM1L,0.022374827,0.023277361,-0.00090253353,,,tumor|nontumor
FAR1,0.026881792,0.027785452,-0.00090366043,,,tumor|nontumor
NMT1,0.032684073,0.033587772,-0.00090369955,,,tumor|nontumor
BCL11B,0.038290396,0.03919965,-0.00090925395,,,tumor|nontumor
FKBP4,0.029881818,0.030793449,-0.0009116307,,,tumor|nontumor
AK3,0.026941312,0.02785462,-0.00091330707,,,tumor|nontumor
LBR,0.02924562,0.03016323,-0.0009176098,,,tumor|nontumor
DBNDD2,0.049594857,0.050515093,-0.0009202361,,,tumor|nontumor
PRPF40A,0.04447937,0.04540381,-0.00092443824,,,tumor|nontumor
MTFR1,0.022346353,0.02327087,-0.00092451647,,,tumor|nontumor
EML4,0.023687998,0.024612855,-0.00092485733,,,tumor|nontumor
EFR3A,0.05381091,0.054740243,-0.00092933327,,,tumor|nontumor
MTHFD2,0.03340655,0.034338944,-0.00093239546,,,tumor|nontumor
IER3IP1,0.04207621,0.043008655,-0.0009324439,,,tumor|nontumor
MBD3,0.022796175,0.023733508,-0.00093733333,,,tumor|nontumor
NUDT5,0.049580816,0.050524198,-0.00094338134,,,tumor|nontumor
LANCL1,0.021646138,0.022591308,-0.0009451695,,,tumor|nontumor
PSMA1,0.025568254,0.026514037,-0.0009457823,,,tumor|nontumor
MTLN,0.023230653,0.024179721,-0.000949068,,,tumor|nontumor
AHSA1,0.032010917,0.032960348,-0.0009494312,,,tumor|nontumor
GNS,0.034520723,0.035470694,-0.0009499714,,,tumor|nontumor
ATP5F1C,0.09218973,0.09314799,-0.0009582639,,,tumor|nontumor
TUSC3,0.020590598,0.021550324,-0.00095972605,,,tumor|nontumor
DNAJC21,0.04772647,0.048686404,-0.0009599328,,,tumor|nontumor
TCF25,0.032495122,0.03345799,-0.00096286833,,,tumor|nontumor
DYNLL2,0.03113215,0.032096624,-0.00096447393,,,tumor|nontumor
TSPEAR,0.026275594,0.027246011,-0.00097041763,,,tumor|nontumor
TXLNA,0.02704831,0.028020943,-0.0009726323,,,tumor|nontumor
TCF4,0.029787516,0.03076647,-0.0009789541,,,tumor|nontumor
MAT2B,0.031097809,0.032081325,-0.0009835158,,,tumor|nontumor
CEBPB,0.1297056,0.13068941,-0.0009838194,,,tumor|nontumor
LRRC59,0.02978114,0.03076498,-0.0009838399,,,tumor|nontumor
MED24,0.026806211,0.027790885,-0.0009846743,,,tumor|nontumor
NDUFB6,0.024016963,0.025002804,-0.0009858403,,,tumor|nontumor
CUL4B,0.026764108,0.027750531,-0.0009864233,,,tumor|nontumor
DDB1,0.06786919,0.06885867,-0.0009894818,,,tumor|nontumor
GSTO1,0.055186965,0.056181483,-0.0009945184,,,tumor|nontumor
PEA15,0.084034115,0.085028745,-0.0009946302,,,tumor|nontumor
PRDX5,0.16501947,0.16602017,-0.0010007024,,,tumor|nontumor
CD68,0.02903324,0.030034536,-0.0010012966,,,tumor|nontumor
HNRNPF,0.08054991,0.081555024,-0.0010051131,,,tumor|nontumor
IPO9,0.034911793,0.035926104,-0.0010143109,,,tumor|nontumor
SELENON,0.031741947,0.03275648,-0.0010145344,,,tumor|nontumor
LSM5,0.07983135,0.08084639,-0.0010150447,,,tumor|nontumor
SEPHS1,0.029632254,0.030650541,-0.0010182876,,,tumor|nontumor
EBNA1BP2,0.054586023,0.05561299,-0.0010269657,,,tumor|nontumor
MRPL41,0.064430475,0.06545818,-0.0010277033,,,tumor|nontumor
PRPF38B,0.024085116,0.025113126,-0.0010280106,,,tumor|nontumor
FEM1A,0.02293454,0.023965904,-0.0010313652,,,tumor|nontumor
MMD,0.026849959,0.027881768,-0.0010318086,,,tumor|nontumor
SAFB,0.020708513,0.021743013,-0.0010345001,,,tumor|nontumor
PHB1,0.034960125,0.03599529,-0.001035165,,,tumor|nontumor
ATP6V0D1,0.04626696,0.04730588,-0.0010389164,,,tumor|nontumor
LTO1,0.09580726,0.09684919,-0.0010419264,,,tumor|nontumor
CDC123,0.065020144,0.06606264,-0.0010424927,,,tumor|nontumor
ACAA2,0.026710011,0.027755342,-0.0010453314,,,tumor|nontumor
UBA2,0.03596945,0.03701968,-0.0010502301,,,tumor|nontumor
TDG,0.022386063,0.023438303,-0.0010522399,,,tumor|nontumor
HSPBP1,0.021320142,0.022373158,-0.0010530166,,,tumor|nontumor
PSMD3,0.03306115,0.03411681,-0.0010556579,,,tumor|nontumor
MBOAT7,0.03668812,0.037743893,-0.0010557733,,,tumor|nontumor
RPA1,0.025612198,0.026689118,-0.00107692,,,tumor|nontumor
RRS1,0.021064438,0.022142049,-0.001077611,,,tumor|nontumor
MAGOH,0.06179058,0.062870495,-0.0010799132,,,tumor|nontumor
MCAM,0.038853634,0.039938956,-0.0010853224,,,tumor|nontumor
COMMD7,0.025614392,0.02670186,-0.0010874681,,,tumor|nontumor
M6PR,0.029857714,0.030946279,-0.0010885652,,,tumor|nontumor
PIP4K2C,0.03272662,0.03382019,-0.0010935701,,,tumor|nontumor
FAM20B,0.029482167,0.030576207,-0.0010940395,,,tumor|nontumor
IPO7,0.037236147,0.038331665,-0.0010955185,,,tumor|nontumor
PIGS,0.04109927,0.042195324,-0.0010960549,,,tumor|nontumor
RPL8,0.45337424,0.45447147,-0.0010972321,,,tumor|nontumor
XPO1,0.054439586,0.05553695,-0.0010973625,,,tumor|nontumor
NRDC,0.06784641,0.06895111,-0.0011046976,,,tumor|nontumor
DNASE2,0.024029506,0.025141124,-0.0011116173,,,tumor|nontumor
DNAJC7,0.03172362,0.032837,-0.0011133812,,,tumor|nontumor
CSNK1G2,0.032077115,0.03319326,-0.0011161454,,,tumor|nontumor
EIF3H,0.07564296,0.07676048,-0.00111752,,,tumor|nontumor
SND1,0.04087765,0.041995842,-0.0011181906,,,tumor|nontumor
PHF5A,0.020394359,0.02151257,-0.0011182111,,,tumor|nontumor
MAGT1,0.023541111,0.024660258,-0.0011191461,,,tumor|nontumor
YBX1,0.2696106,0.27073836,-0.0011277497,,,tumor|nontumor
MRPS16,0.029488372,0.03061702,-0.0011286475,,,tumor|nontumor
USP14,0.06333922,0.06447234,-0.0011331216,,,tumor|nontumor
NPC1,0.021931754,0.023085281,-0.0011535268,,,tumor|nontumor
SEPTIN9,0.08507599,0.086232446,-0.0011564568,,,tumor|nontumor
UBXN1,0.035482377,0.036642022,-0.0011596456,,,tumor|nontumor
TIMP1,0.10452174,0.10568152,-0.0011597872,,,tumor|nontumor
GNL3,0.024410803,0.025570609,-0.0011598058,,,tumor|nontumor
UGGT1,0.023847714,0.025008645,-0.0011609308,,,tumor|nontumor
NRIP1,0.031597126,0.03275917,-0.0011620447,,,tumor|nontumor
MVP,0.037719768,0.038882278,-0.0011625104,,,tumor|nontumor
NDUFV1,0.04986934,0.05103989,-0.0011705495,,,tumor|nontumor
NASP,0.028006388,0.029180294,-0.001173906,,,tumor|nontumor
MFN2,0.038877916,0.040051825,-0.0011739098,,,tumor|nontumor
SEPHS2,0.026038395,0.027215047,-0.0011766516,,,tumor|nontumor
GOT2,0.024582684,0.025770022,-0.0011873376,,,tumor|nontumor
BMP2K,0.022728698,0.023917891,-0.0011891928,,,tumor|nontumor
ALG3,0.022884551,0.024077205,-0.0011926536,,,tumor|nontumor
H1-10,0.06546023,0.06665689,-0.0011966601,,,tumor|nontumor
SELENOT,0.07298672,0.07418387,-0.0011971444,,,tumor|nontumor
RERE,0.027047839,0.028245797,-0.0011979584,,,tumor|nontumor
PALLD,0.08285544,0.08405356,-0.0011981204,,,tumor|nontumor
GSPT1,0.050411485,0.05161213,-0.0012006462,,,tumor|nontumor
HEATR1,0.029547183,0.03075151,-0.0012043267,,,tumor|nontumor
TMEM208,0.030550988,0.03175683,-0.0012058411,,,tumor|nontumor
CHCHD7,0.023592768,0.02479953,-0.0012067612,,,tumor|nontumor
PPIF,0.035269886,0.03647803,-0.0012081452,,,tumor|nontumor
FIS1,0.046672307,0.047887433,-0.0012151264,,,tumor|nontumor
COX14,0.024199901,0.025415648,-0.0012157466,,,tumor|nontumor
SGPL1,0.040328804,0.041556757,-0.0012279525,,,tumor|nontumor
DDX23,0.025533117,0.026764015,-0.0012308974,,,tumor|nontumor
GRK6,0.027626915,0.028860735,-0.0012338199,,,tumor|nontumor
POLR2E,0.040404044,0.041639294,-0.0012352504,,,tumor|nontumor
CLPTM1,0.02942668,0.030663716,-0.0012370348,,,tumor|nontumor
LRRC47,0.03378639,0.03502812,-0.0012417287,,,tumor|nontumor
NUDT1,0.047794815,0.04904234,-0.0012475252,,,tumor|nontumor
PSMD4,0.049951438,0.05120367,-0.001252234,,,tumor|nontumor
ARF4,0.07628391,0.07754206,-0.0012581497,,,tumor|nontumor
SNF8,0.029942717,0.031205297,-0.0012625791,,,tumor|nontumor
HAX1,0.031131815,0.032396805,-0.0012649894,,,tumor|nontumor
COPG1,0.058258828,0.059525438,-0.0012666099,,,tumor|nontumor
MBP,0.036872555,0.038140398,-0.001267843,,,tumor|nontumor
GPAA1,0.078233354,0.07950145,-0.0012680963,,,tumor|nontumor
LGMN,0.026865212,0.0281355,-0.0012702886,,,tumor|nontumor
PSMC2,0.04048152,0.041752286,-0.0012707673,,,tumor|nontumor
MYDGF,0.046352122,0.04762312,-0.0012709983,,,tumor|nontumor
SEC61A1,0.033242762,0.034514874,-0.0012721121,,,tumor|nontumor
FBLN1,0.023113122,0.024387807,-0.0012746844,,,tumor|nontumor
RB1,0.029784624,0.031063357,-0.0012787338,,,tumor|nontumor
ZFAS1,0.104954936,0.1062415,-0.0012865663,,,tumor|nontumor
ARHGEF1,0.030472446,0.03175967,-0.0012872219,,,tumor|nontumor
SIN3B,0.02534381,0.026633061,-0.0012892522,,,tumor|nontumor
MRPS7,0.03434257,0.035633225,-0.0012906566,,,tumor|nontumor
SRSF3,0.08470637,0.085997164,-0.0012907907,,,tumor|nontumor
TOMM22,0.071784124,0.07307659,-0.0012924671,,,tumor|nontumor
DAZAP1,0.048260435,0.049555544,-0.0012951083,,,tumor|nontumor
NSD1,0.02888804,0.030186703,-0.0012986641,,,tumor|nontumor
OGDH,0.053429503,0.05472917,-0.0012996681,,,tumor|nontumor
PANK3,0.037156902,0.038456865,-0.0012999624,,,tumor|nontumor
MTND2P28,0.022987248,0.024289064,-0.0013018157,,,tumor|nontumor
TMEM167A,0.049773555,0.051082183,-0.0013086274,,,tumor|nontumor
CCNI,0.0746815,0.07599148,-0.0013099834,,,tumor|nontumor
ZMAT2,0.034826666,0.03614003,-0.0013133623,,,tumor|nontumor
STK4,0.02756806,0.02888284,-0.0013147797,,,tumor|nontumor
ADI1,0.026786668,0.028102418,-0.0013157502,,,tumor|nontumor
ILF3,0.03893732,0.040254444,-0.0013171248,,,tumor|nontumor
CDK2,0.045141254,0.046458673,-0.0013174191,,,tumor|nontumor
UQCR10,0.10343962,0.10476011,-0.0013204888,,,tumor|nontumor
FTL,0.6779227,0.6792535,-0.0013307929,,,tumor|nontumor
HIGD1A,0.021151073,0.022485608,-0.001334535,,,tumor|nontumor
MAP2K2,0.048109323,0.049447194,-0.001337871,,,tumor|nontumor
LAMTOR4,0.033393033,0.03473122,-0.0013381876,,,tumor|nontumor
BAZ1B,0.027946439,0.029293966,-0.0013475269,,,tumor|nontumor
CACUL1,0.027716855,0.029065425,-0.00134857,,,tumor|nontumor
STT3B,0.026473582,0.027825717,-0.0013521351,,,tumor|nontumor
SDHC,0.037265684,0.0386208,-0.0013551153,,,tumor|nontumor
COA4,0.0209556,0.022312658,-0.0013570581,,,tumor|nontumor
SMAD2,0.05509801,0.056460515,-0.0013625063,,,tumor|nontumor
MGST1,0.022196742,0.023564205,-0.0013674628,,,tumor|nontumor
RAB32,0.036582615,0.037952024,-0.0013694093,,,tumor|nontumor
CDH1,0.04115523,0.042529486,-0.0013742559,,,tumor|nontumor
LTBP2,0.062795654,0.06417349,-0.0013778359,,,tumor|nontumor
LITAF,0.048928645,0.050307173,-0.0013785288,,,tumor|nontumor
IRF3,0.030622143,0.032013632,-0.0013914891,,,tumor|nontumor
TRIB1,0.029826542,0.031220544,-0.0013940018,,,tumor|nontumor
MRC2,0.027555658,0.028950436,-0.0013947785,,,tumor|nontumor
SAP18,0.05425873,0.055656638,-0.0013979077,,,tumor|nontumor
PSMC1,0.025091466,0.026494162,-0.0014026966,,,tumor|nontumor
RBBP4,0.067535706,0.06893947,-0.0014037639,,,tumor|nontumor
TFDP1,0.046689827,0.04809852,-0.0014086924,,,tumor|nontumor
COPS6,0.032129273,0.033543237,-0.0014139637,,,tumor|nontumor
SNHG32,0.022095839,0.023510898,-0.001415059,,,tumor|nontumor
STT3A,0.02366676,0.025083095,-0.0014163349,,,tumor|nontumor
NDUFB8,0.028363554,0.029784005,-0.0014204513,,,tumor|nontumor
ECHDC2,0.02327644,0.024697267,-0.0014208257,,,tumor|nontumor
SREBF1,0.02577291,0.0271946,-0.00142169,,,tumor|nontumor
SRSF10,0.039427202,0.040849227,-0.0014220253,,,tumor|nontumor
SLC25A46,0.021042157,0.022465568,-0.0014234111,,,tumor|nontumor
IFIH1,0.025553025,0.026976928,-0.0014239028,,,tumor|nontumor
ARHGAP1,0.03985266,0.041277952,-0.0014252923,,,tumor|nontumor
IER5,0.045317266,0.046744063,-0.0014267974,,,tumor|nontumor
BIRC2,0.026845204,0.028274829,-0.0014296249,,,tumor|nontumor
CLDN7,0.061151918,0.062581874,-0.0014299564,,,tumor|nontumor
URI1,0.02503121,0.026462113,-0.0014309026,,,tumor|nontumor
ROCK1,0.029079879,0.030512266,-0.0014323872,,,tumor|nontumor
METAP2,0.04244967,0.04388708,-0.001437407,,,tumor|nontumor
LEPROTL1,0.023523709,0.024967391,-0.0014436822,,,tumor|nontumor
RBM8A,0.08481365,0.086259276,-0.0014456287,,,tumor|nontumor
KDSR,0.071022235,0.07246823,-0.0014459938,,,tumor|nontumor
CHD4,0.03083647,0.03228945,-0.0014529787,,,tumor|nontumor
PPP2CA,0.061811052,0.0632664,-0.0014553443,,,tumor|nontumor
NUB1,0.023356726,0.024828328,-0.0014716014,,,tumor|nontumor
EIF2S2,0.08472168,0.08619517,-0.0014734939,,,tumor|nontumor
KHSRP,0.076740064,0.07821627,-0.0014762059,,,tumor|nontumor
CBX6,0.03014995,0.031629693,-0.001479743,,,tumor|nontumor
FBXO32,0.024284497,0.025769074,-0.0014845766,,,tumor|nontumor
SIVA1,0.047794238,0.049279828,-0.0014855899,,,tumor|nontumor
PWP1,0.02758447,0.029072123,-0.0014876518,,,tumor|nontumor
CBFB,0.039470382,0.04096153,-0.001491148,,,tumor|nontumor
DDOST,0.043890756,0.045385614,-0.0014948584,,,tumor|nontumor
DEK,0.058008168,0.059503306,-0.0014951378,,,tumor|nontumor
RAD23A,0.07273889,0.0742376,-0.0014987066,,,tumor|nontumor
CTSZ,0.06000269,0.06150144,-0.0014987513,,,tumor|nontumor
RBBP7,0.025351288,0.026854124,-0.0015028361,,,tumor|nontumor
TJP1,0.027996814,0.02950106,-0.0015042461,,,tumor|nontumor
COL6A1,0.07469813,0.076204255,-0.0015061274,,,tumor|nontumor
DLD,0.030270396,0.03178357,-0.0015131738,,,tumor|nontumor
CNIH4,0.090932615,0.09244783,-0.0015152171,,,tumor|nontumor
SET,0.19980063,0.20131601,-0.0015153885,,,tumor|nontumor
KCTD1,0.022077013,0.023592869,-0.001515856,,,tumor|nontumor
ABCF2,0.022325527,0.023844425,-0.0015188977,,,tumor|nontumor
ILRUN,0.022817982,0.024341667,-0.0015236847,,,tumor|nontumor
PRR13,0.044880252,0.046405405,-0.0015251525,,,tumor|nontumor
CDV3,0.052163243,0.05370187,-0.0015386268,,,tumor|nontumor
MAPKAPK2,0.08553602,0.08707604,-0.0015400201,,,tumor|nontumor
CHCHD10,0.032530542,0.034076165,-0.001545623,,,tumor|nontumor
MTCH1,0.07925334,0.080799125,-0.0015457869,,,tumor|nontumor
ACO2,0.04620843,0.047759235,-0.0015508048,,,tumor|nontumor
DHX9,0.026111284,0.027664388,-0.0015531033,,,tumor|nontumor
VPS4B,0.039080698,0.04063434,-0.0015536435,,,tumor|nontumor
SHISA5,0.122489184,0.12404318,-0.0015539974,,,tumor|nontumor
TGM2,0.026804853,0.028359022,-0.0015541688,,,tumor|nontumor
NUCB1,0.06349364,0.065054245,-0.0015606061,,,tumor|nontumor
POLR2I,0.032089554,0.03365066,-0.0015611053,,,tumor|nontumor
RPL5,0.19819823,0.19976585,-0.0015676171,,,tumor|nontumor
MBNL1,0.03672784,0.038297202,-0.0015693642,,,tumor|nontumor
LRPPRC,0.035732042,0.037305996,-0.0015739538,,,tumor|nontumor
GATAD2A,0.03421484,0.035789017,-0.0015741773,,,tumor|nontumor
FXYD5,0.05968711,0.061264094,-0.0015769824,,,tumor|nontumor
TARDBP,0.05925689,0.060835738,-0.0015788488,,,tumor|nontumor
PRELID1,0.04780304,0.049386345,-0.0015833043,,,tumor|nontumor
CTDSP2,0.043456133,0.045040295,-0.0015841611,,,tumor|nontumor
MX1,0.07927327,0.08086948,-0.0015962124,,,tumor|nontumor
GCN1,0.03675103,0.038347602,-0.0015965737,,,tumor|nontumor
LPCAT3,0.024475344,0.026072076,-0.0015967321,,,tumor|nontumor
SLC25A28,0.021782817,0.023386508,-0.0016036909,,,tumor|nontumor
TMX2,0.041715875,0.043320358,-0.0016044825,,,tumor|nontumor
UBE2B,0.062081218,0.06368825,-0.0016070306,,,tumor|nontumor
ENSG00000287929,0.039669838,0.04127912,-0.0016092807,,,tumor|nontumor
CIC,0.04559086,0.047203004,-0.0016121455,,,tumor|nontumor
SAMD1,0.039174926,0.040789213,-0.0016142875,,,tumor|nontumor
MRPS33,0.02807378,0.029688105,-0.0016143247,,,tumor|nontumor
NDUFA2,0.048815172,0.050430227,-0.0016150549,,,tumor|nontumor
EDF1,0.05994879,0.061576385,-0.0016275942,,,tumor|nontumor
MYCBP,0.03774945,0.03937881,-0.00162936,,,tumor|nontumor
GALNT1,0.023069609,0.024699189,-0.0016295798,,,tumor|nontumor
MICOS10,0.028970921,0.030611081,-0.0016401596,,,tumor|nontumor
PCBD1,0.022206599,0.023852255,-0.0016456563,,,tumor|nontumor
UBE2N,0.049545705,0.051193275,-0.0016475692,,,tumor|nontumor
TSPAN3,0.03365099,0.03529872,-0.0016477294,,,tumor|nontumor
SLC25A39,0.136435,0.13808456,-0.0016495585,,,tumor|nontumor
MRPL4,0.024580114,0.026233293,-0.0016531795,,,tumor|nontumor
TRMT112,0.19276412,0.19441871,-0.0016545951,,,tumor|nontumor
TMEM258,0.17509688,0.17675574,-0.0016588569,,,tumor|nontumor
HMGB3,0.023205165,0.024865882,-0.0016607177,,,tumor|nontumor
CD14,0.025539055,0.027202735,-0.0016636793,,,tumor|nontumor
AKR1B1,0.024913171,0.026578454,-0.001665283,,,tumor|nontumor
BAX,0.04048023,0.04214861,-0.0016683787,,,tumor|nontumor
STARD7,0.06345844,0.06513353,-0.0016750842,,,tumor|nontumor
EFTUD2,0.02850025,0.030175589,-0.0016753394,,,tumor|nontumor
PTTG1,0.033782892,0.035460766,-0.0016778745,,,tumor|nontumor
BCL11A,0.027167983,0.028848058,-0.0016800743,,,tumor|nontumor
DAP3,0.03714462,0.03882602,-0.0016813986,,,tumor|nontumor
SLC1A5,0.04746289,0.049150832,-0.0016879402,,,tumor|nontumor
NADK2,0.0323959,0.034092363,-0.0016964637,,,tumor|nontumor
TRAPPC4,0.021076662,0.02277566,-0.0016989969,,,tumor|nontumor
SNRPD3,0.071314484,0.073015355,-0.0017008707,,,tumor|nontumor
SMARCC1,0.02726112,0.028962366,-0.001701247,,,tumor|nontumor
SMAD1,0.024732832,0.026434772,-0.0017019399,,,tumor|nontumor
UBQLN4,0.023277799,0.02498752,-0.001709722,,,tumor|nontumor
ACTL6A,0.029962247,0.031672318,-0.0017100703,,,tumor|nontumor
MRPL53,0.027046965,0.028759658,-0.0017126929,,,tumor|nontumor
FAM32A,0.029485093,0.031200657,-0.0017155632,,,tumor|nontumor
C19orf53,0.042908523,0.04462497,-0.0017164461,,,tumor|nontumor
NOL7,0.024832074,0.026549254,-0.00171718,,,tumor|nontumor
TMEM176A,0.022145862,0.02386527,-0.0017194077,,,tumor|nontumor
PPIB,0.10921316,0.11093649,-0.0017233342,,,tumor|nontumor
KDM1A,0.028150056,0.029874228,-0.0017241724,,,tumor|nontumor
MBD4,0.021386482,0.023111612,-0.0017251298,,,tumor|nontumor
PLTP,0.08010247,0.08183443,-0.0017319545,,,tumor|nontumor
PPIAP22,0.024925323,0.026659383,-0.0017340593,,,tumor|nontumor
RAD21,0.063245334,0.064985014,-0.0017396808,,,tumor|nontumor
IFRD2,0.020276994,0.022017032,-0.0017400384,,,tumor|nontumor
PGAM5,0.025405345,0.027151009,-0.0017456636,,,tumor|nontumor
PIH1D1,0.027976561,0.029723965,-0.0017474033,,,tumor|nontumor
TECR,0.03381694,0.035567276,-0.0017503351,,,tumor|nontumor
PRRC2A,0.032576103,0.034327567,-0.0017514639,,,tumor|nontumor
HSPB8,0.022786831,0.024545152,-0.0017583203,,,tumor|nontumor
ENTREP3,0.02124847,0.023010409,-0.0017619394,,,tumor|nontumor
RPS17,0.11962855,0.121391825,-0.0017632768,,,tumor|nontumor
PRPS1,0.033006914,0.03477125,-0.0017643347,,,tumor|nontumor
ATXN2L,0.058938682,0.06070351,-0.0017648265,,,tumor|nontumor
CRNDE,0.037370518,0.03913594,-0.0017654225,,,tumor|nontumor
EIF6,0.080484174,0.082250945,-0.0017667711,,,tumor|nontumor
NAP1L1,0.07982858,0.08160103,-0.0017724484,,,tumor|nontumor
SOX9,0.06279335,0.064567976,-0.001774624,,,tumor|nontumor
EIF3M,0.031703517,0.033478502,-0.0017749853,,,tumor|nontumor
NIBAN1,0.026845513,0.028621202,-0.0017756894,,,tumor|nontumor
USP10,0.036087047,0.0378639,-0.0017768517,,,tumor|nontumor
TFAP2A,0.038172465,0.03995555,-0.0017830841,,,tumor|nontumor
LARP1,0.055316407,0.057107903,-0.0017914958,,,tumor|nontumor
UTP4,0.02351261,0.025308698,-0.0017960891,,,tumor|nontumor
CYRIB,0.07173719,0.07353473,-0.0017975345,,,tumor|nontumor
HNRNPR,0.052573808,0.054372117,-0.0017983094,,,tumor|nontumor
CRTAP,0.050851766,0.052652247,-0.0018004812,,,tumor|nontumor
MLEC,0.029128604,0.030934688,-0.0018060841,,,tumor|nontumor
SLTM,0.03254208,0.034349725,-0.001807645,,,tumor|nontumor
SLC39A7,0.021303302,0.023114063,-0.0018107612,,,tumor|nontumor
C20orf27,0.023941714,0.025756544,-0.0018148292,,,tumor|nontumor
ID3,0.026211852,0.028030848,-0.0018189959,,,tumor|nontumor
RNF213,0.051007103,0.052826386,-0.0018192828,,,tumor|nontumor
KPNB1,0.07575668,0.0775781,-0.0018214211,,,tumor|nontumor
GSN,0.06475827,0.0665852,-0.0018269271,,,tumor|nontumor
API5,0.03492029,0.036747713,-0.0018274225,,,tumor|nontumor
CKLF,0.022136908,0.023968408,-0.0018314999,,,tumor|nontumor
CKAP5,0.023812683,0.025644397,-0.0018317141,,,tumor|nontumor
ZFP64,0.0207042,0.0225388,-0.0018345993,,,tumor|nontumor
TOP2B,0.021796174,0.023631182,-0.0018350072,,,tumor|nontumor
CNOT1,0.040081847,0.04191753,-0.0018356815,,,tumor|nontumor
CENPW,0.030698735,0.03253545,-0.0018367134,,,tumor|nontumor
SRPRA,0.033590704,0.035429038,-0.0018383339,,,tumor|nontumor
RDH11,0.04223426,0.044074688,-0.0018404275,,,tumor|nontumor
U2SURP,0.042525038,0.04436559,-0.0018405505,,,tumor|nontumor
MT-ATP8,0.10535684,0.10721206,-0.0018552169,,,tumor|nontumor
CEBPD,0.029734267,0.031589925,-0.0018556584,,,tumor|nontumor
MDK,0.03481692,0.036673065,-0.0018561445,,,tumor|nontumor
SLC25A1,0.026833514,0.028693058,-0.0018595438,,,tumor|nontumor
STK17B,0.041327707,0.04319499,-0.0018672831,,,tumor|nontumor
SRRT,0.03052731,0.032395795,-0.0018684845,,,tumor|nontumor
ETF1,0.05109263,0.0529661,-0.0018734708,,,tumor|nontumor
ATP6V1A,0.032582734,0.034463685,-0.0018809512,,,tumor|nontumor
DPYSL2,0.029255424,0.031140424,-0.0018850006,,,tumor|nontumor
IQGAP3,0.025634581,0.027521959,-0.0018873774,,,tumor|nontumor
PSENEN,0.037404627,0.03930439,-0.0018997639,,,tumor|nontumor
HADHA,0.030722009,0.032622237,-0.0019002277,,,tumor|nontumor
NDUFAF3,0.022420954,0.024323916,-0.0019029621,,,tumor|nontumor
SIPA1L3,0.030680511,0.03258518,-0.0019046701,,,tumor|nontumor
DNAJA1,0.049606755,0.0515132,-0.0019064434,,,tumor|nontumor
HIGD2A,0.045876592,0.047784932,-0.0019083396,,,tumor|nontumor
UBAP2L,0.047695924,0.049605507,-0.0019095838,,,tumor|nontumor
TPST1,0.025057513,0.026970884,-0.0019133706,,,tumor|nontumor
ATP2C1,0.02573802,0.027654387,-0.0019163676,,,tumor|nontumor
TOMM70,0.029226836,0.031143723,-0.0019168872,,,tumor|nontumor
POGK,0.029184321,0.031108165,-0.0019238442,,,tumor|nontumor
PGP,0.026339931,0.028266443,-0.0019265115,,,tumor|nontumor
SPCS2,0.04047652,0.04240457,-0.0019280501,,,tumor|nontumor
TAF10,0.02547952,0.027409362,-0.0019298419,,,tumor|nontumor
MAGED1,0.026753167,0.02870255,-0.001949383,,,tumor|nontumor
MCCC2,0.022613235,0.024566473,-0.0019532386,,,tumor|nontumor
PLK2,0.06226934,0.06422491,-0.0019555725,,,tumor|nontumor
ATP5PD,0.07848463,0.080442086,-0.0019574538,,,tumor|nontumor
MT1H,0.026423363,0.0283861,-0.0019627362,,,tumor|nontumor
ARPC1B,0.10959206,0.11155722,-0.0019651651,,,tumor|nontumor
TOMM40,0.020140462,0.022106072,-0.0019656103,,,tumor|nontumor
MDH2,0.060870465,0.06283642,-0.0019659586,,,tumor|nontumor
EIF3J,0.037369747,0.039342362,-0.0019726157,,,tumor|nontumor
RPA2,0.027919345,0.029897816,-0.0019784719,,,tumor|nontumor
DCTPP1,0.034351174,0.03633111,-0.001979936,,,tumor|nontumor
AGFG1,0.072359614,0.07434147,-0.0019818544,,,tumor|nontumor
BRI3BP,0.021675257,0.02365916,-0.0019839033,,,tumor|nontumor
ITPRIPL2,0.03241864,0.03440914,-0.0019905008,,,tumor|nontumor
ABRACL,0.025832323,0.027836729,-0.0020044055,,,tumor|nontumor
ECT2,0.027540542,0.029548243,-0.0020077005,,,tumor|nontumor
COPE,0.025519812,0.027529888,-0.0020100754,,,tumor|nontumor
NFYC,0.03240467,0.03442376,-0.0020190924,,,tumor|nontumor
SNX5,0.05000438,0.052029625,-0.002025243,,,tumor|nontumor
SF3B5,0.048743278,0.050771493,-0.0020282157,,,tumor|nontumor
PLEKHB2,0.041905977,0.043938495,-0.0020325184,,,tumor|nontumor
NDUFC1,0.053318646,0.055353478,-0.0020348318,,,tumor|nontumor
SCARB2,0.072776765,0.07481436,-0.0020375922,,,tumor|nontumor
CALM3,0.04668205,0.04872285,-0.0020407997,,,tumor|nontumor
RPA3,0.052176937,0.05422805,-0.0020511113,,,tumor|nontumor
DNAJB11,0.03140391,0.033455595,-0.002051685,,,tumor|nontumor
APRT,0.03984736,0.04190527,-0.00205791,,,tumor|nontumor
NDUFA12,0.0416664,0.04372801,-0.0020616092,,,tumor|nontumor
PSMC4,0.02592491,0.027990172,-0.0020652618,,,tumor|nontumor
CCT7,0.052411936,0.054477718,-0.0020657815,,,tumor|nontumor
SIGMAR1,0.02867713,0.030747589,-0.0020704586,,,tumor|nontumor
MAD2L2,0.05172256,0.05380036,-0.0020777993,,,tumor|nontumor
OAS2,0.034792952,0.03687719,-0.0020842366,,,tumor|nontumor
MRPL3,0.030190455,0.03227768,-0.0020872261,,,tumor|nontumor
CREG1,0.03162966,0.033723533,-0.002093874,,,tumor|nontumor
HSPA9,0.058525357,0.06062148,-0.002096124,,,tumor|nontumor
PML,0.03457234,0.036675997,-0.0021036565,,,tumor|nontumor
TIMM10,0.032617092,0.034725234,-0.0021081418,,,tumor|nontumor
NOP16,0.03173094,0.033840995,-0.0021100566,,,tumor|nontumor
ZC3HAV1,0.040879104,0.042995833,-0.0021167286,,,tumor|nontumor
MCM4,0.03865291,0.04077345,-0.0021205395,,,tumor|nontumor
UQCRC2,0.025485652,0.027609557,-0.0021239053,,,tumor|nontumor
RNPEP,0.04586629,0.04799045,-0.0021241605,,,tumor|nontumor
LASP1,0.059377406,0.06151069,-0.0021332838,,,tumor|nontumor
SLC30A1,0.03769749,0.03983933,-0.0021418408,,,tumor|nontumor
UQCRFS1,0.024350127,0.026493836,-0.002143709,,,tumor|nontumor
CLTA,0.049986582,0.052132897,-0.0021463148,,,tumor|nontumor
SSR3,0.05165909,0.053823676,-0.0021645874,,,tumor|nontumor
NAB1,0.03673886,0.038906395,-0.002167534,,,tumor|nontumor
SLC38A1,0.07028626,0.07246236,-0.0021760985,,,tumor|nontumor
TBCB,0.04862974,0.05081504,-0.0021853,,,tumor|nontumor
PHB2,0.042071838,0.044257224,-0.0021853857,,,tumor|nontumor
KIF2C,0.021655897,0.023846189,-0.0021902919,,,tumor|nontumor
VCP,0.04539443,0.04758524,-0.0021908097,,,tumor|nontumor
IFI16,0.0628527,0.06504668,-0.00219398,,,tumor|nontumor
TMEM9B,0.044678077,0.046888027,-0.0022099502,,,tumor|nontumor
SNHG6,0.08944855,0.09165868,-0.0022101328,,,tumor|nontumor
CDCA5,0.01955949,0.021775128,-0.0022156388,,,tumor|nontumor
PSMB7,0.0714958,0.07371833,-0.0022225305,,,tumor|nontumor
RPS27L,0.061600845,0.063823566,-0.0022227205,,,tumor|nontumor
ATL2,0.032433584,0.03465692,-0.0022233352,,,tumor|nontumor
DDX11,0.0346364,0.036882803,-0.0022464022,,,tumor|nontumor
NDUFB7,0.03463419,0.03690559,-0.002271399,,,tumor|nontumor
AP2S1,0.08928161,0.091555804,-0.0022741929,,,tumor|nontumor
IL6ST,0.035628017,0.037907045,-0.0022790283,,,tumor|nontumor
LPCAT2,0.024000874,0.02628162,-0.0022807457,,,tumor|nontumor
COX5B,0.087078564,0.08936015,-0.0022815838,,,tumor|nontumor
MRPS34,0.04221386,0.044511236,-0.0022973754,,,tumor|nontumor
PUF60,0.06735968,0.06965729,-0.00229761,,,tumor|nontumor
MRPL15,0.021867031,0.024166273,-0.0022992417,,,tumor|nontumor
MAT2A,0.124116465,0.12641971,-0.0023032427,,,tumor|nontumor
NUP62,0.035872336,0.0381772,-0.0023048632,,,tumor|nontumor
U2AF2,0.064868815,0.06717803,-0.002309218,,,tumor|nontumor
POLE3,0.04282393,0.045133222,-0.0023092926,,,tumor|nontumor
TIMM17A,0.035738595,0.038051464,-0.0023128688,,,tumor|nontumor
TPD52L1,0.045823734,0.048138186,-0.002314452,,,tumor|nontumor
HCFC1,0.022743464,0.02505916,-0.0023156963,,,tumor|nontumor
ABHD3,0.020313008,0.0226289,-0.002315892,,,tumor|nontumor
PPIH,0.04287996,0.04519655,-0.0023165904,,,tumor|nontumor
SEC31A,0.05323556,0.055559468,-0.0023239069,,,tumor|nontumor
AP1B1,0.026085118,0.028416375,-0.0023312569,,,tumor|nontumor
POMP,0.1282602,0.13059323,-0.00233303,,,tumor|nontumor
CDC42SE2,0.02605348,0.028387949,-0.002334468,,,tumor|nontumor
RBMX,0.044238098,0.046576597,-0.0023384988,,,tumor|nontumor
SULF2,0.054322023,0.056664553,-0.0023425296,,,tumor|nontumor
FAM174C,0.039289266,0.04163345,-0.0023441836,,,tumor|nontumor
SUB1,0.1681498,0.17050315,-0.0023533553,,,tumor|nontumor
HNRNPH1,0.17700721,0.17936082,-0.0023536086,,,tumor|nontumor
MRPL20,0.04757743,0.0499313,-0.0023538694,,,tumor|nontumor
SNRPC,0.030811517,0.033165574,-0.0023540575,,,tumor|nontumor
HNRNPUL2,0.050662633,0.05301836,-0.0023557283,,,tumor|nontumor
EIF3I,0.06838658,0.070750974,-0.002364397,,,tumor|nontumor
MT-TA,0.03424799,0.036627814,-0.0023798235,,,tumor|nontumor
TMEM109,0.052142862,0.0545266,-0.0023837388,,,tumor|nontumor
UBB,0.083137274,0.08553649,-0.0023992136,,,tumor|nontumor
PSMG1,0.028310927,0.030723883,-0.0024129562,,,tumor|nontumor
HSPA4,0.040041875,0.042457543,-0.0024156682,,,tumor|nontumor
NIT2,0.03827216,0.040690996,-0.0024188347,,,tumor|nontumor
HM13,0.034253325,0.03667448,-0.0024211556,,,tumor|nontumor
HNRNPDL,0.101981744,0.10440471,-0.002422966,,,tumor|nontumor
RTCB,0.031563785,0.03400472,-0.0024409369,,,tumor|nontumor
SMC4,0.026526704,0.028974572,-0.0024478678,,,tumor|nontumor
LMO4,0.04421702,0.04666707,-0.002450049,,,tumor|nontumor
TUFM,0.05558515,0.05803746,-0.0024523102,,,tumor|nontumor
NDUFS8,0.042186383,0.04464441,-0.0024580285,,,tumor|nontumor
DTX3L,0.024896828,0.027357595,-0.0024607666,,,tumor|nontumor
DNAJC9,0.025609145,0.028070534,-0.0024613887,,,tumor|nontumor
NUCKS1,0.09556497,0.09803128,-0.0024663135,,,tumor|nontumor
BCAP31,0.11963234,0.12210234,-0.0024700016,,,tumor|nontumor
AHCY,0.02065042,0.023122344,-0.0024719238,,,tumor|nontumor
ZFP36L2,0.0968909,0.09936475,-0.0024738535,,,tumor|nontumor
MAX,0.034691982,0.0371672,-0.002475217,,,tumor|nontumor
CTPS1,0.041997265,0.04447361,-0.0024763457,,,tumor|nontumor
ROMO1,0.094775915,0.09725646,-0.0024805441,,,tumor|nontumor
SNU13,0.12478487,0.1272715,-0.0024866313,,,tumor|nontumor
ERP29,0.031366974,0.03385914,-0.002492167,,,tumor|nontumor
ANP32E,0.029147428,0.031639762,-0.0024923347,,,tumor|nontumor
RRM1,0.022679586,0.025172858,-0.0024932716,,,tumor|nontumor
NFIC,0.05096007,0.053454444,-0.0024943724,,,tumor|nontumor
EIF3A,0.036862183,0.03935952,-0.0024973378,,,tumor|nontumor
HMGA1,0.054171085,0.0566757,-0.0025046133,,,tumor|nontumor
FAM120A,0.0909468,0.09345643,-0.0025096312,,,tumor|nontumor
PARP1,0.060422193,0.06293407,-0.0025118776,,,tumor|nontumor
CYB5B,0.036498252,0.039017238,-0.0025189854,,,tumor|nontumor
ATAD2,0.020287769,0.022806767,-0.0025189985,,,tumor|nontumor
NEFM,0.024255063,0.026778318,-0.0025232546,,,tumor|nontumor
MALAT1,0.28350908,0.28603557,-0.0025264919,,,tumor|nontumor
HYOU1,0.039684214,0.042217404,-0.00253319,,,tumor|nontumor
NAA50,0.044295974,0.04683381,-0.0025378354,,,tumor|nontumor
RFC4,0.03594057,0.038482845,-0.002542276,,,tumor|nontumor
EIF3F,0.024674576,0.02722634,-0.0025517642,,,tumor|nontumor
LSM7,0.032106232,0.03465966,-0.0025534295,,,tumor|nontumor
SNRNP200,0.05546006,0.058016308,-0.0025562495,,,tumor|nontumor
PA2G4,0.055345956,0.057902828,-0.0025568716,,,tumor|nontumor
IMMT,0.02780169,0.030375684,-0.002573993,,,tumor|nontumor
NDUFA11,0.035633158,0.038207624,-0.0025744662,,,tumor|nontumor
CCNB1,0.021897048,0.02447664,-0.0025795922,,,tumor|nontumor
SEC13,0.029656596,0.032240126,-0.0025835298,,,tumor|nontumor
UXT,0.024488632,0.0270752,-0.0025865678,,,tumor|nontumor
CENPF,0.020227574,0.022814551,-0.0025869776,,,tumor|nontumor
PRSS21,0.03066916,0.033256773,-0.0025876127,,,tumor|nontumor
ERAP2,0.02147725,0.024084019,-0.0026067682,,,tumor|nontumor
GFPT2,0.027584733,0.030197382,-0.0026126485,,,tumor|nontumor
PPT1,0.0721864,0.07479906,-0.0026126578,,,tumor|nontumor
FH,0.029393228,0.03200623,-0.0026130024,,,tumor|nontumor
CCT4,0.08423498,0.08684885,-0.0026138648,,,tumor|nontumor
TNFSF10,0.1969743,0.19958831,-0.0026140064,,,tumor|nontumor
NDUFS7,0.021166349,0.023798216,-0.0026318673,,,tumor|nontumor
SFT2D2,0.03277072,0.035403434,-0.0026327148,,,tumor|nontumor
COX7B,0.031097287,0.033734858,-0.0026375707,,,tumor|nontumor
OAZ1,0.2581596,0.26080042,-0.0026408136,,,tumor|nontumor
AKR1A1,0.052476097,0.05511699,-0.0026408918,,,tumor|nontumor
BIRC5,0.03081234,0.033454366,-0.0026420262,,,tumor|nontumor
STIM1,0.025856992,0.028499957,-0.002642965,,,tumor|nontumor
RAB2A,0.09763122,0.10027729,-0.0026460662,,,tumor|nontumor
NAA38,0.057124082,0.05977469,-0.0026506074,,,tumor|nontumor
RUNX3,0.039072998,0.041725043,-0.0026520453,,,tumor|nontumor
COPA,0.060965937,0.06361972,-0.0026537813,,,tumor|nontumor
CD2AP,0.037099563,0.039793316,-0.0026937537,,,tumor|nontumor
EIF4G1,0.07688153,0.0795839,-0.0027023703,,,tumor|nontumor
NUP205,0.031067304,0.033777975,-0.0027106702,,,tumor|nontumor
MT-TP,0.024025768,0.026747443,-0.0027216747,,,tumor|nontumor
MYD88,0.028633157,0.031355,-0.0027218442,,,tumor|nontumor
SMARCD2,0.021661919,0.024384588,-0.0027226694,,,tumor|nontumor
CDK1,0.030841595,0.033564918,-0.0027233232,,,tumor|nontumor
DAZAP2,0.12840866,0.13114542,-0.0027367622,,,tumor|nontumor
MFSD6,0.027807295,0.030546743,-0.002739448,,,tumor|nontumor
SF3B3,0.041548163,0.044291243,-0.0027430803,,,tumor|nontumor
TOPBP1,0.023369225,0.026114596,-0.0027453713,,,tumor|nontumor
NACA,0.13753669,0.14028332,-0.0027466267,,,tumor|nontumor
PSMA5,0.051437072,0.054204464,-0.0027673915,,,tumor|nontumor
ANLN,0.029686838,0.032458402,-0.0027715638,,,tumor|nontumor
TRIM25,0.03216276,0.034942478,-0.0027797185,,,tumor|nontumor
ACSL3,0.03602074,0.038818922,-0.002798181,,,tumor|nontumor
KLK8,0.022711087,0.025514482,-0.0028033946,,,tumor|nontumor
TMEM123,0.028142665,0.030959474,-0.0028168093,,,tumor|nontumor
PRPF8,0.053961433,0.056778524,-0.0028170906,,,tumor|nontumor
SLC44A2,0.02265158,0.025473766,-0.0028221868,,,tumor|nontumor
KPNA2,0.029463958,0.03228969,-0.0028257333,,,tumor|nontumor
LGALS7B,0.021135537,0.023972044,-0.0028365068,,,tumor|nontumor
TRAM1,0.07446758,0.07731075,-0.0028431714,,,tumor|nontumor
MAPRE1,0.066150405,0.06904228,-0.0028918758,,,tumor|nontumor
NDUFB9,0.08572455,0.08861799,-0.0028934404,,,tumor|nontumor
LSR,0.05759285,0.060487222,-0.0028943717,,,tumor|nontumor
NQO1,0.020116044,0.023016807,-0.0029007625,,,tumor|nontumor
DKC1,0.038465817,0.041371014,-0.0029051974,,,tumor|nontumor
HIVEP3,0.024085334,0.026997875,-0.0029125419,,,tumor|nontumor
RPL9,0.16296035,0.16587523,-0.0029148757,,,tumor|nontumor
HDGF,0.14260058,0.14553379,-0.0029332042,,,tumor|nontumor
NOP56,0.052100725,0.05504632,-0.0029455945,,,tumor|nontumor
UBC,0.22766273,0.230622,-0.0029592663,,,tumor|nontumor
USF2,0.044001665,0.046961788,-0.0029601231,,,tumor|nontumor
ARL6IP5,0.024356496,0.02731833,-0.002961835,,,tumor|nontumor
HMGN3,0.03451691,0.037484992,-0.002968084,,,tumor|nontumor
IRAK1,0.06357476,0.06655028,-0.002975516,,,tumor|nontumor
RASIP1,0.02665133,0.029633678,-0.0029823482,,,tumor|nontumor
UFC1,0.05323105,0.05622655,-0.0029955022,,,tumor|nontumor
MCTS1,0.037453815,0.040465422,-0.0030116066,,,tumor|nontumor
APOE,0.056298453,0.059327506,-0.0030290522,,,tumor|nontumor
PPA2,0.02993766,0.032968562,-0.0030309018,,,tumor|nontumor
GDI2,0.23599832,0.23902969,-0.003031373,,,tumor|nontumor
DCBLD1,0.020288689,0.02332018,-0.0030314904,,,tumor|nontumor
NLRP2,0.037945736,0.040981866,-0.0030361302,,,tumor|nontumor
SNRPE,0.08805729,0.091098376,-0.0030410886,,,tumor|nontumor
DDX5,0.15093951,0.15398484,-0.0030453354,,,tumor|nontumor
EIF3G,0.03245394,0.035502393,-0.0030484535,,,tumor|nontumor
EIF2S3,0.045404524,0.048457313,-0.0030527897,,,tumor|nontumor
PSMD8,0.047835242,0.050889805,-0.003054563,,,tumor|nontumor
RHOA,0.13708329,0.14015411,-0.0030708164,,,tumor|nontumor
SEC23B,0.026470024,0.029542357,-0.0030723326,,,tumor|nontumor
REX1BD,0.023395916,0.026473168,-0.0030772518,,,tumor|nontumor
PARP14,0.03234192,0.035428714,-0.0030867942,,,tumor|nontumor
TCP1,0.092151955,0.09524171,-0.0030897558,,,tumor|nontumor
PSMA4,0.058627285,0.06172066,-0.0030933768,,,tumor|nontumor
SRSF1,0.027505785,0.03060406,-0.0030982755,,,tumor|nontumor
AARS1,0.029670153,0.032775383,-0.0031052306,,,tumor|nontumor
MT1G,0.09957986,0.102705225,-0.003125362,,,tumor|nontumor
PPM1G,0.04571856,0.048846897,-0.0031283349,,,tumor|nontumor
ETHE1,0.02864376,0.031772412,-0.0031286515,,,tumor|nontumor
MRPS27,0.0285091,0.031638157,-0.0031290557,,,tumor|nontumor
BZW2,0.052269593,0.055400115,-0.0031305216,,,tumor|nontumor
USP1,0.043787368,0.046931155,-0.0031437874,,,tumor|nontumor
LAP3,0.023548549,0.02669936,-0.0031508114,,,tumor|nontumor
SDF2L1,0.04213796,0.045295164,-0.0031572022,,,tumor|nontumor
SKA2,0.025559086,0.028717658,-0.0031585712,,,tumor|nontumor
TMEM176B,0.033580866,0.03674261,-0.0031617433,,,tumor|nontumor
ANAPC5,0.07286684,0.07603053,-0.003163688,,,tumor|nontumor
SAE1,0.028226208,0.031403646,-0.003177438,,,tumor|nontumor
HNRNPK,0.1820132,0.18519713,-0.003183931,,,tumor|nontumor
SYNCRIP,0.055945616,0.059145443,-0.003199827,,,tumor|nontumor
SPTBN1,0.07803129,0.081236884,-0.0032055974,,,tumor|nontumor
POMK,0.03745248,0.040670007,-0.0032175258,,,tumor|nontumor
MCM7,0.04080067,0.044023536,-0.0032228678,,,tumor|nontumor
RUSC1,0.07056603,0.073792994,-0.0032269657,,,tumor|nontumor
CKS2,0.07106339,0.07429314,-0.0032297447,,,tumor|nontumor
DNMT1,0.020401424,0.023640694,-0.0032392703,,,tumor|nontumor
RPRD1A,0.02427692,0.027521795,-0.003244875,,,tumor|nontumor
EIF4G2,0.18981814,0.19309637,-0.0032782257,,,tumor|nontumor
AKT2,0.038555074,0.04184128,-0.0032862052,,,tumor|nontumor
NOLC1,0.031288754,0.034591027,-0.0033022724,,,tumor|nontumor
UNG,0.026616007,0.029920261,-0.0033042543,,,tumor|nontumor
PABPC1,0.34080353,0.34411374,-0.0033102036,,,tumor|nontumor
MCL1,0.18489288,0.1882056,-0.0033127218,,,tumor|nontumor
VSNL1,0.024971567,0.028292798,-0.0033212304,,,tumor|nontumor
TBL1XR1,0.0690485,0.072371505,-0.0033230036,,,tumor|nontumor
UBE2T,0.021701409,0.02503078,-0.003329372,,,tumor|nontumor
CIAO2A,0.033977803,0.037321307,-0.003343504,,,tumor|nontumor
DNAJC10,0.038668364,0.042014856,-0.0033464916,,,tumor|nontumor
ELOB,0.08098453,0.08434483,-0.0033602938,,,tumor|nontumor
LAPTM4A,0.21517423,0.21853727,-0.003363043,,,tumor|nontumor
CYCS,0.12517512,0.12854579,-0.0033706725,,,tumor|nontumor
SERP1,0.08790909,0.09128429,-0.0033752024,,,tumor|nontumor
NDUFAB1,0.06849494,0.07187404,-0.003379099,,,tumor|nontumor
ASAH1,0.033050567,0.036430616,-0.003380049,,,tumor|nontumor
FUS,0.08698523,0.09041763,-0.0034324005,,,tumor|nontumor
LENG8,0.052174374,0.055636838,-0.0034624636,,,tumor|nontumor
CAPNS2,0.026941702,0.030406523,-0.0034648217,,,tumor|nontumor
ATP5IF1,0.0906908,0.094173536,-0.0034827366,,,tumor|nontumor
REEP5,0.07332364,0.076810256,-0.0034866184,,,tumor|nontumor
PDIA4,0.08180868,0.08533748,-0.0035288036,,,tumor|nontumor
MRPS21,0.056315012,0.059857383,-0.003542371,,,tumor|nontumor
RUVBL1,0.024884598,0.028435282,-0.003550684,,,tumor|nontumor
MYBL2,0.020992741,0.024546504,-0.003553763,,,tumor|nontumor
MCM3,0.031764913,0.03533138,-0.0035664663,,,tumor|nontumor
PARK7,0.05950651,0.06307428,-0.0035677738,,,tumor|nontumor
NR2F6,0.045515988,0.04908718,-0.0035711937,,,tumor|nontumor
FKBP11,0.021375053,0.024955409,-0.003580356,,,tumor|nontumor
IMPA2,0.0819159,0.085501246,-0.003585346,,,tumor|nontumor
COPRS,0.04348361,0.047072574,-0.0035889633,,,tumor|nontumor
ATOX1,0.048270818,0.05186922,-0.0035984032,,,tumor|nontumor
NNMT,0.085574724,0.089203976,-0.0036292523,,,tumor|nontumor
PSMB4,0.09766077,0.1012914,-0.0036306307,,,tumor|nontumor
MRPS15,0.049232535,0.052886054,-0.0036535189,,,tumor|nontumor
HSD17B12,0.024561768,0.028215615,-0.0036538467,,,tumor|nontumor
FSTL1,0.03971916,0.043396365,-0.0036772043,,,tumor|nontumor
MARCKS,0.10648845,0.110175796,-0.0036873445,,,tumor|nontumor
OAS3,0.050676618,0.05436522,-0.0036886036,,,tumor|nontumor
ENSA,0.090034716,0.0937285,-0.0036937818,,,tumor|nontumor
FKBP1A,0.169214,0.17291287,-0.0036988705,,,tumor|nontumor
HNRNPU,0.14416222,0.14786515,-0.0037029237,,,tumor|nontumor
SRD5A1,0.033447716,0.037154064,-0.0037063472,,,tumor|nontumor
PRKACA,0.040390372,0.04409718,-0.0037068091,,,tumor|nontumor
MBD2,0.0884996,0.0922094,-0.0037098005,,,tumor|nontumor
COMMD6,0.06470153,0.06842153,-0.0037200004,,,tumor|nontumor
PSME1,0.035304047,0.039028022,-0.0037239753,,,tumor|nontumor
MRPL33,0.057805266,0.061533757,-0.0037284903,,,tumor|nontumor
GNB4,0.03161841,0.03535526,-0.0037368499,,,tumor|nontumor
ZMPSTE24,0.06827593,0.07201325,-0.003737323,,,tumor|nontumor
DNPH1,0.030175544,0.033922385,-0.003746841,,,tumor|nontumor
PLSCR1,0.057590384,0.06133907,-0.0037486851,,,tumor|nontumor
MRPS12,0.032158747,0.035908766,-0.0037500188,,,tumor|nontumor
CDKN2AIPNL,0.02619619,0.029963149,-0.0037669595,,,tumor|nontumor
ISCU,0.052661452,0.056428887,-0.0037674345,,,tumor|nontumor
PKMYT1,0.02234627,0.026117891,-0.0037716217,,,tumor|nontumor
GSTP1,0.53480464,0.53859854,-0.0037938952,,,tumor|nontumor
DHTKD1,0.034597192,0.038405515,-0.0038083233,,,tumor|nontumor
CBX5,0.024068844,0.027904395,-0.0038355514,,,tumor|nontumor
TXNIP,0.053462494,0.05730287,-0.0038403757,,,tumor|nontumor
TMPO,0.03229999,0.036150765,-0.003850773,,,tumor|nontumor
TK1,0.030078266,0.03392979,-0.0038515255,,,tumor|nontumor
SNHG19,0.027169256,0.031031804,-0.0038625486,,,tumor|nontumor
ITM2C,0.027196122,0.031063935,-0.0038678125,,,tumor|nontumor
LIPA,0.027179925,0.031049015,-0.0038690902,,,tumor|nontumor
HES2,0.038559493,0.04243195,-0.003872458,,,tumor|nontumor
AP3D1,0.053304557,0.05718366,-0.0038791038,,,tumor|nontumor
MCM5,0.023607334,0.02748941,-0.0038820766,,,tumor|nontumor
SUMO3,0.07553013,0.07942168,-0.00389155,,,tumor|nontumor
CCT8,0.043272384,0.047171496,-0.0038991123,,,tumor|nontumor
PDCD2,0.044609677,0.04851048,-0.0039008036,,,tumor|nontumor
MDH1,0.06286588,0.06677189,-0.0039060041,,,tumor|nontumor
ARF3,0.06970333,0.0736184,-0.003915064,,,tumor|nontumor
NDUFB11,0.0467512,0.050678473,-0.003927272,,,tumor|nontumor
NDUFA13,0.035655674,0.0395939,-0.003938228,,,tumor|nontumor
ATP5PO,0.053364616,0.057309728,-0.003945112,,,tumor|nontumor
NONO,0.051054876,0.055046875,-0.0039919987,,,tumor|nontumor
RRBP1,0.067904435,0.0719038,-0.0039993674,,,tumor|nontumor
ATP5F1B,0.10375368,0.10776334,-0.004009664,,,tumor|nontumor
SSBP1,0.063525684,0.06753984,-0.0040141568,,,tumor|nontumor
LRP8,0.020811219,0.024831273,-0.004020054,,,tumor|nontumor
ATP5PF,0.08212963,0.086152546,-0.0040229186,,,tumor|nontumor
RPN1,0.09716394,0.10119831,-0.00403437,,,tumor|nontumor
TRIM28,0.06888556,0.0729314,-0.004045844,,,tumor|nontumor
ATP5MK,0.07713658,0.08119672,-0.0040601343,,,tumor|nontumor
CSE1L,0.047560766,0.05162996,-0.004069194,,,tumor|nontumor
TPGS2,0.02997131,0.03404956,-0.0040782485,,,tumor|nontumor
NRARP,0.038731027,0.042818114,-0.0040870868,,,tumor|nontumor
MCM2,0.023243358,0.027332006,-0.0040886477,,,tumor|nontumor
PSMB9,0.02549152,0.029608566,-0.0041170456,,,tumor|nontumor
HMGB2,0.027590053,0.03172577,-0.0041357186,,,tumor|nontumor
HLA-A,0.37455297,0.3787008,-0.0041478276,,,tumor|nontumor
FAM83D,0.020436825,0.024609929,-0.0041731037,,,tumor|nontumor
GABRE,0.04033305,0.04452315,-0.0041900985,,,tumor|nontumor
HLA-C,0.2898974,0.29410452,-0.0042071044,,,tumor|nontumor
HNRNPAB,0.12882344,0.13303766,-0.0042142123,,,tumor|nontumor
TRIP13,0.029856857,0.034077656,-0.0042207986,,,tumor|nontumor
PTDSS1,0.05366408,0.057893693,-0.0042296126,,,tumor|nontumor
CHID1,0.04601278,0.050253447,-0.0042406656,,,tumor|nontumor
NARS1,0.03967962,0.04393281,-0.00425319,,,tumor|nontumor
MRPL34,0.028841041,0.033102784,-0.0042617433,,,tumor|nontumor
UQCRB,0.10148131,0.10575761,-0.004276298,,,tumor|nontumor
UBE2S,0.05324539,0.057527404,-0.0042820126,,,tumor|nontumor
TIMM8B,0.035598762,0.039900627,-0.0043018647,,,tumor|nontumor
C12orf57,0.054889098,0.05920061,-0.004311513,,,tumor|nontumor
TIMM13,0.04536697,0.049714636,-0.004347667,,,tumor|nontumor
SRPRB,0.036368903,0.04073455,-0.004365649,,,tumor|nontumor
TFCP2L1,0.027200041,0.03161519,-0.004415149,,,tumor|nontumor
ALYREF,0.050472908,0.0549015,-0.0044285916,,,tumor|nontumor
COLGALT1,0.04402717,0.048469987,-0.0044428185,,,tumor|nontumor
ATP5PB,0.09881953,0.10327391,-0.0044543818,,,tumor|nontumor
PPA1,0.027591264,0.032059524,-0.0044682603,,,tumor|nontumor
NDUFAF8,0.03249048,0.036969297,-0.004478816,,,tumor|nontumor
POLR2B,0.029507605,0.034006335,-0.0044987295,,,tumor|nontumor
GSTK1,0.037521124,0.04203364,-0.004512515,,,tumor|nontumor
SLC39A6,0.0683236,0.07284187,-0.0045182705,,,tumor|nontumor
IER2,0.065230675,0.0697602,-0.0045295283,,,tumor|nontumor
RPS10,0.05286106,0.05739652,-0.004535459,,,tumor|nontumor
GGCT,0.0527276,0.05726307,-0.00453547,,,tumor|nontumor
NDC1,0.037029855,0.041565362,-0.0045355074,,,tumor|nontumor
TRIR,0.120391555,0.12493337,-0.0045418143,,,tumor|nontumor
CDK4,0.06685469,0.07140224,-0.004547544,,,tumor|nontumor
TYROBP,0.043236602,0.047790993,-0.004554391,,,tumor|nontumor
ID1,0.060142986,0.064706445,-0.0045634583,,,tumor|nontumor
COPS9,0.07829563,0.08287729,-0.00458166,,,tumor|nontumor
GPX4,0.09246439,0.09705046,-0.004586071,,,tumor|nontumor
NME1,0.03584579,0.040433276,-0.0045874864,,,tumor|nontumor
SPCS3,0.052181795,0.05678651,-0.004604716,,,tumor|nontumor
SERF2,0.2859947,0.29061416,-0.0046194494,,,tumor|nontumor
RCC2,0.051357705,0.055990167,-0.004632462,,,tumor|nontumor
RBM3,0.11560509,0.120249316,-0.0046442226,,,tumor|nontumor
PPP1CC,0.0656703,0.070320725,-0.004650429,,,tumor|nontumor
FLOT2,0.062938295,0.06759164,-0.004653342,,,tumor|nontumor
SSRP1,0.0680973,0.07279723,-0.0046999305,,,tumor|nontumor
CNN3,0.12338366,0.1280959,-0.0047122315,,,tumor|nontumor
HLA-F,0.10192919,0.106656045,-0.004726857,,,tumor|nontumor
RPL14,0.09040702,0.09513503,-0.004728012,,,tumor|nontumor
BUB3,0.049438257,0.054173797,-0.0047355406,,,tumor|nontumor
PRMT1,0.034114625,0.038879007,-0.004764382,,,tumor|nontumor
SSR1,0.06456707,0.069335565,-0.0047684982,,,tumor|nontumor
NSDHL,0.021761604,0.026535593,-0.0047739893,,,tumor|nontumor
CUTA,0.035971105,0.040761348,-0.0047902428,,,tumor|nontumor
CNDP2,0.038268346,0.043076985,-0.0048086382,,,tumor|nontumor
GADD45A,0.04980982,0.054626524,-0.0048167035,,,tumor|nontumor
BCL2L12,0.027494105,0.032313384,-0.0048192795,,,tumor|nontumor
MANF,0.07939691,0.08423924,-0.004842326,,,tumor|nontumor
PGD,0.02018892,0.025042303,-0.0048533827,,,tumor|nontumor
HNRNPD,0.07169258,0.07655411,-0.0048615336,,,tumor|nontumor
DPM3,0.03467823,0.03954173,-0.0048635006,,,tumor|nontumor
NHP2,0.073997654,0.0788679,-0.0048702434,,,tumor|nontumor
SNHG12,0.041290767,0.046164814,-0.004874047,,,tumor|nontumor
COPB2,0.048854038,0.053741757,-0.0048877187,,,tumor|nontumor
LAPTM4B,0.13259292,0.13749748,-0.004904568,,,tumor|nontumor
SRP14,0.1340745,0.13899426,-0.0049197674,,,tumor|nontumor
APOL6,0.025961751,0.030886013,-0.004924262,,,tumor|nontumor
PSME2,0.047617365,0.05256039,-0.0049430244,,,tumor|nontumor
COX8A,0.14821056,0.15316834,-0.0049577802,,,tumor|nontumor
ENSG00000237550,0.07258585,0.07754825,-0.0049623996,,,tumor|nontumor
NDUFA3,0.027575525,0.032563873,-0.004988348,,,tumor|nontumor
RPL4,0.117684,0.12268671,-0.0050027072,,,tumor|nontumor
STAT2,0.05107116,0.056128286,-0.0050571263,,,tumor|nontumor
SRSF2,0.14454384,0.14961699,-0.005073145,,,tumor|nontumor
ATP6V0B,0.121387064,0.12647729,-0.0050902218,,,tumor|nontumor
TKT,0.040753033,0.045848433,-0.0050954,,,tumor|nontumor
CFLAR,0.041703776,0.046799272,-0.005095497,,,tumor|nontumor
SC5D,0.020545498,0.025649166,-0.005103668,,,tumor|nontumor
ITGB8,0.029991118,0.035142682,-0.0051515643,,,tumor|nontumor
BTF3,0.13396004,0.13914427,-0.005184233,,,tumor|nontumor
TACSTD2,0.3576679,0.36286956,-0.0052016675,,,tumor|nontumor
SRM,0.06416527,0.06938002,-0.0052147508,,,tumor|nontumor
ECH1,0.033595726,0.03881103,-0.005215306,,,tumor|nontumor
PSMB8,0.033705674,0.03895558,-0.0052499063,,,tumor|nontumor
RPL35,0.23870265,0.24397661,-0.005273953,,,tumor|nontumor
SNHG1,0.09897589,0.1042799,-0.0053040087,,,tumor|nontumor
COX7A2,0.15726018,0.16258566,-0.0053254813,,,tumor|nontumor
HLA-E,0.20646256,0.21182802,-0.005365461,,,tumor|nontumor
FCER1G,0.03917092,0.044601966,-0.005431045,,,tumor|nontumor
CLTC,0.12331317,0.12876627,-0.005453095,,,tumor|nontumor
IL32,0.06748626,0.07296314,-0.0054768845,,,tumor|nontumor
TSPAN13,0.021150319,0.026628448,-0.005478129,,,tumor|nontumor
UBE2C,0.041916896,0.047403716,-0.00548682,,,tumor|nontumor
RPL26,0.15183242,0.15733045,-0.0054980367,,,tumor|nontumor
NOP53,0.039485805,0.045036595,-0.0055507906,,,tumor|nontumor
TM4SF1,0.17164068,0.177194,-0.00555332,,,tumor|nontumor
CCT2,0.13256924,0.1381349,-0.005565658,,,tumor|nontumor
SAMHD1,0.030590203,0.036181994,-0.005591791,,,tumor|nontumor
PAICS,0.038110442,0.04371043,-0.0055999868,,,tumor|nontumor
CNFN,0.023863705,0.029476179,-0.005612474,,,tumor|nontumor
EEF1D,0.15320198,0.15885068,-0.0056487024,,,tumor|nontumor
RPN2,0.11654259,0.122199066,-0.0056564733,,,tumor|nontumor
COTL1,0.035374854,0.041091748,-0.005716894,,,tumor|nontumor
RBIS,0.07915501,0.08489822,-0.0057432055,,,tumor|nontumor
UBE2L6,0.0498627,0.05567348,-0.0058107786,,,tumor|nontumor
COX4I1,0.11976743,0.12559082,-0.0058233887,,,tumor|nontumor
S100A4,0.059316408,0.06514162,-0.0058252104,,,tumor|nontumor
XBP1,0.09316598,0.098995164,-0.0058291852,,,tumor|nontumor
APOC1,0.03538376,0.0412164,-0.0058326386,,,tumor|nontumor
POLR2G,0.05021751,0.0560674,-0.0058498904,,,tumor|nontumor
TOP2A,0.033191364,0.039046142,-0.005854778,,,tumor|nontumor
ATP5MC2,0.12566623,0.13152573,-0.005859494,,,tumor|nontumor
ILF2,0.080020696,0.08591654,-0.0058958456,,,tumor|nontumor
C1QA,0.034177393,0.04008334,-0.0059059486,,,tumor|nontumor
TSTD1,0.047430255,0.053355455,-0.005925201,,,tumor|nontumor
ATP5ME,0.09426188,0.10020072,-0.005938843,,,tumor|nontumor
CD24,0.1147137,0.120664455,-0.0059507564,,,tumor|nontumor
PCNA,0.0659166,0.07187983,-0.0059632286,,,tumor|nontumor
SOD1,0.08817226,0.09413756,-0.0059653,,,tumor|nontumor
SERBP1,0.207852,0.2138319,-0.0059798956,,,tumor|nontumor
C1R,0.0440265,0.050015092,-0.0059885904,,,tumor|nontumor
A2M,0.023079148,0.029075677,-0.005996529,,,tumor|nontumor
GGH,0.05044386,0.05647041,-0.0060265474,,,tumor|nontumor
HERPUD1,0.0396884,0.045733117,-0.0060447156,,,tumor|nontumor
KARS1,0.046525933,0.052573405,-0.0060474724,,,tumor|nontumor
MT-TN,0.03653905,0.042606,-0.006066948,,,tumor|nontumor
PPP2R5C,0.0603753,0.066461444,-0.0060861446,,,tumor|nontumor
SRP72,0.04092348,0.047070943,-0.006147463,,,tumor|nontumor
JTB,0.089018635,0.09522397,-0.0062053353,,,tumor|nontumor
TSEN34,0.04801772,0.054224983,-0.0062072612,,,tumor|nontumor
PDIA6,0.13989547,0.14613014,-0.0062346756,,,tumor|nontumor
COX5A,0.06256227,0.06882173,-0.0062594563,,,tumor|nontumor
HNRNPA3,0.12533553,0.1316712,-0.0063356757,,,tumor|nontumor
ERH,0.15441363,0.16075525,-0.0063416213,,,tumor|nontumor
RPS25,0.10555082,0.11192893,-0.006378114,,,tumor|nontumor
SLC25A3,0.09535127,0.101729676,-0.006378405,,,tumor|nontumor
SFPQ,0.09064405,0.09704479,-0.0064007416,,,tumor|nontumor
SPARC,0.20547424,0.21195874,-0.0064844936,,,tumor|nontumor
SNRPF,0.06571829,0.072244115,-0.006525822,,,tumor|nontumor
TRIM22,0.024026563,0.03055896,-0.006532397,,,tumor|nontumor
CYB5A,0.0380907,0.044623274,-0.006532576,,,tumor|nontumor
CKS1B,0.10159779,0.10813205,-0.006534256,,,tumor|nontumor
KRT80,0.03563409,0.042181656,-0.0065475665,,,tumor|nontumor
SF1,0.102533065,0.109080665,-0.0065476,,,tumor|nontumor
CPT1A,0.06649876,0.07305886,-0.006560102,,,tumor|nontumor
SNHG8,0.038056318,0.044636343,-0.006580025,,,tumor|nontumor
TAPBP,0.063549235,0.07016223,-0.006612994,,,tumor|nontumor
HNRNPL,0.10856615,0.11519041,-0.006624259,,,tumor|nontumor
LUM,0.035804674,0.042435933,-0.006631259,,,tumor|nontumor
FASN,0.025837049,0.03254468,-0.006707631,,,tumor|nontumor
RPL13,0.2807652,0.28747523,-0.0067100227,,,tumor|nontumor
LCP1,0.023329124,0.030073686,-0.0067445617,,,tumor|nontumor
HNRNPM,0.06928924,0.07606573,-0.0067764893,,,tumor|nontumor
PDCD5,0.07473604,0.08151394,-0.006777905,,,tumor|nontumor
TPX2,0.02959234,0.03637135,-0.0067790095,,,tumor|nontumor
SYNGR2,0.14809926,0.15488519,-0.006785929,,,tumor|nontumor
EIF4B,0.0699861,0.07677336,-0.006787263,,,tumor|nontumor
PRKDC,0.052336708,0.05913037,-0.006793663,,,tumor|nontumor
AHR,0.054064535,0.060932826,-0.0068682916,,,tumor|nontumor
SLIRP,0.0810431,0.08795201,-0.0069089085,,,tumor|nontumor
MSN,0.13376342,0.14069894,-0.006935522,,,tumor|nontumor
ANO1,0.14785168,0.15481941,-0.0069677383,,,tumor|nontumor
HSP90B1,0.18680938,0.19377911,-0.006969735,,,tumor|nontumor
GABRB3,0.14598738,0.15296221,-0.006974831,,,tumor|nontumor
DUT,0.11614574,0.12312103,-0.006975293,,,tumor|nontumor
SNRPD1,0.062048975,0.06913202,-0.007083047,,,tumor|nontumor
H2AZ2,0.19504064,0.20214081,-0.007100165,,,tumor|nontumor
RAN,0.24750341,0.2546313,-0.007127896,,,tumor|nontumor
PSMB2,0.1498743,0.1570142,-0.0071399063,,,tumor|nontumor
ELOVL5,0.04127862,0.0484847,-0.0072060823,,,tumor|nontumor
PIM2,0.028577687,0.035792198,-0.007214511,,,tumor|nontumor
SERPINB5,0.3066012,0.3138455,-0.007244289,,,tumor|nontumor
TAP1,0.056924332,0.064191096,-0.0072667636,,,tumor|nontumor
RACK1,0.26712635,0.27442467,-0.0072983205,,,tumor|nontumor
BST2,0.10303575,0.110349834,-0.007314086,,,tumor|nontumor
MTHFD1,0.098139815,0.10548726,-0.007347442,,,tumor|nontumor
CTSH,0.030124884,0.037510775,-0.007385891,,,tumor|nontumor
SNHG9,0.034194365,0.041595217,-0.0074008517,,,tumor|nontumor
NDUFA1,0.15708107,0.1644838,-0.007402733,,,tumor|nontumor
C1QB,0.046646792,0.054053474,-0.007406682,,,tumor|nontumor
TMEM97,0.020501645,0.02792228,-0.007420635,,,tumor|nontumor
NDUFB3,0.09004098,0.09747794,-0.007436961,,,tumor|nontumor
LAPTM5,0.048649784,0.056109235,-0.0074594505,,,tumor|nontumor
SRGN,0.035960644,0.043451738,-0.007491093,,,tumor|nontumor
HSPE1,0.09059416,0.09809027,-0.007496111,,,tumor|nontumor
COX6A1,0.14914308,0.15665452,-0.007511437,,,tumor|nontumor
ATP5MG,0.064652316,0.072215736,-0.0075634196,,,tumor|nontumor
CSKMT,0.04501597,0.052579544,-0.007563576,,,tumor|nontumor
FBL,0.052971896,0.060590528,-0.007618632,,,tumor|nontumor
EMP2,0.049450304,0.057105504,-0.0076551996,,,tumor|nontumor
CCT3,0.09410696,0.101813525,-0.0077065676,,,tumor|nontumor
MAL2,0.10723773,0.114960626,-0.0077228993,,,tumor|nontumor
PSMB1,0.12629613,0.13403192,-0.007735789,,,tumor|nontumor
EIF3K,0.06833734,0.07608654,-0.0077492,,,tumor|nontumor
TPM3,0.23878191,0.2465577,-0.0077757835,,,tumor|nontumor
HNRNPUL1,0.0921167,0.09991288,-0.007796183,,,tumor|nontumor
G3BP1,0.10569726,0.11361141,-0.007914148,,,tumor|nontumor
HSPD1,0.10610303,0.11405786,-0.007954828,,,tumor|nontumor
C1S,0.045706265,0.05378428,-0.008078016,,,tumor|nontumor
TMEM147,0.068883,0.07696553,-0.008082531,,,tumor|nontumor
TXNL4A,0.060792293,0.06887722,-0.008084927,,,tumor|nontumor
ERG28,0.025656292,0.03376052,-0.008104229,,,tumor|nontumor
C1QC,0.059189655,0.067335896,-0.008146241,,,tumor|nontumor
TNC,0.38130057,0.38949877,-0.008198202,,,tumor|nontumor
SNRPG,0.14161587,0.14984564,-0.008229777,,,tumor|nontumor
LSM4,0.05543604,0.063666254,-0.008230213,,,tumor|nontumor
COX7C,0.123585254,0.13184823,-0.008262977,,,tumor|nontumor
RPL7,0.36834615,0.3766473,-0.008301139,,,tumor|nontumor
COX6B1,0.08690736,0.09526969,-0.0083623305,,,tumor|nontumor
ARHGDIB,0.020616429,0.02898494,-0.008368511,,,tumor|nontumor
ATP5MJ,0.08991759,0.09834243,-0.008424841,,,tumor|nontumor
RPL37A,0.7839855,0.79249835,-0.008512855,,,tumor|nontumor
NDUFS5,0.22103074,0.22957316,-0.0085424185,,,tumor|nontumor
CCT5,0.11748382,0.12603858,-0.008554764,,,tumor|nontumor
CLDN1,0.10359301,0.11229074,-0.008697733,,,tumor|nontumor
ATP5MC1,0.046355404,0.05510159,-0.008746184,,,tumor|nontumor
SEC11C,0.06264127,0.07142546,-0.00878419,,,tumor|nontumor
HLA-DQB1,0.025465826,0.03431073,-0.008844903,,,tumor|nontumor
TOMM7,0.28997114,0.298884,-0.008912861,,,tumor|nontumor
SNHG5,0.10827751,0.11720864,-0.00893113,,,tumor|nontumor
SSR4,0.123259105,0.13219248,-0.008933373,,,tumor|nontumor
UQCRH,0.22504029,0.23398621,-0.008945927,,,tumor|nontumor
ENSG00000254682,0.03034658,0.03934546,-0.008998878,,,tumor|nontumor
SLC25A5,0.1291496,0.13816874,-0.009019136,,,tumor|nontumor
PTBP1,0.0978387,0.10694503,-0.009106331,,,tumor|nontumor
RPL22,0.065219,0.07451313,-0.00929413,,,tumor|nontumor
TM7SF3,0.13191923,0.14123228,-0.009313047,,,tumor|nontumor
PRDX6,0.08223164,0.09166398,-0.009432338,,,tumor|nontumor
HLA-DQA1,0.023538856,0.03303861,-0.009499753,,,tumor|nontumor
CD47,0.091461785,0.100979954,-0.009518169,,,tumor|nontumor
NDUFB1,0.07730171,0.08684411,-0.009542398,,,tumor|nontumor
HLA-DRB5,0.033402354,0.043003313,-0.00960096,,,tumor|nontumor
RPS26,0.113085866,0.122700356,-0.00961449,,,tumor|nontumor
TMA7,0.14689146,0.15662475,-0.0097332895,,,tumor|nontumor
XRCC6,0.14151372,0.15125664,-0.009742916,,,tumor|nontumor
UBL5,0.17247,0.1822672,-0.009797201,,,tumor|nontumor
RDH10,0.05865584,0.068508126,-0.009852286,,,tumor|nontumor
GAS5,0.15273142,0.16277543,-0.0100440085,,,tumor|nontumor
MGP,0.030438408,0.04048379,-0.010045383,,,tumor|nontumor
RPS8,0.6684651,0.6785237,-0.010058641,,,tumor|nontumor
RPL18,0.25787047,0.26794234,-0.010071874,,,tumor|nontumor
RPLP0,0.27040997,0.28051552,-0.01010555,,,tumor|nontumor
RPL24,0.12348973,0.13361996,-0.010130234,,,tumor|nontumor
PTMA,0.29784235,0.30798522,-0.010142863,,,tumor|nontumor
RPS9,0.20119424,0.21134187,-0.010147631,,,tumor|nontumor
PEBP1,0.07670763,0.086863965,-0.010156333,,,tumor|nontumor
NPC2,0.17514801,0.1854363,-0.010288283,,,tumor|nontumor
RPS6,0.40370116,0.41419047,-0.010489315,,,tumor|nontumor
RPL7A,0.30377796,0.31427258,-0.01049462,,,tumor|nontumor
SGK1,0.054654215,0.06526591,-0.010611694,,,tumor|nontumor
NDUFB2,0.11690595,0.12753546,-0.010629512,,,tumor|nontumor
HMGCR,0.027947608,0.03862067,-0.010673061,,,tumor|nontumor
IGFBP7,0.10921631,0.119889475,-0.010673165,,,tumor|nontumor
HLA-DRB1,0.048657656,0.05961447,-0.010956813,,,tumor|nontumor
RPL18A,0.13804106,0.1491717,-0.011130631,,,tumor|nontumor
MT-ND4L,0.1849827,0.19623488,-0.01125218,,,tumor|nontumor
ATP5MC3,0.18096946,0.19224913,-0.011279672,,,tumor|nontumor
RPL15,0.2746128,0.28604546,-0.011432648,,,tumor|nontumor
IDH1,0.04143775,0.05310795,-0.011670202,,,tumor|nontumor
RPL10,0.42399096,0.43568712,-0.01169616,,,tumor|nontumor
STMN1,0.11721482,0.12895472,-0.011739902,,,tumor|nontumor
SNHG3,0.0629269,0.07468003,-0.011753127,,,tumor|nontumor
LDHB,0.02908261,0.040866192,-0.011783583,,,tumor|nontumor
HMGB1,0.143419,0.15527281,-0.011853814,,,tumor|nontumor
IGHA1,0.032049637,0.043949686,-0.011900049,,,tumor|nontumor
RPSA,0.12274446,0.13469115,-0.011946686,,,tumor|nontumor
HSP90AA1,0.25245982,0.26443073,-0.011970907,,,tumor|nontumor
COL3A1,0.24582842,0.2578464,-0.012017965,,,tumor|nontumor
ATP1B3,0.11198936,0.12404417,-0.012054816,,,tumor|nontumor
PSAP,0.24450468,0.2565616,-0.012056932,,,tumor|nontumor
GAL,0.032032065,0.044112332,-0.012080267,,,tumor|nontumor
HMGN2,0.24099752,0.2530921,-0.012094587,,,tumor|nontumor
FDFT1,0.0277943,0.039906643,-0.012112344,,,tumor|nontumor
ATP5F1A,0.083815485,0.09599814,-0.012182653,,,tumor|nontumor
SQLE,0.035335187,0.04752347,-0.012188282,,,tumor|nontumor
SNRPD2,0.13276227,0.14497213,-0.0122098625,,,tumor|nontumor
CCND1,0.25075403,0.26300684,-0.012252808,,,tumor|nontumor
MT-ND5,0.6489414,0.66122395,-0.01228255,,,tumor|nontumor
RPS5,0.35078686,0.36314154,-0.012354672,,,tumor|nontumor
RPL29,0.24154976,0.2539527,-0.012402952,,,tumor|nontumor
ACLY,0.06629792,0.07886761,-0.012569688,,,tumor|nontumor
EEF1B2,0.18863009,0.20127746,-0.012647375,,,tumor|nontumor
EEF2,0.17459346,0.18724297,-0.012649506,,,tumor|nontumor
SELENOP,0.046461795,0.05920405,-0.012742255,,,tumor|nontumor
RPS15A,0.29521805,0.30819598,-0.012977928,,,tumor|nontumor
LY6D,0.18781464,0.20092289,-0.0131082535,,,tumor|nontumor
SREBF2,0.055393226,0.06861154,-0.013218313,,,tumor|nontumor
NCL,0.12308887,0.13631041,-0.013221547,,,tumor|nontumor
NDUFS6,0.16165373,0.17501716,-0.013363436,,,tumor|nontumor
TRAC,0.020831877,0.03424053,-0.013408652,,,tumor|nontumor
HINT1,0.21868712,0.23230512,-0.013618007,,,tumor|nontumor
DSP,0.24439596,0.25806147,-0.013665512,,,tumor|nontumor
ATP5MF,0.12170321,0.13539895,-0.013695747,,,tumor|nontumor
ACAT2,0.020457579,0.03420672,-0.013749139,,,tumor|nontumor
RPL10A,0.23523822,0.24917796,-0.013939738,,,tumor|nontumor
CANX,0.2370044,0.25109106,-0.014086664,,,tumor|nontumor
DBI,0.093667306,0.10782239,-0.014155082,,,tumor|nontumor
HSPA5,0.33139405,0.34555846,-0.014164418,,,tumor|nontumor
BMAL2,0.18798767,0.20226243,-0.014274761,,,tumor|nontumor
HLA-B,0.3470069,0.36141434,-0.014407456,,,tumor|nontumor
MT-TF,0.12217507,0.13667409,-0.014499024,,,tumor|nontumor
UQCRQ,0.1751824,0.18975702,-0.014574617,,,tumor|nontumor
HSPA8,0.12815467,0.1427472,-0.014592528,,,tumor|nontumor
S100A9,0.6445389,0.6591959,-0.014657021,,,tumor|nontumor
RPS20,0.9926286,1.0073563,-0.014727712,,,tumor|nontumor
DEFB1,0.123151705,0.13794951,-0.014797807,,,tumor|nontumor
DMKN,0.06297133,0.077841334,-0.014870003,,,tumor|nontumor
RPS18,0.50054556,0.5154708,-0.0149252415,,,tumor|nontumor
LCE3D,0.032057293,0.047042258,-0.014984965,,,tumor|nontumor
INO80C,0.028051598,0.043239333,-0.015187735,,,tumor|nontumor
MT-CO2,2.381653,2.3968575,-0.01520443,,,tumor|nontumor
NDUFA4,0.17843908,0.1937507,-0.015311614,,,tumor|nontumor
CALR,0.29760364,0.3129614,-0.015357763,,,tumor|nontumor
MT-RNR1,0.78071874,0.7962829,-0.015564144,,,tumor|nontumor
HSP90AB1,0.27516726,0.29144132,-0.016274065,,,tumor|nontumor
JCHAIN,0.03529516,0.051654488,-0.01635933,,,tumor|nontumor
FAU,0.1793619,0.19631375,-0.016951859,,,tumor|nontumor
GLS,0.14036869,0.1574508,-0.01708211,,,tumor|nontumor
HNRNPA1,0.13792384,0.15512529,-0.017201453,,,tumor|nontumor
CTSC,0.19923952,0.21685696,-0.017617434,,,tumor|nontumor
TUBB,0.23728508,0.2551733,-0.017888218,,,tumor|nontumor
UBA52,0.1598304,0.17779313,-0.017962724,,,tumor|nontumor
MT-ATP6,1.6813431,1.6993083,-0.017965198,,,tumor|nontumor
KRT5,0.6020621,0.62029064,-0.01822853,,,tumor|nontumor
PI3,0.03200238,0.05035283,-0.018350452,,,tumor|nontumor
RPS3A,0.1938237,0.21244138,-0.01861769,,,tumor|nontumor
PRDX1,0.24331133,0.26202732,-0.018715993,,,tumor|nontumor
RPS3,0.26964164,0.2884844,-0.018842757,,,tumor|nontumor
LDLR,0.055284556,0.074197866,-0.01891331,,,tumor|nontumor
NPM1,0.24705274,0.2660586,-0.01900585,,,tumor|nontumor
STAT1,0.14722532,0.16657168,-0.019346356,,,tumor|nontumor
RPL27,0.45968592,0.47928783,-0.019601911,,,tumor|nontumor
RPL11,0.40079114,0.42042562,-0.019634485,,,tumor|nontumor
RPL23A,0.42768422,0.447625,-0.019940794,,,tumor|nontumor
NCAM2,0.17607455,0.19629878,-0.020224229,,,tumor|nontumor
RPL31,0.6963738,0.7168065,-0.020432651,,,tumor|nontumor
SCD,0.042107537,0.0626566,-0.020549059,,,tumor|nontumor
RPL41,1.0673792,1.0880879,-0.02070868,,,tumor|nontumor
RPL23,0.8091583,0.8304473,-0.021288991,,,tumor|nontumor
RPS24,0.44265965,0.46411192,-0.021452278,,,tumor|nontumor
RPL35A,0.6647243,0.6865957,-0.021871388,,,tumor|nontumor
MSMO1,0.049003743,0.07090422,-0.021900475,,,tumor|nontumor
KLHDC7B,0.10687394,0.12921134,-0.0223374,,,tumor|nontumor
ATP5F1E,0.45222884,0.4749732,-0.022744358,,,tumor|nontumor
CFL1,0.6493605,0.67243475,-0.02307427,,,tumor|nontumor
TUBA1C,0.40538386,0.4285001,-0.023116231,,,tumor|nontumor
FDPS,0.04836304,0.072202556,-0.023839515,,,tumor|nontumor
RPL19,0.2786981,0.30287057,-0.024172485,,,tumor|nontumor
HNRNPA2B1,0.29948872,0.3237362,-0.024247468,,,tumor|nontumor
RPS2,0.3576767,0.3827206,-0.025043875,,,tumor|nontumor
HLA-DPB1,0.06584106,0.090908475,-0.025067419,,,tumor|nontumor
SLPI,0.104802325,0.1300374,-0.025235072,,,tumor|nontumor
SNHG25,0.1065767,0.13197054,-0.025393836,,,tumor|nontumor
RPL30,0.57441676,0.59985864,-0.025441885,,,tumor|nontumor
RPS11,0.52223593,0.5477991,-0.02556318,,,tumor|nontumor
RPS4X,0.24684794,0.27312636,-0.026278421,,,tumor|nontumor
RPLP2,0.3733677,0.3996558,-0.026288092,,,tumor|nontumor
IGHG4,0.07504056,0.1014195,-0.026378945,,,tumor|nontumor
KRT6A,1.2996318,1.3271999,-0.027568102,,,tumor|nontumor
LYZ,0.057128996,0.08507255,-0.027943552,,,tumor|nontumor
RPL13A,0.3300988,0.35804394,-0.027945131,,,tumor|nontumor
HSPB1,0.71421415,0.74217916,-0.02796501,,,tumor|nontumor
COX6C,0.3014007,0.3301449,-0.02874422,,,tumor|nontumor
ENSG00000240040,0.08622208,0.11521872,-0.028996639,,,tumor|nontumor
RPL38,0.52661335,0.5556153,-0.029001951,,,tumor|nontumor
RPL32,0.32329312,0.35308388,-0.02979076,,,tumor|nontumor
RPS14,0.38036057,0.41028354,-0.029922962,,,tumor|nontumor
S100A7,0.22970796,0.26034802,-0.030640066,,,tumor|nontumor
RPS23,0.35469705,0.38550422,-0.030807167,,,tumor|nontumor
RPS27,0.40884855,0.44049984,-0.03165129,,,tumor|nontumor
RPL21,0.26252943,0.29459852,-0.032069087,,,tumor|nontumor
RPS13,0.3179155,0.34999445,-0.03207895,,,tumor|nontumor
RPS16,0.4030117,0.43579966,-0.03278795,,,tumor|nontumor
S100A8,0.6102181,0.64318365,-0.03296554,,,tumor|nontumor
RPS28,0.55045116,0.5837275,-0.03327632,,,tumor|nontumor
PPIA,0.92621326,0.961007,-0.034793735,,,tumor|nontumor
RPL27A,0.39080638,0.42594427,-0.03513789,,,tumor|nontumor
KRT6B,0.4569966,0.49413216,-0.03713557,,,tumor|nontumor
B2M,1.2125906,1.249844,-0.03725338,,,tumor|nontumor
HMGCS1,0.05408165,0.09200534,-0.037923694,,,tumor|nontumor
MT-ND2,2.1666944,2.204807,-0.03811264,,,tumor|nontumor
IGLC3,0.10205908,0.14030196,-0.038242877,,,tumor|nontumor
RPS21,0.55635697,0.5947455,-0.03838855,,,tumor|nontumor
FABP5,1.4947267,1.5340433,-0.039316654,,,tumor|nontumor
BCYRN1,0.20177506,0.24172541,-0.039950356,,,tumor|nontumor
MT-CO1,1.6891513,1.72943,-0.040278673,,,tumor|nontumor
DHCR24,0.083457395,0.12403021,-0.040572815,,,tumor|nontumor
HLA-DPA1,0.106764324,0.14982148,-0.04305715,,,tumor|nontumor
RPL39,0.68867207,0.73193884,-0.043266773,,,tumor|nontumor
EEF1A1,0.7608682,0.80455834,-0.043690145,,,tumor|nontumor
MT-ND1,1.1203138,1.1662375,-0.04592371,,,tumor|nontumor
RPS19,0.6445772,0.6912216,-0.04664439,,,tumor|nontumor
IGLC2,0.17563997,0.22254413,-0.04690416,,,tumor|nontumor
CD74,0.28511968,0.33242032,-0.047300637,,,tumor|nontumor
TPT1,0.59727526,0.6447854,-0.047510147,,,tumor|nontumor
MT-CO3,2.476431,2.5244358,-0.048004866,,,tumor|nontumor
MT-CYB,2.1808908,2.2304537,-0.04956293,,,tumor|nontumor
TUBA1B,0.470485,0.520203,-0.049717993,,,tumor|nontumor
HLA-DRA,0.13992932,0.18978234,-0.049853012,,,tumor|nontumor
IGHG1,0.1730663,0.22292314,-0.04985684,,,tumor|nontumor
IGHGP,0.14420258,0.19679743,-0.052594855,,,tumor|nontumor
MT-ND4,2.3939059,2.447371,-0.053465128,,,tumor|nontumor
RPLP1,0.8156155,0.87475705,-0.059141576,,,tumor|nontumor
RPL34,0.5985651,0.6622017,-0.0636366,,,tumor|nontumor
RPS12,0.54154944,0.6058276,-0.064278185,,,tumor|nontumor
RPS27A,0.62938327,0.694181,-0.06479776,0.004975124378109453,0.0050838735906949825,tumor|nontumor
MT-ND3,2.011549,2.090676,-0.07912707,0.004975124378109453,0.007337232911604833,tumor|nontumor
IGHG3,0.50139266,0.58570457,-0.0843119,0.004975124378109453,0.020905466316943653,tumor|nontumor
RPS29,0.7128011,0.82706165,-0.114260554,0.004975124378109453,0.00821729409523739,tumor|nontumor
DHCR7,0.21631412,0.33914325,-0.122829124,0.004975124378109453,0.006937121195074949,tumor|nontumor
IGKC,1.5867821,1.8020467,-0.21526456,0.004975124378109453,0.022610964671349872,tumor|nontumor
