gene,mean_bulge,mean_dent,lfc,p_geomnull,null_sd,interface
fabp1b.1,1.6921564,1.3025761,0.38958037,0.7263681592039801,0.08081757867002809,Yolk Syncytial Layer
gpx4a,2.1529205,1.7768728,0.37604773,0.835820895522388,0.11394512517726582,Yolk Syncytial Layer
AL935186.10,1.256176,0.89680165,0.35937434,0.6368159203980099,0.033977436206688263,Yolk Syncytial Layer
rps17,2.1909978,1.8394624,0.35153544,0.05472636815920398,0.03621948053560248,Yolk Syncytial Layer
glula,2.5351398,2.1848705,0.35026932,0.900497512437811,0.08234955869242717,Yolk Syncytial Layer
anxa1a,1.4062891,1.0787945,0.32749462,0.6169154228855721,0.05938667555446241,Yolk Syncytial Layer
rpl38,2.3212087,1.9937413,0.32746744,,,Yolk Syncytial Layer
rps27.1,2.192632,1.8673599,0.32527208,,,Yolk Syncytial Layer
apoc2,0.8943182,0.5694008,0.32491744,,,Yolk Syncytial Layer
rpl11,3.0332623,2.711345,0.3219173,,,Yolk Syncytial Layer
ctsc,1.3499315,1.0292448,0.3206867,,,Yolk Syncytial Layer
rpl39,3.242021,2.9257545,0.31626654,,,Yolk Syncytial Layer
tfa,1.9839705,1.6708739,0.31309664,,,Yolk Syncytial Layer
slc25a5,2.3306296,2.029132,0.3014977,,,Yolk Syncytial Layer
rpl28,2.5633686,2.2729926,0.29037595,,,Yolk Syncytial Layer
txn,1.5519505,1.2617216,0.29022884,,,Yolk Syncytial Layer
fetub,0.9300073,0.6400343,0.28997296,,,Yolk Syncytial Layer
mvp,1.0960221,0.8133443,0.28267783,,,Yolk Syncytial Layer
rps15a,2.8569999,2.5761013,0.28089857,,,Yolk Syncytial Layer
tpk1,3.2495368,2.9768639,0.2726729,,,Yolk Syncytial Layer
paics,1.4452928,1.1839101,0.2613827,,,Yolk Syncytial Layer
cst3,2.316133,2.056377,0.2597561,,,Yolk Syncytial Layer
rpl15,2.6477396,2.39097,0.25676966,,,Yolk Syncytial Layer
rps9,2.2129097,1.9628711,0.25003862,,,Yolk Syncytial Layer
sec61g,1.1118296,0.86329174,0.2485379,,,Yolk Syncytial Layer
aldob,3.6321352,3.3935568,0.23857832,,,Yolk Syncytial Layer
serf2,0.9825594,0.74606854,0.23649085,,,Yolk Syncytial Layer
rpl32,2.9797604,2.7464812,0.23327923,,,Yolk Syncytial Layer
fabp2,2.3785384,2.1466439,0.2318945,,,Yolk Syncytial Layer
rpl22,2.073138,1.8417927,0.2313453,,,Yolk Syncytial Layer
gatm,1.7676464,1.5365103,0.23113608,,,Yolk Syncytial Layer
rps28,3.031642,2.800541,0.23110104,,,Yolk Syncytial Layer
serpina1l,0.5561672,0.32882738,0.2273398,,,Yolk Syncytial Layer
rpl18,2.7919934,2.567165,0.22482848,,,Yolk Syncytial Layer
uba52,1.7858168,1.5629311,0.22288573,,,Yolk Syncytial Layer
mthfd1b,0.9929067,0.7725612,0.2203455,,,Yolk Syncytial Layer
rpl23,3.5245888,3.3045964,0.2199924,,,Yolk Syncytial Layer
sec61b,1.2219245,1.0019413,0.21998322,,,Yolk Syncytial Layer
tpt1,2.6182365,2.3993833,0.21885324,,,Yolk Syncytial Layer
bhmt,2.5871632,2.3689613,0.21820188,,,Yolk Syncytial Layer
rpl17,2.2368395,2.0239449,0.21289468,,,Yolk Syncytial Layer
npc2,1.8819131,1.6690474,0.21286571,,,Yolk Syncytial Layer
ctss2.1,1.6971401,1.4845803,0.21255982,,,Yolk Syncytial Layer
rpl22l1,1.9014759,1.6897557,0.21172023,,,Yolk Syncytial Layer
zgc:136410,0.7631818,0.5524161,0.21076572,,,Yolk Syncytial Layer
rpl14,1.6629975,1.4558439,0.20715356,,,Yolk Syncytial Layer
rps3,2.7971928,2.5902073,0.20698547,,,Yolk Syncytial Layer
zgc:193541,1.1076121,0.9006845,0.20692766,,,Yolk Syncytial Layer
rps23,3.6905963,3.4846494,0.20594692,,,Yolk Syncytial Layer
rps20,4.6488276,4.4430118,0.20581579,,,Yolk Syncytial Layer
apoa1a,3.0506475,2.8466976,0.20394993,,,Yolk Syncytial Layer
rpl30,3.1113012,2.9078665,0.2034347,,,Yolk Syncytial Layer
apoa1b,2.5009024,2.2986197,0.20228267,,,Yolk Syncytial Layer
rps8a,2.0965552,1.8951974,0.20135784,,,Yolk Syncytial Layer
serp1,0.85344976,0.65262157,0.2008282,,,Yolk Syncytial Layer
gngt2a,0.7920122,0.59197646,0.20003575,,,Yolk Syncytial Layer
rps3a,2.02208,1.8247051,0.19737482,,,Yolk Syncytial Layer
rpl8,1.8737388,1.6773751,0.19636369,,,Yolk Syncytial Layer
spaca4l,2.5685563,2.3727794,0.19577694,,,Yolk Syncytial Layer
snrpg,1.2754053,1.0798653,0.19553995,,,Yolk Syncytial Layer
apoa2,1.9579093,1.7637924,0.19411695,,,Yolk Syncytial Layer
rpl13a,2.5650198,2.3719926,0.19302726,,,Yolk Syncytial Layer
krt99,0.7760824,0.58470225,0.19138014,,,Yolk Syncytial Layer
si:ch211-152c2.3,1.330265,1.1395863,0.19067872,,,Yolk Syncytial Layer
rps27a,3.7266066,3.5370517,0.18955493,,,Yolk Syncytial Layer
rps29,2.8382363,2.651033,0.1872034,,,Yolk Syncytial Layer
fbp1b,1.4586695,1.2721202,0.1865493,,,Yolk Syncytial Layer
faua,2.0137072,1.8275895,0.18611765,,,Yolk Syncytial Layer
zgc:171772,2.7237191,2.5378556,0.1858635,,,Yolk Syncytial Layer
selenow1,0.9700021,0.7848738,0.18512833,,,Yolk Syncytial Layer
gapdh,0.9702556,0.7914573,0.17879832,,,Yolk Syncytial Layer
ifi30,1.348743,1.1706241,0.17811882,,,Yolk Syncytial Layer
dbi,0.87207925,0.6951404,0.17693883,,,Yolk Syncytial Layer
rpl37,3.1076186,2.9328191,0.17479944,,,Yolk Syncytial Layer
rps26,2.132635,1.9595286,0.17310655,,,Yolk Syncytial Layer
AL935186.2,0.31785855,0.14539984,0.17245871,,,Yolk Syncytial Layer
rpl31,2.593932,2.4225035,0.17142844,,,Yolk Syncytial Layer
rps7,3.3039696,3.13293,0.17103958,,,Yolk Syncytial Layer
mt2,0.5883741,0.4188359,0.16953817,,,Yolk Syncytial Layer
krt5,2.2272944,2.0577981,0.1694963,,,Yolk Syncytial Layer
RPS17,1.720207,1.5515498,0.16865718,,,Yolk Syncytial Layer
s100a1,1.1353765,0.96673906,0.1686374,,,Yolk Syncytial Layer
rplp0,3.3178575,3.150407,0.16745043,,,Yolk Syncytial Layer
pfn1,1.3359145,1.1693313,0.16658318,,,Yolk Syncytial Layer
rps13,3.159137,2.9940593,0.16507769,,,Yolk Syncytial Layer
rpl36,2.7809358,2.6162188,0.16471696,,,Yolk Syncytial Layer
pfdn4,0.62773806,0.46716163,0.16057643,,,Yolk Syncytial Layer
tmsb1,2.3610578,2.201619,0.15943885,,,Yolk Syncytial Layer
rpl36a,3.0810294,2.9224284,0.15860105,,,Yolk Syncytial Layer
ak3,1.038242,0.87964296,0.15859902,,,Yolk Syncytial Layer
rps12,4.6179934,4.4597473,0.15824604,,,Yolk Syncytial Layer
anxa6,0.52040124,0.36374226,0.15665898,,,Yolk Syncytial Layer
rps18,2.525894,2.370802,0.155092,,,Yolk Syncytial Layer
slc31a1,0.44003522,0.2867067,0.15332854,,,Yolk Syncytial Layer
rps25,3.1638894,3.0148761,0.14901328,,,Yolk Syncytial Layer
rpl21,2.1326115,1.9845169,0.14809465,,,Yolk Syncytial Layer
pck2,1.3955127,1.2474377,0.14807498,,,Yolk Syncytial Layer
rpl13,2.0006292,1.8536303,0.14699888,,,Yolk Syncytial Layer
rps16,1.9186422,1.7737663,0.14487588,,,Yolk Syncytial Layer
krt18a.1,2.8292844,2.6857185,0.1435659,,,Yolk Syncytial Layer
znrf2a,0.8130832,0.6700294,0.14305377,,,Yolk Syncytial Layer
h1-0,0.5040477,0.36159477,0.14245293,,,Yolk Syncytial Layer
id1,1.3138342,1.1717913,0.14204288,,,Yolk Syncytial Layer
rps19,3.3241227,3.1825938,0.14152884,,,Yolk Syncytial Layer
si:dkey-151g10.6,5.5463176,5.4051228,0.14119482,,,Yolk Syncytial Layer
apobb.1,1.5539297,1.4139855,0.1399442,,,Yolk Syncytial Layer
atox1,0.66569597,0.526134,0.13956195,,,Yolk Syncytial Layer
zgc:153018,0.91123545,0.7741643,0.13707113,,,Yolk Syncytial Layer
zgc:193505,0.94060194,0.8058846,0.13471735,,,Yolk Syncytial Layer
wnk4b,0.2832881,0.15019973,0.13308837,,,Yolk Syncytial Layer
rpl12,3.5151916,3.3829806,0.13221097,,,Yolk Syncytial Layer
uqcrh,1.0398611,0.9081729,0.13168818,,,Yolk Syncytial Layer
eif5a,0.7212957,0.59150517,0.12979054,,,Yolk Syncytial Layer
ssr4,0.70036125,0.57110125,0.12926,,,Yolk Syncytial Layer
slc7a8a,0.32413214,0.19487348,0.12925866,,,Yolk Syncytial Layer
rps27l,0.75053316,0.6224216,0.12811154,,,Yolk Syncytial Layer
zgc:153284,0.7010603,0.5736438,0.12741649,,,Yolk Syncytial Layer
ubc,1.4539185,1.3266236,0.1272949,,,Yolk Syncytial Layer
rps10,2.5914629,2.46527,0.12619281,,,Yolk Syncytial Layer
fam163ba,0.37037167,0.24448903,0.12588264,,,Yolk Syncytial Layer
rps2,2.492419,2.3666317,0.12578726,,,Yolk Syncytial Layer
ponzr5,1.1303648,1.0057131,0.12465167,,,Yolk Syncytial Layer
srp9,0.35315895,0.22889596,0.12426299,,,Yolk Syncytial Layer
id3,0.48982325,0.3667599,0.123063356,,,Yolk Syncytial Layer
rplp2l,2.990267,2.8687649,0.12150216,,,Yolk Syncytial Layer
rps15,2.8182478,2.6970384,0.12120938,,,Yolk Syncytial Layer
atp5if1b,0.3088022,0.18883097,0.119971216,,,Yolk Syncytial Layer
rpl6,1.3792756,1.2624865,0.1167891,,,Yolk Syncytial Layer
rpl23a,3.2447655,3.1297388,0.11502671,,,Yolk Syncytial Layer
si:ch211-217k17.9,0.39958695,0.2857561,0.113830835,,,Yolk Syncytial Layer
rbx1,0.6765881,0.56423104,0.11235708,,,Yolk Syncytial Layer
zgc:56585,0.44727403,0.33538663,0.111887395,,,Yolk Syncytial Layer
rfc1,1.6843507,1.5729773,0.111373425,,,Yolk Syncytial Layer
cox6a1,0.6124803,0.5015005,0.110979795,,,Yolk Syncytial Layer
rpl27,2.7832205,2.6726017,0.11061883,,,Yolk Syncytial Layer
ppl,0.5570198,0.44663393,0.110385895,,,Yolk Syncytial Layer
uqcrq,0.40416142,0.29394045,0.11022097,,,Yolk Syncytial Layer
ssr2,0.4065285,0.29679453,0.10973397,,,Yolk Syncytial Layer
cfl1l,0.6773834,0.56847763,0.10890579,,,Yolk Syncytial Layer
sec61a1l,0.4309656,0.32286644,0.10809916,,,Yolk Syncytial Layer
ndufa4l,0.7644328,0.6570035,0.107429266,,,Yolk Syncytial Layer
arl6ip5a,0.8446269,0.7376268,0.10700011,,,Yolk Syncytial Layer
si:ch211-195b11.3,0.6737764,0.56688875,0.10688764,,,Yolk Syncytial Layer
si:ch1073-325m22.2,0.9703604,0.86349636,0.106864035,,,Yolk Syncytial Layer
slc3a2a,0.57884485,0.47328815,0.1055567,,,Yolk Syncytial Layer
atp6v0e1,0.72105163,0.61587775,0.105173886,,,Yolk Syncytial Layer
psmc3,0.43473595,0.32973373,0.105002224,,,Yolk Syncytial Layer
serpina1,0.4764747,0.37185052,0.10462418,,,Yolk Syncytial Layer
fahd2a,0.6154569,0.5113074,0.10414946,,,Yolk Syncytial Layer
cntnap5b,0.32519487,0.2214631,0.10373177,,,Yolk Syncytial Layer
rpl10,2.7279387,2.6244152,0.10352349,,,Yolk Syncytial Layer
fdx1,0.39313155,0.2897024,0.10342917,,,Yolk Syncytial Layer
rpl3,2.1580822,2.0551968,0.102885485,,,Yolk Syncytial Layer
rpl5a,0.942856,0.8415953,0.10126072,,,Yolk Syncytial Layer
eif4ebp3l,0.3492676,0.24804604,0.10122156,,,Yolk Syncytial Layer
sesn3,0.36884946,0.2684197,0.10042974,,,Yolk Syncytial Layer
efhd1,0.43925375,0.3395008,0.09975293,,,Yolk Syncytial Layer
rsl24d1,0.8367553,0.7383289,0.0984264,,,Yolk Syncytial Layer
rpl35a,2.6827304,2.5856586,0.097071886,,,Yolk Syncytial Layer
CR388166.2,0.22498894,0.1280465,0.09694244,,,Yolk Syncytial Layer
apela,0.32200107,0.22532503,0.09667604,,,Yolk Syncytial Layer
cyp11a1,0.5743499,0.4787952,0.09555468,,,Yolk Syncytial Layer
erlin2,0.25445476,0.15892991,0.09552485,,,Yolk Syncytial Layer
psmc4,0.28180867,0.18680197,0.095006704,,,Yolk Syncytial Layer
bckdhbl,0.34625086,0.25135493,0.09489593,,,Yolk Syncytial Layer
rps5,3.0989335,3.0055318,0.09340167,,,Yolk Syncytial Layer
slc47a1,0.6848325,0.59200096,0.09283155,,,Yolk Syncytial Layer
rps26l,2.6641994,2.5718422,0.09235716,,,Yolk Syncytial Layer
suclg1,0.286058,0.19413817,0.09191984,,,Yolk Syncytial Layer
rplp2,1.9162498,1.8245193,0.091730475,,,Yolk Syncytial Layer
vcp,0.35825157,0.26682758,0.09142399,,,Yolk Syncytial Layer
h2az2b,2.1791668,2.0877628,0.09140396,,,Yolk Syncytial Layer
ccng1,0.70135045,0.61070573,0.09064472,,,Yolk Syncytial Layer
gamt,0.55583143,0.46526974,0.09056169,,,Yolk Syncytial Layer
CU694197.1,0.46360087,0.37357605,0.09002483,,,Yolk Syncytial Layer
sf3a2,0.2759423,0.18634543,0.08959687,,,Yolk Syncytial Layer
si:dkey-238d18.15,0.7182616,0.628911,0.08935058,,,Yolk Syncytial Layer
cndp2,0.518137,0.429191,0.088945985,,,Yolk Syncytial Layer
shisa2a,0.22205712,0.13328661,0.08877051,,,Yolk Syncytial Layer
hdlbpa,0.39277437,0.304079,0.08869538,,,Yolk Syncytial Layer
zgc:152830,0.42020157,0.3316978,0.08850378,,,Yolk Syncytial Layer
TMEM233,0.501813,0.41380724,0.08800575,,,Yolk Syncytial Layer
TXN,1.7028215,1.6152571,0.08756435,,,Yolk Syncytial Layer
FO704758.1,0.3324285,0.24639064,0.086037844,,,Yolk Syncytial Layer
btf3,1.0489833,0.9631557,0.08582765,,,Yolk Syncytial Layer
rps27.2,1.7164314,1.6306266,0.08580482,,,Yolk Syncytial Layer
tmem258,0.5943754,0.5088406,0.08553475,,,Yolk Syncytial Layer
BX936337.1,0.40835458,0.32301024,0.085344344,,,Yolk Syncytial Layer
oaz1a,0.40253302,0.31745735,0.08507568,,,Yolk Syncytial Layer
NC-002333.17,0.7151805,0.63029885,0.08488166,,,Yolk Syncytial Layer
rltgr,0.2279538,0.14331229,0.084641516,,,Yolk Syncytial Layer
cst14a.2,0.58017284,0.49611437,0.08405846,,,Yolk Syncytial Layer
cox7c,1.5302765,1.4465975,0.08367908,,,Yolk Syncytial Layer
mmp30,0.5526514,0.46920362,0.083447784,,,Yolk Syncytial Layer
stom,0.49665898,0.41376007,0.082898915,,,Yolk Syncytial Layer
pvalb9,0.8229536,0.7407274,0.08222616,,,Yolk Syncytial Layer
mrps6,0.40590096,0.32434008,0.08156088,,,Yolk Syncytial Layer
si:ch73-132f6.5,0.30756128,0.22600664,0.08155464,,,Yolk Syncytial Layer
rps14,3.1735306,3.0934055,0.08012509,,,Yolk Syncytial Layer
ncl,0.64040476,0.5603011,0.080103636,,,Yolk Syncytial Layer
ndufab1a,0.42784274,0.34786633,0.07997641,,,Yolk Syncytial Layer
tma7,1.1558288,1.0759187,0.07991016,,,Yolk Syncytial Layer
zgc:175088,0.37699273,0.2972636,0.07972914,,,Yolk Syncytial Layer
rpl18a,1.8485026,1.768962,0.07954061,,,Yolk Syncytial Layer
smim15,0.37615502,0.2977847,0.07837033,,,Yolk Syncytial Layer
uqcr10,0.49790674,0.42002508,0.077881664,,,Yolk Syncytial Layer
scpep1,0.40975592,0.33201045,0.07774547,,,Yolk Syncytial Layer
acsl4a,0.30414027,0.22696286,0.077177405,,,Yolk Syncytial Layer
fkbp11,0.2094932,0.1326961,0.0767971,,,Yolk Syncytial Layer
cox5aa,0.8840567,0.8073196,0.076737106,,,Yolk Syncytial Layer
rps21,2.2182841,2.14171,0.07657409,,,Yolk Syncytial Layer
rpl29,1.7842727,1.7079232,0.0763495,,,Yolk Syncytial Layer
shcbp1,0.30870342,0.23348367,0.07521975,,,Yolk Syncytial Layer
dpy30,0.704378,0.6297542,0.07462382,,,Yolk Syncytial Layer
anapc11,0.2216771,0.14775187,0.07392523,,,Yolk Syncytial Layer
sec61a1,0.28731123,0.21375376,0.073557466,,,Yolk Syncytial Layer
dad1,0.59733564,0.5241536,0.07318205,,,Yolk Syncytial Layer
ckmt1,0.2793982,0.20629211,0.073106095,,,Yolk Syncytial Layer
mogat2,0.25062042,0.17761603,0.073004395,,,Yolk Syncytial Layer
mpv17l2,0.23664995,0.16403048,0.07261947,,,Yolk Syncytial Layer
zgc:153665,0.19164915,0.11907871,0.07257044,,,Yolk Syncytial Layer
cers2b,0.4390299,0.36688393,0.07214597,,,Yolk Syncytial Layer
ndufb8,0.35539615,0.28344208,0.07195407,,,Yolk Syncytial Layer
snrpd1,0.7378816,0.6659774,0.07190418,,,Yolk Syncytial Layer
sh3bgrl,0.23725839,0.16616291,0.07109548,,,Yolk Syncytial Layer
polr2l,0.6658235,0.5949073,0.070916235,,,Yolk Syncytial Layer
ctnnb1,0.6440752,0.5732996,0.07077563,,,Yolk Syncytial Layer
ndufa5,0.29695863,0.22622283,0.0707358,,,Yolk Syncytial Layer
cdc26,0.25512373,0.18440463,0.07071911,,,Yolk Syncytial Layer
prdx5,0.49817938,0.42782107,0.070358306,,,Yolk Syncytial Layer
khdrbs1b,0.37849903,0.30823305,0.07026598,,,Yolk Syncytial Layer
mt-atp6,0.5932424,0.5240972,0.0691452,,,Yolk Syncytial Layer
slc43a2b,0.24340203,0.17452934,0.06887269,,,Yolk Syncytial Layer
si:ch211-286b5.5,0.3245109,0.25576416,0.068746746,,,Yolk Syncytial Layer
sb:cb37,0.28711566,0.21850659,0.068609074,,,Yolk Syncytial Layer
sumo2b,0.39245307,0.3240483,0.068404764,,,Yolk Syncytial Layer
dlx3b,0.2691906,0.2018125,0.067378104,,,Yolk Syncytial Layer
STMP1,0.28365234,0.21638258,0.06726976,,,Yolk Syncytial Layer
cox8a,0.6969319,0.62986106,0.06707084,,,Yolk Syncytial Layer
ywhaba,0.28066117,0.21368241,0.06697875,,,Yolk Syncytial Layer
rpl7a,1.8182291,1.7516123,0.06661677,,,Yolk Syncytial Layer
cox6b2,1.48074,1.414288,0.06645191,,,Yolk Syncytial Layer
ucp2,0.3645954,0.2984766,0.06611881,,,Yolk Syncytial Layer
rps11,3.1735897,3.10754,0.066049814,,,Yolk Syncytial Layer
krt4,3.6307662,3.564965,0.06580114,,,Yolk Syncytial Layer
tuba8l,0.4197081,0.35397393,0.06573418,,,Yolk Syncytial Layer
rps6,2.158927,2.093224,0.065702915,,,Yolk Syncytial Layer
zgc:101744,0.35372558,0.28850424,0.06522134,,,Yolk Syncytial Layer
atf4a,0.3775583,0.3127868,0.0647715,,,Yolk Syncytial Layer
NC-002333.9,0.3489247,0.28435445,0.06457025,,,Yolk Syncytial Layer
psap,0.38933155,0.32480454,0.064527005,,,Yolk Syncytial Layer
rap1aa,0.27341264,0.20892371,0.06448893,,,Yolk Syncytial Layer
nipsnap1,0.30537465,0.24130306,0.064071596,,,Yolk Syncytial Layer
ctsd,0.28565615,0.22170345,0.0639527,,,Yolk Syncytial Layer
atp5f1c,0.29092908,0.22748514,0.063443944,,,Yolk Syncytial Layer
glrx,0.23875654,0.17539479,0.06336175,,,Yolk Syncytial Layer
ssr3,0.48831558,0.42504966,0.06326592,,,Yolk Syncytial Layer
gnpda1,0.20818357,0.1449346,0.06324898,,,Yolk Syncytial Layer
gpx1a,0.23835362,0.17563479,0.06271884,,,Yolk Syncytial Layer
med11,0.27242666,0.210253,0.062173665,,,Yolk Syncytial Layer
eif1axb,0.39447743,0.3325556,0.061921835,,,Yolk Syncytial Layer
rab1ab,0.20827876,0.14645869,0.061820075,,,Yolk Syncytial Layer
cldne,0.3040943,0.24233755,0.06175676,,,Yolk Syncytial Layer
pabpc1a,0.68046486,0.6188306,0.061634243,,,Yolk Syncytial Layer
krt96,0.19300099,0.13155448,0.061446503,,,Yolk Syncytial Layer
slc26a1,0.25936902,0.19808282,0.061286196,,,Yolk Syncytial Layer
degs1,0.29715925,0.23611522,0.061044037,,,Yolk Syncytial Layer
copa,0.2640507,0.2036144,0.060436293,,,Yolk Syncytial Layer
anxa1c,0.3497014,0.28944832,0.060253084,,,Yolk Syncytial Layer
icn2,0.454295,0.39439106,0.05990395,,,Yolk Syncytial Layer
cyp2aa8,0.23086374,0.17145613,0.059407607,,,Yolk Syncytial Layer
psma5,0.51801693,0.45906448,0.05895245,,,Yolk Syncytial Layer
rps24,2.213157,2.1545973,0.058559656,,,Yolk Syncytial Layer
pfn2l,0.3255751,0.26738888,0.058186233,,,Yolk Syncytial Layer
atp5md,0.36832386,0.31027523,0.058048636,,,Yolk Syncytial Layer
mt-co2,2.6376748,2.579806,0.05786872,,,Yolk Syncytial Layer
edf1,0.65252227,0.59493756,0.057584703,,,Yolk Syncytial Layer
apoba,0.27103642,0.2135481,0.057488322,,,Yolk Syncytial Layer
spata6l,0.23639242,0.17893751,0.057454914,,,Yolk Syncytial Layer
SERP1,0.2393131,0.18190095,0.057412148,,,Yolk Syncytial Layer
ost4,0.2696171,0.21255063,0.057066485,,,Yolk Syncytial Layer
acp5a,0.5343647,0.4774603,0.056904405,,,Yolk Syncytial Layer
selenof,0.8446409,0.78813106,0.056509852,,,Yolk Syncytial Layer
anapc16,0.5015951,0.4452888,0.056306273,,,Yolk Syncytial Layer
tmem167a,0.23900464,0.18288901,0.056115627,,,Yolk Syncytial Layer
sem1,0.64835286,0.5924064,0.05594647,,,Yolk Syncytial Layer
dap,0.19463305,0.13876161,0.055871442,,,Yolk Syncytial Layer
gtf2h5,0.19407438,0.13854286,0.055531517,,,Yolk Syncytial Layer
xbp1,0.43604815,0.38087055,0.0551776,,,Yolk Syncytial Layer
nid2a,0.33018684,0.27561113,0.05457571,,,Yolk Syncytial Layer
dnase1l4.1,0.3503757,0.29580957,0.054566145,,,Yolk Syncytial Layer
mttp,0.3102985,0.25594142,0.05435708,,,Yolk Syncytial Layer
tomm5,0.3424004,0.2883062,0.054094195,,,Yolk Syncytial Layer
commd7,0.33437762,0.28060073,0.05377689,,,Yolk Syncytial Layer
atp5pf,0.2980603,0.24431418,0.05374612,,,Yolk Syncytial Layer
rpsa,2.7978265,2.7444916,0.05333495,,,Yolk Syncytial Layer
b3gnt2b,0.23923473,0.18594979,0.053284943,,,Yolk Syncytial Layer
glud1a,0.26454487,0.21144645,0.053098425,,,Yolk Syncytial Layer
slc25a20,0.49633753,0.4434955,0.05284202,,,Yolk Syncytial Layer
CDPF1,0.18202345,0.12925328,0.052770168,,,Yolk Syncytial Layer
nup93,0.23938155,0.18665752,0.052724034,,,Yolk Syncytial Layer
fn1a,0.37828293,0.32588887,0.052394062,,,Yolk Syncytial Layer
actb1,1.3826547,1.3303238,0.05233085,,,Yolk Syncytial Layer
rnaseka,0.3655735,0.31328866,0.052284837,,,Yolk Syncytial Layer
hspd1,0.3095475,0.25733095,0.05221656,,,Yolk Syncytial Layer
capns1a,0.3329201,0.28093317,0.051986933,,,Yolk Syncytial Layer
eef1g,1.0970277,1.0453012,0.05172646,,,Yolk Syncytial Layer
fzd7a,0.37994698,0.3289508,0.050996184,,,Yolk Syncytial Layer
nudt5,0.20644465,0.15593569,0.05050896,,,Yolk Syncytial Layer
igf2bp1,0.29468772,0.24422175,0.05046597,,,Yolk Syncytial Layer
hnrnpa0a,0.45046547,0.40026566,0.050199807,,,Yolk Syncytial Layer
sf1,0.20906526,0.1592304,0.049834862,,,Yolk Syncytial Layer
tram1,0.25671148,0.20722188,0.049489602,,,Yolk Syncytial Layer
selenow2a,0.29754275,0.24817239,0.049370363,,,Yolk Syncytial Layer
selenop,0.22815672,0.17915638,0.049000338,,,Yolk Syncytial Layer
lsm5,0.16536255,0.11680404,0.04855851,,,Yolk Syncytial Layer
rrbp1b,0.24134003,0.19298908,0.048350945,,,Yolk Syncytial Layer
smc1al,0.26206037,0.21371013,0.048350245,,,Yolk Syncytial Layer
bzw1a,0.4514923,0.40329942,0.04819289,,,Yolk Syncytial Layer
eif5a2,0.38931084,0.34168738,0.047623456,,,Yolk Syncytial Layer
erh,0.7007528,0.65360314,0.04714966,,,Yolk Syncytial Layer
si:dkey-74k8.4,0.22888473,0.18183185,0.047052875,,,Yolk Syncytial Layer
bzw1b,0.19655046,0.14953968,0.04701078,,,Yolk Syncytial Layer
wdr83os,0.649899,0.6030819,0.046817124,,,Yolk Syncytial Layer
selenoh,0.5329391,0.4863148,0.046624273,,,Yolk Syncytial Layer
pla2g12b,1.3294959,1.2829009,0.046594977,,,Yolk Syncytial Layer
snrpa,0.45392835,0.40746063,0.04646772,,,Yolk Syncytial Layer
ndufb9,0.2287249,0.18229568,0.046429217,,,Yolk Syncytial Layer
jpt2,0.3425513,0.29615584,0.04639545,,,Yolk Syncytial Layer
srsf6a,0.3168167,0.27073684,0.046079844,,,Yolk Syncytial Layer
cope,0.21972494,0.17404437,0.045680568,,,Yolk Syncytial Layer
ube2d1b,0.22334045,0.17786437,0.04547608,,,Yolk Syncytial Layer
srsf2a,0.7438542,0.69848955,0.045364678,,,Yolk Syncytial Layer
rpl10a,2.7851124,2.7397642,0.045348167,,,Yolk Syncytial Layer
mgst1.2,0.37649724,0.33119977,0.045297474,,,Yolk Syncytial Layer
rpl9,1.6840538,1.6392163,0.044837475,,,Yolk Syncytial Layer
ak2,0.15735725,0.11306676,0.044290483,,,Yolk Syncytial Layer
tktb,0.33552977,0.29133952,0.044190258,,,Yolk Syncytial Layer
brk1,0.25771224,0.21375832,0.043953925,,,Yolk Syncytial Layer
fam32a,0.37262562,0.32868263,0.043942988,,,Yolk Syncytial Layer
rpl5b,1.5021508,1.4583731,0.043777704,,,Yolk Syncytial Layer
si:dkey-85k7.7,0.340484,0.29686952,0.043614477,,,Yolk Syncytial Layer
eny2,0.58395433,0.54065305,0.043301284,,,Yolk Syncytial Layer
ctsla,2.915209,2.8720405,0.043168545,,,Yolk Syncytial Layer
mt-nd3,1.9408286,1.897742,0.04308653,,,Yolk Syncytial Layer
cyt1,1.5560701,1.5133903,0.042679787,,,Yolk Syncytial Layer
cops9,0.26438108,0.22181575,0.04256533,,,Yolk Syncytial Layer
smdt1b,0.28745773,0.24491553,0.042542204,,,Yolk Syncytial Layer
si:dkey-239h2.3,0.19466917,0.1522497,0.04241948,,,Yolk Syncytial Layer
dpp7,0.64183974,0.5995877,0.042252064,,,Yolk Syncytial Layer
slbp,0.22265652,0.18072811,0.04192841,,,Yolk Syncytial Layer
krtcap2,0.23939236,0.19754161,0.041850746,,,Yolk Syncytial Layer
rpl24,1.4625409,1.4209652,0.04157567,,,Yolk Syncytial Layer
npm1a,1.136812,1.0958118,0.041000128,,,Yolk Syncytial Layer
shmt1,0.26778868,0.2270711,0.040717572,,,Yolk Syncytial Layer
cyt1l,1.558936,1.5182604,0.04067564,,,Yolk Syncytial Layer
zgc:163030,0.23288651,0.19264442,0.04024209,,,Yolk Syncytial Layer
si:dkey-16p21.8,0.20297255,0.16294512,0.040027425,,,Yolk Syncytial Layer
hspe1,0.79042506,0.75058806,0.039837003,,,Yolk Syncytial Layer
cct3,0.198915,0.15916231,0.039752692,,,Yolk Syncytial Layer
fth1a,1.3014328,1.2618093,0.0396235,,,Yolk Syncytial Layer
UBB,0.5333982,0.49414465,0.039253563,,,Yolk Syncytial Layer
krt17,0.7875529,0.7487225,0.0388304,,,Yolk Syncytial Layer
si:dkey-126g1.9,0.248465,0.20966063,0.038804367,,,Yolk Syncytial Layer
timm9,0.26143318,0.22263587,0.03879732,,,Yolk Syncytial Layer
sf3b1,0.27148604,0.23297273,0.038513318,,,Yolk Syncytial Layer
chchd2,0.33129188,0.2928842,0.038407683,,,Yolk Syncytial Layer
ctps1a,0.73464507,0.69635695,0.038288116,,,Yolk Syncytial Layer
mpc1,0.3152597,0.27704874,0.03821096,,,Yolk Syncytial Layer
lsm7,0.37904933,0.34095094,0.038098395,,,Yolk Syncytial Layer
slc38a7,0.20545661,0.16736732,0.03808929,,,Yolk Syncytial Layer
tagln2,1.5177461,1.4800733,0.037672758,,,Yolk Syncytial Layer
rpl19,3.0350332,2.9977326,0.037300587,,,Yolk Syncytial Layer
arid3b,0.22079057,0.18387148,0.036919087,,,Yolk Syncytial Layer
zgc:92606,0.23780467,0.20109177,0.0367129,,,Yolk Syncytial Layer
tspo,0.22424579,0.18785943,0.036386356,,,Yolk Syncytial Layer
gart,0.3151308,0.27875844,0.036372364,,,Yolk Syncytial Layer
c19h1orf109,0.20051621,0.16420098,0.036315233,,,Yolk Syncytial Layer
cdo1,0.34460664,0.3083505,0.036256135,,,Yolk Syncytial Layer
rpl34,1.5277054,1.4914942,0.036211252,,,Yolk Syncytial Layer
csde1,0.20595704,0.17032777,0.035629272,,,Yolk Syncytial Layer
prc1a,0.16377075,0.12845488,0.03531587,,,Yolk Syncytial Layer
rpa3,0.38937128,0.35409763,0.03527364,,,Yolk Syncytial Layer
tomm7,0.32688367,0.29171816,0.03516552,,,Yolk Syncytial Layer
taf13,0.17569232,0.14065914,0.03503318,,,Yolk Syncytial Layer
vbp1,0.25260523,0.21757886,0.03502637,,,Yolk Syncytial Layer
arpc4,0.23115724,0.19624457,0.034912676,,,Yolk Syncytial Layer
dhrs3b,0.32718804,0.29233682,0.034851223,,,Yolk Syncytial Layer
mrpl36,0.20359544,0.16905199,0.034543455,,,Yolk Syncytial Layer
cldn7b,0.17945044,0.14495288,0.03449756,,,Yolk Syncytial Layer
si:dkey-88p24.11,0.19018395,0.155812,0.034371957,,,Yolk Syncytial Layer
eif3m,0.45106536,0.41672185,0.03434351,,,Yolk Syncytial Layer
hnrnpa0b,1.080365,1.046468,0.033896923,,,Yolk Syncytial Layer
nhp2,0.4288895,0.39504892,0.033840597,,,Yolk Syncytial Layer
atp5f1d,0.24739115,0.21356441,0.03382674,,,Yolk Syncytial Layer
si:dkey-33c12.4,0.19626373,0.16280727,0.03345646,,,Yolk Syncytial Layer
rpia,0.22405891,0.19063343,0.03342548,,,Yolk Syncytial Layer
ndufb6,0.27085692,0.2374706,0.03338632,,,Yolk Syncytial Layer
tmem134,0.21449411,0.18192942,0.032564685,,,Yolk Syncytial Layer
metap2b,0.30147788,0.26903036,0.032447517,,,Yolk Syncytial Layer
sf3b6,0.4173001,0.38514695,0.03215316,,,Yolk Syncytial Layer
akap12b,0.96099097,0.92884564,0.03214532,,,Yolk Syncytial Layer
anxa1b,0.18921995,0.15730081,0.031919137,,,Yolk Syncytial Layer
zgc:174938,0.18315065,0.15133737,0.03181328,,,Yolk Syncytial Layer
rnf7,0.32015076,0.28836903,0.031781733,,,Yolk Syncytial Layer
ndufb2,0.51552445,0.48389256,0.031631887,,,Yolk Syncytial Layer
psmb6,0.33681902,0.30591607,0.030902952,,,Yolk Syncytial Layer
gng5,0.5232164,0.49270272,0.030513704,,,Yolk Syncytial Layer
zgc:91910,0.2079178,0.17757586,0.030341938,,,Yolk Syncytial Layer
dhfr,0.6245963,0.5946442,0.029952109,,,Yolk Syncytial Layer
mrpl57,0.34405926,0.31427538,0.029783875,,,Yolk Syncytial Layer
tp53,0.19866753,0.16890644,0.02976109,,,Yolk Syncytial Layer
mrps36,0.20961298,0.17995796,0.029655024,,,Yolk Syncytial Layer
rpe,0.26613355,0.23654401,0.029589534,,,Yolk Syncytial Layer
hsd17b12a,0.20464571,0.17512906,0.029516652,,,Yolk Syncytial Layer
c1d,0.25038582,0.22087403,0.029511794,,,Yolk Syncytial Layer
mrpl42,0.20715153,0.17781739,0.029334143,,,Yolk Syncytial Layer
ndufa1,0.22404675,0.19516453,0.02888222,,,Yolk Syncytial Layer
tm9sf2,0.19825147,0.1694625,0.028788969,,,Yolk Syncytial Layer
slc39a7,0.27120537,0.24247634,0.028729022,,,Yolk Syncytial Layer
akt1s1,0.19896507,0.17055698,0.028408095,,,Yolk Syncytial Layer
gnpda2,0.2449025,0.21651654,0.028385967,,,Yolk Syncytial Layer
aldoaa,0.62831026,0.6001034,0.028206885,,,Yolk Syncytial Layer
cstf2,0.17080069,0.14313054,0.027670145,,,Yolk Syncytial Layer
sult6b1,0.39047113,0.36285704,0.027614087,,,Yolk Syncytial Layer
ldhba,0.44979027,0.42218584,0.02760443,,,Yolk Syncytial Layer
atp6v0ca,0.22997564,0.20245421,0.027521431,,,Yolk Syncytial Layer
arpc1a,0.2668086,0.23959188,0.027216718,,,Yolk Syncytial Layer
psmc5,0.20426083,0.17715675,0.02710408,,,Yolk Syncytial Layer
bcl2l10,0.18803377,0.16112478,0.026908994,,,Yolk Syncytial Layer
h3f3d,1.126136,1.0993237,0.026812196,,,Yolk Syncytial Layer
aldh3b1,0.17439084,0.14856093,0.025829911,,,Yolk Syncytial Layer
snrpe,0.87728876,0.85151285,0.02577591,,,Yolk Syncytial Layer
npm3,0.43920153,0.41363052,0.025571018,,,Yolk Syncytial Layer
trmt112,0.22674623,0.20123924,0.025506988,,,Yolk Syncytial Layer
CABZ01048402.2,0.24218573,0.21674474,0.02544099,,,Yolk Syncytial Layer
med19a,0.18359745,0.15836515,0.0252323,,,Yolk Syncytial Layer
pbdc1,0.28101832,0.25582483,0.025193483,,,Yolk Syncytial Layer
gpx4b,0.30615145,0.28105128,0.025100172,,,Yolk Syncytial Layer
ubb,0.330697,0.3056323,0.025064707,,,Yolk Syncytial Layer
capza1a,0.191975,0.16704349,0.024931505,,,Yolk Syncytial Layer
jupa,0.16839121,0.14359838,0.024792835,,,Yolk Syncytial Layer
gtf2a2,0.18681432,0.16204205,0.024772272,,,Yolk Syncytial Layer
copz1,0.1796349,0.15495479,0.024680108,,,Yolk Syncytial Layer
si:dkey-44g23.5,0.26313543,0.238543,0.02459243,,,Yolk Syncytial Layer
bccip,0.16741782,0.14283168,0.024586141,,,Yolk Syncytial Layer
atp1a1a.1,0.2230661,0.1989991,0.024067,,,Yolk Syncytial Layer
rpl26,2.2198772,2.1962216,0.023655653,,,Yolk Syncytial Layer
ctsll,2.3064563,2.2829227,0.023533583,,,Yolk Syncytial Layer
lamtor2,0.20231894,0.17890386,0.023415074,,,Yolk Syncytial Layer
slc25a3b,0.6668656,0.64352494,0.023340642,,,Yolk Syncytial Layer
eppk1,0.70691204,0.6835762,0.023335814,,,Yolk Syncytial Layer
paip2b,0.23261623,0.20972519,0.022891045,,,Yolk Syncytial Layer
bysl,0.17107467,0.14822091,0.022853762,,,Yolk Syncytial Layer
agr1,0.2743102,0.2514994,0.022810787,,,Yolk Syncytial Layer
nqo1,0.18482792,0.16213937,0.022688553,,,Yolk Syncytial Layer
gar1,0.32793176,0.3054931,0.022438675,,,Yolk Syncytial Layer
srp54,0.23244801,0.21031545,0.02213256,,,Yolk Syncytial Layer
fmo5,0.1710371,0.14902712,0.022009969,,,Yolk Syncytial Layer
rack1,2.4763744,2.4544606,0.021913767,,,Yolk Syncytial Layer
cnbpa,0.22561465,0.20371364,0.021901011,,,Yolk Syncytial Layer
mt-nd2,0.55492884,0.5332441,0.021684766,,,Yolk Syncytial Layer
ywhabb,0.27085462,0.24934435,0.021510273,,,Yolk Syncytial Layer
gpd1c,0.30503166,0.28368968,0.02134198,,,Yolk Syncytial Layer
cct7,0.2208926,0.19992211,0.020970479,,,Yolk Syncytial Layer
emg1,0.2346672,0.21371844,0.020948753,,,Yolk Syncytial Layer
psma6b,0.17510162,0.15418048,0.02092114,,,Yolk Syncytial Layer
sf3b2,0.18189223,0.16150014,0.02039209,,,Yolk Syncytial Layer
gata3,0.24239771,0.22206345,0.020334259,,,Yolk Syncytial Layer
polr2h,0.21925896,0.19938771,0.01987125,,,Yolk Syncytial Layer
abcf1,0.30195907,0.2823235,0.019635558,,,Yolk Syncytial Layer
smarca4a,0.15637468,0.1367425,0.019632176,,,Yolk Syncytial Layer
vamp3,0.27893406,0.25968388,0.019250184,,,Yolk Syncytial Layer
akr7a3,0.2032846,0.1842408,0.019043803,,,Yolk Syncytial Layer
rad21a,0.2274665,0.20857723,0.018889263,,,Yolk Syncytial Layer
ctsa,0.19759397,0.17890094,0.01869303,,,Yolk Syncytial Layer
hmgb3a,0.46409932,0.44543743,0.018661886,,,Yolk Syncytial Layer
arpc2,0.2043575,0.18589573,0.018461779,,,Yolk Syncytial Layer
sptan1,0.2958261,0.27745077,0.018375337,,,Yolk Syncytial Layer
selenok,0.5188278,0.50051093,0.018316865,,,Yolk Syncytial Layer
im:7150988,0.39710748,0.37907594,0.018031538,,,Yolk Syncytial Layer
cdx4,0.1924718,0.17446981,0.018001989,,,Yolk Syncytial Layer
taf12,0.19780318,0.18004687,0.017756313,,,Yolk Syncytial Layer
ppat,0.2549558,0.23723131,0.017724484,,,Yolk Syncytial Layer
copg2,0.20467985,0.18695916,0.017720684,,,Yolk Syncytial Layer
osbpl10b,0.37202784,0.35465854,0.0173693,,,Yolk Syncytial Layer
ola1,0.22985542,0.21267505,0.017180368,,,Yolk Syncytial Layer
ifi45,0.3560046,0.3389527,0.017051905,,,Yolk Syncytial Layer
psmc6,0.30358687,0.28666046,0.016926408,,,Yolk Syncytial Layer
sdc4,0.2957083,0.2794204,0.016287893,,,Yolk Syncytial Layer
nutf2l,0.15600403,0.13974606,0.016257972,,,Yolk Syncytial Layer
uqcrb,0.49228597,0.47617722,0.016108751,,,Yolk Syncytial Layer
atp1b3a,0.19555451,0.17948885,0.016065657,,,Yolk Syncytial Layer
CU013526.1,0.38463318,0.36915615,0.0154770315,,,Yolk Syncytial Layer
mrps21,0.19985148,0.18448576,0.01536572,,,Yolk Syncytial Layer
thrap3b,0.21332571,0.19803046,0.015295252,,,Yolk Syncytial Layer
si:ch1073-429i10.3,0.17047517,0.15543719,0.015037984,,,Yolk Syncytial Layer
gmnn,0.18793832,0.17291738,0.015020937,,,Yolk Syncytial Layer
capn9,0.2759099,0.26100516,0.0149047375,,,Yolk Syncytial Layer
micos10,0.20250693,0.18763518,0.014871746,,,Yolk Syncytial Layer
max,0.23741725,0.22289985,0.014517397,,,Yolk Syncytial Layer
dcaf7,0.15570766,0.14122011,0.01448755,,,Yolk Syncytial Layer
kpnb3,0.20740019,0.19330402,0.014096171,,,Yolk Syncytial Layer
exosc5,0.15674338,0.14296708,0.013776302,,,Yolk Syncytial Layer
api5,0.24826148,0.23456559,0.013695896,,,Yolk Syncytial Layer
rad23b,0.18174064,0.16830319,0.01343745,,,Yolk Syncytial Layer
rhoaa,0.6323729,0.619084,0.013288915,,,Yolk Syncytial Layer
ndufa2,0.18050879,0.1672785,0.013230294,,,Yolk Syncytial Layer
abracl,0.2950605,0.281934,0.0131264925,,,Yolk Syncytial Layer
slc35f6,0.2113371,0.19845223,0.01288487,,,Yolk Syncytial Layer
atp6v1g1,0.19149344,0.17876378,0.01272966,,,Yolk Syncytial Layer
srsf5b,0.17849521,0.16592152,0.012573689,,,Yolk Syncytial Layer
sap30l,0.19963726,0.18715084,0.012486428,,,Yolk Syncytial Layer
smarce1,0.4065608,0.39413464,0.012426168,,,Yolk Syncytial Layer
oaz1b,0.23332384,0.22103938,0.012284458,,,Yolk Syncytial Layer
alyref,0.41768062,0.40558195,0.01209867,,,Yolk Syncytial Layer
ndufa6,0.19588397,0.18441299,0.011470988,,,Yolk Syncytial Layer
ostc,0.3292736,0.31804106,0.011232555,,,Yolk Syncytial Layer
ptp4a1,0.2852063,0.27418718,0.011019111,,,Yolk Syncytial Layer
aldh9a1a.1,0.22377786,0.2129151,0.010862768,,,Yolk Syncytial Layer
glrx5,0.33195615,0.32158372,0.01037243,,,Yolk Syncytial Layer
tcta,0.24484771,0.23463747,0.010210246,,,Yolk Syncytial Layer
srsf6b,0.15046394,0.14025414,0.010209799,,,Yolk Syncytial Layer
cd9b,0.36352974,0.35337934,0.010150403,,,Yolk Syncytial Layer
akirin1,0.32952192,0.31969297,0.009828955,,,Yolk Syncytial Layer
tmed10,0.18470082,0.17494805,0.009752765,,,Yolk Syncytial Layer
psmb4,0.4374823,0.42782953,0.009652764,,,Yolk Syncytial Layer
eif1,0.5938562,0.58431846,0.009537756,,,Yolk Syncytial Layer
mt-nd4,0.34898534,0.3395005,0.009484857,,,Yolk Syncytial Layer
myl6,0.19690645,0.18754171,0.009364739,,,Yolk Syncytial Layer
akap8l,0.20230746,0.19310676,0.009200707,,,Yolk Syncytial Layer
sgta,0.20800819,0.1991205,0.008887678,,,Yolk Syncytial Layer
zgc:153867,0.634536,0.62575954,0.008776486,,,Yolk Syncytial Layer
si:dkey-42i9.4,0.3493765,0.34074047,0.008636028,,,Yolk Syncytial Layer
ccna2,0.15911266,0.15123338,0.007879287,,,Yolk Syncytial Layer
snrpb2,0.20361495,0.19599953,0.0076154172,,,Yolk Syncytial Layer
rbbp4,0.26190355,0.25436878,0.007534772,,,Yolk Syncytial Layer
polr2k,0.28676537,0.2793315,0.0074338615,,,Yolk Syncytial Layer
spcs1,0.172581,0.1651856,0.0073954016,,,Yolk Syncytial Layer
COX5B,0.6418789,0.6345631,0.0073158145,,,Yolk Syncytial Layer
rhoac,0.1894784,0.18222941,0.007248983,,,Yolk Syncytial Layer
mid1ip1a,0.45260197,0.44537693,0.0072250366,,,Yolk Syncytial Layer
atp5mc3b,1.0545344,1.0474181,0.0071163177,,,Yolk Syncytial Layer
ppp2r1ba,0.15382686,0.14675997,0.0070668906,,,Yolk Syncytial Layer
rbm4.3,0.817801,0.8108402,0.006960809,,,Yolk Syncytial Layer
slirp,0.20711643,0.2001865,0.006929919,,,Yolk Syncytial Layer
pfdn1,0.27300957,0.26616994,0.006839633,,,Yolk Syncytial Layer
mrpl34,0.19020846,0.18342213,0.0067863315,,,Yolk Syncytial Layer
cox7a2a,0.66339326,0.65664446,0.0067487955,,,Yolk Syncytial Layer
adsl,0.16655901,0.15985107,0.0067079365,,,Yolk Syncytial Layer
hnrnpl,0.27672824,0.27010795,0.006620288,,,Yolk Syncytial Layer
hnrnpk,0.18421564,0.17760171,0.006613925,,,Yolk Syncytial Layer
ppp1caa,0.18029357,0.17369726,0.006596312,,,Yolk Syncytial Layer
tpm3,0.3058715,0.2992923,0.0065791905,,,Yolk Syncytial Layer
llph,0.2202651,0.21375214,0.0065129697,,,Yolk Syncytial Layer
mcm4,0.16573986,0.15949394,0.006245926,,,Yolk Syncytial Layer
apoa4b.1,0.75498086,0.7488954,0.0060854554,,,Yolk Syncytial Layer
dynlt3,0.1680017,0.16191651,0.006085187,,,Yolk Syncytial Layer
eif4bb,0.26898432,0.26308042,0.0059038997,,,Yolk Syncytial Layer
morf4l1,0.1986813,0.19279237,0.005888924,,,Yolk Syncytial Layer
bud31,0.8367192,0.8308464,0.005872786,,,Yolk Syncytial Layer
pepd,0.1740994,0.16852549,0.0055739135,,,Yolk Syncytial Layer
ubqln4,0.2432528,0.23773032,0.0055224746,,,Yolk Syncytial Layer
taf10,0.19404288,0.18860123,0.0054416507,,,Yolk Syncytial Layer
ewsr1b,0.23282553,0.22739333,0.0054322034,,,Yolk Syncytial Layer
srrm1,0.19140348,0.18597691,0.005426571,,,Yolk Syncytial Layer
alcamb,0.45627347,0.45088992,0.005383551,,,Yolk Syncytial Layer
atp5mc1,0.26055604,0.2556577,0.0048983395,,,Yolk Syncytial Layer
cebpa,0.22259268,0.21780509,0.004787594,,,Yolk Syncytial Layer
nudc,0.18904138,0.18436158,0.004679799,,,Yolk Syncytial Layer
nupr1a,0.482163,0.47757685,0.00458616,,,Yolk Syncytial Layer
rrm2b,0.5262279,0.5217322,0.0044956803,,,Yolk Syncytial Layer
birc5a,0.17493965,0.1704501,0.004489541,,,Yolk Syncytial Layer
rplp1,3.6901445,3.6857605,0.004384041,,,Yolk Syncytial Layer
arf2a,0.16908912,0.16492559,0.0041635334,,,Yolk Syncytial Layer
elocb,0.22249404,0.2187381,0.003755942,,,Yolk Syncytial Layer
smarcd1,0.16889179,0.16545469,0.0034371018,,,Yolk Syncytial Layer
tmsb4x,2.8224297,2.8194618,0.0029678345,,,Yolk Syncytial Layer
cx43.4,0.382312,0.38013688,0.0021751225,,,Yolk Syncytial Layer
exosc3,0.17980918,0.17772892,0.0020802617,,,Yolk Syncytial Layer
kars1,0.30827016,0.30620012,0.0020700395,,,Yolk Syncytial Layer
atp5mf,0.47527286,0.4733074,0.0019654632,,,Yolk Syncytial Layer
tia1l,0.16623257,0.16426866,0.0019639134,,,Yolk Syncytial Layer
ube2ib,0.23412974,0.23221396,0.0019157827,,,Yolk Syncytial Layer
ewsr1a,0.23813064,0.23655938,0.0015712678,,,Yolk Syncytial Layer
chrac1,0.32894352,0.32752997,0.001413554,,,Yolk Syncytial Layer
atp5po,0.49408534,0.49272472,0.001360625,,,Yolk Syncytial Layer
C3H16orf72,0.16386354,0.16262329,0.0012402534,,,Yolk Syncytial Layer
rbm34,0.16970295,0.16880336,0.0008995831,,,Yolk Syncytial Layer
anxa11b,0.18276939,0.1819893,0.0007800907,,,Yolk Syncytial Layer
pomp,0.46231616,0.46156812,0.0007480383,,,Yolk Syncytial Layer
ppiab,0.37179974,0.371238,0.000561744,,,Yolk Syncytial Layer
tcea1,0.25800738,0.25762504,0.000382334,,,Yolk Syncytial Layer
smx5,0.42196825,0.42162967,0.00033858418,,,Yolk Syncytial Layer
fubp1,0.29785466,0.29752082,0.00033384562,,,Yolk Syncytial Layer
mibp2,0.20226473,0.20196927,0.00029546022,,,Yolk Syncytial Layer
si:ch211-191j22.3,0.1825835,0.18232498,0.00025852025,,,Yolk Syncytial Layer
ndufs7,0.18939036,0.1891447,0.00024566054,,,Yolk Syncytial Layer
fkbp2,0.18557632,0.18557863,-2.30968e-06,,,Yolk Syncytial Layer
ctsba,0.96830404,0.9684013,-9.727478e-05,,,Yolk Syncytial Layer
cad,0.32080752,0.3210264,-0.00021889806,,,Yolk Syncytial Layer
rbm39a,0.15080489,0.15103224,-0.00022734702,,,Yolk Syncytial Layer
si:ch211-226h8.14,0.46574414,0.46639746,-0.0006533265,,,Yolk Syncytial Layer
ylpm1,0.15660799,0.15765622,-0.0010482371,,,Yolk Syncytial Layer
eef1b2,0.89147943,0.8926186,-0.001139164,,,Yolk Syncytial Layer
nsa2,0.37255627,0.37401968,-0.0014634132,,,Yolk Syncytial Layer
taf15,0.30651894,0.30802244,-0.0015034974,,,Yolk Syncytial Layer
mbpb,0.21652511,0.21803945,-0.0015143454,,,Yolk Syncytial Layer
vox,0.86358535,0.86521965,-0.0016342998,,,Yolk Syncytial Layer
vdac1,0.14650747,0.14817074,-0.0016632676,,,Yolk Syncytial Layer
eif3ea,0.33629647,0.3380102,-0.001713723,,,Yolk Syncytial Layer
ndufa3,0.32852295,0.33058232,-0.0020593703,,,Yolk Syncytial Layer
sumo1,0.17390944,0.17600432,-0.0020948797,,,Yolk Syncytial Layer
psma4,0.17972755,0.1819867,-0.0022591501,,,Yolk Syncytial Layer
actb2,1.9220978,1.9244487,-0.0023509264,,,Yolk Syncytial Layer
marcksa,0.1683649,0.17109625,-0.002731353,,,Yolk Syncytial Layer
sfpq,0.32731736,0.33012933,-0.0028119683,,,Yolk Syncytial Layer
otub1a,0.15592335,0.15882877,-0.0029054135,,,Yolk Syncytial Layer
ELOB,0.16914524,0.17213011,-0.0029848665,,,Yolk Syncytial Layer
pes,0.20026353,0.203269,-0.0030054748,,,Yolk Syncytial Layer
prpf8,0.20246038,0.20566161,-0.0032012314,,,Yolk Syncytial Layer
srsf1a,0.4147558,0.41811612,-0.003360331,,,Yolk Syncytial Layer
supt4h1,0.23330472,0.23710668,-0.0038019568,,,Yolk Syncytial Layer
MED9,0.2670023,0.27083185,-0.0038295388,,,Yolk Syncytial Layer
si:dkey-222f8.3,0.30790338,0.31183326,-0.0039298832,,,Yolk Syncytial Layer
uqcrfs1,0.42219263,0.42614022,-0.003947586,,,Yolk Syncytial Layer
cxcr4a,0.164013,0.16818844,-0.0041754395,,,Yolk Syncytial Layer
gmfb,0.24533331,0.24959771,-0.0042643994,,,Yolk Syncytial Layer
stmn1a,0.21876778,0.22303347,-0.004265696,,,Yolk Syncytial Layer
rpa2,0.19044466,0.19486852,-0.0044238567,,,Yolk Syncytial Layer
si:ch211-157c3.4,0.30661792,0.31126112,-0.004643202,,,Yolk Syncytial Layer
eif3f,0.9875017,0.9921722,-0.0046705008,,,Yolk Syncytial Layer
myl12.2,0.19436225,0.19911732,-0.004755065,,,Yolk Syncytial Layer
eif3s10,0.27308938,0.27790976,-0.0048203766,,,Yolk Syncytial Layer
histh1l,0.4797916,0.48479903,-0.005007416,,,Yolk Syncytial Layer
ier5,0.25327194,0.25835267,-0.0050807297,,,Yolk Syncytial Layer
rpl7,2.6709805,2.6764984,-0.0055179596,,,Yolk Syncytial Layer
si:dkey-23i12.5,0.27263594,0.27824476,-0.005608827,,,Yolk Syncytial Layer
krt8,2.3035283,2.309241,-0.0057127476,,,Yolk Syncytial Layer
rpl7l1,0.29823807,0.30421013,-0.0059720576,,,Yolk Syncytial Layer
g3bp1,0.28514427,0.29124787,-0.006103605,,,Yolk Syncytial Layer
dusp19b,0.17958358,0.18592487,-0.0063412935,,,Yolk Syncytial Layer
psmb3,0.52450895,0.5310414,-0.0065324306,,,Yolk Syncytial Layer
cbx5,0.24299873,0.24989797,-0.0068992376,,,Yolk Syncytial Layer
cast,0.18591309,0.19290285,-0.006989762,,,Yolk Syncytial Layer
tbcb,0.17682452,0.18392082,-0.0070962906,,,Yolk Syncytial Layer
hmgn6,1.4250472,1.4321525,-0.0071053505,,,Yolk Syncytial Layer
nbn,1.2075826,1.2148576,-0.0072749853,,,Yolk Syncytial Layer
golga7,0.14090279,0.14863652,-0.0077337325,,,Yolk Syncytial Layer
vps54,0.24376623,0.2516644,-0.007898167,,,Yolk Syncytial Layer
drap1,0.17563629,0.18355495,-0.007918656,,,Yolk Syncytial Layer
smarca5,0.20226766,0.21038236,-0.008114696,,,Yolk Syncytial Layer
btf3l4,0.29405233,0.3021979,-0.008145571,,,Yolk Syncytial Layer
ndufa11,0.4575415,0.46573862,-0.008197129,,,Yolk Syncytial Layer
cycsb,0.5501276,0.5583355,-0.008207858,,,Yolk Syncytial Layer
elof1,0.4122214,0.42059427,-0.008372873,,,Yolk Syncytial Layer
psme2,0.29815882,0.30698124,-0.008822411,,,Yolk Syncytial Layer
hnrnph1l,0.22168776,0.2308254,-0.00913763,,,Yolk Syncytial Layer
pdcd5,0.18532297,0.19493787,-0.0096149,,,Yolk Syncytial Layer
mki67,0.19590704,0.20569277,-0.009785727,,,Yolk Syncytial Layer
MYG1,0.18534431,0.19517465,-0.009830341,,,Yolk Syncytial Layer
eif3k,0.2156975,0.22553855,-0.009841055,,,Yolk Syncytial Layer
CABZ01087560.1,0.16001357,0.1699791,-0.009965524,,,Yolk Syncytial Layer
ppib,0.21922684,0.22928211,-0.010055274,,,Yolk Syncytial Layer
lgals3a,0.18257497,0.19267568,-0.010100707,,,Yolk Syncytial Layer
safb,0.14694317,0.1572108,-0.01026763,,,Yolk Syncytial Layer
ppp2cb,0.386037,0.39631018,-0.010273188,,,Yolk Syncytial Layer
eif2s2,0.41702977,0.42734647,-0.0103167,,,Yolk Syncytial Layer
arf5,0.17284846,0.18326236,-0.0104139,,,Yolk Syncytial Layer
hgd,0.17554161,0.18596826,-0.010426655,,,Yolk Syncytial Layer
sec11a,0.17385513,0.18439156,-0.010536432,,,Yolk Syncytial Layer
pfdn6,0.35928106,0.36998576,-0.010704696,,,Yolk Syncytial Layer
polr2f,0.39022332,0.4013535,-0.011130184,,,Yolk Syncytial Layer
tra2a,0.47712672,0.48829105,-0.011164337,,,Yolk Syncytial Layer
atp5f1e,0.9176336,0.92880017,-0.011166573,,,Yolk Syncytial Layer
elavl1b,0.25514245,0.2669346,-0.011792153,,,Yolk Syncytial Layer
psma3,0.35275906,0.36468637,-0.011927307,,,Yolk Syncytial Layer
dynll2b,0.17952451,0.19148095,-0.011956438,,,Yolk Syncytial Layer
rac1a,0.49253398,0.5046577,-0.012123704,,,Yolk Syncytial Layer
mt-nd5,0.14211772,0.15432553,-0.012207806,,,Yolk Syncytial Layer
gtpbp4,0.16887948,0.18110819,-0.012228712,,,Yolk Syncytial Layer
snrpd3,0.21812093,0.23036276,-0.012241825,,,Yolk Syncytial Layer
cox4i1,0.372873,0.38512686,-0.012253851,,,Yolk Syncytial Layer
magoh,0.31069183,0.3230516,-0.012359768,,,Yolk Syncytial Layer
dnajc9,0.12922648,0.14168379,-0.012457311,,,Yolk Syncytial Layer
eif4g2b,0.15698002,0.16955993,-0.012579903,,,Yolk Syncytial Layer
stm,0.15959191,0.17239459,-0.012802675,,,Yolk Syncytial Layer
bambia,0.22249633,0.23578253,-0.013286203,,,Yolk Syncytial Layer
aif1l,0.20174424,0.2150457,-0.013301462,,,Yolk Syncytial Layer
phb,0.1582707,0.17180571,-0.013535008,,,Yolk Syncytial Layer
sf3a1,0.26519936,0.27877828,-0.013578922,,,Yolk Syncytial Layer
zgc:114119,0.16827525,0.18201682,-0.013741568,,,Yolk Syncytial Layer
ncoa5,0.16185725,0.17592078,-0.014063537,,,Yolk Syncytial Layer
pgrmc1,0.18961407,0.20368423,-0.014070153,,,Yolk Syncytial Layer
oip5-as1,0.17508367,0.18917674,-0.014093071,,,Yolk Syncytial Layer
prrc1,0.19225048,0.20637943,-0.014128953,,,Yolk Syncytial Layer
ybx1,1.7587758,1.7730598,-0.014284015,,,Yolk Syncytial Layer
lin52,0.16745235,0.18176945,-0.014317095,,,Yolk Syncytial Layer
rcc2,0.14911307,0.16358966,-0.014476582,,,Yolk Syncytial Layer
cox7a2l,0.17089751,0.18563406,-0.014736548,,,Yolk Syncytial Layer
srsf7a,0.17086108,0.18568312,-0.014822036,,,Yolk Syncytial Layer
adi1,0.19427703,0.20916012,-0.014883086,,,Yolk Syncytial Layer
psmd9,0.23617312,0.25195473,-0.015781611,,,Yolk Syncytial Layer
nucks1a,0.16023119,0.17606522,-0.015834033,,,Yolk Syncytial Layer
atp5if1a,0.2717628,0.28761905,-0.015856266,,,Yolk Syncytial Layer
psmb2,0.15068819,0.16663718,-0.015948996,,,Yolk Syncytial Layer
psma2,0.34712976,0.36308053,-0.01595077,,,Yolk Syncytial Layer
pin4,0.2016336,0.21807213,-0.016438529,,,Yolk Syncytial Layer
hnrnpaba,1.8063103,1.8227935,-0.016483188,,,Yolk Syncytial Layer
rpl35,1.319259,1.3357651,-0.016506076,,,Yolk Syncytial Layer
naca,1.9385414,1.9553761,-0.016834736,,,Yolk Syncytial Layer
hnrnpul1,0.23817672,0.2550937,-0.016916975,,,Yolk Syncytial Layer
reep3b,0.14027502,0.15729654,-0.017021522,,,Yolk Syncytial Layer
pfas,0.15098563,0.16819566,-0.017210037,,,Yolk Syncytial Layer
ilf2,0.97421604,0.99146265,-0.017246604,,,Yolk Syncytial Layer
cox7b,1.0708989,1.0882058,-0.017306924,,,Yolk Syncytial Layer
tomm22,0.16938914,0.18688388,-0.017494738,,,Yolk Syncytial Layer
anp32e,0.50435394,0.52252716,-0.018173218,,,Yolk Syncytial Layer
khsrp,0.21183597,0.23025768,-0.01842171,,,Yolk Syncytial Layer
ilf3b,0.33897516,0.35750854,-0.018533379,,,Yolk Syncytial Layer
diabloa,0.40507728,0.42382082,-0.018743545,,,Yolk Syncytial Layer
arpc5a,0.15523641,0.17416875,-0.018932343,,,Yolk Syncytial Layer
ccnb1,0.33092505,0.35002968,-0.01910463,,,Yolk Syncytial Layer
eif4h,0.16294613,0.18219672,-0.019250587,,,Yolk Syncytial Layer
nsfl1c,0.14506117,0.16432783,-0.019266665,,,Yolk Syncytial Layer
clta,0.23812819,0.25793502,-0.019806832,,,Yolk Syncytial Layer
nifk,0.21492465,0.23478386,-0.01985921,,,Yolk Syncytial Layer
actl6a,0.2612047,0.28148013,-0.020275444,,,Yolk Syncytial Layer
ncbp2,0.1630903,0.18343967,-0.020349368,,,Yolk Syncytial Layer
capns1b,0.24692604,0.26730126,-0.020375222,,,Yolk Syncytial Layer
umps,0.15156952,0.17203331,-0.020463794,,,Yolk Syncytial Layer
odc1,0.24265708,0.26327208,-0.020614997,,,Yolk Syncytial Layer
sf3a3,0.16596434,0.18661289,-0.020648554,,,Yolk Syncytial Layer
prpf39,0.33757773,0.3583509,-0.020773172,,,Yolk Syncytial Layer
dek,0.21917233,0.2403253,-0.021152973,,,Yolk Syncytial Layer
smc3,0.16271979,0.18398495,-0.021265164,,,Yolk Syncytial Layer
atp5fa1,0.15512726,0.17648265,-0.02135539,,,Yolk Syncytial Layer
mibp,0.16185784,0.1835595,-0.021701664,,,Yolk Syncytial Layer
nono,0.1395875,0.16142465,-0.021837145,,,Yolk Syncytial Layer
dpm3,0.178167,0.20008433,-0.021917328,,,Yolk Syncytial Layer
pno1,0.21218094,0.23410468,-0.021923736,,,Yolk Syncytial Layer
tubb4b,0.44484642,0.4670241,-0.022177666,,,Yolk Syncytial Layer
psma8,0.16370313,0.18617977,-0.022476643,,,Yolk Syncytial Layer
bsg,0.41033968,0.43289116,-0.022551477,,,Yolk Syncytial Layer
syncrip,1.0143224,1.0368752,-0.022552848,,,Yolk Syncytial Layer
polr2i,0.24293493,0.2654937,-0.022558764,,,Yolk Syncytial Layer
ssbp1,0.15606092,0.1789505,-0.022889584,,,Yolk Syncytial Layer
fcf1,0.17766356,0.20081407,-0.023150504,,,Yolk Syncytial Layer
hnrnpa1b,0.71229523,0.7362374,-0.023942173,,,Yolk Syncytial Layer
nedd8,0.17494605,0.19990315,-0.02495709,,,Yolk Syncytial Layer
eif2s1a,0.22720066,0.25219682,-0.024996161,,,Yolk Syncytial Layer
h3f3c,0.17111345,0.19613473,-0.025021285,,,Yolk Syncytial Layer
mapre1b,0.1500685,0.17541927,-0.025350764,,,Yolk Syncytial Layer
ctsh,0.49252108,0.51839066,-0.025869578,,,Yolk Syncytial Layer
tardbpl,0.22335996,0.2493242,-0.025964245,,,Yolk Syncytial Layer
lsm8,0.48088238,0.50720984,-0.026327461,,,Yolk Syncytial Layer
blcap,0.18216014,0.20853262,-0.026372477,,,Yolk Syncytial Layer
spcs3,0.18566376,0.21217881,-0.026515052,,,Yolk Syncytial Layer
eef1a1l1,4.9725685,4.999186,-0.026617527,,,Yolk Syncytial Layer
chd4b,0.12794359,0.15458883,-0.026645243,,,Yolk Syncytial Layer
adssl,0.2057509,0.23245177,-0.02670087,,,Yolk Syncytial Layer
hint1,0.22234373,0.24922034,-0.026876613,,,Yolk Syncytial Layer
abce1,0.28406048,0.31125093,-0.027190447,,,Yolk Syncytial Layer
psmd14,0.2896916,0.31743157,-0.027739972,,,Yolk Syncytial Layer
tbc1d17,0.159289,0.18762134,-0.028332338,,,Yolk Syncytial Layer
rbb4l,0.25969243,0.28827128,-0.028578848,,,Yolk Syncytial Layer
ddx5,0.2026268,0.23125136,-0.028624564,,,Yolk Syncytial Layer
snrpc,0.36793473,0.39710674,-0.029172003,,,Yolk Syncytial Layer
acsl4b,0.14248417,0.17176092,-0.029276744,,,Yolk Syncytial Layer
nucks1b,0.13884023,0.16857457,-0.029734343,,,Yolk Syncytial Layer
polr2c,0.1834647,0.21339062,-0.029925913,,,Yolk Syncytial Layer
ndufab1b,0.39494506,0.42499167,-0.030046612,,,Yolk Syncytial Layer
ndufa8,0.18847579,0.21909672,-0.030620933,,,Yolk Syncytial Layer
snw1,0.18443215,0.2151996,-0.030767456,,,Yolk Syncytial Layer
inip,0.16689788,0.19791293,-0.031015053,,,Yolk Syncytial Layer
pnrc2,0.28113633,0.31227025,-0.03113392,,,Yolk Syncytial Layer
hnrnpd,0.56740767,0.5987204,-0.031312704,,,Yolk Syncytial Layer
ddx39aa,0.3858169,0.41713563,-0.031318724,,,Yolk Syncytial Layer
mrpl20,0.15593314,0.18727294,-0.031339794,,,Yolk Syncytial Layer
mt-co3,3.1174939,3.1488743,-0.031380415,,,Yolk Syncytial Layer
snrpa1,0.16955109,0.20096318,-0.031412095,,,Yolk Syncytial Layer
prpf19,0.39511615,0.42692685,-0.0318107,,,Yolk Syncytial Layer
PSMA2,0.22885337,0.2610923,-0.03223893,,,Yolk Syncytial Layer
cox6c,0.47455475,0.5069736,-0.032418877,,,Yolk Syncytial Layer
eif3ha,0.32391644,0.3569103,-0.032993853,,,Yolk Syncytial Layer
bcl2l16,0.49880698,0.5321077,-0.033300728,,,Yolk Syncytial Layer
eif3c,0.2140253,0.24742167,-0.033396363,,,Yolk Syncytial Layer
snrpd2,1.3078896,1.3414978,-0.0336082,,,Yolk Syncytial Layer
srsf3b,0.36421022,0.3979599,-0.03374967,,,Yolk Syncytial Layer
myl12.1,0.60601485,0.6406377,-0.034622848,,,Yolk Syncytial Layer
znfl2a,0.20309459,0.23778144,-0.03468685,,,Yolk Syncytial Layer
tspan7,0.3434656,0.37844768,-0.034982085,,,Yolk Syncytial Layer
fxyd6l,0.18656833,0.22194566,-0.035377324,,,Yolk Syncytial Layer
mt-co1,0.76158345,0.79747194,-0.035888493,,,Yolk Syncytial Layer
rdh10b,0.22704604,0.2630825,-0.03603646,,,Yolk Syncytial Layer
tardbp,0.21098447,0.24716271,-0.036178246,,,Yolk Syncytial Layer
arpc3,0.20875598,0.24524668,-0.036490694,,,Yolk Syncytial Layer
polr1d,0.15109463,0.18780395,-0.036709324,,,Yolk Syncytial Layer
nip7,0.25324988,0.29038358,-0.037133694,,,Yolk Syncytial Layer
tbca,0.16926198,0.2064234,-0.037161425,,,Yolk Syncytial Layer
srsf11,0.3372194,0.37460318,-0.037383795,,,Yolk Syncytial Layer
psmb5,0.21066535,0.24834733,-0.037681982,,,Yolk Syncytial Layer
sub1a,0.27885687,0.316857,-0.038000137,,,Yolk Syncytial Layer
u2af2b,0.24167934,0.27977338,-0.038094044,,,Yolk Syncytial Layer
cdkn2aipnl,0.20008601,0.2383358,-0.03824979,,,Yolk Syncytial Layer
eif3ba,0.36851385,0.40706393,-0.03855008,,,Yolk Syncytial Layer
psma6a,0.30369622,0.34229007,-0.03859386,,,Yolk Syncytial Layer
polr2d,0.3074872,0.34608397,-0.03859678,,,Yolk Syncytial Layer
eif5,0.18841003,0.22706595,-0.03865592,,,Yolk Syncytial Layer
BX088707.1,0.5477476,0.58649254,-0.038744926,,,Yolk Syncytial Layer
psmd8,0.30204988,0.34082976,-0.038779885,,,Yolk Syncytial Layer
mrps24,0.14455892,0.18339875,-0.038839832,,,Yolk Syncytial Layer
si:dkey-238k10.2,0.3805054,0.41967696,-0.039171547,,,Yolk Syncytial Layer
ptges3b,0.34730762,0.3868517,-0.039544076,,,Yolk Syncytial Layer
zmat2,0.15407169,0.19422854,-0.040156856,,,Yolk Syncytial Layer
ddt,0.17665404,0.2174389,-0.040784866,,,Yolk Syncytial Layer
ndufc2,0.2901495,0.3310112,-0.040861696,,,Yolk Syncytial Layer
gdi2,0.14706591,0.18808556,-0.04101965,,,Yolk Syncytial Layer
hnrnpub,0.45909926,0.50041646,-0.041317195,,,Yolk Syncytial Layer
wdr82,0.1359727,0.17775029,-0.041777596,,,Yolk Syncytial Layer
ywhabl,0.13576618,0.17803688,-0.042270705,,,Yolk Syncytial Layer
lsm12b,0.13443258,0.17677926,-0.04234667,,,Yolk Syncytial Layer
CU929070.5,0.13784637,0.18084909,-0.043002725,,,Yolk Syncytial Layer
ing5b,0.1675137,0.21097794,-0.043464243,,,Yolk Syncytial Layer
si:ch211-51e12.7,0.28707662,0.33120626,-0.04412964,,,Yolk Syncytial Layer
gnl3,0.15121517,0.1954822,-0.04426703,,,Yolk Syncytial Layer
aurkb,0.17763524,0.22191396,-0.044278726,,,Yolk Syncytial Layer
sash1a,0.13314414,0.17791954,-0.044775397,,,Yolk Syncytial Layer
eif3i,0.40826744,0.4536711,-0.04540366,,,Yolk Syncytial Layer
CR936321.5,0.12793148,0.17337707,-0.04544559,,,Yolk Syncytial Layer
snrpd3l,0.2864361,0.33189884,-0.045462728,,,Yolk Syncytial Layer
hsbp1b,0.2738208,0.3196069,-0.045786113,,,Yolk Syncytial Layer
marcksl1b,1.3993651,1.4456886,-0.046323538,,,Yolk Syncytial Layer
elavl1a,0.2537588,0.3001478,-0.046389014,,,Yolk Syncytial Layer
gspt1l,0.46794888,0.51460046,-0.046651572,,,Yolk Syncytial Layer
cct4,0.30005407,0.34679648,-0.04674241,,,Yolk Syncytial Layer
pak2b,0.14937976,0.19612446,-0.046744704,,,Yolk Syncytial Layer
rpl4,1.8153498,1.8624576,-0.047107816,,,Yolk Syncytial Layer
atp5meb,0.24059036,0.28825665,-0.04766628,,,Yolk Syncytial Layer
NC-002333.18,0.13786143,0.18574491,-0.04788348,,,Yolk Syncytial Layer
vdac2,0.19013108,0.23824455,-0.048113465,,,Yolk Syncytial Layer
prtfdc1,0.25697276,0.30519214,-0.048219383,,,Yolk Syncytial Layer
psmb1,0.2819582,0.33028284,-0.048324645,,,Yolk Syncytial Layer
pclaf,0.36935902,0.41786465,-0.048505634,,,Yolk Syncytial Layer
CR383676.2,0.6449229,0.6935887,-0.048665762,,,Yolk Syncytial Layer
meaf6,0.16243623,0.21118237,-0.04874614,,,Yolk Syncytial Layer
mgst3b,0.5061341,0.55497843,-0.048844337,,,Yolk Syncytial Layer
atp5mc3a,0.47446445,0.5244605,-0.04999605,,,Yolk Syncytial Layer
lima1a,0.20565277,0.25681716,-0.05116439,,,Yolk Syncytial Layer
wdr5,0.14047511,0.19187097,-0.051395863,,,Yolk Syncytial Layer
zswim6,0.26017305,0.3116328,-0.05145976,,,Yolk Syncytial Layer
ndufs6,0.18594854,0.23910971,-0.053161174,,,Yolk Syncytial Layer
srsf4,0.2013319,0.25485355,-0.053521648,,,Yolk Syncytial Layer
seta,0.6616746,0.7153725,-0.053697884,,,Yolk Syncytial Layer
cirbpb,3.4674509,3.5215092,-0.054058313,,,Yolk Syncytial Layer
prps1a,0.36421707,0.4183422,-0.05412513,,,Yolk Syncytial Layer
tcp1,0.23868057,0.29281566,-0.054135084,,,Yolk Syncytial Layer
eif3s6ip,0.28421333,0.33839035,-0.054177016,,,Yolk Syncytial Layer
atp5pd,0.54962873,0.60422033,-0.054591596,,,Yolk Syncytial Layer
ddx21,0.17328303,0.22803105,-0.05474803,,,Yolk Syncytial Layer
eif1b,0.19760782,0.25261492,-0.0550071,,,Yolk Syncytial Layer
mcm5,0.21405679,0.26912317,-0.055066377,,,Yolk Syncytial Layer
si:ch211-288g17.3,0.60713965,0.6627089,-0.05556923,,,Yolk Syncytial Layer
rbm4.2,0.25969252,0.31584525,-0.05615273,,,Yolk Syncytial Layer
dspa,0.1912322,0.24801336,-0.056781158,,,Yolk Syncytial Layer
psma1,0.34142676,0.39821768,-0.056790918,,,Yolk Syncytial Layer
rps4x,2.1621463,2.2192724,-0.057126045,,,Yolk Syncytial Layer
ctnnb2,0.32067895,0.37790954,-0.05723059,,,Yolk Syncytial Layer
polr2j,0.26611492,0.3236646,-0.057549685,,,Yolk Syncytial Layer
c1qbp,0.16175865,0.22139212,-0.05963348,,,Yolk Syncytial Layer
ptbp1b,0.3072728,0.36747524,-0.06020245,,,Yolk Syncytial Layer
apex1,0.3136931,0.37407422,-0.060381114,,,Yolk Syncytial Layer
hp1bp3,0.38637608,0.4477592,-0.06138313,,,Yolk Syncytial Layer
hmgn7,0.43527648,0.49673176,-0.06145528,,,Yolk Syncytial Layer
mcm6,0.17501858,0.23746888,-0.062450305,,,Yolk Syncytial Layer
lsm6,0.31829605,0.38078484,-0.062488794,,,Yolk Syncytial Layer
znf593,0.2784296,0.34097567,-0.062546074,,,Yolk Syncytial Layer
atp5pb,0.31778002,0.38075188,-0.06297186,,,Yolk Syncytial Layer
atp5f1b,0.25817633,0.32123494,-0.063058615,,,Yolk Syncytial Layer
ndufa12,0.17331526,0.23655765,-0.06324239,,,Yolk Syncytial Layer
mcm3,0.14383988,0.2074481,-0.063608214,,,Yolk Syncytial Layer
timm8b,0.29434177,0.358381,-0.06403923,,,Yolk Syncytial Layer
fkbp1aa,0.8815453,0.9464797,-0.06493437,,,Yolk Syncytial Layer
hikeshi,0.20541006,0.2711306,-0.06572053,,,Yolk Syncytial Layer
taf9,0.2173829,0.28313616,-0.065753266,,,Yolk Syncytial Layer
ranbp1,0.30793688,0.3738935,-0.06595662,,,Yolk Syncytial Layer
csnk2b,0.26400462,0.3302783,-0.06627369,,,Yolk Syncytial Layer
hs6st2,0.13817954,0.20451228,-0.06633274,,,Yolk Syncytial Layer
h2ax1,0.31638548,0.38287526,-0.066489786,,,Yolk Syncytial Layer
zgc:56095,0.20846312,0.27563688,-0.067173764,,,Yolk Syncytial Layer
plk1,0.30425578,0.37245205,-0.06819627,,,Yolk Syncytial Layer
pa2g4a,0.12029403,0.18961921,-0.06932519,,,Yolk Syncytial Layer
nme2b.1,1.0165404,1.0859048,-0.06936443,,,Yolk Syncytial Layer
pdap1a,0.16276278,0.23340756,-0.07064478,,,Yolk Syncytial Layer
ywhaz,0.21737878,0.28834945,-0.07097067,,,Yolk Syncytial Layer
NC-002333.4,5.850485,5.9224234,-0.071938515,,,Yolk Syncytial Layer
epcam,0.711957,0.783916,-0.07195902,,,Yolk Syncytial Layer
h2az2a,0.44819674,0.52016824,-0.071971506,,,Yolk Syncytial Layer
eif4a1a,0.19981907,0.27194571,-0.07212664,,,Yolk Syncytial Layer
zfx,0.12080166,0.19302069,-0.07221903,,,Yolk Syncytial Layer
eif4a3,0.4278426,0.5002056,-0.07236299,,,Yolk Syncytial Layer
psmb7,0.43582654,0.5083599,-0.07253337,,,Yolk Syncytial Layer
skp1,0.36257768,0.43519017,-0.072612494,,,Yolk Syncytial Layer
ppiaa,1.6666783,1.739365,-0.07268667,,,Yolk Syncytial Layer
anp32b,0.30923155,0.3820912,-0.072859645,,,Yolk Syncytial Layer
tp63,0.27349156,0.3465543,-0.07306275,,,Yolk Syncytial Layer
eif2s3,0.55180544,0.6252759,-0.07347047,,,Yolk Syncytial Layer
rpf2,0.1350669,0.20864053,-0.073573634,,,Yolk Syncytial Layer
rbmx,0.18486953,0.26014942,-0.07527989,,,Yolk Syncytial Layer
si:ch211-217k17.7,0.1324551,0.20776986,-0.07531476,,,Yolk Syncytial Layer
cbx1a,0.1725678,0.2484621,-0.075894296,,,Yolk Syncytial Layer
bcas2,0.22301069,0.29956073,-0.07655004,,,Yolk Syncytial Layer
polr2b,0.2150001,0.29210177,-0.07710168,,,Yolk Syncytial Layer
cct6a,0.2715074,0.35038832,-0.078880906,,,Yolk Syncytial Layer
nop10,0.75861835,0.83774227,-0.079123914,,,Yolk Syncytial Layer
ywhaqb,0.18708815,0.2673734,-0.080285266,,,Yolk Syncytial Layer
hmgb3b,0.17091602,0.25314215,-0.08222613,,,Yolk Syncytial Layer
sumo3b,0.22253484,0.30494246,-0.08240762,,,Yolk Syncytial Layer
cdca7a,0.11676842,0.19995244,-0.08318402,,,Yolk Syncytial Layer
eif3d,0.5472935,0.6310328,-0.08373934,,,Yolk Syncytial Layer
bub3,0.13218538,0.21695794,-0.08477256,,,Yolk Syncytial Layer
nop16,0.18128213,0.26712802,-0.08584589,,,Yolk Syncytial Layer
hspa8,1.6578091,1.7445798,-0.08677065,,,Yolk Syncytial Layer
nop56,0.23301296,0.32059744,-0.08758448,,,Yolk Syncytial Layer
rrm2,0.44812363,0.5358468,-0.087723196,,,Yolk Syncytial Layer
phf5a,0.7438041,0.83157676,-0.08777267,,,Yolk Syncytial Layer
atp5l,0.7488801,0.83709687,-0.08821678,,,Yolk Syncytial Layer
txnl4a,0.2851075,0.37334675,-0.08823925,,,Yolk Syncytial Layer
lsm3,0.44473767,0.5354304,-0.0906927,,,Yolk Syncytial Layer
mt-nd1,0.5175841,0.60989404,-0.09230995,,,Yolk Syncytial Layer
ube2v2,0.19534665,0.28932655,-0.093979895,,,Yolk Syncytial Layer
srsf5a,0.5165112,0.6115071,-0.094995916,,,Yolk Syncytial Layer
marcksb,0.32653546,0.42162797,-0.095092505,,,Yolk Syncytial Layer
hnrnpm,0.4748079,0.57164663,-0.09683874,,,Yolk Syncytial Layer
apoeb,3.9655862,4.0649996,-0.099413395,,,Yolk Syncytial Layer
rbm8a,0.6206884,0.7201214,-0.099433005,,,Yolk Syncytial Layer
hspb1,3.7964122,3.8967345,-0.10032225,,,Yolk Syncytial Layer
tomm6,0.35782087,0.45830974,-0.10048887,,,Yolk Syncytial Layer
krt92,1.0630249,1.163861,-0.10083616,,,Yolk Syncytial Layer
ska3,0.8868547,0.988841,-0.10198629,,,Yolk Syncytial Layer
sumo3a,0.628843,0.73196995,-0.10312694,,,Yolk Syncytial Layer
ube2v1,0.32809374,0.43142915,-0.10333541,,,Yolk Syncytial Layer
CU467861.6,0.32397377,0.4297144,-0.10574064,,,Yolk Syncytial Layer
hmgb1b,0.7958501,0.90288466,-0.107034564,,,Yolk Syncytial Layer
ptgdsb.1,0.14953561,0.25677872,-0.107243106,,,Yolk Syncytial Layer
cks1b,0.13088788,0.23841748,-0.107529595,,,Yolk Syncytial Layer
cct5,0.36351076,0.4719721,-0.10846135,,,Yolk Syncytial Layer
psmd6,0.14310345,0.25212282,-0.10901937,,,Yolk Syncytial Layer
si:ch73-281n10.2,2.6255217,2.734627,-0.10910535,,,Yolk Syncytial Layer
irx7,0.12505566,0.23613492,-0.11107926,,,Yolk Syncytial Layer
hsp90ab1,1.4212193,1.5333228,-0.11210346,,,Yolk Syncytial Layer
hnrnpl2,0.4100606,0.52263653,-0.11257592,,,Yolk Syncytial Layer
mad2l1,0.22487806,0.33990982,-0.115031764,,,Yolk Syncytial Layer
nmnat1-rbp7a,0.16465703,0.28058526,-0.11592823,,,Yolk Syncytial Layer
cnbpb,0.17705931,0.29339033,-0.116331026,,,Yolk Syncytial Layer
dkc1,0.23670064,0.35323766,-0.11653702,,,Yolk Syncytial Layer
fbl,0.63031995,0.749778,-0.11945802,,,Yolk Syncytial Layer
hmgb1a,0.33595678,0.45620233,-0.120245546,,,Yolk Syncytial Layer
cfl1,0.3272934,0.45057213,-0.12327874,,,Yolk Syncytial Layer
polr2eb,0.32391012,0.44859856,-0.12468845,,,Yolk Syncytial Layer
snrpb,2.240768,2.366558,-0.12579012,,,Yolk Syncytial Layer
mt-cyb,0.8530839,0.9797999,-0.12671602,,,Yolk Syncytial Layer
anp32a,0.28393593,0.4125776,-0.12864166,,,Yolk Syncytial Layer
ran,1.3183079,1.4482976,-0.12998974,,,Yolk Syncytial Layer
hdac1,0.39472628,0.52571344,-0.13098717,,,Yolk Syncytial Layer
sae1,0.33216396,0.46354312,-0.13137916,,,Yolk Syncytial Layer
banf1,1.1637187,1.2952179,-0.13149917,,,Yolk Syncytial Layer
nop58,0.22444913,0.35759875,-0.13314962,,,Yolk Syncytial Layer
ptmaa,0.5486488,0.6819745,-0.1333257,,,Yolk Syncytial Layer
prmt1,0.48592842,0.61955786,-0.13362944,,,Yolk Syncytial Layer
hmgn2,1.9306378,2.0643358,-0.13369799,,,Yolk Syncytial Layer
ndufs5,0.4742764,0.6116294,-0.13735303,,,Yolk Syncytial Layer
eif3g,0.39154103,0.5297349,-0.13819388,,,Yolk Syncytial Layer
dynll1,0.8630848,1.0054815,-0.14239669,,,Yolk Syncytial Layer
snrpf,0.6265376,0.7738121,-0.1472745,,,Yolk Syncytial Layer
hnrnpa0l,1.5381504,1.6950207,-0.15687025,,,Yolk Syncytial Layer
cbx3a,0.2952495,0.45735756,-0.16210806,,,Yolk Syncytial Layer
ddx39ab,0.7331629,0.8964239,-0.163261,,,Yolk Syncytial Layer
calm3a,0.71987444,0.88355243,-0.16367799,,,Yolk Syncytial Layer
si:ch73-1a9.3,1.0778704,1.24827,-0.17039967,,,Yolk Syncytial Layer
setb,0.5359311,0.7113664,-0.1754353,,,Yolk Syncytial Layer
hnrnpabb,0.8642022,1.0455143,-0.18131214,,,Yolk Syncytial Layer
apoc1,3.302093,3.4870825,-0.18498945,,,Yolk Syncytial Layer
pcna,0.62938553,0.8164513,-0.18706578,,,Yolk Syncytial Layer
eef2b,1.1537143,1.3498881,-0.19617379,,,Yolk Syncytial Layer
h3f3b.1,2.9719596,3.1844723,-0.21251273,,,Yolk Syncytial Layer
hmga1a,2.2740512,2.492877,-0.21882582,,,Yolk Syncytial Layer
cirbpa,1.8458468,2.0684783,-0.22263157,,,Yolk Syncytial Layer
ptmab,1.9875546,2.215178,-0.22762346,,,Yolk Syncytial Layer
hmgb2b,0.84901154,1.0769329,-0.22792137,,,Yolk Syncytial Layer
tuba8l4,1.4706646,1.7117203,-0.24105573,0.7711442786069652,0.04900665973040043,Yolk Syncytial Layer
khdrbs1a,2.0230777,2.291146,-0.2680683,0.6318407960199005,0.04940508123507669,Yolk Syncytial Layer
si:ch211-222l21.1,2.1706707,2.4501452,-0.2794745,0.9552238805970149,0.07979398425872274,Yolk Syncytial Layer
snu13b,1.1735129,1.4672304,-0.2937175,0.9850746268656716,0.053860929296583114,Yolk Syncytial Layer
galnt7,1.9193844,2.2255254,-0.30614102,0.9800995024875622,0.05997907761408845,Yolk Syncytial Layer
serbp1a,1.1912961,1.6198626,-0.42856646,0.9402985074626866,0.04962894981340082,Yolk Syncytial Layer
AL935186.10,2.0117915,1.2358031,0.77598834,0.527363184079602,0.03338815071776787,"Segmental Plate, Tail Bud"
msgn1,2.0724447,1.6188406,0.4536041,0.8805970149253731,0.05038773310670209,"Segmental Plate, Tail Bud"
NC-002333.4,5.5413036,5.1611586,0.38014507,0.5771144278606966,0.02335612913692604,"Segmental Plate, Tail Bud"
hnrnpa0b,1.6326052,1.3115402,0.32106495,0.0845771144278607,0.026250972037240188,"Segmental Plate, Tail Bud"
ctsll,0.8750881,0.5776111,0.297477,0.09950248756218906,0.026735933573124034,"Segmental Plate, Tail Bud"
anp32e,1.493887,1.2203064,0.27358055,0.5422885572139303,0.026575645905087045,"Segmental Plate, Tail Bud"
ybx1,2.5051413,2.2567139,0.24842739,,,"Segmental Plate, Tail Bud"
cx43.4,1.749611,1.5407964,0.20881462,,,"Segmental Plate, Tail Bud"
khdrbs1a,2.9072223,2.7001567,0.20706558,,,"Segmental Plate, Tail Bud"
NC-002333.17,0.7067397,0.5000297,0.20671004,,,"Segmental Plate, Tail Bud"
krt4,2.8974986,2.6920633,0.20543528,,,"Segmental Plate, Tail Bud"
slc7a8a,0.3849962,0.18435527,0.20064093,,,"Segmental Plate, Tail Bud"
AL935186.2,0.50795996,0.31384876,0.1941112,,,"Segmental Plate, Tail Bud"
aldoaa,1.1398699,0.95543426,0.18443567,,,"Segmental Plate, Tail Bud"
CR383676.2,0.89995015,0.7174426,0.18250757,,,"Segmental Plate, Tail Bud"
glula,0.7020772,0.5238758,0.17820144,,,"Segmental Plate, Tail Bud"
ctsla,1.700324,1.5258521,0.17447197,,,"Segmental Plate, Tail Bud"
hnrnpaba,2.4047806,2.2331417,0.17163897,,,"Segmental Plate, Tail Bud"
ctsc,0.3934871,0.23125453,0.16223256,,,"Segmental Plate, Tail Bud"
si:dkey-238d18.15,0.58266515,0.42433915,0.158326,,,"Segmental Plate, Tail Bud"
srsf2a,1.1601876,1.0077444,0.15244317,,,"Segmental Plate, Tail Bud"
myf5,0.44982955,0.30220193,0.14762762,,,"Segmental Plate, Tail Bud"
tfa,0.40114853,0.25700083,0.1441477,,,"Segmental Plate, Tail Bud"
sall4,0.3414928,0.19766364,0.14382917,,,"Segmental Plate, Tail Bud"
szl,0.374462,0.23693039,0.13753162,,,"Segmental Plate, Tail Bud"
tbxta,0.34523314,0.21098636,0.13424678,,,"Segmental Plate, Tail Bud"
pck2,0.40995592,0.2781227,0.13183323,,,"Segmental Plate, Tail Bud"
sumo3a,1.149027,1.0184466,0.13058043,,,"Segmental Plate, Tail Bud"
anxa1a,0.35096723,0.22538461,0.12558262,,,"Segmental Plate, Tail Bud"
hnrnpa0a,0.60944355,0.48428535,0.12515819,,,"Segmental Plate, Tail Bud"
chrd,0.5034709,0.3790261,0.12444481,,,"Segmental Plate, Tail Bud"
tp53,0.37281296,0.25408167,0.11873129,,,"Segmental Plate, Tail Bud"
rbm4.3,1.1378424,1.0211178,0.11672461,,,"Segmental Plate, Tail Bud"
hoxc3a,0.67375016,0.55726653,0.11648363,,,"Segmental Plate, Tail Bud"
slc43a2b,0.22214101,0.10568551,0.1164555,,,"Segmental Plate, Tail Bud"
cdx4,1.1576142,1.0432513,0.114362955,,,"Segmental Plate, Tail Bud"
slc26a1,0.23035072,0.11689577,0.113454945,,,"Segmental Plate, Tail Bud"
krt8,1.8782091,1.7714413,0.10676777,,,"Segmental Plate, Tail Bud"
npm1a,1.9996854,1.8931023,0.10658312,,,"Segmental Plate, Tail Bud"
tbx6,0.22882524,0.125028,0.10379724,,,"Segmental Plate, Tail Bud"
srsf5b,0.39411557,0.2924068,0.10170877,,,"Segmental Plate, Tail Bud"
srrm1,0.37458804,0.27458945,0.09999859,,,"Segmental Plate, Tail Bud"
hmgn2,2.6921663,2.592194,0.09997225,,,"Segmental Plate, Tail Bud"
BX088707.1,0.8130248,0.7136385,0.099386334,,,"Segmental Plate, Tail Bud"
ak3,0.32876292,0.23088568,0.097877234,,,"Segmental Plate, Tail Bud"
rpl30,3.149898,3.0526905,0.097207546,,,"Segmental Plate, Tail Bud"
fbp1b,0.24905108,0.1541933,0.09485778,,,"Segmental Plate, Tail Bud"
pbrm1l,0.18757565,0.093264386,0.09431127,,,"Segmental Plate, Tail Bud"
cited4b,0.24538805,0.1515707,0.09381735,,,"Segmental Plate, Tail Bud"
ccng1,0.6007813,0.50819945,0.09258187,,,"Segmental Plate, Tail Bud"
psmd14,0.41437864,0.32226497,0.09211367,,,"Segmental Plate, Tail Bud"
efemp2b,0.24180159,0.15040848,0.09139311,,,"Segmental Plate, Tail Bud"
hmgb1b,1.3398641,1.2498986,0.08996558,,,"Segmental Plate, Tail Bud"
cst3,0.45415208,0.36428368,0.0898684,,,"Segmental Plate, Tail Bud"
cirbpb,4.1697774,4.0799866,0.08979082,,,"Segmental Plate, Tail Bud"
morf4l1,0.35280353,0.2656328,0.08717072,,,"Segmental Plate, Tail Bud"
apoa1b,0.592962,0.5061284,0.086833656,,,"Segmental Plate, Tail Bud"
tardbp,0.4747292,0.38819617,0.08653304,,,"Segmental Plate, Tail Bud"
rpl11,2.9937594,2.9081979,0.085561514,,,"Segmental Plate, Tail Bud"
apoa1a,0.6143367,0.53064895,0.08368778,,,"Segmental Plate, Tail Bud"
marcksb,0.68206775,0.5984873,0.083580434,,,"Segmental Plate, Tail Bud"
mthfd1b,0.24707212,0.16357166,0.08350046,,,"Segmental Plate, Tail Bud"
syncrip,1.4717088,1.3882431,0.083465695,,,"Segmental Plate, Tail Bud"
hnrnpa0l,2.2815216,2.1991959,0.0823257,,,"Segmental Plate, Tail Bud"
ostc,0.28333282,0.20138378,0.08194904,,,"Segmental Plate, Tail Bud"
dhfr,0.49072942,0.41000473,0.08072469,,,"Segmental Plate, Tail Bud"
bhmt,0.57154757,0.49099442,0.080553144,,,"Segmental Plate, Tail Bud"
rps7,3.489609,3.4118307,0.07777834,,,"Segmental Plate, Tail Bud"
jtb,0.19130825,0.113829255,0.07747899,,,"Segmental Plate, Tail Bud"
npc2,0.48691183,0.40953746,0.07737437,,,"Segmental Plate, Tail Bud"
zgc:153018,0.19126959,0.11423224,0.07703735,,,"Segmental Plate, Tail Bud"
oip5-as1,0.20873033,0.13346234,0.075267985,,,"Segmental Plate, Tail Bud"
tbx16,0.5103363,0.43507966,0.075256616,,,"Segmental Plate, Tail Bud"
tspan7,0.5397838,0.4645526,0.075231165,,,"Segmental Plate, Tail Bud"
mvp,0.21255003,0.13741055,0.07513948,,,"Segmental Plate, Tail Bud"
krt99,0.70869905,0.633582,0.07511705,,,"Segmental Plate, Tail Bud"
cirbpa,2.706482,2.6319344,0.07454753,,,"Segmental Plate, Tail Bud"
pfn2l,0.44930324,0.37567818,0.07362506,,,"Segmental Plate, Tail Bud"
hdlbpa,0.3217524,0.24829467,0.07345773,,,"Segmental Plate, Tail Bud"
rps2,2.98292,2.9101713,0.07274866,,,"Segmental Plate, Tail Bud"
tra2a,0.76497,0.6929811,0.07198888,,,"Segmental Plate, Tail Bud"
apobb.1,0.2286595,0.15678063,0.071878865,,,"Segmental Plate, Tail Bud"
kpnb3,0.37862518,0.30734324,0.07128194,,,"Segmental Plate, Tail Bud"
krt18a.1,2.1793196,2.1088068,0.07051277,,,"Segmental Plate, Tail Bud"
pitpnbl,0.18422553,0.11416766,0.07005787,,,"Segmental Plate, Tail Bud"
dusp6,0.21576448,0.14589402,0.06987046,,,"Segmental Plate, Tail Bud"
tomm5,0.39149433,0.32199565,0.06949869,,,"Segmental Plate, Tail Bud"
mki67,0.46966833,0.4003194,0.06934893,,,"Segmental Plate, Tail Bud"
gar1,0.5063171,0.43884084,0.06747624,,,"Segmental Plate, Tail Bud"
selenon,0.20379454,0.13653122,0.06726332,,,"Segmental Plate, Tail Bud"
cyp26a1,0.2526534,0.18589722,0.066756174,,,"Segmental Plate, Tail Bud"
prmt1,1.1501663,1.0835426,0.06662369,,,"Segmental Plate, Tail Bud"
rbfox2,0.21291643,0.14630204,0.06661439,,,"Segmental Plate, Tail Bud"
tma16,0.23815443,0.17162545,0.066528976,,,"Segmental Plate, Tail Bud"
rrm1,0.25759903,0.19127175,0.066327274,,,"Segmental Plate, Tail Bud"
jpt2,0.35304108,0.2867338,0.06630728,,,"Segmental Plate, Tail Bud"
rhoaa,0.65683466,0.59059757,0.06623709,,,"Segmental Plate, Tail Bud"
hoxb9a,0.4079871,0.3424781,0.06550899,,,"Segmental Plate, Tail Bud"
ldhba,0.24409299,0.17929207,0.06480092,,,"Segmental Plate, Tail Bud"
gnaia,0.19735245,0.13263083,0.06472163,,,"Segmental Plate, Tail Bud"
ifi30,0.4994434,0.43569112,0.06375229,,,"Segmental Plate, Tail Bud"
metap2b,0.3867964,0.323048,0.06374842,,,"Segmental Plate, Tail Bud"
histh1l,0.42414215,0.36047804,0.06366411,,,"Segmental Plate, Tail Bud"
ier2a,0.47786668,0.41431186,0.06355482,,,"Segmental Plate, Tail Bud"
zfand5a,0.17740709,0.1140883,0.06331879,,,"Segmental Plate, Tail Bud"
aldh1a2,0.25753716,0.1947863,0.06275086,,,"Segmental Plate, Tail Bud"
ssb,0.2854739,0.2232438,0.06223011,,,"Segmental Plate, Tail Bud"
rpl38,2.2339354,2.1720426,0.061892748,,,"Segmental Plate, Tail Bud"
cdc6,0.2835402,0.22264427,0.06089592,,,"Segmental Plate, Tail Bud"
selenof,0.75247175,0.69185317,0.06061858,,,"Segmental Plate, Tail Bud"
pla2g12b,0.29802802,0.23772837,0.06029965,,,"Segmental Plate, Tail Bud"
dek,0.42314565,0.3629683,0.060177356,,,"Segmental Plate, Tail Bud"
nrarpa,0.20652647,0.14656912,0.059957355,,,"Segmental Plate, Tail Bud"
psma3,0.5504766,0.49057338,0.059903234,,,"Segmental Plate, Tail Bud"
zc3h13,0.19207643,0.13217366,0.059902772,,,"Segmental Plate, Tail Bud"
vps54,0.32861435,0.26971793,0.058896422,,,"Segmental Plate, Tail Bud"
arl6ip5a,0.29308,0.23429179,0.05878821,,,"Segmental Plate, Tail Bud"
znrf2a,0.22551994,0.16674347,0.058776468,,,"Segmental Plate, Tail Bud"
eif5a2,0.6827317,0.6239739,0.058757782,,,"Segmental Plate, Tail Bud"
eif4g2b,0.250875,0.19244634,0.05842866,,,"Segmental Plate, Tail Bud"
alcamb,0.44477946,0.38668424,0.058095217,,,"Segmental Plate, Tail Bud"
srsf11,0.5464926,0.48875642,0.05773616,,,"Segmental Plate, Tail Bud"
BX001014.2,0.47178623,0.41430935,0.05747688,,,"Segmental Plate, Tail Bud"
nutf2l,0.35081697,0.29361606,0.05720091,,,"Segmental Plate, Tail Bud"
hoxc6b,0.30289856,0.24600877,0.056889787,,,"Segmental Plate, Tail Bud"
akirin1,0.4105808,0.3537208,0.05686,,,"Segmental Plate, Tail Bud"
apex1,0.52256125,0.46589106,0.05667019,,,"Segmental Plate, Tail Bud"
rbm4.2,0.407019,0.35112873,0.055890262,,,"Segmental Plate, Tail Bud"
atp5f1b,0.44587615,0.39001235,0.055863798,,,"Segmental Plate, Tail Bud"
gmfb,0.2612376,0.20544162,0.055795968,,,"Segmental Plate, Tail Bud"
ctsd,0.18543665,0.1298712,0.055565447,,,"Segmental Plate, Tail Bud"
rps17,2.019259,1.9637759,0.055483103,,,"Segmental Plate, Tail Bud"
bzw1b,0.2533572,0.19815382,0.05520338,,,"Segmental Plate, Tail Bud"
esco2,0.22129306,0.16648391,0.054809153,,,"Segmental Plate, Tail Bud"
phc2a,0.21269163,0.15793203,0.054759607,,,"Segmental Plate, Tail Bud"
cdkn1ca,0.3464263,0.29297367,0.05345264,,,"Segmental Plate, Tail Bud"
ppm1g,0.29409522,0.24116929,0.05292593,,,"Segmental Plate, Tail Bud"
paics,0.35263035,0.29973832,0.05289203,,,"Segmental Plate, Tail Bud"
fzd10,0.20645669,0.15365629,0.052800402,,,"Segmental Plate, Tail Bud"
dhrs3b,0.21205613,0.15929504,0.052761093,,,"Segmental Plate, Tail Bud"
CDPF1,0.20745134,0.15471403,0.05273731,,,"Segmental Plate, Tail Bud"
si:dkey-238k10.2,0.5122939,0.46069428,0.051599592,,,"Segmental Plate, Tail Bud"
rbbp4,0.5118164,0.46054667,0.05126971,,,"Segmental Plate, Tail Bud"
kif22,0.18076843,0.1297809,0.050987527,,,"Segmental Plate, Tail Bud"
hnrnpul1,0.35625032,0.30558762,0.050662696,,,"Segmental Plate, Tail Bud"
ccna2,0.40848243,0.35817716,0.050305277,,,"Segmental Plate, Tail Bud"
lbr,0.23055169,0.18037865,0.050173044,,,"Segmental Plate, Tail Bud"
psme2,0.38911483,0.3394188,0.04969603,,,"Segmental Plate, Tail Bud"
NC-002333.9,0.4523395,0.40286997,0.04946953,,,"Segmental Plate, Tail Bud"
nifk,0.4240428,0.37465045,0.049392343,,,"Segmental Plate, Tail Bud"
sox19a,0.24939646,0.20003645,0.049360007,,,"Segmental Plate, Tail Bud"
serpinh1b,0.5167584,0.46745944,0.049298942,,,"Segmental Plate, Tail Bud"
nolc1,0.3069972,0.25777546,0.049221754,,,"Segmental Plate, Tail Bud"
aif1l,0.2042118,0.15502231,0.049189493,,,"Segmental Plate, Tail Bud"
hoxd9a,0.18225642,0.13326316,0.04899326,,,"Segmental Plate, Tail Bud"
rcc2,0.326281,0.2779165,0.04836452,,,"Segmental Plate, Tail Bud"
arid3b,0.5095323,0.4616971,0.04783517,,,"Segmental Plate, Tail Bud"
tia1l,0.29404444,0.2467757,0.047268733,,,"Segmental Plate, Tail Bud"
myef2,0.20936094,0.16231316,0.04704778,,,"Segmental Plate, Tail Bud"
tcaim,0.1789091,0.13198973,0.04691936,,,"Segmental Plate, Tail Bud"
sesn3,0.17286952,0.12599377,0.046875745,,,"Segmental Plate, Tail Bud"
smarcd1,0.18687807,0.14001322,0.046864852,,,"Segmental Plate, Tail Bud"
anp32a,0.5921797,0.5461731,0.04600662,,,"Segmental Plate, Tail Bud"
igf2bp1,0.47163868,0.42632338,0.045315295,,,"Segmental Plate, Tail Bud"
apoeb,2.3152287,2.270182,0.045046806,,,"Segmental Plate, Tail Bud"
alyref,0.58270645,0.5379861,0.04472035,,,"Segmental Plate, Tail Bud"
ywhaba,0.32376322,0.2790694,0.044693828,,,"Segmental Plate, Tail Bud"
otub1a,0.26595697,0.22133282,0.04462415,,,"Segmental Plate, Tail Bud"
zgc:56585,0.21811552,0.17386943,0.044246092,,,"Segmental Plate, Tail Bud"
ndufb9,0.22309214,0.17897673,0.04411541,,,"Segmental Plate, Tail Bud"
ptges3b,0.56220734,0.5181409,0.04406643,,,"Segmental Plate, Tail Bud"
nsa2,0.59700567,0.5536361,0.04336959,,,"Segmental Plate, Tail Bud"
atp5fa1,0.27188843,0.22867452,0.04321392,,,"Segmental Plate, Tail Bud"
ndufa11,0.53970593,0.49656332,0.043142617,,,"Segmental Plate, Tail Bud"
wdr43,0.34260914,0.29975858,0.042850554,,,"Segmental Plate, Tail Bud"
kif23,0.19857378,0.1557715,0.04280229,,,"Segmental Plate, Tail Bud"
smarca5,0.3220887,0.27939567,0.04269302,,,"Segmental Plate, Tail Bud"
api5,0.4633239,0.4210638,0.04226008,,,"Segmental Plate, Tail Bud"
sec61a1,0.20110835,0.15888995,0.042218402,,,"Segmental Plate, Tail Bud"
rpl24,1.6799237,1.6382856,0.041638017,,,"Segmental Plate, Tail Bud"
apela,0.37085217,0.329313,0.041539162,,,"Segmental Plate, Tail Bud"
selenow1,0.57907987,0.5380657,0.041014194,,,"Segmental Plate, Tail Bud"
pnrc2,0.7180841,0.67731774,0.04076636,,,"Segmental Plate, Tail Bud"
oaz1a,0.3446614,0.30389848,0.04076293,,,"Segmental Plate, Tail Bud"
srsf6b,0.25105938,0.21046998,0.040589407,,,"Segmental Plate, Tail Bud"
ncoa5,0.26491264,0.22436503,0.04054761,,,"Segmental Plate, Tail Bud"
txn,0.23542416,0.19490187,0.040522292,,,"Segmental Plate, Tail Bud"
bambia,0.2158192,0.17566797,0.040151224,,,"Segmental Plate, Tail Bud"
pfdn2,0.18018103,0.14007485,0.040106177,,,"Segmental Plate, Tail Bud"
eppk1,0.53659767,0.4967724,0.03982526,,,"Segmental Plate, Tail Bud"
msl1b,0.17944215,0.13990393,0.03953822,,,"Segmental Plate, Tail Bud"
ppp1caa,0.30613548,0.2666854,0.03945008,,,"Segmental Plate, Tail Bud"
meaf6,0.2796247,0.24034803,0.039276674,,,"Segmental Plate, Tail Bud"
sfpq,0.54901636,0.5098587,0.03915763,,,"Segmental Plate, Tail Bud"
cdc26,0.28148678,0.24285546,0.03863132,,,"Segmental Plate, Tail Bud"
krt96,0.19387412,0.15544339,0.038430735,,,"Segmental Plate, Tail Bud"
macroh2a2,0.18266113,0.14436692,0.03829421,,,"Segmental Plate, Tail Bud"
psma8,0.2687087,0.23080899,0.037899718,,,"Segmental Plate, Tail Bud"
krt17,0.33300576,0.29519075,0.037815005,,,"Segmental Plate, Tail Bud"
prps1a,0.5087845,0.47102055,0.037763923,,,"Segmental Plate, Tail Bud"
serf2,0.9803249,0.9427805,0.03754443,,,"Segmental Plate, Tail Bud"
brd7,0.21381298,0.17635801,0.037454963,,,"Segmental Plate, Tail Bud"
ccnd1,0.2978213,0.26041952,0.037401795,,,"Segmental Plate, Tail Bud"
blcap,0.24741213,0.21010977,0.03730236,,,"Segmental Plate, Tail Bud"
csde1,0.31743327,0.28022903,0.037204236,,,"Segmental Plate, Tail Bud"
tuba8l2,0.27711803,0.23993215,0.037185878,,,"Segmental Plate, Tail Bud"
polr2gl,0.23178925,0.1946164,0.03717284,,,"Segmental Plate, Tail Bud"
cpsf3,0.21633989,0.17954269,0.036797196,,,"Segmental Plate, Tail Bud"
hnrnpabb,1.4968876,1.4601057,0.036781907,,,"Segmental Plate, Tail Bud"
selenow2a,0.3484658,0.31175828,0.03670752,,,"Segmental Plate, Tail Bud"
mapk14a,0.2144461,0.17787252,0.036573574,,,"Segmental Plate, Tail Bud"
srrm2,0.17683189,0.14039747,0.036434412,,,"Segmental Plate, Tail Bud"
gtf2f2a,0.21564874,0.17939025,0.03625849,,,"Segmental Plate, Tail Bud"
copa,0.25147966,0.21529946,0.0361802,,,"Segmental Plate, Tail Bud"
mrps6,0.33881876,0.30275133,0.036067426,,,"Segmental Plate, Tail Bud"
sf3a3,0.29967535,0.2641441,0.035531253,,,"Segmental Plate, Tail Bud"
ctnnb1,0.84490913,0.8094327,0.035476446,,,"Segmental Plate, Tail Bud"
atp5l,0.9678116,0.93305266,0.034758925,,,"Segmental Plate, Tail Bud"
wls,0.50536615,0.47068673,0.034679413,,,"Segmental Plate, Tail Bud"
rpl5a,1.1501795,1.1156132,0.034566283,,,"Segmental Plate, Tail Bud"
fcf1,0.30308282,0.26865482,0.034428,,,"Segmental Plate, Tail Bud"
rhebl1,0.19333418,0.15904662,0.034287557,,,"Segmental Plate, Tail Bud"
smarce1,0.6653403,0.6311457,0.03419459,,,"Segmental Plate, Tail Bud"
rpl37,3.1523242,3.1181839,0.03414035,,,"Segmental Plate, Tail Bud"
ssbp4,0.19928126,0.16518097,0.034100294,,,"Segmental Plate, Tail Bud"
rbmx,0.30275565,0.26897165,0.033784002,,,"Segmental Plate, Tail Bud"
hdac1,0.6458221,0.6121571,0.033665,,,"Segmental Plate, Tail Bud"
snu13a,0.24893464,0.21530573,0.03362891,,,"Segmental Plate, Tail Bud"
mrps36,0.2526446,0.21936435,0.033280253,,,"Segmental Plate, Tail Bud"
skp1,0.5384927,0.5055631,0.0329296,,,"Segmental Plate, Tail Bud"
setb,1.066815,1.0341228,0.032692194,,,"Segmental Plate, Tail Bud"
syf2,0.20187987,0.1695039,0.032375976,,,"Segmental Plate, Tail Bud"
fetub,0.2228002,0.1904865,0.03231369,,,"Segmental Plate, Tail Bud"
atp6v0e1,0.71181667,0.6795096,0.03230709,,,"Segmental Plate, Tail Bud"
bcl7a,0.2167984,0.1845712,0.03222719,,,"Segmental Plate, Tail Bud"
kdm3b,0.19031087,0.15842906,0.03188181,,,"Segmental Plate, Tail Bud"
cyp11a1,0.15477744,0.12298362,0.031793818,,,"Segmental Plate, Tail Bud"
hoxa9a,0.43378696,0.40207738,0.03170958,,,"Segmental Plate, Tail Bud"
rps3,2.9617405,2.9300668,0.03167367,,,"Segmental Plate, Tail Bud"
pno1,0.40534875,0.3740269,0.031321853,,,"Segmental Plate, Tail Bud"
arpp19b,0.18613446,0.15485337,0.031281084,,,"Segmental Plate, Tail Bud"
wdr82,0.2985372,0.26755425,0.030982941,,,"Segmental Plate, Tail Bud"
gspt1l,0.68243444,0.6515306,0.030903816,,,"Segmental Plate, Tail Bud"
shcbp1,0.33700147,0.3061205,0.030880958,,,"Segmental Plate, Tail Bud"
rbb4l,0.39922532,0.36897257,0.030252755,,,"Segmental Plate, Tail Bud"
psmd7,0.19407001,0.16387838,0.03019163,,,"Segmental Plate, Tail Bud"
krt5,1.5405725,1.510404,0.030168533,,,"Segmental Plate, Tail Bud"
etf1b,0.22702268,0.19690737,0.030115306,,,"Segmental Plate, Tail Bud"
ewsr1a,0.355002,0.3253369,0.029665083,,,"Segmental Plate, Tail Bud"
mt-nd3,1.7039294,1.6743256,0.029603839,,,"Segmental Plate, Tail Bud"
si:ch73-1a9.3,1.697108,1.6677374,0.029370666,,,"Segmental Plate, Tail Bud"
sec11a,0.16713682,0.13791236,0.029224455,,,"Segmental Plate, Tail Bud"
ELOB,0.22544192,0.19634417,0.02909775,,,"Segmental Plate, Tail Bud"
med31,0.18097974,0.15189986,0.029079884,,,"Segmental Plate, Tail Bud"
cox7c,1.6482339,1.6191908,0.029043078,,,"Segmental Plate, Tail Bud"
akt1s1,0.1769533,0.14815493,0.028798372,,,"Segmental Plate, Tail Bud"
snrnp200,0.22581926,0.19725128,0.028567985,,,"Segmental Plate, Tail Bud"
dcaf7,0.29702333,0.26853228,0.02849105,,,"Segmental Plate, Tail Bud"
rbm39a,0.27226454,0.24378145,0.028483093,,,"Segmental Plate, Tail Bud"
srsf7a,0.3498797,0.3214971,0.0283826,,,"Segmental Plate, Tail Bud"
ptp4a1,0.31178072,0.28342783,0.028352886,,,"Segmental Plate, Tail Bud"
lamtor2,0.16218738,0.13391694,0.028270438,,,"Segmental Plate, Tail Bud"
fuca1.1,0.17456031,0.14640704,0.02815327,,,"Segmental Plate, Tail Bud"
ssr4,0.405011,0.3769648,0.02804619,,,"Segmental Plate, Tail Bud"
khsrp,0.39967328,0.37183413,0.027839154,,,"Segmental Plate, Tail Bud"
chtopa,0.20781061,0.18021125,0.027599365,,,"Segmental Plate, Tail Bud"
thoc5,0.23835544,0.21082197,0.027533472,,,"Segmental Plate, Tail Bud"
hspa4b,0.2021922,0.17502548,0.027166724,,,"Segmental Plate, Tail Bud"
acp5a,0.19067582,0.16376856,0.026907265,,,"Segmental Plate, Tail Bud"
vamp3,0.3505956,0.32376102,0.026834577,,,"Segmental Plate, Tail Bud"
C7H20orf27,0.26495066,0.23825766,0.026693001,,,"Segmental Plate, Tail Bud"
hspa14,0.19314449,0.1666038,0.026540682,,,"Segmental Plate, Tail Bud"
smndc1,0.19719195,0.1706765,0.026515454,,,"Segmental Plate, Tail Bud"
sumo2b,0.4863812,0.45988432,0.026496887,,,"Segmental Plate, Tail Bud"
ipo7,0.21359758,0.18713473,0.026462853,,,"Segmental Plate, Tail Bud"
rbbp6,0.18233694,0.15617315,0.026163787,,,"Segmental Plate, Tail Bud"
ylpm1,0.25011253,0.22404669,0.026065841,,,"Segmental Plate, Tail Bud"
cd9b,0.16635343,0.140356,0.02599743,,,"Segmental Plate, Tail Bud"
ssbp1,0.2709266,0.24509524,0.025831357,,,"Segmental Plate, Tail Bud"
skp2,0.19669183,0.17089128,0.025800541,,,"Segmental Plate, Tail Bud"
sephs2,0.16032599,0.13459079,0.0257352,,,"Segmental Plate, Tail Bud"
pgrmc1,0.18330334,0.15764968,0.02565366,,,"Segmental Plate, Tail Bud"
smad5,0.2011296,0.17571108,0.02541852,,,"Segmental Plate, Tail Bud"
capn9,0.2034463,0.1780549,0.0253914,,,"Segmental Plate, Tail Bud"
u2af2b,0.39503106,0.36964083,0.025390238,,,"Segmental Plate, Tail Bud"
mrpl13,0.18755814,0.1621745,0.025383651,,,"Segmental Plate, Tail Bud"
ncapg,0.19112773,0.16579615,0.025331587,,,"Segmental Plate, Tail Bud"
tsr1,0.2384191,0.21313879,0.025280312,,,"Segmental Plate, Tail Bud"
fam32a,0.34644774,0.32124373,0.025204003,,,"Segmental Plate, Tail Bud"
slc39a7,0.28375757,0.2587848,0.024972767,,,"Segmental Plate, Tail Bud"
gid8b,0.16578752,0.14088018,0.024907336,,,"Segmental Plate, Tail Bud"
hif1al,0.22084814,0.19595563,0.024892509,,,"Segmental Plate, Tail Bud"
si:dkey-23i12.5,0.45108676,0.42652217,0.024564594,,,"Segmental Plate, Tail Bud"
lmnb2,0.16889234,0.14450037,0.024391964,,,"Segmental Plate, Tail Bud"
rad21a,0.35775995,0.3335264,0.02423355,,,"Segmental Plate, Tail Bud"
sept2,0.15811452,0.13393971,0.02417481,,,"Segmental Plate, Tail Bud"
rps27.1,2.207934,2.183849,0.024084806,,,"Segmental Plate, Tail Bud"
phgdh,0.18556647,0.16149859,0.024067879,,,"Segmental Plate, Tail Bud"
psmd12,0.20061637,0.17668231,0.023934066,,,"Segmental Plate, Tail Bud"
si:ch73-132f6.5,0.25496796,0.23106742,0.023900539,,,"Segmental Plate, Tail Bud"
zgc:56095,0.27384713,0.2501356,0.023711532,,,"Segmental Plate, Tail Bud"
mrpl44,0.1767884,0.15311198,0.023676425,,,"Segmental Plate, Tail Bud"
sumo3b,0.534708,0.5113437,0.023364305,,,"Segmental Plate, Tail Bud"
fkbp1aa,1.1648133,1.1416434,0.023169875,,,"Segmental Plate, Tail Bud"
ewsr1b,0.31059483,0.2874327,0.023162127,,,"Segmental Plate, Tail Bud"
prtfdc1,0.1834011,0.16024087,0.02316022,,,"Segmental Plate, Tail Bud"
chrac1,0.3937318,0.37077835,0.02295345,,,"Segmental Plate, Tail Bud"
ctnna1,0.16958074,0.14674349,0.022837251,,,"Segmental Plate, Tail Bud"
ptgr1,0.1893885,0.16675857,0.022629932,,,"Segmental Plate, Tail Bud"
BX936337.1,0.21810949,0.19569197,0.022417516,,,"Segmental Plate, Tail Bud"
arf5,0.22925316,0.20700863,0.022244528,,,"Segmental Plate, Tail Bud"
capza1b,0.17655283,0.15437928,0.022173554,,,"Segmental Plate, Tail Bud"
sec61b,0.553542,0.53150815,0.02203387,,,"Segmental Plate, Tail Bud"
fabp2,0.18502824,0.16319719,0.02183105,,,"Segmental Plate, Tail Bud"
brk1,0.23644759,0.21469624,0.021751344,,,"Segmental Plate, Tail Bud"
cdh2,0.33569717,0.31398606,0.021711111,,,"Segmental Plate, Tail Bud"
sp5l,0.22926909,0.2076859,0.021583185,,,"Segmental Plate, Tail Bud"
eif4ebp3l,0.38902846,0.3674781,0.021550357,,,"Segmental Plate, Tail Bud"
taf10,0.2717984,0.2502856,0.021512806,,,"Segmental Plate, Tail Bud"
nop53,0.20068225,0.17926088,0.021421373,,,"Segmental Plate, Tail Bud"
zfr,0.15214854,0.13089283,0.021255717,,,"Segmental Plate, Tail Bud"
naa10,0.15895881,0.13794063,0.021018177,,,"Segmental Plate, Tail Bud"
mt-co1,0.8627485,0.8419918,0.020756721,,,"Segmental Plate, Tail Bud"
eif4ebp1,0.19866523,0.17799112,0.02067411,,,"Segmental Plate, Tail Bud"
spag7,0.24924864,0.22860476,0.020643875,,,"Segmental Plate, Tail Bud"
nhp2,0.727243,0.7066565,0.02058649,,,"Segmental Plate, Tail Bud"
rpl23,3.5459151,3.525499,0.020416021,,,"Segmental Plate, Tail Bud"
kdm1a,0.24344334,0.22310188,0.020341456,,,"Segmental Plate, Tail Bud"
cers2b,0.35462192,0.33434173,0.020280182,,,"Segmental Plate, Tail Bud"
fundc1,0.18195562,0.16175354,0.020202085,,,"Segmental Plate, Tail Bud"
dpp7,0.21600997,0.1958514,0.020158574,,,"Segmental Plate, Tail Bud"
si:dkey-67c22.2,0.18754706,0.16743766,0.0201094,,,"Segmental Plate, Tail Bud"
RIMBP2,0.15678291,0.13679977,0.019983143,,,"Segmental Plate, Tail Bud"
rbm38,0.34391943,0.32456467,0.01935476,,,"Segmental Plate, Tail Bud"
snrnp70,0.26402742,0.24471004,0.019317374,,,"Segmental Plate, Tail Bud"
mcm6,0.35529977,0.33599013,0.01930964,,,"Segmental Plate, Tail Bud"
polb,0.18069375,0.16140762,0.019286126,,,"Segmental Plate, Tail Bud"
qkia,0.16952872,0.15027615,0.019252568,,,"Segmental Plate, Tail Bud"
sgta,0.3314439,0.31226793,0.019175977,,,"Segmental Plate, Tail Bud"
ptgdsb.1,0.5167582,0.4977234,0.019034803,,,"Segmental Plate, Tail Bud"
fubp1,0.42822632,0.40933484,0.018891484,,,"Segmental Plate, Tail Bud"
ppil1,0.17527999,0.1566946,0.018585384,,,"Segmental Plate, Tail Bud"
polr2h,0.34443986,0.32585904,0.018580824,,,"Segmental Plate, Tail Bud"
tgif1,0.29407206,0.27555212,0.018519938,,,"Segmental Plate, Tail Bud"
hspd1,0.18857045,0.17005685,0.018513605,,,"Segmental Plate, Tail Bud"
si:ch211-157c3.4,0.24642435,0.22813977,0.018284574,,,"Segmental Plate, Tail Bud"
aurka,0.18820131,0.17040573,0.017795578,,,"Segmental Plate, Tail Bud"
ppp2cb,0.46945375,0.45170376,0.017749995,,,"Segmental Plate, Tail Bud"
pfdn4,0.6558037,0.6381705,0.0176332,,,"Segmental Plate, Tail Bud"
cd81a,0.22710629,0.20961566,0.017490625,,,"Segmental Plate, Tail Bud"
mcm4,0.35118732,0.33374324,0.017444074,,,"Segmental Plate, Tail Bud"
ppib,0.24424884,0.22686446,0.01738438,,,"Segmental Plate, Tail Bud"
mcm3,0.34841764,0.33117583,0.017241806,,,"Segmental Plate, Tail Bud"
ppl,0.39370707,0.376552,0.017155081,,,"Segmental Plate, Tail Bud"
tcp1,0.36822432,0.3511048,0.017119527,,,"Segmental Plate, Tail Bud"
oaz1b,0.3223657,0.30568632,0.016679376,,,"Segmental Plate, Tail Bud"
hspa9,0.19579619,0.17915584,0.01664035,,,"Segmental Plate, Tail Bud"
u2af1,0.21228617,0.19584224,0.016443938,,,"Segmental Plate, Tail Bud"
smc4,0.167698,0.15148623,0.016211763,,,"Segmental Plate, Tail Bud"
tmem134,0.36276737,0.34685126,0.01591611,,,"Segmental Plate, Tail Bud"
ddx21,0.4430567,0.4272073,0.015849411,,,"Segmental Plate, Tail Bud"
etv5b,0.2619949,0.2464062,0.015588701,,,"Segmental Plate, Tail Bud"
polr2b,0.3675077,0.35200006,0.015507638,,,"Segmental Plate, Tail Bud"
zgc:153665,0.15770137,0.14237493,0.01532644,,,"Segmental Plate, Tail Bud"
fen1,0.20396096,0.18865114,0.015309811,,,"Segmental Plate, Tail Bud"
si:ch73-281n10.2,3.2788982,3.2636433,0.015254974,,,"Segmental Plate, Tail Bud"
nid2a,0.3614214,0.3462537,0.015167713,,,"Segmental Plate, Tail Bud"
pcbp2,0.22171445,0.20682214,0.01489231,,,"Segmental Plate, Tail Bud"
nucks1a,0.30299488,0.28813598,0.0148589015,,,"Segmental Plate, Tail Bud"
uqcrfs1,0.42095026,0.40623906,0.014711201,,,"Segmental Plate, Tail Bud"
psenen,0.19893071,0.18425336,0.014677346,,,"Segmental Plate, Tail Bud"
h3f3d,1.3373164,1.3226638,0.01465261,,,"Segmental Plate, Tail Bud"
ier5,0.48349142,0.46890914,0.014582276,,,"Segmental Plate, Tail Bud"
lsm6,0.4184904,0.40407056,0.014419854,,,"Segmental Plate, Tail Bud"
nol7,0.24472246,0.23038262,0.014339834,,,"Segmental Plate, Tail Bud"
srsf1a,0.66869587,0.65445703,0.014238834,,,"Segmental Plate, Tail Bud"
arf2a,0.15692227,0.14268349,0.014238775,,,"Segmental Plate, Tail Bud"
tpx2,0.16369973,0.14969657,0.014003158,,,"Segmental Plate, Tail Bud"
cdca8,0.1968188,0.18303618,0.01378262,,,"Segmental Plate, Tail Bud"
bysl,0.3081441,0.29441282,0.013731271,,,"Segmental Plate, Tail Bud"
gapdh,0.28882745,0.27534062,0.013486832,,,"Segmental Plate, Tail Bud"
ola1,0.3129943,0.29960892,0.013385385,,,"Segmental Plate, Tail Bud"
hars,0.19165786,0.17828846,0.013369396,,,"Segmental Plate, Tail Bud"
aldob,0.99772376,0.98442876,0.013294995,,,"Segmental Plate, Tail Bud"
faub,0.1599947,0.1468883,0.013106406,,,"Segmental Plate, Tail Bud"
elocb,0.18606085,0.17301622,0.0130446255,,,"Segmental Plate, Tail Bud"
arpc5a,0.15605462,0.14301348,0.013041139,,,"Segmental Plate, Tail Bud"
elof1,0.54413337,0.53109944,0.0130339265,,,"Segmental Plate, Tail Bud"
taf13,0.20246255,0.18950027,0.012962282,,,"Segmental Plate, Tail Bud"
spcs3,0.23307876,0.22014515,0.012933612,,,"Segmental Plate, Tail Bud"
arl5c,0.15127182,0.13834941,0.012922406,,,"Segmental Plate, Tail Bud"
hcfc1a,0.20574981,0.19334403,0.012405783,,,"Segmental Plate, Tail Bud"
ndufa1,0.21159321,0.19921947,0.012373745,,,"Segmental Plate, Tail Bud"
anapc10,0.19848357,0.18617408,0.012309492,,,"Segmental Plate, Tail Bud"
ucp2,0.32647595,0.31426388,0.012212068,,,"Segmental Plate, Tail Bud"
rsl24d1,1.0799757,1.0677774,0.012198329,,,"Segmental Plate, Tail Bud"
serp1,0.39389074,0.3818315,0.0120592415,,,"Segmental Plate, Tail Bud"
csnk2a1,0.16450247,0.15246688,0.012035593,,,"Segmental Plate, Tail Bud"
hes6,1.3319921,1.3203119,0.011680245,,,"Segmental Plate, Tail Bud"
rab5if,0.19556709,0.18397973,0.011587352,,,"Segmental Plate, Tail Bud"
ppih,0.20152067,0.18995702,0.011563644,,,"Segmental Plate, Tail Bud"
hnrnpl2,0.6039011,0.5923767,0.011524379,,,"Segmental Plate, Tail Bud"
ddx18,0.2705587,0.25914356,0.011415154,,,"Segmental Plate, Tail Bud"
hnrnpk,0.21759401,0.20617996,0.011414051,,,"Segmental Plate, Tail Bud"
ubqln4,0.31910834,0.30771518,0.01139316,,,"Segmental Plate, Tail Bud"
degs1,0.25319856,0.24194974,0.011248827,,,"Segmental Plate, Tail Bud"
taf9,0.35990417,0.34875837,0.0111458,,,"Segmental Plate, Tail Bud"
uqcrq,0.32630545,0.31543046,0.010874987,,,"Segmental Plate, Tail Bud"
srsf6a,0.48890302,0.4780791,0.0108239055,,,"Segmental Plate, Tail Bud"
snw1,0.22496518,0.21416996,0.010795221,,,"Segmental Plate, Tail Bud"
pabpc1a,0.942985,0.9322157,0.010769308,,,"Segmental Plate, Tail Bud"
cyc1,0.1800822,0.16943996,0.010642245,,,"Segmental Plate, Tail Bud"
nbn,0.472863,0.4622505,0.010612488,,,"Segmental Plate, Tail Bud"
nup93,0.22609001,0.21555991,0.010530099,,,"Segmental Plate, Tail Bud"
sult6b1,0.30505428,0.2946231,0.01043117,,,"Segmental Plate, Tail Bud"
cntnap5b,0.32185066,0.3114594,0.010391265,,,"Segmental Plate, Tail Bud"
fn1a,0.3510155,0.34064034,0.010375172,,,"Segmental Plate, Tail Bud"
cdk1,0.21665078,0.20628442,0.010366365,,,"Segmental Plate, Tail Bud"
gdi2,0.17382735,0.16347854,0.010348812,,,"Segmental Plate, Tail Bud"
pfn2,0.17689489,0.16666012,0.010234773,,,"Segmental Plate, Tail Bud"
arpc4,0.16976216,0.15953118,0.010230988,,,"Segmental Plate, Tail Bud"
cbx5,0.35586205,0.34568277,0.010179281,,,"Segmental Plate, Tail Bud"
ISCU,0.15402462,0.14391837,0.010106251,,,"Segmental Plate, Tail Bud"
cldne,0.22289196,0.21297173,0.009920225,,,"Segmental Plate, Tail Bud"
btf3,1.3830295,1.3731588,0.009870648,,,"Segmental Plate, Tail Bud"
sf3b2,0.2747022,0.2652276,0.009474605,,,"Segmental Plate, Tail Bud"
ctss2.1,0.2182747,0.20881397,0.009460732,,,"Segmental Plate, Tail Bud"
foxc1a,0.16255145,0.15309933,0.0094521195,,,"Segmental Plate, Tail Bud"
ube2l3a,0.15866274,0.14944337,0.009219363,,,"Segmental Plate, Tail Bud"
si:ch211-288g17.3,1.0111,1.0019817,0.009118319,,,"Segmental Plate, Tail Bud"
ss18,0.16751058,0.15844803,0.009062558,,,"Segmental Plate, Tail Bud"
cyt1,0.9767578,0.96792436,0.008833468,,,"Segmental Plate, Tail Bud"
sptan1,0.22549847,0.2166709,0.008827567,,,"Segmental Plate, Tail Bud"
lyar,0.23475093,0.22601414,0.008736789,,,"Segmental Plate, Tail Bud"
kmt5aa,0.18739128,0.1788335,0.008557782,,,"Segmental Plate, Tail Bud"
ncbp2,0.1457858,0.13731131,0.008474484,,,"Segmental Plate, Tail Bud"
psmc3,0.4054514,0.39700946,0.008441925,,,"Segmental Plate, Tail Bud"
mt-nd5,0.17616123,0.16774721,0.008414015,,,"Segmental Plate, Tail Bud"
bub3,0.2757599,0.26737216,0.008387744,,,"Segmental Plate, Tail Bud"
prpf31,0.15965311,0.15140267,0.008250445,,,"Segmental Plate, Tail Bud"
anxa1c,0.2466802,0.23862678,0.008053422,,,"Segmental Plate, Tail Bud"
kdelr2a,0.15989457,0.1520438,0.007850766,,,"Segmental Plate, Tail Bud"
slbp,0.46868157,0.46087223,0.007809341,,,"Segmental Plate, Tail Bud"
mcm2,0.24956946,0.24177971,0.007789746,,,"Segmental Plate, Tail Bud"
si:ch211-226h8.14,0.443991,0.43634516,0.0076458454,,,"Segmental Plate, Tail Bud"
FP015809.1,0.27145335,0.2638711,0.0075822473,,,"Segmental Plate, Tail Bud"
med11,0.20728847,0.19989346,0.007395014,,,"Segmental Plate, Tail Bud"
rrp15,0.1574071,0.1500271,0.0073800087,,,"Segmental Plate, Tail Bud"
mapre1b,0.25384405,0.24654436,0.0072996914,,,"Segmental Plate, Tail Bud"
rangap1b,0.14956816,0.14227504,0.00729312,,,"Segmental Plate, Tail Bud"
cnbpb,0.31803703,0.3108005,0.0072365403,,,"Segmental Plate, Tail Bud"
lin28a,0.22815481,0.22094691,0.0072079003,,,"Segmental Plate, Tail Bud"
rnf7,0.3434903,0.33644176,0.0070485473,,,"Segmental Plate, Tail Bud"
smc2,0.23125584,0.22429904,0.006956801,,,"Segmental Plate, Tail Bud"
rps12,4.715952,4.709505,0.0064468384,,,"Segmental Plate, Tail Bud"
safb,0.1961849,0.1897961,0.0063887984,,,"Segmental Plate, Tail Bud"
zgc:110540,0.1668813,0.16054788,0.0063334107,,,"Segmental Plate, Tail Bud"
fkbp2,0.19003266,0.18375911,0.006273553,,,"Segmental Plate, Tail Bud"
ctsba,0.23103687,0.2247787,0.006258175,,,"Segmental Plate, Tail Bud"
nop2,0.20491463,0.19866784,0.0062467903,,,"Segmental Plate, Tail Bud"
reep3b,0.15487997,0.1486673,0.0062126666,,,"Segmental Plate, Tail Bud"
akirin2,0.17837249,0.17217126,0.0062012225,,,"Segmental Plate, Tail Bud"
prrc1,0.16210696,0.15593673,0.006170228,,,"Segmental Plate, Tail Bud"
MZT1,0.19459511,0.18854663,0.0060484856,,,"Segmental Plate, Tail Bud"
tle2a,0.18480575,0.17876069,0.0060450584,,,"Segmental Plate, Tail Bud"
tbx16l,0.20596474,0.20004484,0.0059199035,,,"Segmental Plate, Tail Bud"
sirt7,0.18084411,0.17501938,0.00582473,,,"Segmental Plate, Tail Bud"
tardbpl,0.40848854,0.4027759,0.0057126284,,,"Segmental Plate, Tail Bud"
fam133b,0.15900403,0.15333232,0.00567171,,,"Segmental Plate, Tail Bud"
eif3s10,0.39575982,0.39012605,0.0056337714,,,"Segmental Plate, Tail Bud"
si:dkey-151g10.6,5.4592776,5.4538426,0.00543499,,,"Segmental Plate, Tail Bud"
akap12b,0.48457572,0.4791426,0.0054331124,,,"Segmental Plate, Tail Bud"
gars1,0.15986802,0.15463243,0.0052355826,,,"Segmental Plate, Tail Bud"
si:dkey-239h2.3,0.43643942,0.43121785,0.0052215755,,,"Segmental Plate, Tail Bud"
gatm,0.26539114,0.26020795,0.00518319,,,"Segmental Plate, Tail Bud"
nop56,0.4557856,0.4507765,0.0050091147,,,"Segmental Plate, Tail Bud"
srp54,0.1527691,0.14778881,0.004980296,,,"Segmental Plate, Tail Bud"
tomm22,0.28714624,0.28221282,0.004933417,,,"Segmental Plate, Tail Bud"
cdx1a,0.351049,0.34613416,0.00491485,,,"Segmental Plate, Tail Bud"
dnmt3ba,0.16432397,0.15961091,0.0047130585,,,"Segmental Plate, Tail Bud"
itm2ba,0.16114064,0.15655753,0.0045831054,,,"Segmental Plate, Tail Bud"
glulb,0.21005216,0.20558088,0.004471287,,,"Segmental Plate, Tail Bud"
rps19bp1,0.19254981,0.18811247,0.0044373423,,,"Segmental Plate, Tail Bud"
top1l,0.23506333,0.230718,0.0043453276,,,"Segmental Plate, Tail Bud"
ddx5,0.399638,0.3954347,0.0042032897,,,"Segmental Plate, Tail Bud"
rimkla,0.16827188,0.16409352,0.00417836,,,"Segmental Plate, Tail Bud"
cst14a.2,0.22829202,0.22425734,0.004034683,,,"Segmental Plate, Tail Bud"
slc25a20,0.16015148,0.15642117,0.003730312,,,"Segmental Plate, Tail Bud"
smc3,0.23341136,0.22996607,0.0034452826,,,"Segmental Plate, Tail Bud"
smarca4a,0.24930204,0.24595879,0.0033432543,,,"Segmental Plate, Tail Bud"
ldb1a,0.20004363,0.19670156,0.0033420771,,,"Segmental Plate, Tail Bud"
aimp1a,0.15838115,0.15509084,0.0032903105,,,"Segmental Plate, Tail Bud"
si:ch211-51e12.7,0.4838387,0.4805645,0.0032742023,,,"Segmental Plate, Tail Bud"
rps29,2.8364582,2.833188,0.0032701492,,,"Segmental Plate, Tail Bud"
btg2,0.20181485,0.19861037,0.0032044798,,,"Segmental Plate, Tail Bud"
usp10,0.22943258,0.22637103,0.0030615479,,,"Segmental Plate, Tail Bud"
aurkb,0.4512001,0.448372,0.0028280914,,,"Segmental Plate, Tail Bud"
rsph10b,0.1498126,0.14703782,0.002774775,,,"Segmental Plate, Tail Bud"
eif3c,0.3450383,0.34248462,0.0025536716,,,"Segmental Plate, Tail Bud"
hnrnpm,0.72740716,0.7248628,0.0025443435,,,"Segmental Plate, Tail Bud"
smc1al,0.31162262,0.30909604,0.0025265813,,,"Segmental Plate, Tail Bud"
abcf1,0.36599204,0.36346605,0.0025259852,,,"Segmental Plate, Tail Bud"
wdr12,0.17000946,0.16757213,0.0024373382,,,"Segmental Plate, Tail Bud"
spcs1,0.24673207,0.24441227,0.0023197979,,,"Segmental Plate, Tail Bud"
bxdc2,0.2207917,0.21885858,0.0019331127,,,"Segmental Plate, Tail Bud"
nop58,0.5294231,0.5276422,0.0017809272,,,"Segmental Plate, Tail Bud"
rac1a,0.47405595,0.4723401,0.0017158389,,,"Segmental Plate, Tail Bud"
cct7,0.3538611,0.3523448,0.0015162826,,,"Segmental Plate, Tail Bud"
BX927327.1,0.17404613,0.17264283,0.001403302,,,"Segmental Plate, Tail Bud"
cdca5,0.16911024,0.1677071,0.001403138,,,"Segmental Plate, Tail Bud"
mcl1a,0.1734593,0.17206399,0.0013953149,,,"Segmental Plate, Tail Bud"
cfl1l,0.37820077,0.37681356,0.0013872087,,,"Segmental Plate, Tail Bud"
epcam,0.2758045,0.27451536,0.0012891293,,,"Segmental Plate, Tail Bud"
raraa,0.14825937,0.14700265,0.0012567192,,,"Segmental Plate, Tail Bud"
csnk1a1,0.1832118,0.18204457,0.0011672378,,,"Segmental Plate, Tail Bud"
golga7,0.172622,0.1714739,0.0011480898,,,"Segmental Plate, Tail Bud"
mt-nd4,0.36748824,0.3663504,0.0011378229,,,"Segmental Plate, Tail Bud"
cdv3,0.16616742,0.16509782,0.0010696054,,,"Segmental Plate, Tail Bud"
smx5,0.5013903,0.5003615,0.0010287762,,,"Segmental Plate, Tail Bud"
psmc4,0.29539227,0.2943829,0.0010093749,,,"Segmental Plate, Tail Bud"
copz1,0.16600242,0.16500671,0.0009957105,,,"Segmental Plate, Tail Bud"
tia1,0.1431963,0.14226876,0.0009275377,,,"Segmental Plate, Tail Bud"
ndufa5,0.2682335,0.2673919,0.0008416176,,,"Segmental Plate, Tail Bud"
ube2na,0.16860573,0.16801767,0.0005880594,,,"Segmental Plate, Tail Bud"
zfx,0.36773428,0.3672045,0.0005297959,,,"Segmental Plate, Tail Bud"
taf7,0.17276129,0.1725095,0.00025178492,,,"Segmental Plate, Tail Bud"
im:7138239,0.23560232,0.23543543,0.000166893,,,"Segmental Plate, Tail Bud"
emg1,0.45654806,0.45651639,3.167987e-05,,,"Segmental Plate, Tail Bud"
rsl1d1,0.21588911,0.21594419,-5.507469e-05,,,"Segmental Plate, Tail Bud"
mfap1,0.17821898,0.1785532,-0.00033421814,,,"Segmental Plate, Tail Bud"
spaca4l,1.6273991,1.6279192,-0.00052011013,,,"Segmental Plate, Tail Bud"
ctps1a,0.9838283,0.98446816,-0.00063985586,,,"Segmental Plate, Tail Bud"
ilf3b,0.4922484,0.49289814,-0.00064975023,,,"Segmental Plate, Tail Bud"
zgc:175088,0.15734698,0.15804611,-0.0006991327,,,"Segmental Plate, Tail Bud"
si:ch211-217k17.9,0.20724836,0.20799181,-0.00074344873,,,"Segmental Plate, Tail Bud"
eif4a1a,0.38519955,0.38594645,-0.0007469058,,,"Segmental Plate, Tail Bud"
eif4g1a,0.18204175,0.18281914,-0.0007773936,,,"Segmental Plate, Tail Bud"
rps15a,2.8438349,2.8447447,-0.0009098053,,,"Segmental Plate, Tail Bud"
greb1,0.13959669,0.14050663,-0.0009099394,,,"Segmental Plate, Tail Bud"
ywhabb,0.379357,0.38045594,-0.0010989308,,,"Segmental Plate, Tail Bud"
pdhb,0.1387634,0.13990438,-0.0011409819,,,"Segmental Plate, Tail Bud"
prpf8,0.36883688,0.3701317,-0.0012948215,,,"Segmental Plate, Tail Bud"
cstf1,0.17597456,0.17743362,-0.0014590621,,,"Segmental Plate, Tail Bud"
arf1,0.20811597,0.20965712,-0.0015411526,,,"Segmental Plate, Tail Bud"
yeats4,0.23964794,0.24149731,-0.0018493682,,,"Segmental Plate, Tail Bud"
gpx4b,0.2980338,0.2999013,-0.0018675029,,,"Segmental Plate, Tail Bud"
rad23b,0.23087284,0.23286301,-0.0019901693,,,"Segmental Plate, Tail Bud"
eif4bb,0.38150048,0.38351807,-0.0020175874,,,"Segmental Plate, Tail Bud"
abce1,0.4388264,0.4409709,-0.0021444857,,,"Segmental Plate, Tail Bud"
CU694197.1,0.3731448,0.37544668,-0.0023018718,,,"Segmental Plate, Tail Bud"
prpf40a,0.14264181,0.14511111,-0.0024693012,,,"Segmental Plate, Tail Bud"
zgc:161969,0.17023513,0.17272353,-0.0024884045,,,"Segmental Plate, Tail Bud"
cops9,0.2277022,0.23024607,-0.0025438666,,,"Segmental Plate, Tail Bud"
srp9,0.18743399,0.19007207,-0.0026380867,,,"Segmental Plate, Tail Bud"
pum1,0.15116887,0.15384316,-0.0026742965,,,"Segmental Plate, Tail Bud"
nudt21,0.14510785,0.1478452,-0.0027373433,,,"Segmental Plate, Tail Bud"
ube2e1,0.16329521,0.16604619,-0.0027509779,,,"Segmental Plate, Tail Bud"
hnrnpub,0.71080005,0.71370226,-0.0029022098,,,"Segmental Plate, Tail Bud"
psmb5,0.2884312,0.29139757,-0.0029663742,,,"Segmental Plate, Tail Bud"
nop16,0.35219207,0.35517123,-0.0029791594,,,"Segmental Plate, Tail Bud"
pfkfb4b,0.16144225,0.16461937,-0.0031771213,,,"Segmental Plate, Tail Bud"
hnrnpc,0.17282999,0.17623334,-0.0034033507,,,"Segmental Plate, Tail Bud"
mbd3b,0.20675237,0.21019961,-0.0034472346,,,"Segmental Plate, Tail Bud"
zgc:92664,0.19458973,0.1981324,-0.0035426617,,,"Segmental Plate, Tail Bud"
cstf2,0.26497746,0.268782,-0.0038045347,,,"Segmental Plate, Tail Bud"
si:ch211-286b5.5,0.2356829,0.23971799,-0.0040350854,,,"Segmental Plate, Tail Bud"
elavl1a,0.47013602,0.47425017,-0.004114151,,,"Segmental Plate, Tail Bud"
plrg1,0.221981,0.22622722,-0.00424622,,,"Segmental Plate, Tail Bud"
dnmt1,0.19227871,0.19665518,-0.004376471,,,"Segmental Plate, Tail Bud"
thrap3b,0.1948948,0.19931352,-0.004418716,,,"Segmental Plate, Tail Bud"
nusap1,0.22784837,0.2323323,-0.004483938,,,"Segmental Plate, Tail Bud"
mycn,0.19819732,0.20268874,-0.0044914186,,,"Segmental Plate, Tail Bud"
ubb,0.33318615,0.33775854,-0.0045723915,,,"Segmental Plate, Tail Bud"
hoxb7a,0.7672776,0.7720126,-0.004734993,,,"Segmental Plate, Tail Bud"
nasp,0.23789822,0.24264568,-0.0047474653,,,"Segmental Plate, Tail Bud"
uqcrc2a,0.182104,0.18686473,-0.0047607273,,,"Segmental Plate, Tail Bud"
sash1a,0.3641946,0.36912996,-0.004935354,,,"Segmental Plate, Tail Bud"
tob1a,0.25771403,0.26266608,-0.0049520433,,,"Segmental Plate, Tail Bud"
aldh9a1a.1,0.18848121,0.19344597,-0.004964754,,,"Segmental Plate, Tail Bud"
ywhabl,0.22891091,0.23392919,-0.005018279,,,"Segmental Plate, Tail Bud"
plk1,0.5356066,0.54088295,-0.0052763224,,,"Segmental Plate, Tail Bud"
ssr2,0.20009205,0.20546518,-0.005373135,,,"Segmental Plate, Tail Bud"
si:ch211-217k17.7,0.25294507,0.25887007,-0.0059249997,,,"Segmental Plate, Tail Bud"
llph,0.3680938,0.3741312,-0.006037414,,,"Segmental Plate, Tail Bud"
smdt1b,0.1914993,0.19761944,-0.0061201453,,,"Segmental Plate, Tail Bud"
eif5,0.2214559,0.22763331,-0.0061774105,,,"Segmental Plate, Tail Bud"
pphln1,0.14767462,0.15393083,-0.006256208,,,"Segmental Plate, Tail Bud"
eftud2,0.20153628,0.20799166,-0.0064553767,,,"Segmental Plate, Tail Bud"
khdrbs1b,0.522513,0.5290392,-0.0065262318,,,"Segmental Plate, Tail Bud"
cbx1a,0.37256932,0.3790979,-0.006528586,,,"Segmental Plate, Tail Bud"
sumo1,0.24336757,0.24996474,-0.006597176,,,"Segmental Plate, Tail Bud"
kars1,0.45296967,0.4597967,-0.0068270266,,,"Segmental Plate, Tail Bud"
sept6,0.20725971,0.21414182,-0.0068821013,,,"Segmental Plate, Tail Bud"
psmc5,0.21883288,0.22573099,-0.006898105,,,"Segmental Plate, Tail Bud"
stmn1a,0.36687014,0.37377304,-0.0069029033,,,"Segmental Plate, Tail Bud"
pabpn1,0.20118749,0.20809643,-0.0069089383,,,"Segmental Plate, Tail Bud"
unga,0.14519133,0.15210368,-0.0069123507,,,"Segmental Plate, Tail Bud"
CR936321.5,0.2536811,0.26071468,-0.0070335865,,,"Segmental Plate, Tail Bud"
C3H16orf72,0.21563564,0.22272703,-0.007091388,,,"Segmental Plate, Tail Bud"
ik,0.1684125,0.17557275,-0.0071602464,,,"Segmental Plate, Tail Bud"
gtf2h5,0.21606979,0.22324003,-0.007170245,,,"Segmental Plate, Tail Bud"
uchl5,0.21033329,0.21751782,-0.0071845353,,,"Segmental Plate, Tail Bud"
rplp2,1.8613833,1.8686033,-0.00722003,,,"Segmental Plate, Tail Bud"
tcea1,0.2954943,0.3029159,-0.0074216127,,,"Segmental Plate, Tail Bud"
bud31,0.9979198,1.0054849,-0.0075651407,,,"Segmental Plate, Tail Bud"
rpl35a,2.8681724,2.8757536,-0.007581234,,,"Segmental Plate, Tail Bud"
mif,0.16487637,0.17252532,-0.007648945,,,"Segmental Plate, Tail Bud"
ddx23,0.16109371,0.16907746,-0.007983744,,,"Segmental Plate, Tail Bud"
cfl1,0.5154608,0.52344465,-0.007983863,,,"Segmental Plate, Tail Bud"
rbm34,0.22745672,0.2357939,-0.008337185,,,"Segmental Plate, Tail Bud"
znf207a,0.16158018,0.17010702,-0.008526847,,,"Segmental Plate, Tail Bud"
abracl,0.20606712,0.21465144,-0.008584321,,,"Segmental Plate, Tail Bud"
selenok,0.32333925,0.33196795,-0.008628696,,,"Segmental Plate, Tail Bud"
eif1axb,0.4770402,0.48567015,-0.008629948,,,"Segmental Plate, Tail Bud"
fn1b,0.27531528,0.28406927,-0.008753985,,,"Segmental Plate, Tail Bud"
spc24,0.22484608,0.23360188,-0.008755803,,,"Segmental Plate, Tail Bud"
sae1,0.5587139,0.567471,-0.008757114,,,"Segmental Plate, Tail Bud"
pfn1,0.8396135,0.84855014,-0.008936644,,,"Segmental Plate, Tail Bud"
tmem167a,0.23071495,0.23970103,-0.008986086,,,"Segmental Plate, Tail Bud"
gtf2a2,0.17520675,0.18420738,-0.009000629,,,"Segmental Plate, Tail Bud"
gnl3,0.2925123,0.30176482,-0.009252518,,,"Segmental Plate, Tail Bud"
polr2l,0.7618838,0.7711401,-0.009256303,,,"Segmental Plate, Tail Bud"
prpf19,0.5759193,0.5852812,-0.009361923,,,"Segmental Plate, Tail Bud"
rps27a,3.8987997,3.908229,-0.009429455,,,"Segmental Plate, Tail Bud"
tp53inp2,0.15259263,0.16206138,-0.009468749,,,"Segmental Plate, Tail Bud"
wdr5,0.2934898,0.30318245,-0.009692639,,,"Segmental Plate, Tail Bud"
marcksa,0.1893638,0.1991106,-0.00974679,,,"Segmental Plate, Tail Bud"
mrpl42,0.24364908,0.2534723,-0.009823218,,,"Segmental Plate, Tail Bud"
atp6v0ca,0.20157331,0.21140823,-0.009834915,,,"Segmental Plate, Tail Bud"
puf60b,0.15427706,0.1641318,-0.009854749,,,"Segmental Plate, Tail Bud"
si:dkey-247k7.2,0.14517765,0.15512054,-0.009942889,,,"Segmental Plate, Tail Bud"
utp11,0.17386231,0.18381584,-0.009953529,,,"Segmental Plate, Tail Bud"
dcun1d5,0.20075971,0.21073464,-0.009974927,,,"Segmental Plate, Tail Bud"
wdr75,0.14704101,0.15714471,-0.010103703,,,"Segmental Plate, Tail Bud"
denr,0.16036403,0.17055507,-0.010191038,,,"Segmental Plate, Tail Bud"
sdcbp2,0.17173055,0.18214059,-0.010410041,,,"Segmental Plate, Tail Bud"
abcf2a,0.155606,0.16619319,-0.010587186,,,"Segmental Plate, Tail Bud"
cnbpa,0.31701604,0.32777604,-0.010760009,,,"Segmental Plate, Tail Bud"
eef1a1l1,4.9195747,4.9303446,-0.010769844,,,"Segmental Plate, Tail Bud"
atp5mea,0.1540485,0.16482031,-0.010771811,,,"Segmental Plate, Tail Bud"
gtpbp4,0.3324182,0.34343177,-0.011013567,,,"Segmental Plate, Tail Bud"
pes,0.3693899,0.3804759,-0.011086017,,,"Segmental Plate, Tail Bud"
phb,0.19922791,0.21036802,-0.011140108,,,"Segmental Plate, Tail Bud"
elavl1b,0.3513895,0.3625847,-0.011195213,,,"Segmental Plate, Tail Bud"
arl14ep,0.14857581,0.15997232,-0.011396512,,,"Segmental Plate, Tail Bud"
hnrnpa1b,0.9463497,0.95779943,-0.011449754,,,"Segmental Plate, Tail Bud"
id1,1.4849074,1.4964516,-0.011544228,,,"Segmental Plate, Tail Bud"
dohh,0.16110541,0.17280371,-0.011698306,,,"Segmental Plate, Tail Bud"
drg1,0.1774581,0.18921116,-0.011753067,,,"Segmental Plate, Tail Bud"
si:ch211-282b22.1,0.16701995,0.17891686,-0.011896908,,,"Segmental Plate, Tail Bud"
utp6,0.14684424,0.15888184,-0.012037605,,,"Segmental Plate, Tail Bud"
akap8l,0.24070577,0.25288996,-0.012184188,,,"Segmental Plate, Tail Bud"
cdca7a,0.30340633,0.31566313,-0.012256801,,,"Segmental Plate, Tail Bud"
pdcd11,0.19816579,0.21042363,-0.012257844,,,"Segmental Plate, Tail Bud"
eif2s1a,0.30609185,0.31840104,-0.012309194,,,"Segmental Plate, Tail Bud"
pdap1a,0.32583636,0.33817568,-0.012339324,,,"Segmental Plate, Tail Bud"
znhit3,0.26406696,0.27646583,-0.012398869,,,"Segmental Plate, Tail Bud"
h3f3c,0.23863202,0.25103846,-0.012406439,,,"Segmental Plate, Tail Bud"
dld,0.18832208,0.20085737,-0.012535289,,,"Segmental Plate, Tail Bud"
cks1b,0.23944761,0.25220686,-0.012759253,,,"Segmental Plate, Tail Bud"
bsg,0.39636806,0.40928644,-0.012918383,,,"Segmental Plate, Tail Bud"
si:dkey-42i9.4,0.45455348,0.46753648,-0.012982994,,,"Segmental Plate, Tail Bud"
cpsf6,0.16834404,0.18133418,-0.012990147,,,"Segmental Plate, Tail Bud"
dact2,0.15528834,0.16829664,-0.0130082965,,,"Segmental Plate, Tail Bud"
adssl,0.43761376,0.45086706,-0.013253301,,,"Segmental Plate, Tail Bud"
tcta,0.22261623,0.23598537,-0.013369143,,,"Segmental Plate, Tail Bud"
ddx46,0.20691018,0.22042717,-0.013516992,,,"Segmental Plate, Tail Bud"
mrpl20,0.39510402,0.40864977,-0.013545752,,,"Segmental Plate, Tail Bud"
mrpl54,0.17369276,0.18724854,-0.01355578,,,"Segmental Plate, Tail Bud"
BX914200.1,0.12718453,0.14083955,-0.013655022,,,"Segmental Plate, Tail Bud"
eif3m,0.6186178,0.63231635,-0.013698578,,,"Segmental Plate, Tail Bud"
zgc:114119,0.23644795,0.2502549,-0.013806954,,,"Segmental Plate, Tail Bud"
h2az2a,0.5445984,0.55843294,-0.013834536,,,"Segmental Plate, Tail Bud"
slc43a1a,0.15714855,0.17104508,-0.013896525,,,"Segmental Plate, Tail Bud"
tmem258,0.38632175,0.4003819,-0.01406014,,,"Segmental Plate, Tail Bud"
nucks1b,0.21650517,0.23089851,-0.0143933445,,,"Segmental Plate, Tail Bud"
chchd2,0.34056875,0.35532847,-0.014759719,,,"Segmental Plate, Tail Bud"
gabarapb,0.16508363,0.1798487,-0.014765069,,,"Segmental Plate, Tail Bud"
vdac1,0.22785106,0.2426903,-0.014839232,,,"Segmental Plate, Tail Bud"
edf1,0.55798465,0.5728986,-0.014913976,,,"Segmental Plate, Tail Bud"
ppp2r1ba,0.17793648,0.19289514,-0.014958665,,,"Segmental Plate, Tail Bud"
psma6b,0.27167615,0.28678742,-0.015111268,,,"Segmental Plate, Tail Bud"
eef1g,1.3821949,1.3976743,-0.015479445,,,"Segmental Plate, Tail Bud"
ebna1bp2,0.17456524,0.19025779,-0.015692547,,,"Segmental Plate, Tail Bud"
ube2nb,0.1350592,0.15076523,-0.015706033,,,"Segmental Plate, Tail Bud"
rrm2,0.93145096,0.9473236,-0.015872657,,,"Segmental Plate, Tail Bud"
msna,0.18681851,0.2026995,-0.015880987,,,"Segmental Plate, Tail Bud"
ddx3xb,0.15542533,0.17134686,-0.015921533,,,"Segmental Plate, Tail Bud"
prc1a,0.19532399,0.21127038,-0.015946388,,,"Segmental Plate, Tail Bud"
rpa1,0.2719278,0.2880304,-0.016102582,,,"Segmental Plate, Tail Bud"
kpna2,0.1465075,0.16269912,-0.016191617,,,"Segmental Plate, Tail Bud"
krt92,0.715934,0.7322403,-0.01630634,,,"Segmental Plate, Tail Bud"
zgc:86598,0.14375779,0.16008301,-0.01632522,,,"Segmental Plate, Tail Bud"
znfl2a,0.38523775,0.4016715,-0.016433746,,,"Segmental Plate, Tail Bud"
taf15,0.4396024,0.45621026,-0.01660785,,,"Segmental Plate, Tail Bud"
cstf3,0.19771542,0.21434297,-0.01662755,,,"Segmental Plate, Tail Bud"
tpt1,2.7868123,2.8034437,-0.016631365,,,"Segmental Plate, Tail Bud"
ranbp1,0.5192729,0.5359094,-0.01663649,,,"Segmental Plate, Tail Bud"
capns1b,0.16325425,0.17995527,-0.016701028,,,"Segmental Plate, Tail Bud"
chd7,0.2912701,0.30800503,-0.016734928,,,"Segmental Plate, Tail Bud"
hnrnpd,0.63661855,0.6534143,-0.016795754,,,"Segmental Plate, Tail Bud"
eif2s1b,0.18797137,0.2048114,-0.016840026,,,"Segmental Plate, Tail Bud"
ndufs6,0.25452733,0.27155477,-0.017027438,,,"Segmental Plate, Tail Bud"
snai1a,0.19478059,0.21190822,-0.017127633,,,"Segmental Plate, Tail Bud"
mrps21,0.17622948,0.19339263,-0.017163157,,,"Segmental Plate, Tail Bud"
atox1,0.18217738,0.1996316,-0.017454222,,,"Segmental Plate, Tail Bud"
znf593,0.4271566,0.44477203,-0.017615438,,,"Segmental Plate, Tail Bud"
pa2g4a,0.26471666,0.2823819,-0.017665237,,,"Segmental Plate, Tail Bud"
supt4h1,0.21283725,0.23081957,-0.017982319,,,"Segmental Plate, Tail Bud"
tuba1a,0.33558145,0.35356653,-0.017985076,,,"Segmental Plate, Tail Bud"
dnaja2a,0.14931273,0.16732468,-0.018011943,,,"Segmental Plate, Tail Bud"
rap1aa,0.29745558,0.3155555,-0.018099934,,,"Segmental Plate, Tail Bud"
sf3b4,0.1947696,0.21290146,-0.018131852,,,"Segmental Plate, Tail Bud"
med6,0.15770225,0.17610371,-0.018401459,,,"Segmental Plate, Tail Bud"
cdk9,0.12998153,0.14843513,-0.018453598,,,"Segmental Plate, Tail Bud"
atp5mc3a,0.6742282,0.6928044,-0.018576205,,,"Segmental Plate, Tail Bud"
calm3b,0.17219356,0.19078702,-0.01859346,,,"Segmental Plate, Tail Bud"
CABZ01087560.1,0.18591897,0.20454486,-0.018625885,,,"Segmental Plate, Tail Bud"
sf3b1,0.3442285,0.3630439,-0.018815398,,,"Segmental Plate, Tail Bud"
lsm5,0.18148005,0.2003707,-0.01889065,,,"Segmental Plate, Tail Bud"
tsr2,0.17565209,0.19467247,-0.019020379,,,"Segmental Plate, Tail Bud"
bcas2,0.36353254,0.38269842,-0.019165874,,,"Segmental Plate, Tail Bud"
prpf39,0.39775196,0.41704494,-0.01929298,,,"Segmental Plate, Tail Bud"
h2ax1,0.3534359,0.37286896,-0.019433051,,,"Segmental Plate, Tail Bud"
luc7l,0.15821126,0.17775425,-0.019542992,,,"Segmental Plate, Tail Bud"
ywhae1,0.20190813,0.22146973,-0.019561604,,,"Segmental Plate, Tail Bud"
ak2,0.22187881,0.24149463,-0.019615814,,,"Segmental Plate, Tail Bud"
srprb,0.22282517,0.24263425,-0.019809082,,,"Segmental Plate, Tail Bud"
ddx54,0.15167797,0.17184255,-0.02016458,,,"Segmental Plate, Tail Bud"
cyt1l,0.91547173,0.93577,-0.020298243,,,"Segmental Plate, Tail Bud"
pclaf,0.6345796,0.65510166,-0.020522058,,,"Segmental Plate, Tail Bud"
ndufb5,0.18924388,0.20978472,-0.020540833,,,"Segmental Plate, Tail Bud"
max,0.29861552,0.31916404,-0.020548522,,,"Segmental Plate, Tail Bud"
gpx1a,0.21866575,0.2392893,-0.02062355,,,"Segmental Plate, Tail Bud"
zgc:153284,0.38147184,0.402179,-0.02070716,,,"Segmental Plate, Tail Bud"
hspa8,2.2532914,2.2741191,-0.02082777,,,"Segmental Plate, Tail Bud"
actl6a,0.30983448,0.33066607,-0.020831585,,,"Segmental Plate, Tail Bud"
her3,0.25820005,0.27908492,-0.020884871,,,"Segmental Plate, Tail Bud"
clta,0.24864502,0.26972893,-0.021083906,,,"Segmental Plate, Tail Bud"
rae1,0.15830147,0.17964159,-0.021340117,,,"Segmental Plate, Tail Bud"
rpf2,0.3088861,0.33026645,-0.021380335,,,"Segmental Plate, Tail Bud"
rpa2,0.2459078,0.26733515,-0.021427348,,,"Segmental Plate, Tail Bud"
hmgb3b,0.23460904,0.25612924,-0.021520197,,,"Segmental Plate, Tail Bud"
myl12.2,0.19976625,0.22135338,-0.021587133,,,"Segmental Plate, Tail Bud"
txnl4a,0.38545498,0.40705112,-0.021596134,,,"Segmental Plate, Tail Bud"
snrpa,0.55481553,0.5764878,-0.021672249,,,"Segmental Plate, Tail Bud"
mlf2,0.16869575,0.19063969,-0.021943942,,,"Segmental Plate, Tail Bud"
ube2v2,0.27618396,0.2982824,-0.022098452,,,"Segmental Plate, Tail Bud"
rpl39,3.2851255,3.307268,-0.02214241,,,"Segmental Plate, Tail Bud"
stag2b,0.15924913,0.1814559,-0.022206768,,,"Segmental Plate, Tail Bud"
dusp19b,0.1807907,0.20312904,-0.022338346,,,"Segmental Plate, Tail Bud"
cox7a2l,0.31688553,0.3393007,-0.022415161,,,"Segmental Plate, Tail Bud"
paip2b,0.32050762,0.34302828,-0.022520661,,,"Segmental Plate, Tail Bud"
rpl12,3.674579,3.6971307,-0.022551775,,,"Segmental Plate, Tail Bud"
BX276101.1,0.24634388,0.2689778,-0.02263391,,,"Segmental Plate, Tail Bud"
ndufa6,0.20689124,0.22975439,-0.02286315,,,"Segmental Plate, Tail Bud"
supt16h,0.22861145,0.25153,-0.022918537,,,"Segmental Plate, Tail Bud"
rps11,3.2615016,3.2844563,-0.022954702,,,"Segmental Plate, Tail Bud"
mpc1,0.20894033,0.2319566,-0.023016274,,,"Segmental Plate, Tail Bud"
zgc:162944,0.14356473,0.16658519,-0.023020461,,,"Segmental Plate, Tail Bud"
ndufa4l,0.8101143,0.8332267,-0.023112357,,,"Segmental Plate, Tail Bud"
psmc6,0.3809594,0.4041133,-0.023153901,,,"Segmental Plate, Tail Bud"
dnaja2b,0.19017872,0.21335264,-0.023173913,,,"Segmental Plate, Tail Bud"
pfdn5,0.22140025,0.24470563,-0.023305386,,,"Segmental Plate, Tail Bud"
rhoac,0.1964124,0.21972205,-0.023309648,,,"Segmental Plate, Tail Bud"
psma2,0.44968188,0.47334516,-0.023663282,,,"Segmental Plate, Tail Bud"
anapc11,0.23232584,0.2560772,-0.023751363,,,"Segmental Plate, Tail Bud"
cox5aa,1.008874,1.0328903,-0.024016261,,,"Segmental Plate, Tail Bud"
seta,1.1138786,1.1381359,-0.024257302,,,"Segmental Plate, Tail Bud"
si:dkey-88p24.11,0.17532742,0.19994673,-0.024619311,,,"Segmental Plate, Tail Bud"
mgst3b,0.5641164,0.5888195,-0.024703085,,,"Segmental Plate, Tail Bud"
mt-nd6,0.1499282,0.17467108,-0.024742886,,,"Segmental Plate, Tail Bud"
sephs1,0.19836926,0.22334063,-0.024971366,,,"Segmental Plate, Tail Bud"
eif4h,0.26526946,0.29025552,-0.024986058,,,"Segmental Plate, Tail Bud"
parp1,0.22235195,0.24753265,-0.025180697,,,"Segmental Plate, Tail Bud"
smim15,0.34206936,0.3672505,-0.025181144,,,"Segmental Plate, Tail Bud"
sf3a1,0.39987788,0.42507493,-0.025197059,,,"Segmental Plate, Tail Bud"
anp32b,0.5453978,0.5707343,-0.025336504,,,"Segmental Plate, Tail Bud"
lsm7,0.48661205,0.51224476,-0.02563271,,,"Segmental Plate, Tail Bud"
rpl3,2.6461039,2.6717627,-0.025658846,,,"Segmental Plate, Tail Bud"
ndufb2,0.39754415,0.42322946,-0.02568531,,,"Segmental Plate, Tail Bud"
ndufa3,0.39210868,0.41788918,-0.025780499,,,"Segmental Plate, Tail Bud"
gmnn,0.15955964,0.18565446,-0.026094824,,,"Segmental Plate, Tail Bud"
eif6,0.2133553,0.23971671,-0.026361406,,,"Segmental Plate, Tail Bud"
uqcr10,0.42987165,0.45638025,-0.0265086,,,"Segmental Plate, Tail Bud"
rpl17,2.428221,2.4547772,-0.026556253,,,"Segmental Plate, Tail Bud"
grm2b,0.15505692,0.18163148,-0.026574552,,,"Segmental Plate, Tail Bud"
psph,0.16004501,0.18676801,-0.026722997,,,"Segmental Plate, Tail Bud"
nupr1a,0.20833963,0.2351504,-0.026810765,,,"Segmental Plate, Tail Bud"
mrpl47,0.1499661,0.17694913,-0.026983023,,,"Segmental Plate, Tail Bud"
atp5md,0.35883495,0.3859144,-0.027079433,,,"Segmental Plate, Tail Bud"
pbdc1,0.2665068,0.29358858,-0.027081788,,,"Segmental Plate, Tail Bud"
zmat2,0.18882327,0.21611732,-0.027294055,,,"Segmental Plate, Tail Bud"
adi1,0.19719447,0.22457166,-0.027377188,,,"Segmental Plate, Tail Bud"
psmd6,0.21249725,0.23999546,-0.027498215,,,"Segmental Plate, Tail Bud"
rabac1,0.14624548,0.17404005,-0.02779457,,,"Segmental Plate, Tail Bud"
tpm3,0.1993999,0.2272693,-0.027869403,,,"Segmental Plate, Tail Bud"
anapc16,0.47754502,0.50543064,-0.027885616,,,"Segmental Plate, Tail Bud"
si:dkey-56m19.5,0.14564814,0.17354983,-0.027901694,,,"Segmental Plate, Tail Bud"
timm8b,0.42066124,0.4486359,-0.027974665,,,"Segmental Plate, Tail Bud"
tbcb,0.1478298,0.1758426,-0.028012797,,,"Segmental Plate, Tail Bud"
eif3f,1.1494535,1.1775805,-0.028126955,,,"Segmental Plate, Tail Bud"
ndufa10,0.16503373,0.19332805,-0.028294325,,,"Segmental Plate, Tail Bud"
kifc1,0.20170543,0.23002297,-0.02831754,,,"Segmental Plate, Tail Bud"
dpm3,0.1790639,0.20749243,-0.028428525,,,"Segmental Plate, Tail Bud"
mrpl36,0.27586874,0.30447337,-0.028604627,,,"Segmental Plate, Tail Bud"
hikeshi,0.3130559,0.34171787,-0.028661966,,,"Segmental Plate, Tail Bud"
cox6c,0.5735236,0.60226303,-0.028739452,,,"Segmental Plate, Tail Bud"
ubc,1.6198113,1.6485791,-0.028767824,,,"Segmental Plate, Tail Bud"
prdx5,0.15364003,0.182448,-0.028807968,,,"Segmental Plate, Tail Bud"
bccip,0.22256024,0.25155354,-0.028993294,,,"Segmental Plate, Tail Bud"
cdca7b,0.20302975,0.2321496,-0.02911985,,,"Segmental Plate, Tail Bud"
prg4b,0.1883074,0.21776003,-0.029452622,,,"Segmental Plate, Tail Bud"
sf3b3,0.2370728,0.26666653,-0.029593736,,,"Segmental Plate, Tail Bud"
c19h1orf109,0.27787748,0.30750954,-0.029632062,,,"Segmental Plate, Tail Bud"
pfdn6,0.4876494,0.5175664,-0.029916972,,,"Segmental Plate, Tail Bud"
tmed10,0.16030009,0.19025022,-0.029950127,,,"Segmental Plate, Tail Bud"
atp5pf,0.28197563,0.31232744,-0.030351818,,,"Segmental Plate, Tail Bud"
rpl7l1,0.4655321,0.49596673,-0.030434638,,,"Segmental Plate, Tail Bud"
psmd3,0.16506927,0.1956824,-0.03061314,,,"Segmental Plate, Tail Bud"
uba2,0.17869478,0.20942701,-0.03073223,,,"Segmental Plate, Tail Bud"
ptbp1b,0.3028537,0.33362576,-0.03077206,,,"Segmental Plate, Tail Bud"
ndufc2,0.35018077,0.38127074,-0.031089962,,,"Segmental Plate, Tail Bud"
prpf4,0.15383245,0.18495497,-0.03112252,,,"Segmental Plate, Tail Bud"
ppiaa,2.1424532,2.1736548,-0.031201601,,,"Segmental Plate, Tail Bud"
psma4,0.18691765,0.21824367,-0.031326026,,,"Segmental Plate, Tail Bud"
ndufa12,0.19725986,0.22859201,-0.03133215,,,"Segmental Plate, Tail Bud"
ywhaqb,0.246275,0.27762336,-0.031348363,,,"Segmental Plate, Tail Bud"
mibp,0.3026166,0.33402267,-0.031406075,,,"Segmental Plate, Tail Bud"
sf3b5,0.14321262,0.17473307,-0.031520456,,,"Segmental Plate, Tail Bud"
eif3i,0.5722321,0.60421216,-0.031980038,,,"Segmental Plate, Tail Bud"
G3BP2,0.16424493,0.19622763,-0.03198269,,,"Segmental Plate, Tail Bud"
actb1,1.2347001,1.2667128,-0.0320127,,,"Segmental Plate, Tail Bud"
tuba8l,0.50982183,0.5418818,-0.032059968,,,"Segmental Plate, Tail Bud"
nudc,0.3006888,0.3329343,-0.032245487,,,"Segmental Plate, Tail Bud"
her12,0.14278921,0.1755297,-0.03274049,,,"Segmental Plate, Tail Bud"
ndufa2,0.14862718,0.18153702,-0.03290984,,,"Segmental Plate, Tail Bud"
npm3,0.6637364,0.69674665,-0.033010244,,,"Segmental Plate, Tail Bud"
dnmt3bb.2,0.17914733,0.21251047,-0.033363134,,,"Segmental Plate, Tail Bud"
eif4e1c,0.19844067,0.2318327,-0.033392027,,,"Segmental Plate, Tail Bud"
ifi45,0.22777165,0.26116392,-0.033392265,,,"Segmental Plate, Tail Bud"
slc25a5,2.5340729,2.5676281,-0.03355527,,,"Segmental Plate, Tail Bud"
cad,0.39638165,0.43003836,-0.033656716,,,"Segmental Plate, Tail Bud"
mrpl57,0.34576264,0.37942192,-0.03365928,,,"Segmental Plate, Tail Bud"
eif1,0.504687,0.53863704,-0.03395003,,,"Segmental Plate, Tail Bud"
g3bp1,0.49336585,0.52759975,-0.034233898,,,"Segmental Plate, Tail Bud"
e2f3,0.17076267,0.20529757,-0.0345349,,,"Segmental Plate, Tail Bud"
pak1ip1,0.13562204,0.1705691,-0.034947067,,,"Segmental Plate, Tail Bud"
arpc1a,0.15862153,0.19363971,-0.035018176,,,"Segmental Plate, Tail Bud"
zic2b,0.23472746,0.2698775,-0.035150036,,,"Segmental Plate, Tail Bud"
atp5meb,0.23998362,0.27527317,-0.035289556,,,"Segmental Plate, Tail Bud"
si:ch211-195b11.3,0.3799128,0.4155245,-0.03561172,,,"Segmental Plate, Tail Bud"
eif1b,0.2867709,0.32249364,-0.035722733,,,"Segmental Plate, Tail Bud"
ddx39aa,0.46112975,0.49703327,-0.035903513,,,"Segmental Plate, Tail Bud"
rpl13a,2.6744041,2.710417,-0.036012888,,,"Segmental Plate, Tail Bud"
bms1,0.15310329,0.1891875,-0.036084205,,,"Segmental Plate, Tail Bud"
agr1,0.14731573,0.18340163,-0.036085904,,,"Segmental Plate, Tail Bud"
il17rd,0.23969877,0.2758263,-0.036127537,,,"Segmental Plate, Tail Bud"
nono,0.25323707,0.28989786,-0.03666079,,,"Segmental Plate, Tail Bud"
sec61g,0.41171265,0.4485175,-0.036804855,,,"Segmental Plate, Tail Bud"
eef1db,0.2480126,0.2848948,-0.036882192,,,"Segmental Plate, Tail Bud"
ptrhd1,0.17077467,0.20786028,-0.037085608,,,"Segmental Plate, Tail Bud"
nsfl1c,0.17173178,0.20882109,-0.037089303,,,"Segmental Plate, Tail Bud"
snrpd3l,0.39055908,0.4276613,-0.037102222,,,"Segmental Plate, Tail Bud"
marcksl1a,0.16498671,0.20212878,-0.03714207,,,"Segmental Plate, Tail Bud"
rnaseh2a,0.15906018,0.1962259,-0.037165716,,,"Segmental Plate, Tail Bud"
pomp,0.52347213,0.56077784,-0.037305713,,,"Segmental Plate, Tail Bud"
psmb2,0.17730826,0.21485168,-0.037543416,,,"Segmental Plate, Tail Bud"
odc1,0.41008896,0.4477643,-0.03767535,,,"Segmental Plate, Tail Bud"
ctnnb2,0.21484916,0.25253978,-0.037690625,,,"Segmental Plate, Tail Bud"
sem1,0.6001067,0.6378247,-0.037717998,,,"Segmental Plate, Tail Bud"
snrpb2,0.29404113,0.33192095,-0.037879825,,,"Segmental Plate, Tail Bud"
ing5b,0.19151309,0.22954331,-0.038030222,,,"Segmental Plate, Tail Bud"
icn2,0.18991464,0.2282391,-0.03832446,,,"Segmental Plate, Tail Bud"
slirp,0.23304984,0.27139074,-0.038340896,,,"Segmental Plate, Tail Bud"
polr1d,0.26904395,0.30738655,-0.038342595,,,"Segmental Plate, Tail Bud"
snrpa1,0.29426584,0.3327456,-0.038479775,,,"Segmental Plate, Tail Bud"
ndufab1b,0.5555638,0.5942609,-0.038697064,,,"Segmental Plate, Tail Bud"
eif1axa,0.17658423,0.21621366,-0.03962943,,,"Segmental Plate, Tail Bud"
lsm12b,0.20885783,0.24849355,-0.039635718,,,"Segmental Plate, Tail Bud"
map1lc3b,0.12840146,0.16844241,-0.040040955,,,"Segmental Plate, Tail Bud"
fam76b,0.13560209,0.17598365,-0.040381566,,,"Segmental Plate, Tail Bud"
polr2c,0.2383497,0.27952006,-0.04117036,,,"Segmental Plate, Tail Bud"
selenoh,0.7033956,0.74466336,-0.041267753,,,"Segmental Plate, Tail Bud"
zgc:91910,0.19776487,0.23909791,-0.041333035,,,"Segmental Plate, Tail Bud"
ncapd2,0.14285573,0.18441035,-0.041554615,,,"Segmental Plate, Tail Bud"
hnrnph1l,0.27056146,0.312326,-0.041764557,,,"Segmental Plate, Tail Bud"
znrd1,0.225248,0.26727888,-0.042030886,,,"Segmental Plate, Tail Bud"
gtf2e2,0.15472957,0.19685121,-0.042121634,,,"Segmental Plate, Tail Bud"
ndufab1a,0.5135225,0.555712,-0.04218948,,,"Segmental Plate, Tail Bud"
eef1b2,1.2221097,1.2643718,-0.042262077,,,"Segmental Plate, Tail Bud"
umps,0.12613574,0.16843204,-0.042296305,,,"Segmental Plate, Tail Bud"
ube2d1b,0.15968664,0.20199063,-0.042303994,,,"Segmental Plate, Tail Bud"
rps28,3.0662696,3.108762,-0.04249239,,,"Segmental Plate, Tail Bud"
srsf10b,0.17321895,0.2157651,-0.042546153,,,"Segmental Plate, Tail Bud"
tomm6,0.43852392,0.4814729,-0.04294899,,,"Segmental Plate, Tail Bud"
eif3s6ip,0.36773026,0.41072792,-0.04299766,,,"Segmental Plate, Tail Bud"
dad1,0.3635654,0.4068333,-0.043267906,,,"Segmental Plate, Tail Bud"
ube2v1,0.47742736,0.5210435,-0.043616116,,,"Segmental Plate, Tail Bud"
nt5dc2,0.15218781,0.195903,-0.043715194,,,"Segmental Plate, Tail Bud"
znf207b,0.2427415,0.28651643,-0.043774933,,,"Segmental Plate, Tail Bud"
wdr3,0.16270843,0.2066037,-0.043895274,,,"Segmental Plate, Tail Bud"
CABZ01068248.1,0.12758856,0.17164129,-0.044052735,,,"Segmental Plate, Tail Bud"
ssr3,0.26492777,0.30913806,-0.044210285,,,"Segmental Plate, Tail Bud"
tmsb1,1.4265465,1.470779,-0.044232488,,,"Segmental Plate, Tail Bud"
zgc:153867,0.5506413,0.5949277,-0.04428643,,,"Segmental Plate, Tail Bud"
taf12,0.19730209,0.24165384,-0.044351757,,,"Segmental Plate, Tail Bud"
srsf9,0.1356264,0.18019608,-0.04456967,,,"Segmental Plate, Tail Bud"
mt-cyb,1.1480216,1.1926079,-0.0445863,,,"Segmental Plate, Tail Bud"
polr2i,0.293775,0.33916715,-0.045392156,,,"Segmental Plate, Tail Bud"
eif4a3,0.6297759,0.6753883,-0.045612395,,,"Segmental Plate, Tail Bud"
atp5f1d,0.27956688,0.32565996,-0.046093076,,,"Segmental Plate, Tail Bud"
banf1,1.1021428,1.1482687,-0.04612589,,,"Segmental Plate, Tail Bud"
vbp1,0.30098882,0.3474387,-0.04644987,,,"Segmental Plate, Tail Bud"
rrs1,0.16785853,0.21433158,-0.046473056,,,"Segmental Plate, Tail Bud"
psmb7,0.5847125,0.63121223,-0.04649973,,,"Segmental Plate, Tail Bud"
cct3,0.2942955,0.34096164,-0.046666145,,,"Segmental Plate, Tail Bud"
nedd8,0.1720034,0.2188533,-0.04684989,,,"Segmental Plate, Tail Bud"
pa2g4b,0.23293002,0.27998567,-0.047055647,,,"Segmental Plate, Tail Bud"
rack1,2.8823762,2.9295676,-0.04719138,,,"Segmental Plate, Tail Bud"
glrx5,0.36120415,0.40853268,-0.04732853,,,"Segmental Plate, Tail Bud"
zgc:193541,1.0062155,1.0537788,-0.047563314,,,"Segmental Plate, Tail Bud"
tpk1,1.6435163,1.6913937,-0.04787743,,,"Segmental Plate, Tail Bud"
hmgb3a,0.6978443,0.74588853,-0.048044205,,,"Segmental Plate, Tail Bud"
chd4b,0.22040218,0.26858208,-0.048179895,,,"Segmental Plate, Tail Bud"
ptmab,2.8926697,2.9410732,-0.0484035,,,"Segmental Plate, Tail Bud"
ptmaa,0.7329092,0.781429,-0.04851979,,,"Segmental Plate, Tail Bud"
mrpl34,0.16895851,0.2175951,-0.048636585,,,"Segmental Plate, Tail Bud"
sdhb,0.15123257,0.20017348,-0.048940912,,,"Segmental Plate, Tail Bud"
ube2ib,0.32230356,0.37138978,-0.049086213,,,"Segmental Plate, Tail Bud"
ndufs7,0.18242638,0.23235887,-0.049932495,,,"Segmental Plate, Tail Bud"
snrnp27,0.17216712,0.22217996,-0.05001284,,,"Segmental Plate, Tail Bud"
dbi,0.31801662,0.3680715,-0.050054878,,,"Segmental Plate, Tail Bud"
cox7b,1.1797081,1.2300102,-0.05030203,,,"Segmental Plate, Tail Bud"
dhx15,0.14842287,0.19886102,-0.05043815,,,"Segmental Plate, Tail Bud"
c1qbp,0.23589635,0.2864026,-0.050506264,,,"Segmental Plate, Tail Bud"
fzd7a,0.18958694,0.24015865,-0.05057171,,,"Segmental Plate, Tail Bud"
pin1,0.124608554,0.17559028,-0.050981723,,,"Segmental Plate, Tail Bud"
csnk2b,0.40042356,0.45150992,-0.051086366,,,"Segmental Plate, Tail Bud"
exosc2,0.1513641,0.20245261,-0.051088512,,,"Segmental Plate, Tail Bud"
mibp2,0.30021578,0.3514006,-0.051184833,,,"Segmental Plate, Tail Bud"
inip,0.16455154,0.21598478,-0.051433235,,,"Segmental Plate, Tail Bud"
nfya,0.13913675,0.19101189,-0.051875144,,,"Segmental Plate, Tail Bud"
hypk,0.13448988,0.18642385,-0.051933974,,,"Segmental Plate, Tail Bud"
psma5,0.57423025,0.62638247,-0.052152216,,,"Segmental Plate, Tail Bud"
dynlt3,0.13436031,0.18656823,-0.052207917,,,"Segmental Plate, Tail Bud"
polr2eb,0.5250714,0.57736766,-0.05229628,,,"Segmental Plate, Tail Bud"
ska3,1.1158283,1.1681796,-0.052351356,,,"Segmental Plate, Tail Bud"
actb2,1.7098534,1.7627861,-0.05293274,,,"Segmental Plate, Tail Bud"
COX5B,0.6338679,0.6872077,-0.05333978,,,"Segmental Plate, Tail Bud"
cycsb,0.8694241,0.92293644,-0.053512335,,,"Segmental Plate, Tail Bud"
pum3,0.14968891,0.20326096,-0.053572044,,,"Segmental Plate, Tail Bud"
zswim6,0.33418933,0.38779885,-0.05360952,,,"Segmental Plate, Tail Bud"
snrpg,1.3179928,1.3716345,-0.053641677,,,"Segmental Plate, Tail Bud"
hp1bp3,0.5590592,0.6129609,-0.053901672,,,"Segmental Plate, Tail Bud"
ccnb1,0.50996584,0.56423795,-0.054272115,,,"Segmental Plate, Tail Bud"
rps5,3.27867,3.3332973,-0.05462718,,,"Segmental Plate, Tail Bud"
snrpd3,0.23103759,0.2859194,-0.05488181,,,"Segmental Plate, Tail Bud"
rpl22,2.16692,2.2218297,-0.054909706,,,"Segmental Plate, Tail Bud"
cox6a1,0.63038814,0.6860866,-0.055698454,,,"Segmental Plate, Tail Bud"
cct6a,0.44537228,0.50115186,-0.055779576,,,"Segmental Plate, Tail Bud"
psmb6,0.3977561,0.4540363,-0.056280196,,,"Segmental Plate, Tail Bud"
rpl13,2.0488656,2.1052167,-0.056351185,,,"Segmental Plate, Tail Bud"
lmnb1,0.23136282,0.28772837,-0.05636555,,,"Segmental Plate, Tail Bud"
tubb4b,0.5750802,0.631897,-0.056816757,,,"Segmental Plate, Tail Bud"
si:ch211-137a8.4,0.15667215,0.21377192,-0.057099774,,,"Segmental Plate, Tail Bud"
ccdc58,0.19773985,0.254962,-0.057222143,,,"Segmental Plate, Tail Bud"
hsbp1b,0.22198759,0.27925605,-0.057268456,,,"Segmental Plate, Tail Bud"
top2a,0.21241748,0.27017292,-0.05775544,,,"Segmental Plate, Tail Bud"
slc25a3b,0.81598014,0.8740087,-0.05802858,,,"Segmental Plate, Tail Bud"
si:ch211-69g19.2,0.1881494,0.24633895,-0.058189556,,,"Segmental Plate, Tail Bud"
cbx3a,0.60066056,0.65952224,-0.058861673,,,"Segmental Plate, Tail Bud"
tagln2,0.26529983,0.3245418,-0.05924198,,,"Segmental Plate, Tail Bud"
acsl4b,0.15057871,0.20996945,-0.05939074,,,"Segmental Plate, Tail Bud"
atp5f1c,0.3262924,0.38580936,-0.059516966,,,"Segmental Plate, Tail Bud"
pak2b,0.17953056,0.23926766,-0.0597371,,,"Segmental Plate, Tail Bud"
rps13,3.298451,3.3590562,-0.060605288,,,"Segmental Plate, Tail Bud"
erh,0.7024191,0.76320726,-0.060788155,,,"Segmental Plate, Tail Bud"
pcna,1.18277,1.2436832,-0.060913205,,,"Segmental Plate, Tail Bud"
TXN,1.8139687,1.8759986,-0.062029958,,,"Segmental Plate, Tail Bud"
mrps24,0.1930558,0.25518134,-0.06212555,,,"Segmental Plate, Tail Bud"
hmga1a,3.219426,3.2815683,-0.062142372,,,"Segmental Plate, Tail Bud"
mt-co3,3.0787072,3.1413887,-0.06268144,,,"Segmental Plate, Tail Bud"
exosc5,0.23478279,0.29771924,-0.062936455,,,"Segmental Plate, Tail Bud"
med19a,0.17306401,0.23610643,-0.06304242,,,"Segmental Plate, Tail Bud"
sf1,0.28550446,0.34864542,-0.06314096,,,"Segmental Plate, Tail Bud"
si:dkey-102m7.3,0.19765778,0.2608794,-0.06322162,,,"Segmental Plate, Tail Bud"
eef2b,1.5688884,1.632183,-0.06329453,,,"Segmental Plate, Tail Bud"
ywhaz,0.14136471,0.20470755,-0.06334284,,,"Segmental Plate, Tail Bud"
drap1,0.23936735,0.30302775,-0.0636604,,,"Segmental Plate, Tail Bud"
psmd8,0.37367946,0.43768126,-0.0640018,,,"Segmental Plate, Tail Bud"
sf3a2,0.3238456,0.3878963,-0.064050704,,,"Segmental Plate, Tail Bud"
birc5a,0.16078626,0.22488321,-0.06409696,,,"Segmental Plate, Tail Bud"
rps27.2,1.7896647,1.8538613,-0.06419659,,,"Segmental Plate, Tail Bud"
UBB,0.54156655,0.60622084,-0.06465429,,,"Segmental Plate, Tail Bud"
vcp,0.30390593,0.36893415,-0.06502822,,,"Segmental Plate, Tail Bud"
gstp1,0.14181697,0.20686138,-0.0650444,,,"Segmental Plate, Tail Bud"
psma1,0.50242287,0.5675349,-0.065112054,,,"Segmental Plate, Tail Bud"
psma6a,0.40056342,0.4662753,-0.065711886,,,"Segmental Plate, Tail Bud"
eif3g,0.59619796,0.66224724,-0.06604928,,,"Segmental Plate, Tail Bud"
CU929070.5,0.2885453,0.3548589,-0.066313595,,,"Segmental Plate, Tail Bud"
sf3b6,0.4813452,0.54774445,-0.06639925,,,"Segmental Plate, Tail Bud"
sap30l,0.21235678,0.27888593,-0.066529155,,,"Segmental Plate, Tail Bud"
siva1,0.19002567,0.25655615,-0.06653048,,,"Segmental Plate, Tail Bud"
rpl22l1,2.122414,2.1894014,-0.066987276,,,"Segmental Plate, Tail Bud"
srsf4,0.28205302,0.3491196,-0.06706658,,,"Segmental Plate, Tail Bud"
eif3ba,0.5248475,0.59211814,-0.06727064,,,"Segmental Plate, Tail Bud"
bzw1a,0.5591232,0.62646437,-0.06734115,,,"Segmental Plate, Tail Bud"
eif2s3,0.762164,0.8295113,-0.06734729,,,"Segmental Plate, Tail Bud"
si:ch211-191j22.3,0.13400425,0.20137201,-0.06736776,,,"Segmental Plate, Tail Bud"
tomm7,0.3030701,0.37061667,-0.067546576,,,"Segmental Plate, Tail Bud"
her7,0.24121684,0.3088285,-0.067611665,,,"Segmental Plate, Tail Bud"
ppiab,0.45627317,0.52397513,-0.067701966,,,"Segmental Plate, Tail Bud"
rpl18a,2.0960817,2.1638715,-0.06778979,,,"Segmental Plate, Tail Bud"
cct4,0.49274272,0.5606047,-0.067861974,,,"Segmental Plate, Tail Bud"
atp5if1a,0.32994285,0.39825007,-0.06830722,,,"Segmental Plate, Tail Bud"
pfdn1,0.26924846,0.3376051,-0.06835663,,,"Segmental Plate, Tail Bud"
eif2s2,0.6303382,0.6992333,-0.0688951,,,"Segmental Plate, Tail Bud"
rpl8,2.0168808,2.0859013,-0.06902051,,,"Segmental Plate, Tail Bud"
si:ch1073-429i10.3,0.22776398,0.2969351,-0.06917113,,,"Segmental Plate, Tail Bud"
racgap1,0.12296987,0.19226456,-0.06929468,,,"Segmental Plate, Tail Bud"
myl12.1,0.5538819,0.62338936,-0.06950748,,,"Segmental Plate, Tail Bud"
trmt112,0.22707707,0.29800048,-0.07092342,,,"Segmental Plate, Tail Bud"
MED9,0.32441053,0.39538258,-0.070972055,,,"Segmental Plate, Tail Bud"
mcm5,0.51532567,0.5864031,-0.07107741,,,"Segmental Plate, Tail Bud"
c1d,0.29033232,0.36157605,-0.07124373,,,"Segmental Plate, Tail Bud"
ruvbl1,0.11588398,0.18722749,-0.071343504,,,"Segmental Plate, Tail Bud"
eif3ha,0.4428679,0.5142606,-0.071392685,,,"Segmental Plate, Tail Bud"
ncl,1.0310674,1.1024755,-0.07140815,,,"Segmental Plate, Tail Bud"
MYG1,0.29926372,0.37079316,-0.07152945,,,"Segmental Plate, Tail Bud"
atp5pb,0.40600502,0.47757623,-0.0715712,,,"Segmental Plate, Tail Bud"
med29,0.21628149,0.28839412,-0.072112635,,,"Segmental Plate, Tail Bud"
btf3l4,0.35591662,0.42807913,-0.07216251,,,"Segmental Plate, Tail Bud"
hsp90ab1,1.9010876,1.9736775,-0.072589874,,,"Segmental Plate, Tail Bud"
phf5a,0.8434984,0.91628987,-0.07279146,,,"Segmental Plate, Tail Bud"
mcts1,0.13640556,0.20928432,-0.07287876,,,"Segmental Plate, Tail Bud"
serbp1a,1.9749852,2.0480907,-0.073105454,,,"Segmental Plate, Tail Bud"
srsf3b,0.47952998,0.55305445,-0.073524475,,,"Segmental Plate, Tail Bud"
dkc1,0.5960634,0.6697753,-0.07371193,,,"Segmental Plate, Tail Bud"
hgd,0.1669678,0.24071719,-0.07374939,,,"Segmental Plate, Tail Bud"
polr2k,0.30330536,0.377256,-0.07395065,,,"Segmental Plate, Tail Bud"
CABZ01115113.1,0.13321213,0.2072543,-0.07404217,,,"Segmental Plate, Tail Bud"
rbx1,0.62051284,0.6946393,-0.07412648,,,"Segmental Plate, Tail Bud"
eif3d,0.7069164,0.7812599,-0.0743435,,,"Segmental Plate, Tail Bud"
rbm8a,0.6854574,0.75993276,-0.07447535,,,"Segmental Plate, Tail Bud"
CU467861.6,0.69378775,0.76838636,-0.07459861,,,"Segmental Plate, Tail Bud"
dpy30,0.7093439,0.7846,-0.07525611,,,"Segmental Plate, Tail Bud"
akr7a3,0.23719284,0.31257644,-0.0753836,,,"Segmental Plate, Tail Bud"
cct5,0.5765489,0.652036,-0.07548714,,,"Segmental Plate, Tail Bud"
atp5mc1,0.3284204,0.4049392,-0.076518804,,,"Segmental Plate, Tail Bud"
snrpc,0.58836645,0.66601515,-0.0776487,,,"Segmental Plate, Tail Bud"
rpl6,1.6358922,1.713784,-0.07789183,,,"Segmental Plate, Tail Bud"
wdr83os,0.54245394,0.6204731,-0.07801914,,,"Segmental Plate, Tail Bud"
rpl5b,1.9249734,2.0032127,-0.07823932,,,"Segmental Plate, Tail Bud"
snrpe,1.0851717,1.1636072,-0.07843554,,,"Segmental Plate, Tail Bud"
hint1,0.24240774,0.32117274,-0.078765005,,,"Segmental Plate, Tail Bud"
rplp0,3.6606874,3.7394648,-0.07877731,,,"Segmental Plate, Tail Bud"
dnajc9,0.18529229,0.26436558,-0.079073295,,,"Segmental Plate, Tail Bud"
pin4,0.28694117,0.3662324,-0.079291224,,,"Segmental Plate, Tail Bud"
rpl10a,2.9723272,3.0516872,-0.07936001,,,"Segmental Plate, Tail Bud"
ndufs5,0.6541447,0.7342327,-0.08008802,,,"Segmental Plate, Tail Bud"
spata6l,0.13869527,0.2192674,-0.08057213,,,"Segmental Plate, Tail Bud"
s100a1,0.856726,0.93829393,-0.08156794,,,"Segmental Plate, Tail Bud"
PSMA2,0.26851305,0.35034072,-0.08182767,,,"Segmental Plate, Tail Bud"
rpl28,2.6592586,2.742117,-0.082858324,,,"Segmental Plate, Tail Bud"
uqcrh,0.9485237,1.0318357,-0.083311975,,,"Segmental Plate, Tail Bud"
her15.1,0.11063093,0.19402015,-0.08338922,,,"Segmental Plate, Tail Bud"
msx1b,0.1567547,0.24034514,-0.08359043,,,"Segmental Plate, Tail Bud"
ddx39ab,1.2040592,1.2877643,-0.08370507,,,"Segmental Plate, Tail Bud"
pdcd5,0.25361526,0.33760554,-0.083990276,,,"Segmental Plate, Tail Bud"
fth1a,1.2940338,1.378648,-0.08461428,,,"Segmental Plate, Tail Bud"
rps23,3.6954756,3.7802198,-0.084744215,,,"Segmental Plate, Tail Bud"
cdkn2aipnl,0.32255867,0.40821585,-0.08565718,,,"Segmental Plate, Tail Bud"
nip7,0.44522855,0.53101903,-0.085790485,,,"Segmental Plate, Tail Bud"
ilf2,1.3243579,1.4102952,-0.08593738,,,"Segmental Plate, Tail Bud"
id3,0.13381638,0.21981648,-0.0860001,,,"Segmental Plate, Tail Bud"
sub1a,0.38668156,0.47302857,-0.08634701,,,"Segmental Plate, Tail Bud"
polr2f,0.49225613,0.57880545,-0.08654931,,,"Segmental Plate, Tail Bud"
atp5mf,0.43097413,0.51790226,-0.08692813,,,"Segmental Plate, Tail Bud"
pole4,0.18597999,0.27319586,-0.08721587,,,"Segmental Plate, Tail Bud"
dnajc8,0.14442983,0.23211592,-0.08768609,,,"Segmental Plate, Tail Bud"
magoh,0.38555765,0.47382015,-0.0882625,,,"Segmental Plate, Tail Bud"
rps26,2.1653852,2.2542844,-0.088899136,,,"Segmental Plate, Tail Bud"
rpl4,2.2480457,2.3380978,-0.09005213,,,"Segmental Plate, Tail Bud"
eif3k,0.2915876,0.38172704,-0.09013945,,,"Segmental Plate, Tail Bud"
timm9,0.3673898,0.4575756,-0.09018579,,,"Segmental Plate, Tail Bud"
rps8a,2.2707314,2.361248,-0.09051657,,,"Segmental Plate, Tail Bud"
rplp1,3.9664488,4.05746,-0.09101105,,,"Segmental Plate, Tail Bud"
zgc:171772,2.6756124,2.7666266,-0.09101415,,,"Segmental Plate, Tail Bud"
im:7150988,0.29947177,0.39055598,-0.09108421,,,"Segmental Plate, Tail Bud"
vdac2,0.31995386,0.41119355,-0.09123969,,,"Segmental Plate, Tail Bud"
psmb4,0.5169092,0.60819215,-0.091282964,,,"Segmental Plate, Tail Bud"
rps24,2.3649552,2.456312,-0.091356754,,,"Segmental Plate, Tail Bud"
rfc1,1.9522519,2.0437338,-0.091481924,,,"Segmental Plate, Tail Bud"
hnrnpl,0.3155935,0.4074468,-0.09185329,,,"Segmental Plate, Tail Bud"
rpl14,1.7423489,1.834739,-0.09239006,,,"Segmental Plate, Tail Bud"
zgc:193505,0.50949585,0.6020306,-0.09253472,,,"Segmental Plate, Tail Bud"
rps27l,0.60053635,0.6931394,-0.09260303,,,"Segmental Plate, Tail Bud"
rpsa,3.2256875,3.3183973,-0.09270978,,,"Segmental Plate, Tail Bud"
polr2j,0.30429646,0.398197,-0.09390053,,,"Segmental Plate, Tail Bud"
ndufb8,0.3319297,0.42707798,-0.095148265,,,"Segmental Plate, Tail Bud"
rps20,4.7265205,4.821918,-0.09539747,,,"Segmental Plate, Tail Bud"
tmsb4x,2.7582312,2.8545194,-0.096288204,,,"Segmental Plate, Tail Bud"
rplp2l,3.2311244,3.3275485,-0.0964241,,,"Segmental Plate, Tail Bud"
faua,2.062856,2.1598182,-0.09696221,,,"Segmental Plate, Tail Bud"
gng5,0.45765862,0.5551301,-0.097471505,,,"Segmental Plate, Tail Bud"
eif5a,0.7950229,0.89293224,-0.09790933,,,"Segmental Plate, Tail Bud"
srsf5a,0.6914547,0.78985363,-0.098398924,,,"Segmental Plate, Tail Bud"
calm3a,0.9252813,1.0266442,-0.10136294,,,"Segmental Plate, Tail Bud"
hmgb1a,0.55389655,0.65612674,-0.10223019,,,"Segmental Plate, Tail Bud"
rps14,3.1011338,3.2036114,-0.10247755,,,"Segmental Plate, Tail Bud"
exosc3,0.2318687,0.3344602,-0.1025915,,,"Segmental Plate, Tail Bud"
lsm3,0.5042369,0.60755384,-0.10331696,,,"Segmental Plate, Tail Bud"
atf4a,0.44409373,0.5486279,-0.10453418,,,"Segmental Plate, Tail Bud"
rpl9,1.839658,1.9455101,-0.10585213,,,"Segmental Plate, Tail Bud"
hmgn6,1.7389321,1.8452835,-0.106351376,,,"Segmental Plate, Tail Bud"
cox4i1,0.32975313,0.43633556,-0.10658243,,,"Segmental Plate, Tail Bud"
eif3ea,0.38249198,0.4892303,-0.10673833,,,"Segmental Plate, Tail Bud"
atp5f1e,0.97132456,1.079019,-0.10769439,,,"Segmental Plate, Tail Bud"
rpl26,2.3540666,2.4618683,-0.107801676,,,"Segmental Plate, Tail Bud"
cox7a2a,0.605909,0.71421915,-0.10831016,,,"Segmental Plate, Tail Bud"
ndufa8,0.24753204,0.3570483,-0.10951626,,,"Segmental Plate, Tail Bud"
lsm8,0.54902905,0.66032225,-0.1112932,,,"Segmental Plate, Tail Bud"
snrpf,0.7030898,0.81458515,-0.111495376,,,"Segmental Plate, Tail Bud"
atp5po,0.5531266,0.6652809,-0.112154305,,,"Segmental Plate, Tail Bud"
hmgn7,0.6975057,0.81048846,-0.11298275,,,"Segmental Plate, Tail Bud"
psmb3,0.57657725,0.68999577,-0.11341852,,,"Segmental Plate, Tail Bud"
mad2l1,0.40089592,0.5154354,-0.114539474,,,"Segmental Plate, Tail Bud"
fbl,1.057315,1.1733696,-0.116054654,,,"Segmental Plate, Tail Bud"
cox6b2,1.5752187,1.6914873,-0.116268635,,,"Segmental Plate, Tail Bud"
rpl36,2.83728,2.9551878,-0.11790776,,,"Segmental Plate, Tail Bud"
uqcrb,0.44489983,0.5633084,-0.11840859,,,"Segmental Plate, Tail Bud"
h2az2b,2.4888158,2.6078525,-0.119036674,,,"Segmental Plate, Tail Bud"
rpa3,0.47309363,0.5926333,-0.11953968,,,"Segmental Plate, Tail Bud"
rps15,2.904093,3.023793,-0.119699955,,,"Segmental Plate, Tail Bud"
rps6,2.430647,2.5504987,-0.11985183,,,"Segmental Plate, Tail Bud"
rpl31,2.69458,2.8148327,-0.12025261,,,"Segmental Plate, Tail Bud"
polr2d,0.40853608,0.529496,-0.12095994,,,"Segmental Plate, Tail Bud"
hspe1,0.76007026,0.88219684,-0.12212658,,,"Segmental Plate, Tail Bud"
rpl36a,3.162342,3.292197,-0.12985492,,,"Segmental Plate, Tail Bud"
galnt7,2.4134605,2.5437365,-0.13027596,,,"Segmental Plate, Tail Bud"
snrpd1,0.8216297,0.9549196,-0.13328987,,,"Segmental Plate, Tail Bud"
nme2b.1,1.2695789,1.4031618,-0.13358283,,,"Segmental Plate, Tail Bud"
rpl21,2.2377136,2.371297,-0.1335833,,,"Segmental Plate, Tail Bud"
h3f3b.1,3.5834,3.7172444,-0.13384438,,,"Segmental Plate, Tail Bud"
uba52,1.764148,1.8982472,-0.13409925,,,"Segmental Plate, Tail Bud"
ponzr5,0.6212925,0.75542074,-0.13412827,,,"Segmental Plate, Tail Bud"
rpl19,3.2062418,3.3404157,-0.13417387,,,"Segmental Plate, Tail Bud"
cox8a,0.6217614,0.75631016,-0.13454878,,,"Segmental Plate, Tail Bud"
rps19,3.2707548,3.4066362,-0.13588142,,,"Segmental Plate, Tail Bud"
mgst1.2,0.24745736,0.38505888,-0.13760152,,,"Segmental Plate, Tail Bud"
rpl32,3.0383158,3.1767337,-0.13841796,,,"Segmental Plate, Tail Bud"
rps10,2.7650511,2.9036124,-0.13856125,,,"Segmental Plate, Tail Bud"
hspb1,4.941712,5.08151,-0.13979816,,,"Segmental Plate, Tail Bud"
rps25,3.1219509,3.262061,-0.14011025,,,"Segmental Plate, Tail Bud"
psmb1,0.33436978,0.47490728,-0.1405375,,,"Segmental Plate, Tail Bud"
rpl35,1.454926,1.5958098,-0.1408838,,,"Segmental Plate, Tail Bud"
snu13b,1.7443575,1.8853266,-0.14096916,,,"Segmental Plate, Tail Bud"
ndufb6,0.20067,0.34215462,-0.14148462,,,"Segmental Plate, Tail Bud"
rpl27,2.9459646,3.0904849,-0.14452028,,,"Segmental Plate, Tail Bud"
rps21,2.2479336,2.3926792,-0.14474559,,,"Segmental Plate, Tail Bud"
snrpd2,1.5795261,1.7254033,-0.14587724,,,"Segmental Plate, Tail Bud"
marcksl1b,0.33154756,0.47765446,-0.1461069,,,"Segmental Plate, Tail Bud"
rpl10,2.9059103,3.0520616,-0.1461513,,,"Segmental Plate, Tail Bud"
rps26l,2.7104237,2.859316,-0.1488924,,,"Segmental Plate, Tail Bud"
RPS17,1.7684582,1.920608,-0.1521498,,,"Segmental Plate, Tail Bud"
snrpb,2.72305,2.8767877,-0.15373755,,,"Segmental Plate, Tail Bud"
eny2,0.4643943,0.62043035,-0.15603605,,,"Segmental Plate, Tail Bud"
atp5pd,0.5754457,0.7317481,-0.15630239,,,"Segmental Plate, Tail Bud"
rps4x,2.45776,2.6150696,-0.15730953,,,"Segmental Plate, Tail Bud"
rpl34,1.6312476,1.790252,-0.15900433,,,"Segmental Plate, Tail Bud"
ran,1.8921404,2.051217,-0.15907669,,,"Segmental Plate, Tail Bud"
tma7,1.1507744,1.3112332,-0.1604588,,,"Segmental Plate, Tail Bud"
rpl23a,3.2876518,3.4534428,-0.16579103,,,"Segmental Plate, Tail Bud"
si:ch1073-325m22.2,0.92896783,1.0951065,-0.16613865,,,"Segmental Plate, Tail Bud"
nmnat1-rbp7a,0.50621814,0.6730166,-0.16679847,,,"Segmental Plate, Tail Bud"
rpl29,1.7149467,1.8830078,-0.16806102,,,"Segmental Plate, Tail Bud"
si:ch211-222l21.1,2.9519293,3.1231873,-0.17125797,,,"Segmental Plate, Tail Bud"
apoc1,2.59615,2.7698925,-0.17374253,,,"Segmental Plate, Tail Bud"
mt-nd1,0.6691168,0.8430802,-0.17396343,,,"Segmental Plate, Tail Bud"
si:ch211-152c2.3,1.0539259,1.2308223,-0.17689645,,,"Segmental Plate, Tail Bud"
rps3a,2.0696132,2.249656,-0.18004274,,,"Segmental Plate, Tail Bud"
atp5mc3b,1.4151955,1.5963508,-0.18115532,,,"Segmental Plate, Tail Bud"
mt-nd2,0.58001953,0.7629512,-0.18293166,,,"Segmental Plate, Tail Bud"
vox,1.2577394,1.4419793,-0.18423986,,,"Segmental Plate, Tail Bud"
rps16,2.044439,2.233107,-0.18866801,,,"Segmental Plate, Tail Bud"
bcl2l16,0.9237528,1.1233149,-0.19956207,,,"Segmental Plate, Tail Bud"
rps18,2.568524,2.776848,-0.2083242,,,"Segmental Plate, Tail Bud"
rpl15,2.7329326,2.9426537,-0.20972109,,,"Segmental Plate, Tail Bud"
rpl18,2.818967,3.0294788,-0.21051168,,,"Segmental Plate, Tail Bud"
mt-atp6,0.47540644,0.6895389,-0.21413246,,,"Segmental Plate, Tail Bud"
rpl7,2.7405522,2.969895,-0.2293427,,,"Segmental Plate, Tail Bud"
nop10,0.9390721,1.1752089,-0.23613685,,,"Segmental Plate, Tail Bud"
mt-co2,2.45616,2.7004693,-0.24430919,,,"Segmental Plate, Tail Bud"
rps9,2.2926986,2.549112,-0.25641346,0.3333333333333333,0.03243747763759303,"Segmental Plate, Tail Bud"
dynll1,0.7205615,0.9825301,-0.2619686,0.5970149253731343,0.021855658428550345,"Segmental Plate, Tail Bud"
hmgb2b,1.1978298,1.4706105,-0.27278066,0.3333333333333333,0.02833771370869599,"Segmental Plate, Tail Bud"
rpl7a,2.0429702,2.3199694,-0.27699924,0.09950248756218906,0.026825636536286123,"Segmental Plate, Tail Bud"
tuba8l4,1.8424882,2.1255145,-0.28302634,0.1890547263681592,0.027506180722673045,"Segmental Plate, Tail Bud"
naca,2.0389817,2.3563278,-0.3173461,0.6218905472636815,0.03204521667662465,"Segmental Plate, Tail Bud"
cyt1,2.6128347,2.0189855,0.5938492,0.004975124378109453,0.07148407547169565,Notochord
pcna,2.0465174,1.4712229,0.5752945,0.004975124378109453,0.06307246897859144,Notochord
krt4,3.326792,2.753088,0.573704,0.004975124378109453,0.06908832851947792,Notochord
krt5,2.2793515,1.7772279,0.5021236,0.004975124378109453,0.07541769699295074,Notochord
fabp3,1.706748,1.2049534,0.5017946,0.004975124378109453,0.04577424224283807,Notochord
h2az2b,2.233523,1.7494633,0.48405957,0.004975124378109453,0.0394620145631664,Notochord
cyt1l,1.6099678,1.1366526,0.47331524,,,Notochord
actc1b,2.0740337,1.6036168,0.4704169,,,Notochord
ran,2.6833758,2.2218444,0.4615314,,,Notochord
galnt7,2.4582646,2.0027754,0.45548916,,,Notochord
atp5mc3b,2.0858223,1.6571916,0.4286307,,,Notochord
myl10,1.7295258,1.3166339,0.41289186,,,Notochord
hmgb2b,1.673791,1.2648318,0.40895927,,,Notochord
rrm2,1.4459013,1.0458941,0.40000713,,,Notochord
uba52,2.848301,2.4652638,0.3830371,,,Notochord
RPS17,2.8228474,2.441717,0.38113046,,,Notochord
rpl24,3.0538874,2.673959,0.37992835,,,Notochord
krt91,1.1163479,0.74429697,0.37205094,,,Notochord
cox6a1,1.5415244,1.1766278,0.36489666,,,Notochord
snrpd1,1.1991425,0.83931285,0.3598296,,,Notochord
snrpd2,1.8078727,1.449075,0.35879767,,,Notochord
atf4a,1.1882633,0.8420534,0.34620988,,,Notochord
tuba1a,1.5581688,1.2166708,0.34149802,,,Notochord
khdrbs1a,2.65335,2.3120296,0.3413205,,,Notochord
acta1a,1.8894415,1.5492977,0.3401438,,,Notochord
nme2b.1,2.5521486,2.2148576,0.337291,,,Notochord
rpl14,2.7246904,2.3888679,0.33582258,,,Notochord
hmgb1b,1.4903402,1.1556216,0.33471859,,,Notochord
rps16,3.0496702,2.7182753,0.3313949,,,Notochord
rps3,3.4944158,3.1653883,0.3290274,,,Notochord
hspb1,2.2992268,1.971952,0.3272748,,,Notochord
shcbp1,2.014848,1.689797,0.32505095,,,Notochord
rpl28,3.3471534,3.0243437,0.3228097,,,Notochord
ddx39ab,1.2856653,0.9648229,0.3208424,,,Notochord
hmgn2,2.9609048,2.6406171,0.3202877,,,Notochord
rpl8,3.1275034,2.8079956,0.31950784,,,Notochord
rpl17,3.431648,3.1121929,0.31945515,,,Notochord
nop10,1.2084441,0.89369535,0.31474876,,,Notochord
ppiab,1.3334643,1.0200621,0.31340218,,,Notochord
rps11,3.516385,3.2043765,0.31200862,,,Notochord
rfc1,2.872195,2.5607438,0.3114512,,,Notochord
tnnc2,1.1209961,0.8100712,0.31092495,,,Notochord
snu13b,1.4138445,1.1034827,0.31036174,,,Notochord
rpl5a,2.0799701,1.7735504,0.30641973,,,Notochord
snrpg,1.73856,1.4347169,0.30384302,,,Notochord
rpl18a,3.1556432,2.8542225,0.3014207,,,Notochord
apoa1b,1.3361973,1.035818,0.30037928,,,Notochord
rpl22,3.0403256,2.7404184,0.2999072,,,Notochord
mdka,1.347169,1.0475235,0.29964554,,,Notochord
banf1,1.5834279,1.2843667,0.29906118,,,Notochord
bcl2l16,1.960241,1.661973,0.29826796,,,Notochord
rps17,2.4647896,2.167336,0.29745364,,,Notochord
marcksl1b,1.7356541,1.4390911,0.29656303,,,Notochord
fkbp1aa,1.8526875,1.5621511,0.2905364,,,Notochord
rpl13,3.216527,2.9269185,0.28960848,,,Notochord
COX5B,1.1462289,0.8577485,0.2884804,,,Notochord
npm1a,2.0414789,1.7546455,0.2868334,,,Notochord
rpl34,2.966545,2.6821172,0.28442788,,,Notochord
rpl29,2.7574325,2.4742913,0.28314114,,,Notochord
sumo3b,0.9981716,0.71517515,0.28299648,,,Notochord
bzw1a,1.1025897,0.8197228,0.28286695,,,Notochord
rpl35,2.609973,2.3292773,0.28069568,,,Notochord
rpl38,2.8607137,2.5808659,0.27984786,,,Notochord
icn,1.0024829,0.7227186,0.2797643,,,Notochord
selenoh,0.9547415,0.6769943,0.27774715,,,Notochord
seta,1.5754902,1.298284,0.27720618,,,Notochord
krt92,1.1338336,0.8588116,0.27502203,,,Notochord
rpl15,3.54568,3.2717693,0.27391076,,,Notochord
alyref,0.99127185,0.71763176,0.2736401,,,Notochord
rpl32,3.8504086,3.5768785,0.27353,,,Notochord
rps24,3.3844783,3.1113727,0.27310562,,,Notochord
rps10,3.5291314,3.2570484,0.27208304,,,Notochord
bhmt,1.004323,0.7329464,0.2713766,,,Notochord
ppiaa,3.2833438,3.0132792,0.2700646,,,Notochord
rpl10a,3.3934903,3.1255484,0.26794195,,,Notochord
cox8a,1.5920293,1.3243501,0.2676792,,,Notochord
rpl5b,2.4023306,2.135157,0.26717353,,,Notochord
rpl10,3.7220595,3.4549232,0.26713634,,,Notochord
ybx1,2.2454045,1.9782842,0.26712024,,,Notochord
sox3,0.89736515,0.63036394,0.2670012,,,Notochord
si:ch211-195b11.3,1.1275914,0.8610312,0.2665602,,,Notochord
apobb.1,0.9564321,0.69061345,0.26581866,,,Notochord
eef1b2,2.1145535,1.8502638,0.26428962,,,Notochord
gspt1l,1.1108708,0.84830344,0.2625674,,,Notochord
fth1a,1.876909,1.6163102,0.26059878,,,Notochord
ncl,1.5496814,1.2894349,0.26024652,,,Notochord
cbx3a,0.84366655,0.585257,0.25840956,,,Notochord
tubb4b,1.4478048,1.1895752,0.2582296,,,Notochord
rpl9,2.8692865,2.6129465,0.25634003,,,Notochord
rpl13a,3.3654447,3.1106205,0.25482416,,,Notochord
TXN,2.6784809,2.4244444,0.25403643,,,Notochord
rps21,3.1273086,2.8733258,0.25398278,,,Notochord
rps15a,3.6588435,3.405086,0.25375748,,,Notochord
ranbp1,1.2752169,1.0238159,0.25140107,,,Notochord
rps26l,3.3804553,3.1290596,0.2513957,,,Notochord
faua,2.94016,2.6894002,0.25075984,,,Notochord
rpl7a,3.439342,3.1893501,0.2499919,,,Notochord
rpl27,3.5099332,3.2604442,0.24948907,,,Notochord
mcm3,0.70297515,0.4539686,0.24900654,,,Notochord
eif3m,1.3360014,1.0874546,0.24854684,,,Notochord
rps14,3.7446578,3.496206,0.24845171,,,Notochord
mibp2,1.0240016,0.776808,0.24719357,,,Notochord
rpl26,3.0509946,2.80419,0.24680471,,,Notochord
pclaf,0.7817108,0.536758,0.2449528,,,Notochord
atp5po,1.352473,1.1105524,0.24192059,,,Notochord
spaca4l,0.7915249,0.5496567,0.2418682,,,Notochord
rps27.2,2.577706,2.336219,0.24148703,,,Notochord
rpl35a,3.5009146,3.2607946,0.24011993,,,Notochord
cct4,1.0167387,0.7770974,0.23964125,,,Notochord
atp7a,1.0958843,0.85631764,0.23956668,,,Notochord
snrpb,2.3438694,2.1050556,0.23881388,,,Notochord
slc25a5,3.559407,3.3221169,0.23729014,,,Notochord
setb,1.2636667,1.0266483,0.23701847,,,Notochord
magoh,0.809855,0.57368904,0.23616594,,,Notochord
tuba8l4,2.8217015,2.5855567,0.23614478,,,Notochord
pabpc1a,1.9345686,1.699664,0.23490465,,,Notochord
ubc,1.4529705,1.2188432,0.23412728,,,Notochord
rpl23,3.9794338,3.7460244,0.2334094,,,Notochord
rpl11,3.1497004,2.9165075,0.23319292,,,Notochord
prc1a,1.6006645,1.3686292,0.23203528,,,Notochord
ACTC1,0.8804984,0.6504015,0.23009694,,,Notochord
zgc:171772,3.6727796,3.4430377,0.22974181,,,Notochord
sumo3a,1.3322128,1.1025478,0.22966504,,,Notochord
hspe1,1.035546,0.8067752,0.22877073,,,Notochord
rpl31,3.4803264,3.2518187,0.22850776,,,Notochord
rplp2l,3.7566884,3.529585,0.22710347,,,Notochord
cct6a,0.9812387,0.7553871,0.2258516,,,Notochord
hnrnpabb,1.9868486,1.7614894,0.2253592,,,Notochord
mdkb,0.5942051,0.37052312,0.22368196,,,Notochord
atp5f1d,0.6745915,0.4509605,0.223631,,,Notochord
eif3i,1.0787938,0.8555298,0.22326398,,,Notochord
si:ch211-222l21.1,3.6886685,3.466514,0.22215438,,,Notochord
apoa1a,1.0439293,0.82208705,0.22184229,,,Notochord
tma7,1.6403043,1.4185603,0.22174406,,,Notochord
stmn1a,0.8348374,0.61409485,0.22074252,,,Notochord
myl13,1.1633086,0.9431869,0.22012174,,,Notochord
rplp0,4.4870667,4.268153,0.21891356,,,Notochord
cntnap5b,2.0335336,1.8148175,0.21871603,,,Notochord
eif5a,1.9974426,1.7789073,0.2185353,,,Notochord
rps13,3.748808,3.5304925,0.21831536,,,Notochord
srsf1a,1.0817429,0.86418927,0.21755362,,,Notochord
kars1,0.89613134,0.68062395,0.21550739,,,Notochord
rpl7,3.43033,3.2148962,0.21543384,,,Notochord
pa2g4b,0.9054444,0.6909612,0.2144832,,,Notochord
hnrnpa0l,2.2452834,2.0325603,0.21272302,,,Notochord
rpl18,3.4200664,3.207544,0.21252227,,,Notochord
rpl39,3.9792683,3.7678335,0.21143484,,,Notochord
lsm3,0.70205647,0.49155292,0.21050355,,,Notochord
zgc:193541,1.3993777,1.1890899,0.21028781,,,Notochord
ywhabb,0.8674895,0.65750337,0.20998615,,,Notochord
rps3a,3.136742,2.9270568,0.20968533,,,Notochord
eif5a2,1.5920172,1.3828281,0.20918906,,,Notochord
sem1,1.0325426,0.82345796,0.20908463,,,Notochord
hmgn6,2.4356506,2.2272398,0.20841074,,,Notochord
rpl19,3.6879802,3.4796772,0.20830297,,,Notochord
rps5,3.851079,3.6428843,0.20819473,,,Notochord
rps9,3.2888954,3.0809293,0.20796609,,,Notochord
eef1g,2.1497638,1.9433284,0.20643544,,,Notochord
rpl6,2.9631176,2.7573519,0.20576572,,,Notochord
atp5f1b,1.2427645,1.0376275,0.20513701,,,Notochord
zic2b,0.518003,0.31382215,0.20418084,,,Notochord
aldob,0.6737627,0.4699035,0.20385918,,,Notochord
ndufa4l,1.4394099,1.2357597,0.20365012,,,Notochord
naca,2.6437979,2.4405386,0.20325923,,,Notochord
rpl23a,3.5372214,3.334021,0.20320034,,,Notochord
tmsb4x,3.6303365,3.427401,0.20293546,,,Notochord
rps23,3.9831038,3.780692,0.20241165,,,Notochord
btf3,2.2459686,2.043621,0.20234752,,,Notochord
bccip,0.5490569,0.34707642,0.20198047,,,Notochord
smyhc1,0.9451996,0.74322826,0.20197135,,,Notochord
eif3k,0.7101832,0.50823843,0.20194477,,,Notochord
anp32b,0.74614596,0.5443662,0.20177978,,,Notochord
apex1,1.1715989,0.9701438,0.20145512,,,Notochord
tpt1,3.504529,3.3037367,0.20079231,,,Notochord
cox5aa,1.3480375,1.1475048,0.20053267,,,Notochord
ilf2,1.4299288,1.2301083,0.19982052,,,Notochord
cnbpa,0.76455176,0.5650774,0.19947433,,,Notochord
pomp,1.1495336,0.9509814,0.19855225,,,Notochord
psmb1,0.90808433,0.71003854,0.19804579,,,Notochord
sec61g,1.0781664,0.8802654,0.19790095,,,Notochord
krt8,2.1498356,1.9524766,0.19735897,,,Notochord
actb1,2.5790153,2.3816767,0.19733858,,,Notochord
rps6,3.1829093,2.9864159,0.19649339,,,Notochord
polr2l,0.8193859,0.62401384,0.19537205,,,Notochord
rps25,3.5894287,3.3960958,0.19333291,,,Notochord
psma3,0.91307503,0.72007066,0.19300437,,,Notochord
dad1,1.1939167,1.0013411,0.19257557,,,Notochord
ube2v1,0.8845165,0.6921642,0.1923523,,,Notochord
rps15,3.5442677,3.3520865,0.19218111,,,Notochord
rps27a,4.013722,3.8215587,0.19216323,,,Notochord
psma1,1.1594987,0.9678406,0.19165808,,,Notochord
tanc1b,0.7079203,0.51640826,0.19151205,,,Notochord
nhp2,0.76480734,0.5739168,0.19089055,,,Notochord
atp6v0e1,1.2433498,1.052492,0.19085777,,,Notochord
si:ch211-137a8.4,0.6001772,0.4097874,0.19038984,,,Notochord
psmb2,0.6642924,0.4742529,0.19003949,,,Notochord
cox6c,1.0503703,0.8603624,0.19000793,,,Notochord
psmb7,0.98651373,0.79703134,0.18948239,,,Notochord
ctps1a,0.8768598,0.68797684,0.18888295,,,Notochord
pfn1,0.91535467,0.7272959,0.1880588,,,Notochord
sub1a,0.95153254,0.7635526,0.18797994,,,Notochord
mcm2,0.6725122,0.484753,0.18775916,,,Notochord
rpl21,3.0414228,2.8536952,0.18772769,,,Notochord
lsm8,0.8029986,0.61584514,0.18715346,,,Notochord
srsf7a,0.68907255,0.50316936,0.18590319,,,Notochord
ccna2,0.5137982,0.32801476,0.18578342,,,Notochord
slbp,0.6742342,0.48888645,0.18534777,,,Notochord
pfn2l,1.2333852,1.0481524,0.18523276,,,Notochord
sf3a2,0.49198878,0.3068209,0.18516788,,,Notochord
prpf39,0.6573835,0.47299325,0.18439025,,,Notochord
mcm5,0.87798995,0.6949736,0.18301636,,,Notochord
dynll1,1.5269978,1.3443738,0.18262398,,,Notochord
hmgn7,1.2027806,1.0220436,0.18073702,,,Notochord
h2az2a,0.7687335,0.5880462,0.18068731,,,Notochord
snrpe,1.3063849,1.1268591,0.17952585,,,Notochord
hspa8,3.058599,2.8792968,0.17930222,,,Notochord
rbm8a,0.78860617,0.6096372,0.17896897,,,Notochord
ube2ib,0.8842485,0.7056994,0.17854911,,,Notochord
atp5if1a,0.7160922,0.5379434,0.1781488,,,Notochord
ttyh3b,0.7662038,0.5881588,0.17804503,,,Notochord
rps4x,3.4606655,3.2826598,0.1780057,,,Notochord
zgc:153284,0.7732007,0.5952458,0.17795491,,,Notochord
mrpl57,0.5639335,0.38605765,0.17787585,,,Notochord
srsf3b,1.1138825,0.93648416,0.17739838,,,Notochord
cfl1l,0.7239185,0.54669726,0.17722124,,,Notochord
rpl3,3.5162418,3.3396122,0.17662954,,,Notochord
kpna2,0.45841023,0.2819463,0.17646393,,,Notochord
dpy30,0.7365194,0.5601213,0.1763981,,,Notochord
eif1,1.0995252,0.9231767,0.1763485,,,Notochord
srsf2a,1.1974685,1.021524,0.17594457,,,Notochord
rps2,3.9395099,3.7637386,0.17577124,,,Notochord
tnni2b.1,0.7806596,0.6053909,0.17526871,,,Notochord
nsa2,0.8637203,0.69135284,0.17236745,,,Notochord
cox7a2a,1.1920403,1.0201063,0.17193401,,,Notochord
eef1db,0.5991282,0.4274722,0.17165598,,,Notochord
wdr83os,1.0014465,0.83018106,0.17126542,,,Notochord
snrpd3l,0.629977,0.45882633,0.17115065,,,Notochord
hnrnpaba,2.4407756,2.2699747,0.17080092,,,Notochord
rps7,3.5930264,3.4229443,0.17008209,,,Notochord
plk1,0.76237345,0.5934858,0.16888767,,,Notochord
atp5mc1,0.7851418,0.61637264,0.16876918,,,Notochord
gatm,0.8767286,0.7084957,0.16823292,,,Notochord
gamt,0.38747588,0.2193493,0.16812658,,,Notochord
eif3ea,1.0850506,0.9171992,0.16785139,,,Notochord
taf13,0.5958738,0.42807856,0.16779521,,,Notochord
atp5f1c,1.0101798,0.84267116,0.1675086,,,Notochord
rpl36a,3.7473807,3.5803783,0.16700244,,,Notochord
rrm1,0.65883344,0.49220005,0.1666334,,,Notochord
elof1,0.8391786,0.67268807,0.16649055,,,Notochord
anxa1c,0.5449478,0.37914035,0.16580746,,,Notochord
ptmab,2.694955,2.5302553,0.1646998,,,Notochord
psmb4,1.1008716,0.93631434,0.16455722,,,Notochord
h3f3b.1,3.3160968,3.1522312,0.16386557,,,Notochord
tomm7,0.7606536,0.59771514,0.16293848,,,Notochord
cct5,1.1656191,1.0027326,0.1628865,,,Notochord
icn2,0.80898505,0.6462278,0.16275728,,,Notochord
vdac2,1.1024355,0.93997175,0.16246372,,,Notochord
ndufs5,0.86279655,0.70144325,0.16135329,,,Notochord
psme2,0.5670209,0.4059105,0.1611104,,,Notochord
psmb6,0.77252525,0.6114565,0.16106874,,,Notochord
psma4,0.56728214,0.4062395,0.16104263,,,Notochord
si:dkey-238k10.2,1.037455,0.8769001,0.16055489,,,Notochord
rps27.1,3.1124163,2.9519622,0.16045403,,,Notochord
ipo7,0.6171223,0.45674232,0.16037998,,,Notochord
rpl37,3.5829742,3.4228446,0.16012955,,,Notochord
si:ch211-69g19.2,0.42183676,0.26184344,0.15999332,,,Notochord
fbl,1.4613544,1.3017038,0.15965056,,,Notochord
paics,0.5491119,0.39007273,0.15903917,,,Notochord
mki67,0.6290517,0.4709621,0.15808958,,,Notochord
tcp1,0.8233749,0.6658264,0.15754855,,,Notochord
nutf2l,0.53534603,0.37816942,0.15717661,,,Notochord
cct7,1.011986,0.85481495,0.15717107,,,Notochord
eif2s2,1.3233359,1.1669601,0.15637577,,,Notochord
rpl36,3.6071017,3.4507375,0.1563642,,,Notochord
eif4a3,0.83881384,0.68254477,0.15626907,,,Notochord
psma5,1.1226534,0.9668488,0.15580457,,,Notochord
BX088707.1,1.1564677,1.0008553,0.15561235,,,Notochord
rsl24d1,1.0720032,0.9166522,0.15535104,,,Notochord
atp5mf,0.90062386,0.74622756,0.1543963,,,Notochord
rbm4.3,1.3280334,1.173989,0.15404439,,,Notochord
atp5fa1,0.9304158,0.77651787,0.15389794,,,Notochord
si:ch1073-325m22.2,1.3331479,1.1795394,0.15360844,,,Notochord
krt17,0.59323347,0.44030163,0.15293184,,,Notochord
cox5ab,0.50042874,0.3477259,0.15270284,,,Notochord
tcaim,1.1134597,0.961747,0.15171272,,,Notochord
atp5f1e,1.6481363,1.4968861,0.15125012,,,Notochord
crabp2a,0.40258515,0.25145298,0.15113217,,,Notochord
glulb,0.7599814,0.6091766,0.15080482,,,Notochord
bud31,0.80536145,0.65510416,0.15025729,,,Notochord
ywhae1,0.5585316,0.40836447,0.15016711,,,Notochord
ppl,0.45867673,0.30889598,0.14978075,,,Notochord
syncrip,1.402877,1.253406,0.14947093,,,Notochord
etf1b,0.6196212,0.47030085,0.14932036,,,Notochord
mt-nd2,2.4175918,2.2683046,0.14928722,,,Notochord
si:dkey-42i9.4,0.58201927,0.43290874,0.14911053,,,Notochord
tfa,0.54891765,0.4010052,0.14791244,,,Notochord
cox7c,1.539747,1.3918797,0.14786732,,,Notochord
rpl12,3.7598662,3.612402,0.14746428,,,Notochord
prmt1,1.5688184,1.4217677,0.14705074,,,Notochord
psma2,0.6640852,0.5171855,0.1468997,,,Notochord
rpa3,0.7421232,0.5953248,0.14679837,,,Notochord
hnrnpa0b,1.5155604,1.3692155,0.1463449,,,Notochord
egfl6,0.29214057,0.14590064,0.14623994,,,Notochord
eif3d,1.0311046,0.8849295,0.14617509,,,Notochord
si:ch211-51e12.7,0.8995414,0.7534326,0.1461088,,,Notochord
atp5l,1.4464917,1.3004835,0.14600825,,,Notochord
atp5pd,1.23015,1.0843813,0.14576864,,,Notochord
rpl4,3.3912137,3.245547,0.1456666,,,Notochord
marcksl1a,0.5683179,0.42313027,0.14518762,,,Notochord
chchd2,0.5167866,0.3717672,0.14501938,,,Notochord
krt99,0.6609634,0.5168006,0.14416283,,,Notochord
tnnt2c,0.96337616,0.8195673,0.14380884,,,Notochord
CABZ01068248.1,0.3180519,0.1743103,0.14374161,,,Notochord
snrpa,0.7284043,0.58517814,0.14322615,,,Notochord
csnk2b,0.8255133,0.68243194,0.14308137,,,Notochord
rbx1,0.9973341,0.85438496,0.14294916,,,Notochord
eif3ba,1.1369328,0.9940243,0.14290857,,,Notochord
BX284638.2,0.42789978,0.28501907,0.14288071,,,Notochord
rps29,3.1838727,3.0410073,0.14286542,,,Notochord
eif1b,0.4902837,0.34747514,0.14280856,,,Notochord
psmb3,0.9640862,0.82182705,0.14225912,,,Notochord
polr2f,0.60988706,0.46786994,0.14201713,,,Notochord
snrpf,0.9823202,0.8404246,0.14189559,,,Notochord
odc1,0.66105884,0.5193338,0.14172506,,,Notochord
bcas2,0.49692369,0.3556215,0.1413022,,,Notochord
prpf8,0.6316776,0.49076492,0.14091271,,,Notochord
brk1,0.5974651,0.45660728,0.14085782,,,Notochord
BX248318.1,0.3621713,0.22172435,0.14044695,,,Notochord
PSMA2,0.6921302,0.5519316,0.14019859,,,Notochord
actc1a,0.36375242,0.22366719,0.14008524,,,Notochord
mcm4,0.67850405,0.5385915,0.13991255,,,Notochord
snrnp27,0.38218603,0.24244733,0.1397387,,,Notochord
sf3b5,0.36987996,0.2302746,0.13960536,,,Notochord
sox19a,0.8068982,0.6672939,0.13960427,,,Notochord
si:ch73-281n10.2,3.0008357,2.8614185,0.13941717,,,Notochord
psmd3,0.79103655,0.6516574,0.13937914,,,Notochord
eef2b,3.172905,3.0335364,0.13936853,,,Notochord
atp5pb,1.0365754,0.8972868,0.13928866,,,Notochord
apoeb,1.2584007,1.1193489,0.1390518,,,Notochord
rps28,3.3540423,3.2152224,0.13881993,,,Notochord
ndufc2,0.6189585,0.48093617,0.1380223,,,Notochord
rps19,3.6817267,3.5437272,0.13799953,,,Notochord
ctbp1,0.42536062,0.28757966,0.13778096,,,Notochord
si:ch211-288g17.3,1.3079123,1.1701452,0.1377672,,,Notochord
uba1,0.53201324,0.3945091,0.13750413,,,Notochord
cbx5,0.75806457,0.62058586,0.13747871,,,Notochord
btf3l4,0.8830291,0.74563706,0.13739204,,,Notochord
cycsb,0.97618777,0.83926994,0.13691783,,,Notochord
tomm5,0.57474554,0.43854514,0.1362004,,,Notochord
gar1,0.62495106,0.48880455,0.13614652,,,Notochord
rps18,3.2934494,3.1581035,0.13534594,,,Notochord
cst3,0.4994324,0.364186,0.13524643,,,Notochord
hnrnpa1b,0.9187673,0.7836533,0.13511395,,,Notochord
eif3c,0.71599144,0.5811025,0.13488895,,,Notochord
prpf19,0.823473,0.6886393,0.1348337,,,Notochord
tuba1c,0.76362354,0.62891877,0.13470477,,,Notochord
psmd14,0.6553903,0.5210798,0.13431054,,,Notochord
c1qbp,0.50307554,0.36890197,0.13417357,,,Notochord
nucks1a,0.7128525,0.57880455,0.13404793,,,Notochord
hells,0.38764575,0.25392067,0.13372508,,,Notochord
eif2s3,1.0858325,0.95264167,0.13319081,,,Notochord
paip2b,0.4667991,0.33366954,0.13312957,,,Notochord
nop56,0.7690943,0.6364756,0.13261867,,,Notochord
gtpbp4,0.4954343,0.36286002,0.13257429,,,Notochord
calm3a,1.5637673,1.4313711,0.13239622,,,Notochord
mibp,0.42946035,0.2971579,0.13230243,,,Notochord
atp5mc3a,1.3034179,1.1714199,0.13199806,,,Notochord
polr2k,0.5216539,0.39029607,0.13135782,,,Notochord
rbb4l,0.6467767,0.5154238,0.1313529,,,Notochord
eif4h,0.6562796,0.5255568,0.13072282,,,Notochord
gpx4b,0.579327,0.44878525,0.13054174,,,Notochord
cox4i1,0.90729,0.77691466,0.13037533,,,Notochord
hgd,0.5670131,0.43672618,0.1302869,,,Notochord
agr1,0.5170162,0.38704714,0.12996903,,,Notochord
rbbp4,0.84312755,0.7137061,0.12942147,,,Notochord
olig4,0.36180136,0.23248337,0.12931798,,,Notochord
uqcrfs1,0.80521774,0.6760285,0.12918925,,,Notochord
ube2nb,0.3596917,0.2307302,0.1289615,,,Notochord
snrpb2,0.38801003,0.25913206,0.12887797,,,Notochord
psmb5,0.7778254,0.6489764,0.12884903,,,Notochord
psma6b,0.5265827,0.3983206,0.12826213,,,Notochord
atp5md,0.66655165,0.53831625,0.1282354,,,Notochord
her15.2,0.45254,0.3246333,0.12790671,,,Notochord
ube2l3a,0.44238505,0.31466427,0.12772077,,,Notochord
actl6a,0.4050434,0.277335,0.1277084,,,Notochord
pa2g4a,0.7019744,0.5743372,0.12763721,,,Notochord
psma6a,0.7671081,0.6397068,0.12740129,,,Notochord
mylpfa,0.42774904,0.300397,0.12735203,,,Notochord
eif1axb,0.80684346,0.67954236,0.1273011,,,Notochord
timm9,0.4548216,0.327581,0.1272406,,,Notochord
srsf10b,0.35103658,0.22464861,0.12638797,,,Notochord
tmsb1,1.170405,1.0447309,0.12567413,,,Notochord
snrpc,0.8201739,0.69476134,0.12541258,,,Notochord
mycn,0.383183,0.25791574,0.12526727,,,Notochord
ddx39aa,0.79540306,0.6702784,0.1251247,,,Notochord
cad,0.79248714,0.6678503,0.12463683,,,Notochord
hnrnpul1,0.43362772,0.30947232,0.1241554,,,Notochord
oaz1a,0.9285328,0.8044552,0.12407756,,,Notochord
polr2d,0.5396777,0.41568545,0.123992234,,,Notochord
rack1,3.5404038,3.4164443,0.12395954,,,Notochord
phf5a,0.71042913,0.58649087,0.12393826,,,Notochord
capn9,0.30931148,0.18549205,0.123819426,,,Notochord
myog,0.38412148,0.26033384,0.12378764,,,Notochord
ptmaa,0.96580863,0.8431804,0.12262821,,,Notochord
hsp90aa1.1,0.95837355,0.8362428,0.12213075,,,Notochord
idh2,0.69163346,0.5696757,0.12195778,,,Notochord
mcm6,0.6249712,0.50324386,0.12172735,,,Notochord
ska3,0.84088194,0.71929187,0.12159008,,,Notochord
rps26,2.7702446,2.6487112,0.121533394,,,Notochord
msx3,0.236697,0.115356386,0.12134062,,,Notochord
nop58,0.66691244,0.5458285,0.121083915,,,Notochord
slc25a3b,1.4446718,1.3236336,0.1210382,,,Notochord
mrpl13,0.375898,0.25500908,0.12088892,,,Notochord
MED9,0.33837524,0.21775776,0.12061748,,,Notochord
anapc16,0.45949173,0.33893692,0.120554805,,,Notochord
id1,2.606737,2.486242,0.12049484,,,Notochord
pfdn5,0.7890152,0.6685995,0.12041569,,,Notochord
CU929070.5,0.34494922,0.22513029,0.119818926,,,Notochord
ctsba,0.55577433,0.43609598,0.11967835,,,Notochord
taf9,0.4173331,0.2978117,0.11952141,,,Notochord
mad2l1,0.59136236,0.47195596,0.1194064,,,Notochord
ndufa12,0.49154866,0.37222606,0.1193226,,,Notochord
cdca7b,0.33996016,0.22099316,0.118967,,,Notochord
rnaseh2a,0.32336178,0.20492604,0.11843574,,,Notochord
ptgdsb.1,0.42754593,0.3091258,0.118420124,,,Notochord
dnaja2b,0.5290577,0.41154322,0.11751446,,,Notochord
psmc6,0.69733995,0.5802126,0.11712736,,,Notochord
mrpl36,0.47911423,0.36221084,0.116903394,,,Notochord
sarnp,0.34314612,0.22670019,0.11644593,,,Notochord
ola1,0.59986323,0.4837307,0.11613253,,,Notochord
eif3ha,0.8656456,0.7495488,0.116096795,,,Notochord
rpsa,3.787939,3.6718512,0.11608791,,,Notochord
psmd1,0.452639,0.3366067,0.1160323,,,Notochord
cstf3,0.42263678,0.30669945,0.11593732,,,Notochord
api5,0.6867335,0.5708902,0.115843296,,,Notochord
ndufb9,0.6071078,0.4917809,0.11532691,,,Notochord
birc5a,0.29711378,0.18222614,0.11488764,,,Notochord
cct8,0.42896107,0.31415388,0.11480719,,,Notochord
hspa4b,0.46936753,0.35478324,0.1145843,,,Notochord
rpl30,3.1681423,3.0537636,0.11437869,,,Notochord
ppp1caa,0.4837896,0.36976886,0.114020735,,,Notochord
fen1,0.32792386,0.21431755,0.11360632,,,Notochord
sap30l,0.47239813,0.3590474,0.11335072,,,Notochord
lrrn1,0.39411056,0.28087816,0.113232404,,,Notochord
ssr2,0.7633287,0.65019196,0.11313671,,,Notochord
abracl,0.43804038,0.3253345,0.11270589,,,Notochord
ndufb8,0.6467374,0.53405493,0.11268246,,,Notochord
nasp,0.50516635,0.3925991,0.112567246,,,Notochord
pus7,0.25518018,0.14270732,0.11247286,,,Notochord
wdr5,0.48107573,0.3692101,0.11186564,,,Notochord
sf3b6,0.5404436,0.42858282,0.11186078,,,Notochord
snrpd3,0.35345483,0.24164876,0.111806065,,,Notochord
eif4a1b,0.3521942,0.24087743,0.111316755,,,Notochord
h3f3d,1.3393975,1.2281526,0.11124492,,,Notochord
mt-nd3,2.7556686,2.6452453,0.11042333,,,Notochord
cct3,0.82971317,0.7197256,0.10998756,,,Notochord
prdx5,0.424435,0.31453094,0.10990405,,,Notochord
morf4l1,0.383107,0.27327612,0.109830886,,,Notochord
nsd2,0.22994012,0.1201286,0.109811515,,,Notochord
fabp1b.1,0.35943073,0.24986899,0.10956174,,,Notochord
ndufs7,0.3829461,0.27361724,0.109328866,,,Notochord
tp53inp2,0.30446246,0.19528276,0.109179705,,,Notochord
hnrnpl,0.5531361,0.44412825,0.109007865,,,Notochord
her2,0.60329026,0.49437147,0.108918786,,,Notochord
gstp1,0.40693352,0.29802117,0.10891235,,,Notochord
rad21a,0.7331482,0.6244761,0.10867214,,,Notochord
hint1,0.6603833,0.5521075,0.10827577,,,Notochord
ilf3b,0.6849223,0.576755,0.10816729,,,Notochord
rbmx,0.42816085,0.32023194,0.1079289,,,Notochord
hoxa4a,0.3329454,0.22513945,0.10780595,,,Notochord
uqcr10,1.0291326,0.9213528,0.1077798,,,Notochord
rfc2,0.28531608,0.17777261,0.10754347,,,Notochord
cdv3,0.507128,0.39968216,0.107445836,,,Notochord
rhoaa,0.91099805,0.803673,0.10732502,,,Notochord
sumo2b,0.838349,0.73106843,0.10728055,,,Notochord
trappc1,0.40653226,0.30001894,0.10651332,,,Notochord
BX323065.1,0.29883203,0.19248132,0.106350705,,,Notochord
epcam,0.40543967,0.29939505,0.10604462,,,Notochord
cox7b,1.4801866,1.3743486,0.10583794,,,Notochord
NC-002333.9,2.0805056,1.9748216,0.10568404,,,Notochord
wls,0.64862907,0.5432331,0.10539597,,,Notochord
polr2eb,0.5561443,0.45119452,0.10494977,,,Notochord
mrpl18,0.29213408,0.18738118,0.1047529,,,Notochord
rfc4,0.34460363,0.24040766,0.10419597,,,Notochord
nip7,0.43300265,0.32914606,0.10385659,,,Notochord
trmt112,0.49341694,0.38978553,0.10363141,,,Notochord
phb,0.474251,0.3711304,0.103120595,,,Notochord
ctnnb1,1.0238966,0.920852,0.10304457,,,Notochord
rps19bp1,0.33271086,0.23002034,0.10269052,,,Notochord
kpnb1,0.34320354,0.24069776,0.10250579,,,Notochord
sf3b2,0.4875139,0.38516992,0.10234398,,,Notochord
pin4,0.5578633,0.45558974,0.10227355,,,Notochord
hnrnpub,0.8479402,0.7457249,0.10221529,,,Notochord
marcksb,1.1788533,1.0773658,0.10148752,,,Notochord
cstf2,0.42304152,0.321594,0.10144752,,,Notochord
kpnb3,0.5787734,0.47743937,0.101334006,,,Notochord
pfdn6,0.55178064,0.45051622,0.10126442,,,Notochord
cnbpb,0.7185966,0.6175544,0.10104215,,,Notochord
eif4bb,0.7719621,0.67103595,0.10092616,,,Notochord
BX927308.1,0.31556612,0.21479408,0.10077204,,,Notochord
anp32a,0.88968384,0.789227,0.100456834,,,Notochord
srsf11,0.75847363,0.658113,0.10036063,,,Notochord
rpl7l1,0.6233547,0.52308315,0.10027152,,,Notochord
znf706,0.3267117,0.22657493,0.10013679,,,Notochord
tpm2,0.40126276,0.3011586,0.10010415,,,Notochord
dlst,0.38794127,0.28834394,0.099597335,,,Notochord
apoa2,0.66866654,0.5692637,0.099402845,,,Notochord
ndufab1a,0.63564306,0.53641737,0.0992257,,,Notochord
copz1,0.37239438,0.27341494,0.09897944,,,Notochord
sf1,0.49412844,0.39531597,0.09881246,,,Notochord
cox7a2l,0.49530697,0.39653113,0.098775834,,,Notochord
rbm34,0.47745842,0.37884402,0.098614395,,,Notochord
prpf40a,0.35785845,0.2593225,0.098535955,,,Notochord
pin1,0.40249944,0.30399975,0.098499686,,,Notochord
capns1b,0.46013126,0.36170205,0.0984292,,,Notochord
psmc2,0.28357756,0.18555908,0.09801848,,,Notochord
nup133,0.26928973,0.17137675,0.09791298,,,Notochord
sdcbp2,0.44262725,0.3449059,0.09772134,,,Notochord
bub3,0.46760583,0.37021223,0.0973936,,,Notochord
bysl,0.4559577,0.3587377,0.09722,,,Notochord
pou3f3a,0.21009792,0.11292696,0.097170964,,,Notochord
rfc5,0.32422385,0.22725166,0.09697218,,,Notochord
sox21a,0.26870584,0.17175454,0.096951306,,,Notochord
sox19b,0.23549204,0.13875912,0.096732914,,,Notochord
snrnp200,0.36631423,0.2695939,0.09672034,,,Notochord
tomm6,0.72142524,0.6247207,0.09670454,,,Notochord
fxyd6l,0.72953486,0.63344425,0.096090615,,,Notochord
polr2h,0.3791377,0.28307322,0.09606448,,,Notochord
ndufa3,0.5563395,0.46031532,0.096024185,,,Notochord
krt18a.1,1.7278208,1.6318288,0.09599197,,,Notochord
kifc1,0.34366706,0.24774826,0.095918804,,,Notochord
h3f3c,1.2979636,1.2023517,0.09561193,,,Notochord
mgst3b,0.68675494,0.5911699,0.09558505,,,Notochord
jupa,0.38234657,0.2868737,0.09547287,,,Notochord
dnmt1,0.4354419,0.33998692,0.09545499,,,Notochord
uqcrh,1.4086628,1.313211,0.09545183,,,Notochord
eppk1,0.25953653,0.16421166,0.095324874,,,Notochord
slc29a1a,0.27436027,0.17903936,0.09532091,,,Notochord
ccng1,1.0548961,0.95959616,0.09529996,,,Notochord
rplp1,4.4731297,4.3781524,0.09497738,,,Notochord
rpa2,0.40859216,0.313647,0.09494516,,,Notochord
tpma,0.65906954,0.56428957,0.09477997,,,Notochord
plp1a,0.26876312,0.17401773,0.0947454,,,Notochord
ruvbl1,0.37410414,0.2796019,0.09450224,,,Notochord
pole4,0.28678775,0.19229472,0.09449303,,,Notochord
hsbp1b,0.5560587,0.46157116,0.09448755,,,Notochord
naa10,0.3479326,0.25357643,0.09435618,,,Notochord
supt16h,0.5572919,0.46301815,0.094273776,,,Notochord
rrp15,0.30049083,0.20643853,0.0940523,,,Notochord
parp1,0.4764296,0.3824943,0.09393531,,,Notochord
nsfl1c,0.50706,0.41332185,0.09373814,,,Notochord
rcc2,0.7008747,0.607275,0.09359968,,,Notochord
aurkb,0.5023012,0.40891346,0.09338775,,,Notochord
ostc,0.7452365,0.6518805,0.09335601,,,Notochord
calm2a,0.26496416,0.17168614,0.09327802,,,Notochord
sf3b4,0.33672965,0.2434935,0.09323615,,,Notochord
wnt11,0.4043349,0.31125852,0.09307638,,,Notochord
pfdn4,0.8946737,0.80170065,0.09297305,,,Notochord
vcp,1.0458448,0.95289284,0.09295195,,,Notochord
selenow2a,0.75297934,0.6600788,0.092900515,,,Notochord
smc4,0.30002493,0.20713758,0.09288734,,,Notochord
akirin2,0.3292379,0.23648426,0.09275365,,,Notochord
nedd8,0.3592097,0.26683864,0.09237105,,,Notochord
si:ch211-157c3.4,0.4374076,0.345088,0.09231961,,,Notochord
ndufb5,0.47781324,0.38557518,0.09223807,,,Notochord
CU467861.6,0.5193649,0.4273825,0.091982394,,,Notochord
klhl41b,0.43287507,0.34112883,0.09174624,,,Notochord
mex3b,0.3734376,0.2818886,0.09154901,,,Notochord
ddx46,0.28039145,0.18906377,0.09132768,,,Notochord
pdhb,0.3646304,0.27338484,0.09124556,,,Notochord
emc6,0.34962186,0.25842005,0.09120181,,,Notochord
zgc:153867,1.2763771,1.1852324,0.09114468,,,Notochord
acta1b,0.38032398,0.28939268,0.0909313,,,Notochord
rnf7,0.6041664,0.51332116,0.09084523,,,Notochord
fkbp4,0.4331874,0.34246287,0.09072453,,,Notochord
arpp19b,0.3247622,0.23421855,0.09054364,,,Notochord
puf60b,0.3786045,0.2882285,0.09037599,,,Notochord
abcf2a,0.37598446,0.2857999,0.09018457,,,Notochord
sdc4,0.50265616,0.4125205,0.090135664,,,Notochord
fetub,0.3321374,0.24204278,0.090094626,,,Notochord
mrpl20,0.3933548,0.30359483,0.089759976,,,Notochord
smc2,0.332452,0.24283458,0.089617416,,,Notochord
pfdn1,0.62559384,0.53599346,0.089600384,,,Notochord
eif3g,1.0001179,0.91052276,0.08959514,,,Notochord
rpl22l1,2.419936,2.330364,0.08957195,,,Notochord
ddx5,0.9265016,0.8372015,0.089300096,,,Notochord
chrac1,0.47743,0.388254,0.089176,,,Notochord
sdhb,0.42917758,0.3400665,0.08911109,,,Notochord
u2af2b,0.665177,0.57613885,0.08903813,,,Notochord
nup50,0.27982053,0.19080582,0.08901471,,,Notochord
hsp90ab1,3.2126892,3.1236854,0.0890038,,,Notochord
krt97,0.20624518,0.11734736,0.088897824,,,Notochord
mrpl27,0.23881139,0.1502796,0.08853179,,,Notochord
msx1b,0.4066737,0.31844807,0.08822563,,,Notochord
nutf2,0.32463574,0.2366206,0.08801514,,,Notochord
atp5mea,0.43180555,0.34391958,0.087885976,,,Notochord
erh,1.0070214,0.91913694,0.087884486,,,Notochord
c1d,0.31178623,0.22402763,0.0877586,,,Notochord
eef1da,0.29999414,0.2122776,0.087716535,,,Notochord
CR936321.5,0.472716,0.38529274,0.087423265,,,Notochord
ube2d2,0.30222708,0.21487042,0.08735666,,,Notochord
psmd6,0.49068004,0.40333354,0.087346494,,,Notochord
med28,0.2966022,0.20933312,0.08726907,,,Notochord
gadd45gip1,0.30688637,0.21963045,0.087255925,,,Notochord
cenpf,0.21855961,0.13135348,0.087206125,,,Notochord
cirbpa,3.4145107,3.3274398,0.08707094,,,Notochord
si:dkey-151g10.6,5.155454,5.068685,0.086769104,,,Notochord
sec61b,0.7478889,0.6612236,0.08666533,,,Notochord
lsm6,0.58658046,0.4999432,0.08663726,,,Notochord
psmc4,0.744382,0.65785056,0.08653146,,,Notochord
dek,0.41025385,0.32377174,0.08648211,,,Notochord
cfl1,1.1604446,1.0740834,0.08636117,,,Notochord
gpx4a,0.37085286,0.28465888,0.08619398,,,Notochord
lmnb2,0.4180377,0.33189628,0.08614144,,,Notochord
gng5,0.7485168,0.6625735,0.08594328,,,Notochord
cdkn2aipnl,0.39372498,0.3079043,0.085820675,,,Notochord
grpel1,0.17144072,0.08584429,0.08559643,,,Notochord
uqcrc1,0.64299434,0.5574961,0.08549827,,,Notochord
carm1,0.38700533,0.30163494,0.08537039,,,Notochord
gsta.1,0.21825342,0.13316019,0.08509323,,,Notochord
fam53b,0.29856446,0.21353923,0.085025236,,,Notochord
fzd10,0.26766622,0.18276991,0.08489631,,,Notochord
ndufb3,0.4490919,0.36428723,0.084804684,,,Notochord
thoc7,0.2472066,0.1624442,0.084762394,,,Notochord
lsm12b,0.42153728,0.33688223,0.08465505,,,Notochord
pdap1a,0.68084896,0.59631395,0.084535,,,Notochord
cdca7a,0.49868658,0.4142656,0.08442098,,,Notochord
mrpl42,0.31329456,0.22890954,0.08438502,,,Notochord
mapk12b,0.2321206,0.14777747,0.084343135,,,Notochord
dkc1,0.7564841,0.67226774,0.08421636,,,Notochord
mrps35,0.19348039,0.10932562,0.08415477,,,Notochord
meaf6,0.3231982,0.23909919,0.08409901,,,Notochord
ppp1r8b,0.27614698,0.19223253,0.083914444,,,Notochord
tagln2,0.29821,0.2143442,0.08386579,,,Notochord
cpsf6,0.44427162,0.3607101,0.08356151,,,Notochord
cdkn1ca,0.64406556,0.5607407,0.08332485,,,Notochord
uba2,0.24785878,0.16465662,0.08320215,,,Notochord
zgc:153665,0.24755423,0.16447547,0.08307876,,,Notochord
vdac1,0.66329527,0.5803618,0.082933486,,,Notochord
nudc,0.45550877,0.37258145,0.08292732,,,Notochord
cygb1,0.35950294,0.27659306,0.08290988,,,Notochord
cdc25b,0.25635248,0.1737241,0.082628384,,,Notochord
gdi2,0.7103021,0.6276828,0.08261931,,,Notochord
ctnnb2,0.5604343,0.47791952,0.08251476,,,Notochord
khdrbs1b,0.59374636,0.5112488,0.08249754,,,Notochord
ppil1,0.23897947,0.15660109,0.08237839,,,Notochord
polr2j,0.35264984,0.27049643,0.08215341,,,Notochord
usp10,0.4456787,0.36358905,0.08208966,,,Notochord
psmc3,0.78868204,0.70681995,0.08186209,,,Notochord
eif4ebp1,0.3938284,0.3120116,0.08181679,,,Notochord
cops2,0.28526548,0.20345318,0.08181229,,,Notochord
ssb,0.40569374,0.3239975,0.08169624,,,Notochord
cers2b,0.26343074,0.18181822,0.08161253,,,Notochord
c19h1orf109,0.22092004,0.1393488,0.081571236,,,Notochord
tdg.1,0.35660577,0.2751009,0.08150488,,,Notochord
lfng,0.4289207,0.34745806,0.08146262,,,Notochord
exosc5,0.29713634,0.21581165,0.08132468,,,Notochord
chd4a,0.31681782,0.23560368,0.081214145,,,Notochord
ints1,0.16347657,0.08276316,0.08071341,,,Notochord
golt1bb,0.26524216,0.1849658,0.080276355,,,Notochord
aimp1b,0.14784208,0.06783021,0.08001187,,,Notochord
lyar,0.32096803,0.2409932,0.07997483,,,Notochord
si:ch211-212k18.5,0.47848183,0.398682,0.07979983,,,Notochord
cdk1,0.40488932,0.3252386,0.07965073,,,Notochord
rpa1,0.5223458,0.4428071,0.07953867,,,Notochord
slc25a20,0.25656083,0.17713936,0.079421476,,,Notochord
ssbp1,0.28382102,0.20445405,0.07936697,,,Notochord
mmgt1,0.28883898,0.20949182,0.07934716,,,Notochord
nme3,0.27425262,0.1950164,0.079236224,,,Notochord
ndufa11,0.61891013,0.5397049,0.079205215,,,Notochord
sf3a1,0.46476158,0.38556328,0.0791983,,,Notochord
zswim6,0.63873065,0.5596196,0.07911104,,,Notochord
rps12,4.497171,4.418138,0.0790329,,,Notochord
mrps6,0.33880022,0.25980237,0.07899785,,,Notochord
prdx2,0.4983885,0.4194946,0.0788939,,,Notochord
smyd1b,0.22680873,0.14797057,0.078838155,,,Notochord
kmt5ab,0.23181598,0.1530889,0.07872708,,,Notochord
arpc4,0.45119283,0.37251207,0.07868075,,,Notochord
mt-nd1,2.9532795,2.8749447,0.07833481,,,Notochord
ctsll,0.33486128,0.25673878,0.0781225,,,Notochord
pno1,0.48177004,0.4037408,0.078029245,,,Notochord
gas1a,0.26506162,0.18706217,0.07799944,,,Notochord
rps8a,3.2693887,3.191469,0.07791972,,,Notochord
vbp1,0.5208275,0.44293025,0.07789722,,,Notochord
sec14l1,0.27554935,0.19765404,0.07789531,,,Notochord
ctsc,0.39635286,0.31854698,0.07780588,,,Notochord
hars,0.33996823,0.26226673,0.07770151,,,Notochord
arf6a,0.18530375,0.10774614,0.07755761,,,Notochord
anxa1b,0.2593812,0.18187813,0.07750307,,,Notochord
tpx2,0.34071064,0.26348597,0.07722467,,,Notochord
pum3,0.29516584,0.21809591,0.07706992,,,Notochord
ndufa10,0.34688705,0.26989546,0.07699159,,,Notochord
hcfc1a,0.34244442,0.26547015,0.07697427,,,Notochord
slc1a3a,0.4829728,0.40604463,0.07692817,,,Notochord
dcaf13,0.18443814,0.10757395,0.07686419,,,Notochord
si:dkey-88p24.11,0.3494829,0.27280545,0.07667744,,,Notochord
her8a,0.2750666,0.19843128,0.07663533,,,Notochord
rsph10b,0.23692827,0.16032358,0.076604694,,,Notochord
lsm5,0.3939617,0.3174012,0.0765605,,,Notochord
ccnb1,0.69439423,0.61791223,0.076482,,,Notochord
pbx4,0.4372061,0.36081904,0.07638705,,,Notochord
pak1ip1,0.23211792,0.1558417,0.07627623,,,Notochord
si:dkey-102m7.3,0.43563336,0.35936755,0.07626581,,,Notochord
zgc:153631,0.13976514,0.063570485,0.07619466,,,Notochord
pdcd11,0.34963512,0.27349466,0.07614046,,,Notochord
cd9b,0.2619756,0.18587944,0.07609615,,,Notochord
sae1,0.55450493,0.4785014,0.07600352,,,Notochord
dbx1a,0.15539901,0.0796911,0.07570791,,,Notochord
ncln,0.3140585,0.23863895,0.07541956,,,Notochord
nolc1,0.42342752,0.34801966,0.07540786,,,Notochord
rbm4.1,0.23107678,0.15578103,0.07529575,,,Notochord
si:dkey-23i12.5,0.47626364,0.40096912,0.075294524,,,Notochord
nifk,0.43016055,0.3548883,0.07527226,,,Notochord
psmd12,0.46308962,0.38798466,0.07510495,,,Notochord
pdcd4a,0.24700858,0.17202014,0.07498844,,,Notochord
psenen,0.26907527,0.194088,0.07498728,,,Notochord
anapc10,0.210513,0.13564312,0.07486987,,,Notochord
mrpl15,0.19436991,0.11953385,0.07483606,,,Notochord
selenow1,0.69588304,0.62110376,0.07477927,,,Notochord
dnaja2a,0.43506613,0.36039937,0.07466677,,,Notochord
fabp2,0.2878912,0.2132255,0.07466571,,,Notochord
si:ch211-214j24.10,0.30061656,0.22607785,0.07453871,,,Notochord
cox6b2,1.9053544,1.8308551,0.07449925,,,Notochord
ppa1b,0.2921232,0.21763577,0.07448743,,,Notochord
exosc6,0.23564039,0.16127843,0.074361965,,,Notochord
hdac1,1.071499,0.99720556,0.074293435,,,Notochord
her9,0.5675508,0.49342495,0.07412583,,,Notochord
arpc3,0.38950145,0.31552076,0.07398069,,,Notochord
irx1b,0.22410923,0.1501592,0.07395004,,,Notochord
zgc:193505,0.29738855,0.22349918,0.073889375,,,Notochord
rtn4a,0.4399507,0.3663157,0.07363501,,,Notochord
zgc:91910,0.44772282,0.3743034,0.07341942,,,Notochord
UBB,0.69907826,0.6257073,0.07337093,,,Notochord
arhgdia,0.48885983,0.41549623,0.0733636,,,Notochord
lyrm4,0.21684873,0.14358324,0.07326549,,,Notochord
etfa,0.32538304,0.25214863,0.07323441,,,Notochord
abcb5,0.21143438,0.13836682,0.07306756,,,Notochord
pdcd5,0.42478237,0.35171726,0.0730651,,,Notochord
fgfr4,0.24629028,0.17328613,0.07300416,,,Notochord
abce1,0.7242677,0.65131134,0.07295638,,,Notochord
aglb,0.53481483,0.46188995,0.07292488,,,Notochord
mrps28,0.13899137,0.06606706,0.07292431,,,Notochord
polr2b,0.5330519,0.46015903,0.072892874,,,Notochord
mapre1b,0.50632536,0.43359557,0.072729796,,,Notochord
osgep,0.18201226,0.10929937,0.07271289,,,Notochord
wdr82,0.34619844,0.2734929,0.07270554,,,Notochord
rbm4.2,0.414137,0.34146634,0.07267067,,,Notochord
cdc6,0.2129764,0.14042078,0.07255562,,,Notochord
khsrp,0.56209016,0.48958528,0.07250488,,,Notochord
ncoa5,0.3316788,0.25926936,0.07240945,,,Notochord
wdr18,0.25621855,0.18388113,0.07233742,,,Notochord
apip,0.20284756,0.13051459,0.07233296,,,Notochord
hypk,0.3541618,0.28195468,0.07220712,,,Notochord
si:ch1073-314i13.4,0.29145807,0.2194783,0.071979776,,,Notochord
snu13a,0.23896423,0.16711281,0.07185142,,,Notochord
psme3,0.2948985,0.2232537,0.07164481,,,Notochord
glrx5,0.4902464,0.41878098,0.0714654,,,Notochord
eif4g2b,0.49192664,0.4205048,0.07142183,,,Notochord
dhfr,0.2597605,0.18838583,0.07137467,,,Notochord
ndufab1b,0.827302,0.7560866,0.07121539,,,Notochord
atp1b3a,0.27038425,0.19935091,0.07103334,,,Notochord
sox11a,0.36946848,0.29848844,0.07098004,,,Notochord
gapdh,0.33813542,0.2673989,0.07073653,,,Notochord
ptges3b,1.1251149,1.054395,0.07071996,,,Notochord
cdca8,0.2876724,0.21696408,0.07070832,,,Notochord
MZT1,0.27618366,0.20584187,0.070341796,,,Notochord
eftud2,0.36195734,0.2917047,0.07025263,,,Notochord
hnrnpc,0.27536213,0.20515443,0.0702077,,,Notochord
psmg3,0.15858725,0.0884392,0.07014805,,,Notochord
nol7,0.30929226,0.23931316,0.0699791,,,Notochord
zgc:174938,0.30501813,0.2350598,0.06995833,,,Notochord
fxr2,0.46875706,0.39880624,0.06995082,,,Notochord
otub1b,0.2726996,0.20281658,0.06988302,,,Notochord
tfdp1b,0.23498406,0.16519344,0.06979062,,,Notochord
aimp1a,0.3588048,0.2890269,0.069777906,,,Notochord
cxcl12a,0.18588854,0.1161109,0.069777645,,,Notochord
pelp1,0.21049587,0.14078216,0.06971371,,,Notochord
smarca5,0.64935577,0.579653,0.069702744,,,Notochord
dbt,0.18139163,0.11173101,0.06966062,,,Notochord
ubap2b,0.35851416,0.28888917,0.06962499,,,Notochord
CABZ01115113.1,0.2734793,0.20388736,0.069591954,,,Notochord
ppm1g,0.35901055,0.2894315,0.069579035,,,Notochord
aldoab,0.46388808,0.3946957,0.06919238,,,Notochord
hoxb3a,0.45690647,0.3877504,0.06915608,,,Notochord
ppid,0.34252566,0.27344987,0.06907579,,,Notochord
mrps18c,0.3125952,0.24379723,0.06879796,,,Notochord
rsl1d1,0.28452808,0.2157657,0.06876238,,,Notochord
eif3s10,0.9406851,0.8719943,0.06869078,,,Notochord
ube2t,0.16444567,0.095823005,0.06862266,,,Notochord
nt5dc2,0.17602904,0.10741915,0.06860989,,,Notochord
ddx21,0.44805768,0.37959874,0.068458945,,,Notochord
aurka,0.23219301,0.16373807,0.068454936,,,Notochord
her4.3,0.15137456,0.082926035,0.06844853,,,Notochord
strap,0.2066473,0.13840239,0.06824492,,,Notochord
ddx18,0.341506,0.27327493,0.068231076,,,Notochord
ppp2cb,0.94656813,0.8783419,0.06822622,,,Notochord
eif3f,1.4437797,1.3756821,0.06809759,,,Notochord
kpna4,0.2908368,0.22279328,0.06804353,,,Notochord
aldoaa,1.4933851,1.425558,0.067827106,,,Notochord
tmbim1b,0.2664051,0.19858375,0.06782135,,,Notochord
TUBB4B,0.20555975,0.13782218,0.067737564,,,Notochord
cdc26,0.27709547,0.20935825,0.06773722,,,Notochord
ccdc58,0.27136362,0.20368701,0.067676604,,,Notochord
abhd6a,0.17280468,0.10513369,0.06767099,,,Notochord
tfam,0.28408122,0.2167048,0.06737642,,,Notochord
ahctf1,0.16535507,0.09798745,0.06736762,,,Notochord
prg4a,0.19348332,0.12613292,0.0673504,,,Notochord
ndufs2,0.25828367,0.19103952,0.06724416,,,Notochord
inip,0.3134198,0.24629615,0.06712364,,,Notochord
rrp7a,0.13787651,0.07079095,0.067085564,,,Notochord
psmc5,0.47889543,0.41180998,0.067085445,,,Notochord
psma8,0.6671162,0.60009694,0.067019284,,,Notochord
orc4,0.17314035,0.10626496,0.06687539,,,Notochord
psph,0.42164323,0.3548627,0.06678054,,,Notochord
hnrnpd,0.8849426,0.8182015,0.06674111,,,Notochord
jpt2,0.6194467,0.552993,0.066453695,,,Notochord
smarcd1,0.40558088,0.3392168,0.06636408,,,Notochord
zgc:174153,0.19789903,0.13158873,0.0663103,,,Notochord
znf318,0.23071916,0.16447473,0.06624444,,,Notochord
tufm,0.20140523,0.13521114,0.06619409,,,Notochord
med31,0.2077952,0.14165689,0.06613831,,,Notochord
tuba8l2,0.34139717,0.27534103,0.06605613,,,Notochord
FP074902.2,0.17431611,0.108284935,0.06603117,,,Notochord
cul1a,0.17469543,0.108725235,0.0659702,,,Notochord
gnl3,0.34118223,0.27527112,0.065911114,,,Notochord
prdm12b,0.15231067,0.08647551,0.06583516,,,Notochord
hcfc1b,0.19516227,0.1293298,0.065832466,,,Notochord
NC-002333.21,0.5789002,0.51310015,0.06580007,,,Notochord
ing4,0.25657,0.19081286,0.065757155,,,Notochord
polr2gl,0.3969658,0.33131644,0.06564936,,,Notochord
safb,0.28292805,0.21730019,0.06562786,,,Notochord
mrpl38,0.2365791,0.17096204,0.06561707,,,Notochord
spcs3,0.41602266,0.3505011,0.06552157,,,Notochord
NDUFB1,0.31205726,0.24655494,0.065502316,,,Notochord
psmd7,0.4729792,0.40751886,0.065460324,,,Notochord
cdc42,0.38495326,0.3196416,0.06531167,,,Notochord
tmeff1b,0.30944872,0.24430397,0.06514475,,,Notochord
gars1,0.44685575,0.38181287,0.06504288,,,Notochord
psmd13,0.38760018,0.3226105,0.064989686,,,Notochord
LSM10,0.13370652,0.06878324,0.06492329,,,Notochord
tcea1,0.38207433,0.31723368,0.064840645,,,Notochord
brd7,0.27293617,0.20812313,0.06481303,,,Notochord
sephs1,0.37175864,0.3070363,0.06472233,,,Notochord
msx1a,0.15104128,0.086338386,0.0647029,,,Notochord
cenpx,0.24805598,0.18345404,0.06460194,,,Notochord
thoc5,0.30256623,0.23799945,0.064566776,,,Notochord
akap8l,0.47320628,0.408721,0.06448528,,,Notochord
triap1,0.19074336,0.12639727,0.06434609,,,Notochord
dynlt3,0.33649218,0.27221483,0.06427735,,,Notochord
coa3a,0.22802359,0.16375048,0.064273104,,,Notochord
ahcy,0.30696616,0.24270275,0.0642634,,,Notochord
aaas,0.13801366,0.073885575,0.064128086,,,Notochord
hddc2,0.19188848,0.12793182,0.06395666,,,Notochord
ctsd,0.3262049,0.2622907,0.06391421,,,Notochord
pcid2,0.17490898,0.11115187,0.063757114,,,Notochord
eif4e1c,0.2738133,0.21011293,0.06370038,,,Notochord
mrps26,0.13426279,0.07061639,0.0636464,,,Notochord
si:ch1073-429i10.3,1.0371432,0.9735104,0.063632846,,,Notochord
mrpl47,0.22741222,0.16386461,0.06354761,,,Notochord
tuba1b,0.20076397,0.13738997,0.063374,,,Notochord
msgn1,0.13259843,0.06926018,0.06333825,,,Notochord
adssl,0.45563236,0.39249665,0.06313571,,,Notochord
nup37,0.14497495,0.081871964,0.06310298,,,Notochord
hnrnpl2,0.61016506,0.5471345,0.06303054,,,Notochord
dnajc8,0.38783216,0.32482296,0.0630092,,,Notochord
dnmt3ba,0.40090656,0.33808368,0.06282288,,,Notochord
si:dkey-6i22.5,0.17856652,0.1157821,0.06278442,,,Notochord
pfdn2,0.44003502,0.37725234,0.062782675,,,Notochord
baz2a,0.18306637,0.12029678,0.06276959,,,Notochord
zgc:163030,0.18086211,0.1181022,0.06275991,,,Notochord
ncbp2,0.23493734,0.17219812,0.06273922,,,Notochord
cst14a.2,0.45586362,0.39315447,0.06270915,,,Notochord
sb:cb81,0.33778498,0.2750913,0.062693685,,,Notochord
timm17a,0.22586079,0.16324696,0.06261383,,,Notochord
mkrn4,0.16660284,0.10408126,0.06252158,,,Notochord
si:ch73-238c9.1,0.21516421,0.1526441,0.06252012,,,Notochord
ss18,0.27233624,0.20986818,0.062468067,,,Notochord
uqcrc2a,0.42801604,0.36557654,0.0624395,,,Notochord
srsf5a,0.7055784,0.6432125,0.06236589,,,Notochord
taf12,0.42256525,0.36022577,0.062339485,,,Notochord
wtap,0.26669157,0.2044436,0.06224796,,,Notochord
ackr3b,0.29810977,0.2358726,0.062237173,,,Notochord
rbfox1l,0.21882683,0.15684046,0.061986372,,,Notochord
zic2a,0.13093656,0.06897127,0.061965294,,,Notochord
ivns1abpb,0.15617928,0.09423316,0.061946116,,,Notochord
llph,0.37587428,0.31395444,0.06191984,,,Notochord
ckmb,0.23961976,0.17771852,0.06190124,,,Notochord
imp4,0.20068678,0.13882953,0.061857253,,,Notochord
metrn,0.2366758,0.17483433,0.061841473,,,Notochord
eif3s6ip,0.7066264,0.6448103,0.061816096,,,Notochord
mib1,0.23653951,0.17479144,0.061748073,,,Notochord
eif2s1a,0.38493243,0.3231863,0.06174612,,,Notochord
tmcc3,0.2548666,0.19314875,0.061717853,,,Notochord
capns1a,0.2510201,0.18937615,0.061643958,,,Notochord
nkap,0.20300429,0.1413684,0.06163588,,,Notochord
oip5-as1,0.30414602,0.24259003,0.061555997,,,Notochord
dlgap5,0.16126175,0.09980914,0.061452612,,,Notochord
pbrm1l,0.23234954,0.17090102,0.06144853,,,Notochord
tacc3,0.22811389,0.16677226,0.06134163,,,Notochord
hmgn3,0.38916776,0.3278634,0.06130436,,,Notochord
CR854827.3,0.13673213,0.0754474,0.06128473,,,Notochord
ipo9,0.20752883,0.14628047,0.061248362,,,Notochord
hmga1a,3.5019786,3.4407308,0.061247826,,,Notochord
gtf2h5,0.29683614,0.23564526,0.061190873,,,Notochord
emp2,0.45932883,0.3982525,0.061076343,,,Notochord
etfb,0.28763205,0.22660719,0.06102486,,,Notochord
zgc:110540,0.16448508,0.1034719,0.061013184,,,Notochord
thoc3,0.2002007,0.13922565,0.06097506,,,Notochord
si:ch211-286b5.5,0.36259535,0.30165088,0.060944468,,,Notochord
ufd1l,0.17019399,0.109259926,0.06093406,,,Notochord
rpf1,0.22076146,0.15983313,0.06092833,,,Notochord
scube2,0.23407394,0.1731666,0.060907334,,,Notochord
smarcb1b,0.2980521,0.23724988,0.06080222,,,Notochord
rangap1b,0.2967562,0.23597649,0.06077972,,,Notochord
dnase1l4.1,0.2929085,0.23215152,0.060756966,,,Notochord
vps54,0.31514028,0.25455973,0.06058055,,,Notochord
cxcl14,0.14708988,0.08654471,0.060545176,,,Notochord
ppp4ca,0.16230273,0.10181416,0.060488574,,,Notochord
prim2,0.20093864,0.14045113,0.06048751,,,Notochord
evplb,0.14616181,0.08567554,0.060486272,,,Notochord
uhrf1,0.13231102,0.07183906,0.06047196,,,Notochord
cpsf2,0.16298905,0.102626756,0.060362294,,,Notochord
nop53,0.39619747,0.33584294,0.06035453,,,Notochord
cenpw,0.17984968,0.11956432,0.060285367,,,Notochord
morc2,0.21078302,0.15063855,0.06014447,,,Notochord
eif6,0.3681825,0.3081206,0.0600619,,,Notochord
ywhaz,0.3040082,0.24407539,0.0599328,,,Notochord
mrpl24,0.17055348,0.11062158,0.059931897,,,Notochord
supt6h,0.2466328,0.18682717,0.05980563,,,Notochord
bxdc2,0.26248953,0.20297027,0.05951926,,,Notochord
psmg1,0.18625875,0.12679327,0.059465483,,,Notochord
rae1,0.32745147,0.26799273,0.059458733,,,Notochord
jpt1b,0.34525988,0.28583804,0.059421837,,,Notochord
e2f4,0.1804813,0.12114709,0.05933421,,,Notochord
myl1,0.33075306,0.27142513,0.05932793,,,Notochord
irx3a,0.18760167,0.1284094,0.05919227,,,Notochord
si:ch73-386h18.1,0.14261843,0.083453305,0.059165128,,,Notochord
cox14,0.2459319,0.18679158,0.05914031,,,Notochord
senp3b,0.16917102,0.11004586,0.059125163,,,Notochord
lman2,0.27988523,0.22078341,0.05910182,,,Notochord
sox2,0.1404363,0.08134692,0.059089385,,,Notochord
exosc2,0.23307812,0.17423427,0.05884385,,,Notochord
utp23,0.13998051,0.08123563,0.058744878,,,Notochord
h2ax1,0.70303226,0.6443163,0.05871594,,,Notochord
eif4a1a,0.9980333,0.9393676,0.058665693,,,Notochord
naa20,0.31927106,0.26086256,0.0584085,,,Notochord
nmt1a,0.24357808,0.18520135,0.05837673,,,Notochord
atic,0.23004231,0.1716696,0.058372706,,,Notochord
plscr3b,0.18675885,0.1284396,0.05831924,,,Notochord
cisd2,0.14773533,0.089425236,0.05831009,,,Notochord
PYURF,0.13878806,0.080492765,0.058295295,,,Notochord
bop1,0.18073674,0.12246121,0.05827553,,,Notochord
sfpq,0.7489224,0.6907803,0.058142126,,,Notochord
ndufb10,0.29261628,0.23449914,0.058117136,,,Notochord
uck2b,0.19263044,0.13461518,0.058015257,,,Notochord
ube2d1b,0.33450693,0.27684715,0.057659775,,,Notochord
ube2d3,0.18748647,0.12987567,0.057610795,,,Notochord
pola1,0.19413452,0.13661699,0.05751753,,,Notochord
acin1a,0.25038257,0.19305058,0.057331994,,,Notochord
fkbp3,0.1947044,0.1373909,0.0573135,,,Notochord
ndufa2,0.3784272,0.32111847,0.057308733,,,Notochord
atf4b,0.3494236,0.2921389,0.057284683,,,Notochord
si:dkey-195m11.8,0.68611246,0.628839,0.057273448,,,Notochord
shmt1,0.33463043,0.2773708,0.05725962,,,Notochord
CABZ01087560.1,0.1883373,0.13108495,0.057252347,,,Notochord
prps1a,0.65306455,0.5958655,0.05719906,,,Notochord
ewsr1a,0.5109604,0.45377848,0.057181925,,,Notochord
u2af1,0.25685897,0.19971155,0.05714743,,,Notochord
chaf1a,0.3625404,0.30539307,0.057147324,,,Notochord
zbtb16a,0.3255931,0.26856735,0.05702576,,,Notochord
pbk,0.200001,0.14298657,0.057014436,,,Notochord
eif2s1b,0.50828975,0.45129126,0.05699849,,,Notochord
amer1,0.13431692,0.07734799,0.056968935,,,Notochord
asf1ba,0.26376238,0.20687775,0.05688463,,,Notochord
tmem38a,0.23897855,0.18217294,0.05680561,,,Notochord
chtf8,0.16447912,0.10768312,0.056796,,,Notochord
sgta,0.5389571,0.48219392,0.056763202,,,Notochord
dpysl5a,0.22084144,0.1641229,0.056718543,,,Notochord
dynll2b,0.30624348,0.24958965,0.056653827,,,Notochord
atrx,0.2609365,0.20432346,0.056613043,,,Notochord
orc6,0.15322696,0.096640624,0.056586333,,,Notochord
rbbp5,0.12635644,0.06981185,0.056544587,,,Notochord
cyc1,0.457073,0.40054762,0.05652538,,,Notochord
esd,0.21589006,0.15944858,0.056441486,,,Notochord
nr2f2,0.2977117,0.24135669,0.056355014,,,Notochord
mapk11,0.13055785,0.07421101,0.05634684,,,Notochord
chd4b,0.43516302,0.37887236,0.056290656,,,Notochord
tle2a,0.24253544,0.18628184,0.056253597,,,Notochord
nelfe,0.13349102,0.0772385,0.056252524,,,Notochord
grm2b,0.21039,0.15415008,0.056239918,,,Notochord
stag1b,0.22808677,0.17193605,0.05615072,,,Notochord
riox1,0.1506692,0.0946704,0.055998802,,,Notochord
mrpl17,0.17645119,0.120462105,0.055989087,,,Notochord
ap1s2,0.32743126,0.27168715,0.05574411,,,Notochord
uchl5,0.3682903,0.31255397,0.055736333,,,Notochord
plrg1,0.28221947,0.22649144,0.055728033,,,Notochord
ddx56,0.18992671,0.13433309,0.055593625,,,Notochord
tyms,0.15761554,0.102147155,0.055468388,,,Notochord
ptgr1,0.25026804,0.19480614,0.0554619,,,Notochord
timm13,0.20294808,0.14751701,0.055431068,,,Notochord
tomm22,0.52002114,0.4646106,0.055410534,,,Notochord
aamp,0.22210315,0.16669482,0.05540833,,,Notochord
psmd8,0.78030294,0.7249333,0.055369616,,,Notochord
mafbb,0.1894234,0.1341358,0.0552876,,,Notochord
znf395a,0.20073146,0.14560291,0.055128545,,,Notochord
ndufa9a,0.17575195,0.12074317,0.055008784,,,Notochord
unc45b,0.26818287,0.21320589,0.054976985,,,Notochord
st13,0.20903765,0.15409885,0.054938793,,,Notochord
romo1,0.37770656,0.32280728,0.054899275,,,Notochord
virma,0.18895382,0.13408487,0.05486895,,,Notochord
gpd1c,0.17072973,0.11591442,0.054815307,,,Notochord
usp1,0.20737866,0.15257606,0.054802597,,,Notochord
mtrex,0.21376054,0.15901281,0.05474773,,,Notochord
mrpl44,0.24069133,0.18607426,0.054617077,,,Notochord
zranb2,0.1479324,0.09338194,0.054550454,,,Notochord
med21,0.2441803,0.18963246,0.054547846,,,Notochord
CABZ01086755.1,0.2610073,0.20649241,0.0545149,,,Notochord
nkain1,0.26002318,0.20557149,0.05445169,,,Notochord
tcerg1a,0.17738214,0.1229775,0.05440464,,,Notochord
yy1a,0.19107893,0.13677366,0.05430527,,,Notochord
slirp,0.3334819,0.2792906,0.05419132,,,Notochord
mrps16,0.21388894,0.15972996,0.054158986,,,Notochord
calm3b,0.6391061,0.58496094,0.054145157,,,Notochord
cpsf3,0.2803072,0.22625503,0.054052174,,,Notochord
slc38a4,0.1339619,0.07991661,0.05404529,,,Notochord
mphosph6,0.20140283,0.14741668,0.053986147,,,Notochord
cldne,0.16451673,0.11064235,0.05387438,,,Notochord
rpia,0.2271144,0.17331381,0.053800583,,,Notochord
zgc:92664,0.19790648,0.14410877,0.053797707,,,Notochord
fam107b,0.21703787,0.16326152,0.053776354,,,Notochord
nup98,0.19338454,0.1396748,0.053709745,,,Notochord
cops4,0.260142,0.2064516,0.053690404,,,Notochord
gins3,0.13580322,0.08218322,0.053620003,,,Notochord
crebzf,0.21656333,0.16299783,0.053565502,,,Notochord
nusap1,0.29635218,0.24295959,0.05339259,,,Notochord
si:ch211-217k17.7,0.2552068,0.20182966,0.053377137,,,Notochord
snupn,0.12208493,0.06872641,0.053358518,,,Notochord
tardbpl,0.739778,0.6865547,0.053223312,,,Notochord
n6amt1,0.1867445,0.13362393,0.05312057,,,Notochord
lyrm5b,0.13290799,0.07985657,0.05305142,,,Notochord
srrt,0.27113605,0.21812496,0.05301109,,,Notochord
cd63,0.26574978,0.21274775,0.05300203,,,Notochord
g3bp1,0.8553759,0.8024166,0.052959263,,,Notochord
tktb,0.2532792,0.20033598,0.05294323,,,Notochord
polr2c,0.30781707,0.25494644,0.05287063,,,Notochord
mrpl34,0.24916738,0.19634514,0.052822247,,,Notochord
hnrnpk,0.421358,0.3685636,0.052794397,,,Notochord
spc25,0.18631285,0.1335458,0.052767053,,,Notochord
snrpa1,0.3798384,0.32708657,0.05275184,,,Notochord
pold1,0.21238488,0.15969886,0.05268602,,,Notochord
eif2b2,0.15640406,0.10373854,0.052665524,,,Notochord
hbs1l,0.116976924,0.06433926,0.052637666,,,Notochord
anxa1a,0.13937321,0.08675964,0.05261357,,,Notochord
he1.2,0.14736903,0.09476786,0.052601166,,,Notochord
eed,0.18940854,0.13681284,0.052595705,,,Notochord
si:dkey-188h10.3,0.18014657,0.1275516,0.052594975,,,Notochord
mbd3b,0.36712804,0.31455597,0.05257207,,,Notochord
cul4b,0.12040482,0.06783754,0.05256728,,,Notochord
crip2,0.33500382,0.2824479,0.05255592,,,Notochord
cse1l,0.14780028,0.09538942,0.052410863,,,Notochord
taf15,0.70495874,0.65261304,0.052345693,,,Notochord
wdr75,0.21314009,0.16084741,0.052292675,,,Notochord
ndufv3,0.2291279,0.17699707,0.052130833,,,Notochord
hspa14,0.25279167,0.20070443,0.052087247,,,Notochord
oaz1b,0.7883865,0.73630303,0.052083492,,,Notochord
e2f3,0.31668726,0.26466957,0.05201769,,,Notochord
mcts1,0.33671603,0.28472015,0.051995873,,,Notochord
fam32a,0.33297715,0.28115317,0.051823974,,,Notochord
srsf9,0.22831605,0.17650138,0.051814675,,,Notochord
ndnl2,0.14882775,0.097039126,0.05178862,,,Notochord
mt-nd6,1.2793356,1.2276995,0.0516361,,,Notochord
dohh,0.2731559,0.22152737,0.05162853,,,Notochord
sf3b3,0.5037813,0.4522278,0.051553518,,,Notochord
ncaph2,0.17838565,0.12694454,0.051441103,,,Notochord
arih2,0.13040888,0.079000235,0.05140865,,,Notochord
myl6,0.12150528,0.070101514,0.05140377,,,Notochord
prps1b,0.20856199,0.15716481,0.051397175,,,Notochord
rap1aa,0.35400638,0.3026867,0.05131969,,,Notochord
farsb,0.1739817,0.12268811,0.05129359,,,Notochord
zgc:92429,0.1510897,0.09987003,0.051219665,,,Notochord
hnrnpm,0.6775065,0.6263022,0.051204324,,,Notochord
ube2g1b,0.16505456,0.11389416,0.051160403,,,Notochord
ccnf,0.15096459,0.10001034,0.050954245,,,Notochord
mapre1a,0.30782676,0.25697136,0.0508554,,,Notochord
pfn2,0.71851265,0.6677994,0.05071324,,,Notochord
dcaf7,0.44181713,0.39119828,0.050618857,,,Notochord
rcl1,0.1461372,0.09569745,0.050439745,,,Notochord
arpc1a,0.416461,0.36603403,0.05042696,,,Notochord
cd82a,0.23012134,0.17976642,0.050354928,,,Notochord
pla2g12b,0.26817152,0.21782772,0.050343797,,,Notochord
kansl3,0.1295524,0.07935586,0.050196536,,,Notochord
rb1,0.115046896,0.06485796,0.050188936,,,Notochord
mrpl54,0.277113,0.22697978,0.050133213,,,Notochord
gpn2,0.15135008,0.10122758,0.0501225,,,Notochord
gmps,0.25673476,0.20661756,0.050117195,,,Notochord
ltv1,0.14798047,0.09788755,0.050092913,,,Notochord
timmdc1,0.13639684,0.08630789,0.05008895,,,Notochord
mrps33,0.1611238,0.11106807,0.050055727,,,Notochord
arl6ip4,0.16717306,0.117276035,0.049897023,,,Notochord
foxd3,0.19596735,0.14610715,0.049860194,,,Notochord
thoc6,0.19654809,0.14670151,0.049846575,,,Notochord
ptp4a2a,0.19890986,0.14909412,0.049815744,,,Notochord
mapk6,0.12142581,0.0716273,0.04979851,,,Notochord
nup58,0.19922088,0.14943843,0.049782455,,,Notochord
prdx4,0.15996091,0.11020411,0.049756803,,,Notochord
skp2,0.20129031,0.15156056,0.04972975,,,Notochord
ttn.2,0.4471867,0.39745992,0.049726784,,,Notochord
spryd4,0.2620685,0.21235408,0.04971443,,,Notochord
idh3a,0.18991527,0.14022575,0.049689516,,,Notochord
cdk12,0.14701723,0.0973308,0.049686424,,,Notochord
myl12.1,1.0506504,1.0010146,0.049635768,,,Notochord
her6,0.4209333,0.37134522,0.049588084,,,Notochord
otub1a,0.27674672,0.2272861,0.04946062,,,Notochord
ppp2r1bb,0.30276147,0.2533016,0.049459875,,,Notochord
cdk2,0.24448422,0.1950276,0.04945661,,,Notochord
pcbp2,0.37802836,0.3286096,0.049418777,,,Notochord
rnf185,0.17679569,0.12740774,0.049387947,,,Notochord
hp1bp3,0.95274526,0.9033625,0.049382746,,,Notochord
mdh2,0.26141137,0.21205518,0.049356192,,,Notochord
mrps24,0.3488868,0.29962924,0.049257547,,,Notochord
chchd1,0.17365025,0.12445606,0.049194187,,,Notochord
atp5meb,0.5585464,0.5094511,0.049095333,,,Notochord
tp53,0.4637841,0.41469812,0.049085975,,,Notochord
gnaia,0.2776155,0.22869717,0.04891832,,,Notochord
fdps,0.21360165,0.16468935,0.0489123,,,Notochord
polr1a,0.14328633,0.09437774,0.04890859,,,Notochord
txnrd3,0.2213804,0.1725568,0.048823595,,,Notochord
dtymk,0.1643562,0.115707114,0.048649088,,,Notochord
ormdl1,0.14978553,0.10117603,0.048609503,,,Notochord
si:dkey-67c22.2,0.24896656,0.20041579,0.04855077,,,Notochord
nubp2,0.1582204,0.10973,0.048490398,,,Notochord
zgc:77056,0.14677896,0.098307654,0.0484713,,,Notochord
timm8b,0.45760542,0.4091923,0.048413128,,,Notochord
mt-nd4,1.4658042,1.4174005,0.04840374,,,Notochord
dda1,0.12961358,0.081263535,0.048350044,,,Notochord
gtf2f2a,0.34998158,0.30169913,0.048282444,,,Notochord
cks1b,0.37762338,0.3293642,0.04825917,,,Notochord
mrpl12,0.30145606,0.25320333,0.04825273,,,Notochord
drap1,0.26373526,0.21548435,0.048250914,,,Notochord
pinx1,0.16024409,0.11200906,0.04823503,,,Notochord
nup107,0.20417632,0.15598674,0.04818958,,,Notochord
gabpa,0.24848118,0.20044462,0.04803656,,,Notochord
blcap,0.3398235,0.29183117,0.04799235,,,Notochord
taf10,0.39157155,0.34370723,0.047864318,,,Notochord
mrps36,0.30497372,0.2571272,0.047846526,,,Notochord
ppp5c,0.27805337,0.23020746,0.047845915,,,Notochord
zgc:174855,0.12569346,0.07790292,0.047790535,,,Notochord
cntn1a,0.23883533,0.19105513,0.0477802,,,Notochord
actr6,0.15441799,0.10673389,0.047684103,,,Notochord
mybphb,0.12557109,0.077896334,0.047674753,,,Notochord
si:dkey-239h2.3,0.26163426,0.21400148,0.047632784,,,Notochord
si:dkey-170l10.1,0.15632229,0.1087466,0.047575682,,,Notochord
pola2,0.21269211,0.16519034,0.047501773,,,Notochord
hnrnpr,0.19136207,0.14388062,0.047481447,,,Notochord
nup43,0.15624547,0.10878423,0.04746124,,,Notochord
mrps14,0.22084607,0.1734364,0.04740967,,,Notochord
neurog1,0.28045213,0.2331049,0.047347233,,,Notochord
TADA1,0.13527144,0.08793303,0.04733841,,,Notochord
tbcb,0.25831297,0.21097627,0.047336698,,,Notochord
eef1a1l1,4.878143,4.8308578,0.04728508,,,Notochord
mrpl53,0.14847371,0.101201504,0.047272205,,,Notochord
aldh7a1,0.13142744,0.08420438,0.047223054,,,Notochord
psmc1b,0.37287077,0.32569703,0.04717374,,,Notochord
fcf1,0.37263474,0.32547486,0.04715988,,,Notochord
mrpl48,0.1259748,0.078817114,0.04715769,,,Notochord
nop16,0.45443517,0.40734145,0.04709372,,,Notochord
drg1,0.31504434,0.26795542,0.04708892,,,Notochord
cdc42l,0.31063724,0.2636474,0.04698983,,,Notochord
naa38,0.36620045,0.31929126,0.046909183,,,Notochord
selenop,0.14491147,0.0980198,0.046891667,,,Notochord
gins2,0.19728687,0.15046409,0.046822786,,,Notochord
zgc:55943,0.14962015,0.102810904,0.04680924,,,Notochord
pax3a,0.15205176,0.105270125,0.046781637,,,Notochord
rtf2,0.14743392,0.100716494,0.046717428,,,Notochord
znf503,0.13948222,0.09284456,0.046637654,,,Notochord
dcun1d5,0.2733101,0.22671247,0.04659763,,,Notochord
aldh1a2,0.15143692,0.10486459,0.046572335,,,Notochord
idh3g,0.154079,0.10751147,0.046567537,,,Notochord
msi1,0.30895635,0.26239848,0.046557873,,,Notochord
top1l,0.3456158,0.29916832,0.046447486,,,Notochord
ppp6c,0.30201837,0.2555937,0.046424687,,,Notochord
hmgb1a,0.7769401,0.7306882,0.046251893,,,Notochord
cyb5a,0.15309134,0.10686949,0.046221852,,,Notochord
fscn1a,0.47936186,0.43321905,0.046142817,,,Notochord
si:ch211-22i13.2,0.17238536,0.12631519,0.046070173,,,Notochord
gnb1b,0.226822,0.18077068,0.046051323,,,Notochord
si:dkey-276j7.1,0.19132286,0.14527321,0.046049654,,,Notochord
tbca,0.31224582,0.26622334,0.046022475,,,Notochord
dbi,0.9828055,0.93680245,0.046003044,,,Notochord
golga7,0.30662864,0.26063046,0.045998186,,,Notochord
carhsp1,0.19155543,0.14556259,0.045992836,,,Notochord
coa5,0.17407325,0.12818952,0.04588373,,,Notochord
pias4a,0.13299443,0.08714393,0.0458505,,,Notochord
srrm2,0.24825001,0.20247073,0.045779273,,,Notochord
gbp,0.17642458,0.13073306,0.04569152,,,Notochord
ndufs4,0.2663545,0.22067192,0.04568258,,,Notochord
csnk2a1,0.3538684,0.30823296,0.045635432,,,Notochord
lars1b,0.19887242,0.15325128,0.04562114,,,Notochord
plcg1,0.1661705,0.12058616,0.045584336,,,Notochord
ISCU,0.32338795,0.2778134,0.045574546,,,Notochord
MYG1,0.56334853,0.51785415,0.045494378,,,Notochord
mphosph10,0.16431889,0.11891602,0.04540287,,,Notochord
atp5pf,0.7407168,0.69532865,0.045388162,,,Notochord
siva1,0.2867216,0.24151205,0.045209542,,,Notochord
ilf3a,0.25006735,0.20486686,0.045200497,,,Notochord
arf1,0.4190977,0.37392604,0.04517165,,,Notochord
vps29,0.29998076,0.25489026,0.045090497,,,Notochord
ppp1r21,0.12118868,0.07610929,0.045079388,,,Notochord
vma21,0.2754819,0.23040874,0.045073166,,,Notochord
irf2bp1,0.14360857,0.09855529,0.04505328,,,Notochord
im:7150988,0.33106285,0.28601545,0.045047402,,,Notochord
naa50,0.16105975,0.11604434,0.04501541,,,Notochord
xrn2,0.13012522,0.08517133,0.044953898,,,Notochord
axin2,0.17855006,0.13363649,0.044913575,,,Notochord
szrd1,0.2459258,0.20102589,0.04489991,,,Notochord
ndc80,0.17270449,0.12781738,0.04488711,,,Notochord
mrps30,0.15459211,0.10973418,0.044857934,,,Notochord
chrng,0.15150534,0.10670871,0.044796623,,,Notochord
actn3b,0.15833376,0.11356482,0.044768944,,,Notochord
kdm3b,0.27950028,0.2347961,0.04470417,,,Notochord
ndufa6,0.44454175,0.39985546,0.044686288,,,Notochord
ndufa1,0.4319683,0.38729802,0.044670284,,,Notochord
cmc1,0.14543915,0.10078654,0.04465261,,,Notochord
spag7,0.36047184,0.315829,0.044642836,,,Notochord
dhx15,0.45889434,0.41425315,0.044641197,,,Notochord
mrps31,0.15362754,0.109018296,0.04460925,,,Notochord
nudcd2,0.20389703,0.15929389,0.04460314,,,Notochord
mettl2a,0.20709355,0.16252151,0.04457204,,,Notochord
ube2na,0.26173937,0.21716772,0.044571653,,,Notochord
CDPF1,0.29114646,0.24667375,0.04447271,,,Notochord
skap1,0.25034893,0.20591554,0.044433385,,,Notochord
caap1,0.10852153,0.06409859,0.04442294,,,Notochord
rbm24a,0.31039476,0.26599833,0.04439643,,,Notochord
farsa,0.14622453,0.10212477,0.044099756,,,Notochord
uqcrc2b,0.41476488,0.3706795,0.044085383,,,Notochord
ddx61,0.2026766,0.15860374,0.04407285,,,Notochord
cbsb,0.13666196,0.09267935,0.04398261,,,Notochord
jam2a,0.14617139,0.10220188,0.043969512,,,Notochord
polb,0.23863617,0.19478439,0.043851778,,,Notochord
uchl3,0.17978656,0.13595913,0.04382743,,,Notochord
iars1,0.28057516,0.23679839,0.043776765,,,Notochord
boc,0.16539964,0.1216304,0.04376924,,,Notochord
med12,0.16999017,0.12623416,0.04375601,,,Notochord
pabpn1,0.2655839,0.22184959,0.043734312,,,Notochord
npm1b,0.26109052,0.21743037,0.04366015,,,Notochord
si:ch211-212k18.4,0.21579301,0.17214496,0.04364805,,,Notochord
rhoac,0.3361646,0.2925172,0.04364741,,,Notochord
caprin1b,0.29994422,0.2563089,0.04363531,,,Notochord
hat1,0.2627032,0.21913585,0.04356736,,,Notochord
MRPS12,0.2112012,0.16763419,0.043567017,,,Notochord
faub,0.30231723,0.25876543,0.043551803,,,Notochord
u2surp,0.16425411,0.12081386,0.043440253,,,Notochord
mrpl2,0.26930538,0.22589669,0.043408692,,,Notochord
map7d1a,0.14387894,0.100547746,0.04333119,,,Notochord
ccne2,0.13430393,0.0910149,0.043289028,,,Notochord
wdr46,0.12191263,0.078632325,0.043280303,,,Notochord
si:ch211-282b22.1,0.22576544,0.18249291,0.043272525,,,Notochord
dnajc9,0.27210477,0.22887163,0.04323314,,,Notochord
dspa,0.1509083,0.10767974,0.043228567,,,Notochord
trnau1apa,0.1568127,0.11367484,0.043137856,,,Notochord
unga,0.2010937,0.15800394,0.043089762,,,Notochord
supt5h,0.17478958,0.1317121,0.043077484,,,Notochord
psap,0.34280238,0.29977345,0.04302892,,,Notochord
pls3,0.12333282,0.080358535,0.042974286,,,Notochord
eif1ad,0.19657585,0.15364648,0.042929366,,,Notochord
mtx2,0.12544355,0.082550384,0.042893164,,,Notochord
cdc27,0.15803759,0.11515255,0.042885035,,,Notochord
rcc1,0.12935042,0.08648106,0.042869367,,,Notochord
fsta,0.20095423,0.15809947,0.042854756,,,Notochord
hmgb3a,1.4279649,1.3851786,0.04278636,,,Notochord
cops5,0.16082923,0.11806802,0.042761214,,,Notochord
mrps2,0.14085421,0.09816251,0.0426917,,,Notochord
acp5a,0.20089504,0.15828928,0.042605758,,,Notochord
qars1,0.18623978,0.14364688,0.042592898,,,Notochord
imp3,0.1256957,0.083197795,0.04249791,,,Notochord
adh5,0.1336967,0.09119958,0.04249713,,,Notochord
fhl1a,0.20123932,0.15894864,0.042290673,,,Notochord
trir,0.18969572,0.14741659,0.042279124,,,Notochord
dpcd,0.16317734,0.1209122,0.04226514,,,Notochord
apobec2a,0.14724284,0.1050082,0.042234644,,,Notochord
pbdc1,0.32113364,0.27892095,0.042212695,,,Notochord
luc7l,0.3709012,0.32873333,0.042167872,,,Notochord
cdk8,0.1972262,0.15507652,0.042149678,,,Notochord
mrps10,0.23517191,0.19304997,0.042121947,,,Notochord
ptrh2,0.13991934,0.09782913,0.042090207,,,Notochord
si:cabz01007794.1,0.1669568,0.12486873,0.04208807,,,Notochord
hikeshi,0.20982878,0.16776504,0.042063743,,,Notochord
aspm,0.2807999,0.23878272,0.042017177,,,Notochord
ptges3a,0.27225918,0.23024832,0.04201086,,,Notochord
gli2a,0.17901355,0.1370051,0.042008445,,,Notochord
ptp4a2b,0.24186355,0.19987023,0.04199332,,,Notochord
psmd11b,0.28720137,0.24525215,0.041949227,,,Notochord
vapal,0.26584795,0.22398563,0.041862324,,,Notochord
gemin8,0.15879512,0.117003776,0.041791342,,,Notochord
si:ch211-235e9.6,0.30248764,0.26070225,0.04178539,,,Notochord
tsr2,0.2068581,0.16510285,0.041755244,,,Notochord
mcl1a,0.21268128,0.17094095,0.041740328,,,Notochord
fbp1b,0.11724145,0.07552883,0.04171262,,,Notochord
rpf2,0.4063809,0.3649013,0.041479588,,,Notochord
sept7b,0.20760792,0.16615216,0.04145576,,,Notochord
ywhaba,1.03013,0.98870176,0.041428268,,,Notochord
mcrip1,0.1502621,0.10884204,0.041420065,,,Notochord
supt4h1,0.26012844,0.21874133,0.04138711,,,Notochord
nup62l,0.25873938,0.21737792,0.041361466,,,Notochord
cstf1,0.24939984,0.2080669,0.041332945,,,Notochord
spcs1,0.53841126,0.49711344,0.041297823,,,Notochord
ylpm1,0.247412,0.20615453,0.04125747,,,Notochord
NC-002333.5,0.15279,0.11153298,0.041257016,,,Notochord
cdc23,0.2240693,0.18281592,0.041253373,,,Notochord
swi5,0.13688438,0.09563457,0.041249804,,,Notochord
ppat,0.14074063,0.099496424,0.04124421,,,Notochord
tsr1,0.27900162,0.23776023,0.041241392,,,Notochord
ncapd2,0.24763438,0.20647453,0.041159853,,,Notochord
yy1b,0.13193557,0.09077919,0.041156374,,,Notochord
adsl,0.14171492,0.1005895,0.041125417,,,Notochord
umps,0.22126782,0.1802752,0.040992618,,,Notochord
pds5a,0.26510447,0.22411469,0.040989786,,,Notochord
zgc:55558,0.21256876,0.17159398,0.04097478,,,Notochord
ndufs1,0.2847679,0.24379557,0.040972322,,,Notochord
dao.1,0.13906376,0.098095305,0.040968455,,,Notochord
eif4ebp3l,0.17956974,0.1386874,0.040882334,,,Notochord
rnf170,0.16724609,0.12648532,0.04076077,,,Notochord
atp2a1,0.45839038,0.4176396,0.04075077,,,Notochord
ssrp1a,0.21795447,0.17723309,0.040721387,,,Notochord
cth,0.15947191,0.1188249,0.040647015,,,Notochord
med11,0.19954826,0.15891522,0.040633038,,,Notochord
hoxc1a,0.1539811,0.11338837,0.040592737,,,Notochord
riok2,0.16384597,0.12325556,0.040590413,,,Notochord
slc25a12,0.20426884,0.16373733,0.040531516,,,Notochord
ckap2l,0.12946983,0.088940054,0.040529773,,,Notochord
fkbp2,0.4794887,0.43898115,0.040507555,,,Notochord
metap2b,0.52522177,0.48471648,0.04050529,,,Notochord
fam168b,0.18086785,0.14038862,0.040479228,,,Notochord
znf281b,0.16368897,0.123263545,0.040425427,,,Notochord
myl12.2,0.37019047,0.32988846,0.04030201,,,Notochord
ebna1bp2,0.29265642,0.2523882,0.040268213,,,Notochord
smarcc1a,0.30757126,0.267314,0.040257275,,,Notochord
ppdpfa,0.12310905,0.082873285,0.040235765,,,Notochord
mybl2b,0.20435707,0.1641556,0.04020147,,,Notochord
knl1,0.12045027,0.0802643,0.040185973,,,Notochord
slc16a6a,0.18130893,0.14113562,0.040173307,,,Notochord
prelid3b,0.19667995,0.1565173,0.040162653,,,Notochord
xrcc1,0.16751958,0.12737067,0.040148914,,,Notochord
mss51,0.11510589,0.074988194,0.040117696,,,Notochord
si:ch211-168f7.5,0.13648961,0.0963936,0.040096015,,,Notochord
lbr,0.3539926,0.31394476,0.040047854,,,Notochord
gatb,0.12543508,0.08538724,0.040047847,,,Notochord
CR927050.2,0.15478675,0.11479786,0.03998889,,,Notochord
fam222bb,0.11683412,0.07684548,0.039988637,,,Notochord
rimkla,0.2606107,0.22069608,0.039914623,,,Notochord
msl1b,0.26827314,0.22836427,0.03990887,,,Notochord
mthfd1b,0.21568151,0.1759275,0.039754003,,,Notochord
ctss2.1,0.13928421,0.099583745,0.039700463,,,Notochord
nbn,0.26772726,0.22803251,0.03969474,,,Notochord
COX7A2,0.1741229,0.13444625,0.03967665,,,Notochord
sympk,0.173179,0.1335153,0.039663702,,,Notochord
ube2e1,0.20880324,0.16921489,0.039588347,,,Notochord
eif5,0.4613752,0.42180833,0.039566875,,,Notochord
pnrc2,0.7038882,0.6643645,0.03952366,,,Notochord
tia1l,0.53207517,0.49264222,0.039432943,,,Notochord
rbm28,0.17102441,0.13159475,0.039429665,,,Notochord
s100v1,0.16313861,0.12378535,0.039353266,,,Notochord
zic3,0.13596585,0.096636094,0.03932976,,,Notochord
peli1b,0.18712914,0.1478486,0.039280534,,,Notochord
hmgb3b,0.37124544,0.33214423,0.039101213,,,Notochord
rbm12,0.13111721,0.09203373,0.03908348,,,Notochord
ddx27,0.1366101,0.097540125,0.03906998,,,Notochord
tmem258,0.9156065,0.87657017,0.039036334,,,Notochord
cdh2,0.6242232,0.5851996,0.03902358,,,Notochord
zgc:175088,0.32992747,0.29097798,0.03894949,,,Notochord
usp5,0.27591318,0.23699224,0.03892094,,,Notochord
emg1,0.2883106,0.24946845,0.03884214,,,Notochord
puf60a,0.21019104,0.1713489,0.03884214,,,Notochord
amd1,0.18911955,0.1502786,0.03884095,,,Notochord
tardbp,0.58873814,0.5499109,0.03882724,,,Notochord
ndufb7,0.2741247,0.23529781,0.038826898,,,Notochord
znf207b,0.54503167,0.5062081,0.038823545,,,Notochord
impdh1b,0.28084412,0.24203587,0.038808256,,,Notochord
znrd1,0.1923151,0.15368555,0.038629547,,,Notochord
gpx1a,0.28325793,0.24464098,0.038616955,,,Notochord
sulf2a,0.13562341,0.09701711,0.0386063,,,Notochord
irf2a,0.13075104,0.09216727,0.03858377,,,Notochord
eif2a,0.12359524,0.085142896,0.038452342,,,Notochord
gart,0.23712881,0.19871354,0.038415268,,,Notochord
smarcb1a,0.23143706,0.19302656,0.0384105,,,Notochord
cab39l,0.1548466,0.11645848,0.03838811,,,Notochord
tgif1,0.43144456,0.39306906,0.038375497,,,Notochord
pdha1a,0.12523744,0.08687288,0.038364552,,,Notochord
fzd7b,0.15515994,0.11680077,0.038359165,,,Notochord
hes6,0.29033297,0.25199062,0.038342357,,,Notochord
rnmt,0.23057188,0.19233193,0.038239956,,,Notochord
meis2a,0.24349546,0.20525567,0.038239792,,,Notochord
gcsha,0.18677306,0.1485536,0.038219467,,,Notochord
zgc:101858,0.17124683,0.13308652,0.03816031,,,Notochord
coro1ca,0.12003017,0.08190768,0.03812249,,,Notochord
lsm14ab,0.17273122,0.13464865,0.03808257,,,Notochord
C19H6orf62,0.23051111,0.19252308,0.037988037,,,Notochord
lsm4,0.20555104,0.1675937,0.03795734,,,Notochord
si:ch211-156b7.4,0.20113185,0.16321634,0.037915513,,,Notochord
gpatch4,0.14110364,0.10331845,0.037785187,,,Notochord
ngdn,0.18337691,0.1456524,0.03772451,,,Notochord
rhogc,0.110627405,0.0729167,0.037710704,,,Notochord
mycla,0.18835457,0.15065405,0.03770052,,,Notochord
sec22ba,0.22409025,0.18638994,0.03770031,,,Notochord
eny2,0.62777424,0.5901576,0.03761661,,,Notochord
arf5,0.6544164,0.61688316,0.037533224,,,Notochord
NUP85,0.18763101,0.15010001,0.037531003,,,Notochord
fdx1,0.19046935,0.15294059,0.03752877,,,Notochord
mdh1aa,0.22363204,0.18614775,0.03748429,,,Notochord
timm8a,0.19939469,0.16198562,0.037409067,,,Notochord
cpsf1,0.24355836,0.20621762,0.037340745,,,Notochord
tefa,0.15637513,0.11903864,0.037336484,,,Notochord
G3BP2,0.34025937,0.30299377,0.0372656,,,Notochord
prpf31,0.27110162,0.23386653,0.037235096,,,Notochord
rbm25b,0.1578355,0.120636605,0.037198894,,,Notochord
ubl7b,0.20132643,0.16416542,0.037161008,,,Notochord
coa6,0.13547142,0.09834705,0.037124366,,,Notochord
dpm3,0.26479775,0.22767624,0.037121505,,,Notochord
ucp2,0.17891079,0.14185113,0.037059665,,,Notochord
ywhaqb,0.61711353,0.58007187,0.037041664,,,Notochord
scaf4a,0.14068241,0.10365555,0.037026867,,,Notochord
cacybp,0.20767467,0.17067212,0.03700255,,,Notochord
sf3b1,0.5111013,0.47421813,0.036883175,,,Notochord
adi1,0.27036023,0.2335448,0.036815435,,,Notochord
dctd,0.14231235,0.10565251,0.036659837,,,Notochord
tra2a,0.7043943,0.66777736,0.03661692,,,Notochord
fbrs,0.12638806,0.089800365,0.036587693,,,Notochord
nckap1,0.23033668,0.19377534,0.03656134,,,Notochord
CU207354.1,0.10962613,0.07314587,0.036480263,,,Notochord
cirbpb,3.7894876,3.7530205,0.036467075,,,Notochord
ctsh,0.17061926,0.13416925,0.036450014,,,Notochord
zgc:110339,0.16523853,0.12887877,0.036359757,,,Notochord
rchy1,0.1816978,0.14542378,0.036274016,,,Notochord
mettl14,0.12985735,0.09360929,0.036248058,,,Notochord
mgst3a,0.23478743,0.19856866,0.036218777,,,Notochord
mrps34,0.17406285,0.13791376,0.036149085,,,Notochord
pdia7,0.25719616,0.22105801,0.036138147,,,Notochord
ciapin1,0.1628627,0.1267455,0.036117196,,,Notochord
patl1,0.19145152,0.15535979,0.03609173,,,Notochord
mrpl30,0.22625422,0.19016327,0.036090955,,,Notochord
tfpt,0.13024902,0.09416121,0.03608781,,,Notochord
chchd4a,0.11988867,0.08380626,0.03608241,,,Notochord
msh2,0.16109934,0.12502064,0.036078706,,,Notochord
top2a,0.3474226,0.31142482,0.03599778,,,Notochord
kif15,0.13954322,0.10362773,0.035915494,,,Notochord
casp3a,0.17487039,0.13895644,0.035913944,,,Notochord
tox2,0.24284089,0.20693813,0.035902753,,,Notochord
emc2,0.23960657,0.20370567,0.035900906,,,Notochord
cmpk,0.26495764,0.229196,0.03576164,,,Notochord
cnot9,0.22926176,0.19350101,0.035760745,,,Notochord
mrpl21,0.1809316,0.14521496,0.035716638,,,Notochord
drg2,0.28253096,0.2468262,0.03570476,,,Notochord
znf185,0.13165016,0.09596648,0.035683684,,,Notochord
yif1a,0.14970711,0.11413992,0.035567187,,,Notochord
acy3.2,0.13984922,0.104299515,0.0355497,,,Notochord
uqcrq,0.6436862,0.60815036,0.035535812,,,Notochord
si:dkey-42i9.6,0.18851867,0.15300876,0.035509914,,,Notochord
gtf2f1,0.15865166,0.12326519,0.035386473,,,Notochord
ddi2,0.16156913,0.12618676,0.035382375,,,Notochord
olig3,0.1336738,0.09830669,0.03536711,,,Notochord
tmpoa,0.1726766,0.13732095,0.035355642,,,Notochord
agpat4,0.16167982,0.12638012,0.035299703,,,Notochord
pdia6,0.18975635,0.15453444,0.035221905,,,Notochord
eif4ea,0.16343547,0.12828642,0.035149053,,,Notochord
gtf2b,0.18373185,0.14859857,0.035133287,,,Notochord
nfyc,0.2502,0.21507184,0.03512816,,,Notochord
sdhc,0.28059655,0.24547124,0.035125315,,,Notochord
nhsl2,0.20038567,0.16530897,0.035076708,,,Notochord
arf2a,0.5211386,0.48610297,0.03503564,,,Notochord
wrap73,0.12733646,0.09235342,0.03498304,,,Notochord
tfdp2,0.13183618,0.09692879,0.034907386,,,Notochord
dnajc19,0.14592111,0.11103198,0.03488913,,,Notochord
smarcad1a,0.11681079,0.08195691,0.034853883,,,Notochord
mrpl45,0.1286729,0.093868144,0.034804754,,,Notochord
ncapg,0.24504615,0.21024628,0.034799874,,,Notochord
BX248324.1,0.2851809,0.25039348,0.034787416,,,Notochord
clns1a,0.15193105,0.11720668,0.03472437,,,Notochord
nup205,0.1994555,0.16479142,0.03466408,,,Notochord
ednrab,0.32495576,0.29030204,0.034653723,,,Notochord
noc2l,0.20597427,0.17135036,0.034623906,,,Notochord
glrx3,0.30196312,0.26736024,0.03460288,,,Notochord
surf2,0.10945818,0.07486429,0.034593888,,,Notochord
usp39,0.10778014,0.07331975,0.034460396,,,Notochord
atf7ip,0.21737173,0.18291646,0.03445527,,,Notochord
ube2e2,0.12800553,0.09355476,0.034450777,,,Notochord
csnk1a1,0.32926702,0.2948202,0.034446836,,,Notochord
nat10,0.11607347,0.08167953,0.034393936,,,Notochord
ddx52,0.119835764,0.0854655,0.034370266,,,Notochord
dnttip2,0.13442026,0.100094765,0.034325495,,,Notochord
anxa4,0.17561027,0.14129774,0.03431253,,,Notochord
rgcc,0.13171345,0.09741965,0.0342938,,,Notochord
mrpl37,0.20804185,0.17376572,0.034276128,,,Notochord
myh9a,0.21478829,0.18054782,0.03424047,,,Notochord
tle3a,0.24388184,0.20966227,0.034219563,,,Notochord
acsl1b,0.13354984,0.099349074,0.034200765,,,Notochord
mtap,0.17466033,0.14046152,0.034198806,,,Notochord
hip1,0.1287377,0.094552174,0.03418553,,,Notochord
rnaseh2c,0.21580496,0.18163417,0.03417079,,,Notochord
rp9,0.13558905,0.10142583,0.03416322,,,Notochord
tnnc1b,0.11395235,0.079793535,0.03415882,,,Notochord
cbx1a,0.41113594,0.3769913,0.03414464,,,Notochord
plppr3a,0.12490451,0.09077833,0.034126185,,,Notochord
mrpl35,0.15837972,0.12429256,0.03408716,,,Notochord
nup85,0.1099318,0.07588821,0.034043588,,,Notochord
pole3,0.17004381,0.13601632,0.034027487,,,Notochord
txndc9,0.28179133,0.24778256,0.03400877,,,Notochord
myod1,0.30243233,0.2684419,0.033990443,,,Notochord
med23,0.19353783,0.15962893,0.033908904,,,Notochord
desma,0.35202196,0.3181211,0.033900857,,,Notochord
med29,0.1980975,0.16420607,0.033891425,,,Notochord
vta1,0.20159459,0.16781709,0.033777505,,,Notochord
gpkow,0.12977031,0.0960509,0.033719406,,,Notochord
chek1,0.12131616,0.08760015,0.033716008,,,Notochord
hoxb6b,0.13754778,0.10383577,0.033712007,,,Notochord
eprs1,0.27049822,0.23679297,0.03370525,,,Notochord
nek7,0.1227335,0.08905317,0.033680335,,,Notochord
mt-nd5,0.24801244,0.21434203,0.03367041,,,Notochord
tbrg4,0.10344418,0.06981796,0.03362622,,,Notochord
mrpl10,0.17908044,0.14554307,0.033537373,,,Notochord
si:ch211-166a6.5,0.15189405,0.118360996,0.03353305,,,Notochord
fundc2,0.22165376,0.18816903,0.033484727,,,Notochord
hadh,0.18247199,0.14899331,0.033478677,,,Notochord
bod1,0.14377764,0.11035747,0.033420168,,,Notochord
krcp,0.24472608,0.21133673,0.033389345,,,Notochord
rpap3,0.1106842,0.07733439,0.033349812,,,Notochord
mesd,0.21033908,0.17708787,0.03325121,,,Notochord
gmppb,0.17619418,0.14296694,0.033227235,,,Notochord
pagr1,0.14397074,0.11074806,0.033222683,,,Notochord
CR318588.4,0.40331644,0.37013373,0.03318271,,,Notochord
evpla,0.11019142,0.07703729,0.03315413,,,Notochord
CR376783.1,0.098912716,0.065819405,0.03309331,,,Notochord
bloc1s2,0.120784745,0.08771161,0.033073135,,,Notochord
mrpl32,0.23987426,0.20680542,0.033068836,,,Notochord
rwdd1,0.2703494,0.23731293,0.033036485,,,Notochord
nxf1,0.1382717,0.10526879,0.033002913,,,Notochord
znf593,0.5255601,0.49256438,0.0329957,,,Notochord
aebp2,0.1306259,0.097706646,0.032919258,,,Notochord
cops9,0.29555562,0.26265866,0.032896966,,,Notochord
stxbp6,0.1752455,0.14238738,0.03285812,,,Notochord
mrpl33,0.21760513,0.18477525,0.03282988,,,Notochord
NC-002333.13,0.23354574,0.20078631,0.032759428,,,Notochord
txnl4a,0.38489315,0.35221,0.032683164,,,Notochord
acsl4b,0.32479882,0.29212642,0.032672405,,,Notochord
gtf2e2,0.22327237,0.19063123,0.032641143,,,Notochord
gmnn,0.18873145,0.15610057,0.032630876,,,Notochord
prdx3,0.12328976,0.09068649,0.032603264,,,Notochord
mrps22,0.11730336,0.08474816,0.0325552,,,Notochord
si:dkey-7j14.6,0.16754816,0.13500634,0.032541826,,,Notochord
gemin7,0.12679961,0.09426099,0.032538623,,,Notochord
exosc3,0.2604623,0.22799079,0.032471523,,,Notochord
trrap,0.15925789,0.12680483,0.03245306,,,Notochord
ptprfb,0.38036796,0.34791824,0.032449722,,,Notochord
med7,0.13080005,0.09839256,0.032407492,,,Notochord
h1-0,0.3406129,0.3082251,0.032387793,,,Notochord
phb2b,0.14415586,0.11178692,0.032368943,,,Notochord
gstm.1,0.17334446,0.14099689,0.032347575,,,Notochord
ifi30,0.17590551,0.14358723,0.03231828,,,Notochord
cnot1,0.25773832,0.22545958,0.032278746,,,Notochord
dnmt3bb.2,0.17508323,0.14282876,0.032254472,,,Notochord
map2k1,0.16337508,0.13123378,0.032141298,,,Notochord
pane1,0.142174,0.1100441,0.032129906,,,Notochord
pygo2,0.12970261,0.097592846,0.032109767,,,Notochord
si:ch211-276i12.11,0.23598562,0.20391345,0.03207217,,,Notochord
g2e3,0.130126,0.098059714,0.032066286,,,Notochord
trmt61a,0.12836117,0.096332416,0.03202875,,,Notochord
dap3,0.14152624,0.1096736,0.03185264,,,Notochord
exosc9,0.12508646,0.09332588,0.031760573,,,Notochord
npm3,0.6329785,0.60124314,0.03173536,,,Notochord
nono,0.5080691,0.4763556,0.031713486,,,Notochord
BX072577.1,0.2187598,0.18708754,0.03167227,,,Notochord
cdh6,0.17986423,0.14827572,0.03158851,,,Notochord
gigyf2,0.15025312,0.11875782,0.031495295,,,Notochord
cars1,0.11741583,0.08594757,0.031468257,,,Notochord
srp19,0.22665185,0.195242,0.031409845,,,Notochord
higd2a,0.15098634,0.11959563,0.03139071,,,Notochord
smo,0.27679387,0.24542348,0.031370386,,,Notochord
ccdc43,0.13389479,0.10253224,0.03136255,,,Notochord
uprt,0.14104925,0.10972286,0.03132639,,,Notochord
nudcd3,0.13092671,0.099670365,0.031256348,,,Notochord
htatsf1,0.11791274,0.08668384,0.0312289,,,Notochord
cldni,0.26906976,0.2378646,0.031205162,,,Notochord
suz12a,0.11538949,0.084199116,0.031190373,,,Notochord
zgc:171480,0.14686927,0.115724474,0.031144798,,,Notochord
esco2,0.21915768,0.1880593,0.03109838,,,Notochord
suclg1,0.35095316,0.3199152,0.031037956,,,Notochord
ciao1,0.12142558,0.09041922,0.031006359,,,Notochord
mrps18b,0.1376758,0.10667468,0.031001128,,,Notochord
si:ch211-191j22.3,0.28447232,0.25359067,0.030881643,,,Notochord
brd3b,0.16257907,0.13175718,0.03082189,,,Notochord
erlin1,0.16391787,0.13310778,0.030810088,,,Notochord
slc25a24,0.122158244,0.09139532,0.030762926,,,Notochord
midn,0.14941059,0.11865732,0.03075327,,,Notochord
prmt5,0.21521603,0.184465,0.03075102,,,Notochord
ubxn1,0.27851737,0.24778105,0.030736312,,,Notochord
aimp2,0.26779947,0.2370879,0.030711561,,,Notochord
timm23a,0.22203954,0.19133571,0.030703828,,,Notochord
C3H16orf72,0.45840925,0.42770952,0.03069973,,,Notochord
si:dkey-248g21.1,0.114684485,0.08398903,0.030695453,,,Notochord
luc7l3,0.21084243,0.18016621,0.030676216,,,Notochord
sucla2,0.1324066,0.10179173,0.030614875,,,Notochord
coro1cb,0.28182763,0.25121507,0.030612558,,,Notochord
ankrd13c,0.12210907,0.09158164,0.030527428,,,Notochord
pelo,0.16264127,0.13211495,0.030526325,,,Notochord
epb41l5,0.1435719,0.11311604,0.030455858,,,Notochord
calr3a,0.24392618,0.21348992,0.030436262,,,Notochord
pggt1b,0.17661226,0.14618726,0.030424997,,,Notochord
rbm39b,0.13682616,0.10645189,0.030374266,,,Notochord
utp15,0.12584746,0.095487505,0.030359954,,,Notochord
lmnb1,0.8940345,0.86374605,0.030288458,,,Notochord
smc1al,0.42213866,0.39185965,0.03027901,,,Notochord
polr1e,0.15082173,0.12054961,0.030272119,,,Notochord
sumo1,0.36272612,0.33253407,0.030192047,,,Notochord
ccnd1,0.4939896,0.4638093,0.030180275,,,Notochord
ppp4r2b,0.1909433,0.1608269,0.030116394,,,Notochord
akt1s1,0.19395073,0.16386509,0.030085638,,,Notochord
pim1,0.25019994,0.22021118,0.029988766,,,Notochord
nnt,0.3330443,0.303064,0.029980302,,,Notochord
sap30bp,0.22895665,0.19898026,0.029976398,,,Notochord
eef1akmt1,0.14894561,0.11900804,0.029937573,,,Notochord
zgc:85936,0.16064848,0.13075334,0.029895142,,,Notochord
aip,0.25040203,0.2206765,0.029725537,,,Notochord
med10,0.21813594,0.18842028,0.029715657,,,Notochord
raver1,0.13813075,0.10841731,0.029713444,,,Notochord
ldb1a,0.34460866,0.31489944,0.02970922,,,Notochord
he1.1,0.18435761,0.15464953,0.029708087,,,Notochord
zgc:56699,0.12882404,0.09914242,0.029681623,,,Notochord
si:dkeyp-55f12.3,0.10711733,0.07743865,0.02967868,,,Notochord
tuba8l,1.1668504,1.1372068,0.029643655,,,Notochord
nfyba,0.14957179,0.119929545,0.029642247,,,Notochord
nol6,0.20072919,0.17125553,0.029473662,,,Notochord
fhl3a,0.14979902,0.12032918,0.02946984,,,Notochord
si:dkeyp-87e7.4,0.1396091,0.11026522,0.02934388,,,Notochord
wdr3,0.21088481,0.1816385,0.029246315,,,Notochord
acp1,0.2107767,0.18153141,0.029245287,,,Notochord
hoxb5b,0.14323199,0.113998204,0.029233783,,,Notochord
ncapd3,0.11393835,0.08476088,0.029177465,,,Notochord
FP101887.1,0.14881797,0.11967015,0.029147819,,,Notochord
smim15,0.49693197,0.4677966,0.029135376,,,Notochord
zgc:152830,0.22091596,0.19179413,0.029121831,,,Notochord
timm10,0.26224336,0.23313418,0.02910918,,,Notochord
smndc1,0.36666447,0.3375591,0.029105365,,,Notochord
si:ch1073-412h12.3,0.15871067,0.12964621,0.029064462,,,Notochord
RANBP2,0.18263753,0.15361015,0.029027373,,,Notochord
histh1l,0.45258772,0.42361325,0.028974473,,,Notochord
ctr9,0.10719925,0.07825032,0.028948933,,,Notochord
mrps25,0.21494615,0.18602976,0.028916389,,,Notochord
si:dkey-112e7.2,0.14736296,0.11851123,0.028851733,,,Notochord
mycbp2,0.13343039,0.104588665,0.028841726,,,Notochord
fxr1,0.15255283,0.123736896,0.028815933,,,Notochord
ss18l2,0.16849701,0.13976996,0.028727055,,,Notochord
srprb,0.29836196,0.2696758,0.028686166,,,Notochord
zgc:92518,0.122029796,0.093363106,0.02866669,,,Notochord
asf1bb,0.1423888,0.11373007,0.028658733,,,Notochord
rhocb,0.19792171,0.16929017,0.028631538,,,Notochord
rif1,0.23702171,0.20839457,0.028627142,,,Notochord
utp11,0.17281434,0.14419092,0.028623417,,,Notochord
aprt,0.15066528,0.12205894,0.02860634,,,Notochord
efnb2a,0.12058552,0.09199511,0.028590411,,,Notochord
edf1,0.7405193,0.71197784,0.028541446,,,Notochord
ZNF276,0.124906234,0.096386015,0.028520219,,,Notochord
prr11,0.15125813,0.122757845,0.028500281,,,Notochord
kif22,0.22474742,0.19626512,0.028482303,,,Notochord
tmem147,0.25730252,0.22887304,0.028429478,,,Notochord
CR847870.3,0.110970624,0.0825502,0.028420426,,,Notochord
h2ax,0.16692573,0.13855582,0.028369904,,,Notochord
lig1,0.20158468,0.1732525,0.028332189,,,Notochord
fzd3a,0.18990487,0.16165073,0.028254136,,,Notochord
MEPCE,0.15954752,0.13131426,0.02823326,,,Notochord
zmat2,0.23090139,0.20270076,0.028200626,,,Notochord
COA4,0.20402324,0.17583144,0.028191805,,,Notochord
atpaf1,0.14829016,0.12014432,0.028145835,,,Notochord
laptm4a,0.124847636,0.0967223,0.028125338,,,Notochord
get3,0.18101183,0.15289944,0.028112382,,,Notochord
si:dkey-286j15.3,0.17483409,0.14675748,0.028076604,,,Notochord
racgap1,0.19453055,0.16655873,0.027971819,,,Notochord
ap2a1,0.16522333,0.13728672,0.027936608,,,Notochord
tomm40,0.2773628,0.24942856,0.027934238,,,Notochord
med6,0.23838358,0.21050112,0.027882457,,,Notochord
thrap3b,0.27916124,0.25128675,0.0278745,,,Notochord
rrm2b,0.13272983,0.104860485,0.027869344,,,Notochord
nipa2,0.116856955,0.08899421,0.027862743,,,Notochord
eme1,0.13210852,0.10433239,0.027776137,,,Notochord
nedd9,0.11421518,0.086472295,0.027742885,,,Notochord
nudt21,0.25706652,0.22935486,0.02771166,,,Notochord
pds5b,0.137932,0.110223584,0.027708419,,,Notochord
mta2,0.10210714,0.07442523,0.02768191,,,Notochord
dusp19b,0.13954714,0.11189958,0.027647562,,,Notochord
spdl1,0.13495474,0.10732183,0.027632907,,,Notochord
slc25a55a,0.23481119,0.20719491,0.027616277,,,Notochord
si:ch73-46j18.5,0.49333343,0.46574798,0.027585447,,,Notochord
ARF5,0.16655692,0.13897638,0.027580544,,,Notochord
mob4,0.26729864,0.23975544,0.027543202,,,Notochord
rtn4b,0.28149036,0.25395373,0.02753663,,,Notochord
tspan7,0.8729846,0.8455045,0.027480066,,,Notochord
ubr7,0.12221404,0.09476032,0.02745372,,,Notochord
ndc1,0.18812297,0.16068012,0.027442858,,,Notochord
endouc,0.13040078,0.10295792,0.027442858,,,Notochord
atxn2l,0.15255024,0.12511247,0.027437761,,,Notochord
lrrc20,0.14180253,0.11441228,0.027390257,,,Notochord
ndufs6,0.40961853,0.38228858,0.027329952,,,Notochord
tbp,0.120236605,0.09291099,0.027325615,,,Notochord
C11H1orf50,0.12641466,0.09911406,0.027300596,,,Notochord
cox17,0.19349006,0.16622436,0.027265698,,,Notochord
znf622,0.11880282,0.09161876,0.027184062,,,Notochord
cenpe,0.18200792,0.15483528,0.02717264,,,Notochord
btg3,0.14634944,0.119236484,0.02711296,,,Notochord
hjv,0.21593484,0.18882363,0.027111217,,,Notochord
nxt2,0.12002396,0.09291811,0.027105846,,,Notochord
kbtbd2,0.12113851,0.09404236,0.027096152,,,Notochord
PDCL3,0.15130667,0.12421975,0.027086921,,,Notochord
idi1,0.17308997,0.14609772,0.026992247,,,Notochord
CT583672.1,0.14885445,0.12196093,0.026893519,,,Notochord
ttk,0.14712878,0.12027419,0.026854582,,,Notochord
cdkal1,0.12466814,0.097828366,0.026839778,,,Notochord
xrcc5,0.1942733,0.16744718,0.026826113,,,Notochord
vkorc1l1,0.10364827,0.07684374,0.02680453,,,Notochord
rraga,0.17153086,0.14474833,0.026782528,,,Notochord
si:ch211-220m17.4,0.11468291,0.08790205,0.026780866,,,Notochord
adrm1,0.27205008,0.24527578,0.026774302,,,Notochord
lin37,0.10344417,0.07668825,0.026755914,,,Notochord
foxb1a,0.15421994,0.127483,0.026736945,,,Notochord
csnk2a2b,0.10988345,0.083226934,0.026656516,,,Notochord
lrp5,0.13773409,0.11112756,0.026606523,,,Notochord
hspd1,0.48165512,0.45506552,0.026589602,,,Notochord
gria4a,0.209074,0.18249786,0.026576146,,,Notochord
si:ch211-13c6.2,0.13266817,0.10609763,0.026570536,,,Notochord
dvl2,0.11276818,0.08622445,0.026543729,,,Notochord
zgc:56095,0.4457284,0.41919065,0.026537746,,,Notochord
mtpn,0.28940076,0.26298147,0.026419282,,,Notochord
cope,0.49122024,0.46484596,0.02637428,,,Notochord
smad9,0.12392908,0.09759216,0.026336923,,,Notochord
si:ch211-266o15.1,0.105556384,0.079272576,0.026283808,,,Notochord
sars1,0.38215756,0.35588115,0.02627641,,,Notochord
ssuh2rs1,0.30025718,0.2740962,0.026160985,,,Notochord
med27,0.14428362,0.11815203,0.026131593,,,Notochord
hnrnph1l,0.467876,0.441747,0.026128978,,,Notochord
ak2,0.55752623,0.53140426,0.026121974,,,Notochord
smdt1b,0.36840323,0.34240717,0.02599606,,,Notochord
mapk14a,0.22804342,0.20206232,0.025981098,,,Notochord
dnajc7,0.13189025,0.10593146,0.025958791,,,Notochord
gpt2l,0.1544852,0.12853517,0.02595003,,,Notochord
si:ch73-1a9.3,1.3445138,1.3186148,0.025898933,,,Notochord
cntfr,0.11436373,0.088495314,0.025868416,,,Notochord
cdc5l,0.14570852,0.119844705,0.025863811,,,Notochord
ACOT12,0.10377657,0.078019984,0.025756583,,,Notochord
snw1,0.13772704,0.112036355,0.025690682,,,Notochord
fntb,0.1350574,0.10944307,0.025614336,,,Notochord
nol12,0.18603443,0.16044614,0.025588289,,,Notochord
znhit3,0.11936376,0.09385981,0.025503956,,,Notochord
cdk9,0.17592229,0.15047528,0.025447011,,,Notochord
cd151,0.14383577,0.11839099,0.025444776,,,Notochord
tiprl,0.18329856,0.15787373,0.025424823,,,Notochord
qrich1,0.17379342,0.14838813,0.025405288,,,Notochord
C23H1orf52,0.17513812,0.14982872,0.025309399,,,Notochord
tia1,0.26926792,0.2439775,0.025290415,,,Notochord
psmd9,0.15426852,0.12898028,0.02528824,,,Notochord
ndufv2,0.14051744,0.11523495,0.025282495,,,Notochord
serpina1l,0.30663908,0.2813585,0.025280565,,,Notochord
ube2s,0.11795287,0.092696995,0.025255874,,,Notochord
tma16,0.21348466,0.18837515,0.025109515,,,Notochord
tmod4,0.117349304,0.09224437,0.025104932,,,Notochord
ppil3,0.11389835,0.08881907,0.02507928,,,Notochord
hadhb,0.16648397,0.14140691,0.02507706,,,Notochord
ndufs3,0.26518756,0.24012478,0.025062785,,,Notochord
NC-002333.18,0.1995323,0.17447017,0.025062129,,,Notochord
ing5b,0.22395009,0.19890097,0.02504912,,,Notochord
mpc2,0.30549958,0.2805105,0.024989098,,,Notochord
zfhx4,0.12976684,0.10485813,0.024908707,,,Notochord
enpp2,0.95866567,0.9337608,0.024904847,,,Notochord
ppih,0.35137826,0.32648957,0.024888694,,,Notochord
CU694197.1,0.6002982,0.5754398,0.024858415,,,Notochord
polr2i,0.49154174,0.46670002,0.024841726,,,Notochord
ppig,0.18636614,0.1615448,0.024821341,,,Notochord
kdm5ba,0.1328924,0.10807842,0.02481398,,,Notochord
hyou1,0.121609405,0.096848615,0.02476079,,,Notochord
kl,0.20343435,0.17867664,0.024757713,,,Notochord
si:dkey-16p21.8,0.16307412,0.13833998,0.02473414,,,Notochord
BOLA2,0.19810376,0.17337929,0.024724469,,,Notochord
si:dkeyp-44a8.2,0.19198836,0.16728963,0.024698734,,,Notochord
ndufa8,0.44193867,0.41726348,0.02467519,,,Notochord
huwe1,0.21293534,0.18830957,0.024625778,,,Notochord
pou3f3b,0.11345912,0.088845305,0.024613813,,,Notochord
zgc:86598,0.31445944,0.2898784,0.024581045,,,Notochord
rnd3a,0.15268959,0.128137,0.024552584,,,Notochord
rab5if,0.38124567,0.3567067,0.024538964,,,Notochord
wdr43,0.36222735,0.33770025,0.024527103,,,Notochord
mrps18a,0.21027781,0.1857537,0.024524108,,,Notochord
slc25a28,0.1253864,0.10087767,0.02450873,,,Notochord
mif,0.22727892,0.20280184,0.02447708,,,Notochord
fbxl14a,0.13579631,0.11134541,0.024450898,,,Notochord
hs6st2,0.16929074,0.1449366,0.02435413,,,Notochord
eif4a2,0.16157374,0.1372607,0.024313033,,,Notochord
sart3,0.13049865,0.106327794,0.024170853,,,Notochord
pef1,0.1609718,0.13685216,0.024119645,,,Notochord
taf11,0.22365825,0.1995603,0.02409795,,,Notochord
C5HXorf56,0.11472442,0.09063261,0.02409181,,,Notochord
ewsr1b,0.44601902,0.4219602,0.024058819,,,Notochord
slc27a2a,0.11246474,0.08848458,0.023980163,,,Notochord
mff,0.11753315,0.09355332,0.023979828,,,Notochord
rassf2a,0.11653558,0.09255777,0.023977809,,,Notochord
atf7ip2,0.11695018,0.093001455,0.023948722,,,Notochord
uqcc1,0.12519588,0.10126945,0.02392643,,,Notochord
sdhdb,0.21768497,0.19377248,0.02391249,,,Notochord
irf2bpl,0.12672366,0.1028186,0.023905061,,,Notochord
med14,0.11304705,0.08914607,0.023900978,,,Notochord
neo1a,0.1623995,0.1385649,0.023834601,,,Notochord
naa40,0.32031637,0.29648277,0.023833603,,,Notochord
mpdu1b,0.12233255,0.09851883,0.023813717,,,Notochord
si:ch211-218c6.8,0.1252296,0.1014296,0.0238,,,Notochord
cdc42bpb,0.11858544,0.09481733,0.023768105,,,Notochord
czib,0.22922464,0.2054634,0.023761243,,,Notochord
raraa,0.14353043,0.11979281,0.023737617,,,Notochord
zc3h18,0.13815993,0.114432365,0.023727566,,,Notochord
nup93,0.34623337,0.3225308,0.023702562,,,Notochord
mrpl39,0.11527643,0.09158977,0.023686662,,,Notochord
lamtor3,0.17259783,0.14892636,0.023671463,,,Notochord
hpf1,0.1780422,0.15443763,0.023604572,,,Notochord
selenot1a,0.22992338,0.20634198,0.0235814,,,Notochord
snrnp40,0.20838381,0.18485117,0.023532644,,,Notochord
epha4a,0.10450543,0.08098817,0.023517258,,,Notochord
caprin1a,0.19338222,0.169891,0.023491219,,,Notochord
mrpl22,0.13489996,0.11144211,0.023457848,,,Notochord
sec11a,0.39570966,0.3723264,0.02338326,,,Notochord
ppp4r3b,0.16002418,0.13671407,0.02331011,,,Notochord
gins1,0.20522033,0.18194675,0.023273572,,,Notochord
pvalb9,0.17622906,0.15298547,0.023243591,,,Notochord
noc3l,0.27067393,0.24743257,0.023241356,,,Notochord
adka,0.16401555,0.14079912,0.023216426,,,Notochord
atf1,0.19559161,0.17240527,0.02318634,,,Notochord
ezh2,0.11069421,0.08750814,0.023186065,,,Notochord
anxa2a,0.2043407,0.1812421,0.023098603,,,Notochord
ing3,0.12139408,0.09829985,0.02309423,,,Notochord
jam3b,0.22002816,0.19701049,0.023017675,,,Notochord
ankrd54,0.12273369,0.09975868,0.022975013,,,Notochord
CABZ01063556.1,0.123607315,0.10063612,0.022971198,,,Notochord
tax1bp1b,0.21207783,0.18912387,0.022953957,,,Notochord
pepd,0.13681564,0.11387251,0.022943124,,,Notochord
arl8a,0.15861201,0.13568708,0.02292493,,,Notochord
prkab1b,0.13961692,0.116716474,0.022900447,,,Notochord
iars2,0.1446386,0.12175707,0.02288153,,,Notochord
utp25,0.13583934,0.11296886,0.022870481,,,Notochord
eif1axa,0.29246542,0.2696167,0.022848725,,,Notochord
thoc2,0.16667679,0.1438857,0.022791088,,,Notochord
tpi1b,0.15624836,0.13346624,0.022782117,,,Notochord
hoxd9a,0.12522621,0.102448374,0.02277784,,,Notochord
map2k6,0.16945735,0.14669289,0.02276446,,,Notochord
zc3hc1,0.12647323,0.1037172,0.022756033,,,Notochord
zbtb2b,0.11463525,0.09189609,0.022739165,,,Notochord
naa35,0.14758335,0.12488989,0.022693463,,,Notochord
glrx,0.20506942,0.18237813,0.022691295,,,Notochord
rexo4,0.1313902,0.108759515,0.022630684,,,Notochord
ehd1b,0.30287552,0.28026855,0.022606969,,,Notochord
mrps11,0.16177827,0.13919726,0.022581011,,,Notochord
rangap1a,0.1537015,0.13112156,0.022579938,,,Notochord
si:ch211-226l4.6,0.22406898,0.20148928,0.0225797,,,Notochord
hadhab,0.13372234,0.111183785,0.02253855,,,Notochord
si:dkey-7i4.21,0.1984007,0.1759311,0.02246961,,,Notochord
rnaseh2b,0.22880912,0.20640433,0.02240479,,,Notochord
clta,0.56470317,0.5423732,0.022329986,,,Notochord
ctsla,0.8163853,0.7940656,0.022319734,,,Notochord
CU571318.1,0.1470266,0.1247128,0.022313796,,,Notochord
mpc1,0.4604335,0.43813604,0.022297472,,,Notochord
acbd3,0.09872718,0.076450564,0.022276618,,,Notochord
si:ch211-131k2.3,0.18099782,0.15874214,0.022255674,,,Notochord
cyfip1,0.16736072,0.145111,0.022249728,,,Notochord
arl14ep,0.23583646,0.21363035,0.022206113,,,Notochord
reep5,0.17739749,0.15519287,0.022204623,,,Notochord
nt5c3a,0.11922526,0.097031154,0.02219411,,,Notochord
ap1m1,0.15315738,0.1310363,0.022121087,,,Notochord
ssbp4,0.28831783,0.26620278,0.022115052,,,Notochord
riox2,0.19913623,0.17706469,0.02207154,,,Notochord
pes,0.3178298,0.29577062,0.022059172,,,Notochord
armc1l,0.11575853,0.093721986,0.022036545,,,Notochord
lrig1,0.1306803,0.1086522,0.022028096,,,Notochord
sestd1,0.10313422,0.08112204,0.022012182,,,Notochord
xirp1,0.10260808,0.08064594,0.021962136,,,Notochord
bag6,0.20451397,0.18255939,0.021954581,,,Notochord
rrp8,0.11377414,0.09182108,0.021953061,,,Notochord
mbd3a,0.26621106,0.24425858,0.02195248,,,Notochord
cwc22,0.11258625,0.09064499,0.02194126,,,Notochord
ppp1r3b,0.16840826,0.14646763,0.021940634,,,Notochord
hmmr,0.1457405,0.12385551,0.021884985,,,Notochord
prpf38b,0.1366731,0.11479758,0.021875516,,,Notochord
nup88,0.13507548,0.11324428,0.0218312,,,Notochord
atp2b1a,0.09703267,0.07520151,0.021831162,,,Notochord
elocb,0.5183168,0.49655497,0.021761835,,,Notochord
crkl,0.17129534,0.14957045,0.021724895,,,Notochord
rtraf,0.18337797,0.16182724,0.02155073,,,Notochord
bckdha,0.17653577,0.1550038,0.02153197,,,Notochord
hnrnpua,0.1662357,0.14472087,0.021514833,,,Notochord
sp8a,0.15149441,0.1299818,0.021512613,,,Notochord
cd3eap,0.18111931,0.15961751,0.021501794,,,Notochord
smad1,0.097050324,0.07554984,0.021500483,,,Notochord
sdhaf2,0.10855387,0.08710744,0.02144643,,,Notochord
cbr1l,0.112939246,0.09151192,0.021427326,,,Notochord
gps2,0.09901386,0.07758995,0.021423906,,,Notochord
arpc4l,0.33973518,0.3183153,0.021419883,,,Notochord
flrt3,0.29165375,0.27024475,0.021409005,,,Notochord
eif2b1,0.16419868,0.14279288,0.021405801,,,Notochord
vars1,0.105438344,0.08406177,0.021376573,,,Notochord
marcksa,0.27697888,0.25560707,0.021371812,,,Notochord
pck2,0.115549915,0.09418959,0.021360323,,,Notochord
yeats4,0.24949294,0.22813791,0.021355033,,,Notochord
maip1,0.1661827,0.14483024,0.021352455,,,Notochord
bcl9,0.12899935,0.10767036,0.021328993,,,Notochord
lman2lb,0.12595169,0.10463924,0.021312453,,,Notochord
sf3a3,0.29659966,0.27530238,0.021297276,,,Notochord
srp9,0.201656,0.18036044,0.021295562,,,Notochord
polr1d,0.2574424,0.23621249,0.021229923,,,Notochord
srsf6a,0.75666744,0.73547083,0.021196604,,,Notochord
rnf19a,0.11925404,0.098088026,0.021166012,,,Notochord
lsg1,0.1269643,0.10591171,0.021052592,,,Notochord
psmc1a,0.44926503,0.42821765,0.021047384,,,Notochord
prdx1,0.18587624,0.1648333,0.021042928,,,Notochord
hmg20b,0.17348672,0.15245771,0.02102901,,,Notochord
psmd11a,0.15654932,0.13563403,0.020915285,,,Notochord
ik,0.2152587,0.19435781,0.02090089,,,Notochord
setdb1b,0.1699623,0.14908513,0.020877168,,,Notochord
ncaph,0.15745874,0.13658312,0.020875618,,,Notochord
mt-cyb,3.3005884,3.2797234,0.020864964,,,Notochord
sept7a,0.14439191,0.12358044,0.020811468,,,Notochord
zgc:161969,0.16786544,0.14705491,0.02081053,,,Notochord
prpf6,0.21265909,0.19185208,0.020807013,,,Notochord
vrk1,0.10135385,0.08054999,0.020803854,,,Notochord
rrs1,0.24819674,0.22749045,0.020706281,,,Notochord
mrgbp,0.11916489,0.09856932,0.020595573,,,Notochord
polr3k,0.16887286,0.1482803,0.02059257,,,Notochord
gigyf1b,0.10846492,0.087909035,0.020555884,,,Notochord
ptrhd1,0.2118464,0.19130869,0.020537704,,,Notochord
mydgf,0.19488557,0.17437439,0.02051118,,,Notochord
gsk3ba,0.12557139,0.1050816,0.020489782,,,Notochord
kmt5b,0.13247555,0.1119945,0.020481057,,,Notochord
mrpl19,0.10370624,0.083232164,0.020474076,,,Notochord
nansa,0.11498338,0.09452972,0.020453662,,,Notochord
fdx2,0.17095283,0.15050632,0.02044651,,,Notochord
cxcl12b,0.13393526,0.11350944,0.020425819,,,Notochord
hif1al,0.48041016,0.46006972,0.020340443,,,Notochord
cspg5a,0.15535897,0.13508835,0.020270616,,,Notochord
ints8,0.10995102,0.08969097,0.02026005,,,Notochord
kat8,0.096608095,0.076364845,0.02024325,,,Notochord
selenou1a,0.12349131,0.10327227,0.020219043,,,Notochord
thop1,0.20091626,0.18071572,0.020200536,,,Notochord
CU896541.1,0.22648868,0.20631382,0.020174861,,,Notochord
apoc1,1.196649,1.1765312,0.02011776,,,Notochord
kif23,0.17353597,0.15353374,0.020002231,,,Notochord
ppan,0.10750908,0.08751022,0.019998856,,,Notochord
sin3ab,0.14880072,0.12881032,0.0199904,,,Notochord
ska2,0.15601449,0.13613228,0.019882202,,,Notochord
smarca4a,0.5157863,0.49592718,0.019859105,,,Notochord
ncapg2,0.11018977,0.090374425,0.019815348,,,Notochord
nras,0.11302126,0.09324376,0.0197775,,,Notochord
hoxd4a,0.0992149,0.079471,0.019743897,,,Notochord
med19a,0.25275114,0.23308277,0.01966837,,,Notochord
rtf1,0.1695775,0.14995831,0.019619182,,,Notochord
nat9,0.12635416,0.10676481,0.01958935,,,Notochord
gtf2a1,0.12784135,0.10829657,0.01954478,,,Notochord
trip12,0.16308212,0.14358549,0.019496635,,,Notochord
clic4,0.3380364,0.31855536,0.019481033,,,Notochord
tmem18,0.13722491,0.117774725,0.019450188,,,Notochord
lyrm7,0.114915065,0.09547515,0.019439913,,,Notochord
gnai1,0.11610386,0.096667305,0.019436553,,,Notochord
s1pr5a,0.1297212,0.11030124,0.019419953,,,Notochord
dyrk3,0.14266777,0.12326434,0.019403428,,,Notochord
polr1c,0.15825045,0.13896699,0.019283459,,,Notochord
itsn1,0.1205866,0.10130543,0.019281164,,,Notochord
CR382300.4,0.22724675,0.20797612,0.019270629,,,Notochord
npc2,0.35314935,0.3338871,0.019262254,,,Notochord
prmt7,0.13002872,0.110788815,0.01923991,,,Notochord
cherp,0.17386365,0.1546609,0.019202754,,,Notochord
si:dkey-74k8.3,0.14470589,0.12555106,0.019154832,,,Notochord
zgc:63587,0.108117685,0.088977434,0.019140251,,,Notochord
zgc:66472,0.11517296,0.09606722,0.01910574,,,Notochord
txn,0.2022369,0.18321854,0.019018367,,,Notochord
itm2ba,0.16974682,0.15073453,0.019012287,,,Notochord
zgc:77262,0.28402182,0.26502684,0.018994987,,,Notochord
BX682556.3,0.10829568,0.0893042,0.018991478,,,Notochord
dpp7,0.18790914,0.16893956,0.01896958,,,Notochord
map1lc3b,0.25313166,0.23416919,0.018962473,,,Notochord
col15a1b,0.13128462,0.112325445,0.01895918,,,Notochord
pak2b,0.33513838,0.31619978,0.018938601,,,Notochord
xpo1b,0.15804668,0.13920464,0.018842041,,,Notochord
txnl1,0.24907432,0.23023374,0.018840581,,,Notochord
snip1,0.11260441,0.09383633,0.01876808,,,Notochord
pcnp,0.13018674,0.1114209,0.018765837,,,Notochord
ndufv1,0.24111721,0.22239256,0.01872465,,,Notochord
nucks1b,0.28093085,0.26222906,0.018701792,,,Notochord
apoa4b.1,0.105319306,0.08662723,0.018692076,,,Notochord
sugt1,0.123157464,0.10451855,0.018638916,,,Notochord
smn1,0.107393995,0.08875518,0.018638812,,,Notochord
mrpl28,0.1699691,0.15133381,0.018635288,,,Notochord
utp4,0.15841548,0.13981988,0.018595606,,,Notochord
twistnb,0.119826525,0.1012346,0.018591926,,,Notochord
ube2l3b,0.30281046,0.28423482,0.018575639,,,Notochord
fzr1a,0.14305004,0.12448323,0.018566817,,,Notochord
lta4h,0.124978535,0.10641788,0.018560655,,,Notochord
myh10,0.21569024,0.1971744,0.01851584,,,Notochord
slu7,0.105508536,0.08702946,0.018479079,,,Notochord
wdr12,0.21505933,0.19658665,0.018472672,,,Notochord
atp6v1h,0.11650957,0.0980853,0.018424273,,,Notochord
nsun2,0.13096909,0.11255354,0.018415555,,,Notochord
srsf6b,0.29599646,0.2776009,0.018395543,,,Notochord
mpv17l2,0.09777522,0.07941027,0.018364951,,,Notochord
ddx54,0.15346764,0.13517925,0.018288389,,,Notochord
cdk11b,0.19805674,0.17977448,0.018282264,,,Notochord
sec23b,0.10179594,0.08353713,0.01825881,,,Notochord
eef2a.1,0.17442179,0.15620771,0.018214077,,,Notochord
cdca5,0.16719365,0.14899948,0.018194169,,,Notochord
clpp,0.31048918,0.29236636,0.018122822,,,Notochord
zgc:153115,0.24836478,0.23026125,0.018103525,,,Notochord
clstn1,0.11129577,0.09321054,0.018085226,,,Notochord
akr7a3,0.47793257,0.45984736,0.018085212,,,Notochord
ndufb6,0.4834218,0.46533975,0.018082052,,,Notochord
tnrc6b,0.12968513,0.11160737,0.018077761,,,Notochord
gkap1,0.120869525,0.10281895,0.018050574,,,Notochord
ube2e3,0.34942555,0.33137578,0.018049777,,,Notochord
tra2b,0.17880455,0.1608571,0.01794745,,,Notochord
txlna,0.118691966,0.10075486,0.017937109,,,Notochord
haus6,0.11451158,0.09663136,0.017880216,,,Notochord
smim13,0.18451081,0.16673207,0.01777874,,,Notochord
naa15b,0.11166642,0.09391887,0.017747551,,,Notochord
txn2,0.12006304,0.10231724,0.0177458,,,Notochord
prkrip1,0.12662694,0.10888578,0.017741159,,,Notochord
ndufs8a,0.22511709,0.2073893,0.017727792,,,Notochord
arpc2,0.38526687,0.3675943,0.017672569,,,Notochord
srebf2,0.116589755,0.09892508,0.017664678,,,Notochord
dpp3,0.116975784,0.099329576,0.017646208,,,Notochord
rprd2a,0.10872096,0.09110405,0.017616905,,,Notochord
ptbp1b,0.48565447,0.46804252,0.01761195,,,Notochord
zeb2a,0.18648842,0.16893035,0.017558068,,,Notochord
tmem134,0.30756187,0.2900237,0.01753816,,,Notochord
faf1,0.12125989,0.1037637,0.017496191,,,Notochord
sqstm1,0.12942867,0.111939475,0.017489195,,,Notochord
zgc:56064,0.15606144,0.13857938,0.017482057,,,Notochord
cngb3.1,0.11569377,0.09821594,0.017477833,,,Notochord
rrp36,0.10750414,0.09002631,0.017477825,,,Notochord
ssu72,0.2438932,0.22642212,0.01747109,,,Notochord
ctnnbl1,0.23517156,0.21782257,0.01734899,,,Notochord
DDX17,0.23960176,0.22229894,0.017302826,,,Notochord
sept12,0.2113861,0.19409692,0.017289177,,,Notochord
pwp2h,0.15621714,0.13892984,0.017287299,,,Notochord
smim4,0.13342847,0.116147004,0.017281465,,,Notochord
dgcr8,0.14563678,0.12838222,0.017254561,,,Notochord
btbd10b,0.110659815,0.09342067,0.017239146,,,Notochord
C20H12orf57,0.12674356,0.10952117,0.017222382,,,Notochord
pabpc4,0.19141786,0.17420068,0.017217174,,,Notochord
clint1a,0.16664916,0.14943452,0.017214641,,,Notochord
pigbos1,0.15677612,0.13956584,0.017210275,,,Notochord
cotl1,0.18403111,0.16684285,0.017188266,,,Notochord
mak16,0.145218,0.12804954,0.017168462,,,Notochord
si:ch211-286o17.1,0.31894615,0.30179384,0.01715231,,,Notochord
tjp1b,0.20868848,0.19169259,0.016995892,,,Notochord
gins4,0.108114384,0.0911495,0.016964883,,,Notochord
ndufaf3,0.15655512,0.13959268,0.016962439,,,Notochord
arl1,0.26372468,0.24683745,0.016887233,,,Notochord
igf2bp1,1.1402228,1.1233727,0.016850114,,,Notochord
aurkaip1,0.1740616,0.15722834,0.01683326,,,Notochord
selenof,0.9590238,0.942253,0.01677078,,,Notochord
fahd2a,0.11808312,0.10131722,0.0167659,,,Notochord
ppp4r2a,0.1348528,0.118149355,0.016703442,,,Notochord
pafah1b1b,0.14440645,0.12771004,0.016696408,,,Notochord
dcps,0.13534763,0.11865452,0.016693115,,,Notochord
trim71,0.3183972,0.3017211,0.016676098,,,Notochord
heatr3,0.099421844,0.08281793,0.016603917,,,Notochord
jagn1b,0.13588221,0.11941035,0.016471863,,,Notochord
ube2d2l,0.11205514,0.09561083,0.01644431,,,Notochord
vmp1,0.114652656,0.09824877,0.016403884,,,Notochord
ctnna1,0.26946682,0.2530725,0.016394317,,,Notochord
ccdc88c,0.100261174,0.083874434,0.01638674,,,Notochord
ppp4cb,0.215665,0.19928022,0.01638478,,,Notochord
serf2,1.1140639,1.0976949,0.016368985,,,Notochord
ppm1la,0.11182005,0.09546268,0.01635737,,,Notochord
lsp1b,0.10212703,0.08581661,0.016310424,,,Notochord
tspan3a,0.15308177,0.13678886,0.016292915,,,Notochord
wasf3b,0.2968065,0.28052887,0.016277641,,,Notochord
zc4h2,0.2369301,0.22067977,0.016250327,,,Notochord
sptssa,0.14374948,0.12750895,0.016240522,,,Notochord
leng8,0.20234418,0.18612067,0.016223505,,,Notochord
zc3h14,0.11753754,0.10132891,0.016208634,,,Notochord
arhgap11a,0.12281984,0.1066116,0.016208239,,,Notochord
idh3b,0.13158076,0.11540183,0.016178928,,,Notochord
thap12a,0.16761944,0.15147294,0.016146496,,,Notochord
ppm1bb,0.1233823,0.107243255,0.016139045,,,Notochord
xpo4,0.11119136,0.0950944,0.016096964,,,Notochord
usp4,0.1665767,0.15050942,0.016067281,,,Notochord
kin,0.130614,0.11456286,0.016051136,,,Notochord
CU986305.1,0.11792725,0.1018938,0.016033456,,,Notochord
wu:fc21g02,0.20267406,0.18665828,0.016015783,,,Notochord
CR956623.2,0.11023961,0.09427387,0.015965737,,,Notochord
sec24c,0.14075987,0.12482703,0.015932843,,,Notochord
psmg2,0.108366616,0.09245139,0.015915222,,,Notochord
noc4l,0.15510044,0.13919148,0.015908957,,,Notochord
hsdl2,0.23779513,0.22191375,0.015881374,,,Notochord
nosip,0.11307433,0.09724593,0.0158284,,,Notochord
myom1b,0.11540194,0.09959465,0.015807286,,,Notochord
dnajc11a,0.1903682,0.17459759,0.015770614,,,Notochord
dnajc2,0.09762647,0.081866406,0.015760064,,,Notochord
tax1bp3,0.23460333,0.21884654,0.015756786,,,Notochord
acss2,0.11350611,0.09781811,0.015688002,,,Notochord
mgst1.2,0.21435846,0.19867358,0.015684888,,,Notochord
sgo1,0.13456699,0.11890174,0.015665255,,,Notochord
cfap20,0.15172963,0.13606943,0.015660197,,,Notochord
tshz1,0.2249382,0.20927854,0.01565966,,,Notochord
parp2,0.1198679,0.10429072,0.015577182,,,Notochord
emc10,0.1280051,0.11243039,0.015574709,,,Notochord
si:ch211-262h13.3,0.10789228,0.09231934,0.015572943,,,Notochord
zc3h13,0.2637242,0.24822946,0.015494749,,,Notochord
isg20,0.1688241,0.1533399,0.015484214,,,Notochord
fbxo11a,0.19655769,0.18110847,0.015449211,,,Notochord
aopep,0.101870865,0.08645901,0.015411854,,,Notochord
pop5,0.11751677,0.1021339,0.015382871,,,Notochord
alcamb,0.66905063,0.6536912,0.015359461,,,Notochord
hccsb,0.14841822,0.13309732,0.015320897,,,Notochord
atp6v1c1a,0.12007817,0.104771554,0.015306614,,,Notochord
chaf1b,0.09543348,0.080145866,0.015287615,,,Notochord
nfu1,0.11443572,0.099166736,0.015268981,,,Notochord
arcn1a,0.13537605,0.12011868,0.015257373,,,Notochord
ckma,0.11740552,0.10217917,0.015226349,,,Notochord
naa15a,0.109658815,0.0944672,0.015191615,,,Notochord
micos10,0.3416872,0.3265383,0.015148908,,,Notochord
arrb2b,0.1564782,0.14142872,0.015049472,,,Notochord
slc20a1b,0.32614028,0.31113386,0.015006423,,,Notochord
arpp19a,0.15339498,0.1384178,0.014977187,,,Notochord
tipin,0.15967707,0.14472155,0.014955521,,,Notochord
brms1la,0.0972415,0.082286336,0.014955163,,,Notochord
rlim,0.116930194,0.101992995,0.0149372,,,Notochord
chchd10,0.121468775,0.1065834,0.014885373,,,Notochord
ier5,0.61918396,0.60433894,0.014845014,,,Notochord
si:zfos-464b6.2,0.10852665,0.093746096,0.014780551,,,Notochord
eif4e2rs1,0.20468374,0.19002737,0.014656365,,,Notochord
cdt1,0.10093615,0.086286366,0.014649786,,,Notochord
ubqln4,0.57232046,0.55776143,0.0145590305,,,Notochord
btg2,0.48626107,0.47171205,0.014549017,,,Notochord
mea1,0.090679064,0.07617366,0.014505401,,,Notochord
ppp2r1ba,0.47587597,0.46139547,0.014480501,,,Notochord
ranbp3b,0.18766429,0.17322548,0.014438808,,,Notochord
pold2,0.11726427,0.10287277,0.014391504,,,Notochord
gsk3ab,0.19809178,0.18371147,0.014380306,,,Notochord
zc3h4,0.10243386,0.0880598,0.014374062,,,Notochord
ube4b,0.14771347,0.1333445,0.014368966,,,Notochord
rab11a,0.3274083,0.31306148,0.014346838,,,Notochord
dldh,0.24145527,0.22712122,0.014334053,,,Notochord
ssr4,1.0370888,1.0228087,0.014280081,,,Notochord
etfdh,0.099366635,0.08509453,0.014272109,,,Notochord
pphln1,0.21858206,0.20432296,0.0142591,,,Notochord
get4,0.17041847,0.15616497,0.014253497,,,Notochord
zgc:136410,0.13224395,0.11799216,0.0142517835,,,Notochord
aars1,0.29732862,0.28312334,0.014205277,,,Notochord
ier3ip1,0.2606596,0.24647947,0.014180139,,,Notochord
kpna3,0.14551498,0.13134527,0.014169708,,,Notochord
eif4g1a,0.48790434,0.4737533,0.014151037,,,Notochord
dctn4,0.11795331,0.10385288,0.014100425,,,Notochord
enah,0.21236858,0.1982736,0.014094979,,,Notochord
ndufa7,0.26650122,0.2524249,0.014076322,,,Notochord
ppwd1,0.124136135,0.11006755,0.014068589,,,Notochord
uggt2,0.219856,0.2058293,0.014026687,,,Notochord
znf703,0.11816586,0.10423601,0.013929851,,,Notochord
nipblb,0.10665256,0.092727534,0.013925023,,,Notochord
eif4ba,0.09741475,0.083498925,0.013915822,,,Notochord
ncoa4,0.19983414,0.18592568,0.013908461,,,Notochord
srgap2,0.1116197,0.097718656,0.013901047,,,Notochord
si:ch211-271b14.1,0.20315075,0.18932213,0.01382862,,,Notochord
ptpn23a,0.11104957,0.09727783,0.013771743,,,Notochord
slc39a6,0.19138473,0.17763193,0.013752803,,,Notochord
bcat2,0.23703288,0.22328526,0.013747618,,,Notochord
dpm2,0.15176965,0.13806036,0.013709292,,,Notochord
sub1b,0.2379124,0.22422805,0.013684347,,,Notochord
fam76b,0.27828297,0.26460123,0.01368174,,,Notochord
sufu,0.1311344,0.11746483,0.013669573,,,Notochord
myo1cb,0.10300176,0.089347206,0.013654552,,,Notochord
ccdc84,0.1069977,0.093406454,0.013591245,,,Notochord
phgdh,0.4312017,0.4176367,0.013565004,,,Notochord
gemin2,0.14873394,0.13517895,0.01355499,,,Notochord
rab7a,0.11145888,0.09791429,0.013544589,,,Notochord
cenps,0.18513812,0.17161456,0.013523564,,,Notochord
asdurf,0.10400562,0.090529755,0.013475865,,,Notochord
pdlim1,0.21000415,0.19652858,0.013475567,,,Notochord
tcta,0.21353593,0.20008378,0.013452157,,,Notochord
ppdpfb,0.1407472,0.12734804,0.013399169,,,Notochord
cfap99,0.11401566,0.10062381,0.013391852,,,Notochord
rcor2,0.19808401,0.18473262,0.013351396,,,Notochord
lrrc59,0.16286814,0.14952402,0.013344124,,,Notochord
ddx24,0.14005828,0.12672278,0.013335496,,,Notochord
psme3ip1,0.09780016,0.084510714,0.013289444,,,Notochord
sirt6,0.10426916,0.09100574,0.013263419,,,Notochord
ptena,0.12664892,0.11340843,0.013240486,,,Notochord
pgam5,0.17210028,0.15887709,0.013223186,,,Notochord
lrig2,0.16353685,0.15031941,0.013217434,,,Notochord
wdr33,0.17925353,0.16607288,0.013180658,,,Notochord
ctsa,0.21499118,0.20182467,0.013166517,,,Notochord
si:dkey-225f5.4,0.111332975,0.09820572,0.013127252,,,Notochord
rdh10a,0.10511106,0.09198689,0.013124175,,,Notochord
atrxl,0.101571485,0.088471465,0.013100021,,,Notochord
phf10,0.12244504,0.1093552,0.013089843,,,Notochord
mrpl11,0.20238926,0.18930417,0.013085082,,,Notochord
pspc1,0.14401485,0.13101913,0.01299572,,,Notochord
elf2b,0.11991177,0.10692061,0.01299116,,,Notochord
cnn3b,0.11935564,0.106374145,0.012981497,,,Notochord
si:ch211-15b10.6,0.12331279,0.11034376,0.012969032,,,Notochord
ruvbl2,0.14776106,0.13479623,0.01296483,,,Notochord
pcm1,0.17654417,0.16358629,0.012957886,,,Notochord
cacng1a,0.108674735,0.09573443,0.0129403025,,,Notochord
cand1,0.24248216,0.22955807,0.01292409,,,Notochord
taf7,0.23422919,0.22133303,0.012896165,,,Notochord
ubap2a,0.13790523,0.12501356,0.012891665,,,Notochord
cdo1,0.16525424,0.15242206,0.01283218,,,Notochord
nop2,0.2715036,0.25867316,0.012830436,,,Notochord
bmp2k,0.12560436,0.11280349,0.012800872,,,Notochord
FAM53C,0.11768956,0.10489639,0.012793168,,,Notochord
ldb3a,0.19292635,0.18016914,0.012757212,,,Notochord
tcf12,0.14342764,0.13070886,0.012718782,,,Notochord
ivd,0.11166989,0.09905417,0.012615718,,,Notochord
wsb1,0.11775811,0.105174236,0.012583874,,,Notochord
dnajc1,0.12746908,0.11494274,0.012526341,,,Notochord
tomm40l,0.19448261,0.1819656,0.012517005,,,Notochord
CABZ01068469.1,0.1566062,0.14409459,0.012511611,,,Notochord
si:ch211-40k21.5,0.16203098,0.14952001,0.01251097,,,Notochord
phf6,0.11391628,0.10141497,0.012501307,,,Notochord
arcn1b,0.17296252,0.16047,0.012492523,,,Notochord
utp6,0.19587195,0.1835019,0.01237005,,,Notochord
itpkcb,0.1240543,0.11172894,0.012325361,,,Notochord
dus2,0.1240047,0.11169074,0.012313962,,,Notochord
zbtb16b,0.19252431,0.18025634,0.012267977,,,Notochord
mylz3,0.11147487,0.09923731,0.012237564,,,Notochord
txlnba,0.33796144,0.32575345,0.012207985,,,Notochord
dnajb12a,0.09192471,0.079773806,0.012150906,,,Notochord
arl6ip5a,0.09375185,0.0816035,0.0121483505,,,Notochord
si:ch211-114c12.2,0.2001084,0.18803169,0.012076706,,,Notochord
sar1b,0.4057926,0.3937628,0.012029797,,,Notochord
denr,0.39865822,0.38665944,0.011998773,,,Notochord
smarce1,0.9196634,0.90767926,0.0119841695,,,Notochord
eif4g2a,0.23252645,0.22055581,0.011970639,,,Notochord
si:ch73-21g5.7,0.14095928,0.1290166,0.011942685,,,Notochord
wdr61,0.102991655,0.09105807,0.0119335875,,,Notochord
hsbp1a,0.10719024,0.095262386,0.011927851,,,Notochord
CU681845.1,0.0939486,0.0820492,0.011899404,,,Notochord
plekhg4,0.23981583,0.2279185,0.0118973255,,,Notochord
hs3st3b1b,0.16299038,0.1511257,0.011864677,,,Notochord
suv39h1b,0.18493769,0.17309469,0.011842996,,,Notochord
rsrc2,0.13941467,0.12758225,0.011832416,,,Notochord
zgc:110239,0.15898556,0.14719267,0.011792883,,,Notochord
gfap,0.6498497,0.6380575,0.0117922425,,,Notochord
orc3,0.16074061,0.14896703,0.011773586,,,Notochord
MAF1,0.21314245,0.20138374,0.011758715,,,Notochord
snx3,0.30056167,0.28882933,0.01173234,,,Notochord
emc9,0.16421849,0.1525172,0.011701286,,,Notochord
mrpl14,0.19756886,0.18590105,0.011667818,,,Notochord
akap12b,1.0028892,0.99123335,0.0116558075,,,Notochord
myef2,0.36409593,0.35245863,0.0116373,,,Notochord
FP101875.1,0.12645088,0.114834,0.011616878,,,Notochord
eif3ja,0.33433095,0.32272723,0.011603713,,,Notochord
dpm1,0.1427241,0.1312091,0.0115149915,,,Notochord
rars1,0.15476786,0.14328215,0.011485711,,,Notochord
hsf2,0.104680106,0.09320374,0.011476368,,,Notochord
hoxc10a,0.102078974,0.09060298,0.011475995,,,Notochord
mt-atp6,3.2388246,3.2273767,0.0114479065,,,Notochord
pprc1,0.13329235,0.12185491,0.011437438,,,Notochord
postnb,0.1176321,0.10626322,0.011368878,,,Notochord
anapc11,0.28907287,0.27770722,0.011365652,,,Notochord
usp7,0.12539206,0.11411522,0.011276841,,,Notochord
dact2,0.12822327,0.11694663,0.01127664,,,Notochord
zmynd11,0.093299314,0.08202715,0.011272162,,,Notochord
brd2a,0.24886535,0.23759362,0.01127173,,,Notochord
zfx,0.11448829,0.10321796,0.011270329,,,Notochord
TSTD1,0.11333454,0.102068074,0.0112664625,,,Notochord
spc24,0.21273382,0.20157397,0.011159852,,,Notochord
mfap1,0.20967932,0.19857104,0.011108279,,,Notochord
sox13,0.1489778,0.13789658,0.011081219,,,Notochord
rad51,0.15074563,0.13966551,0.011080116,,,Notochord
strn3,0.15678239,0.14572756,0.011054829,,,Notochord
ELOB,0.5177123,0.50667095,0.011041343,,,Notochord
smad5,0.20300768,0.19206494,0.010942742,,,Notochord
cnot3a,0.10162888,0.0907059,0.010922976,,,Notochord
ap1s1,0.11106331,0.1001607,0.010902606,,,Notochord
idh1,0.2085219,0.19762844,0.010893464,,,Notochord
polr3glb,0.14396687,0.13307355,0.010893315,,,Notochord
mrps7,0.16430032,0.1534271,0.010873228,,,Notochord
usp9,0.15477988,0.14399604,0.010783836,,,Notochord
bms1,0.22173297,0.21095666,0.010776311,,,Notochord
ywhah,0.22421874,0.21346699,0.010751754,,,Notochord
emc3,0.12889554,0.11815148,0.010744058,,,Notochord
hoxc3a,0.75192285,0.74119407,0.010728776,,,Notochord
cep97,0.11907138,0.108419284,0.010652095,,,Notochord
utp3,0.14682947,0.1363061,0.010523364,,,Notochord
actr2a,0.22521704,0.21473955,0.010477498,,,Notochord
lrpap1,0.11305362,0.10270379,0.0103498325,,,Notochord
arl4aa,0.10482826,0.09454814,0.010280117,,,Notochord
cpvl,0.13771804,0.12748316,0.0102348775,,,Notochord
thbs4b,0.18960543,0.17937723,0.010228202,,,Notochord
tnpo2,0.18713687,0.17693454,0.010202333,,,Notochord
edc4,0.109480225,0.09936063,0.010119595,,,Notochord
gabarapb,0.41545883,0.40534988,0.010108948,,,Notochord
srl,0.15199709,0.14192173,0.010075361,,,Notochord
acot14,0.12796065,0.11801533,0.009945326,,,Notochord
txndc5,0.36493915,0.35503447,0.009904683,,,Notochord
atg3,0.12552913,0.11564295,0.009886175,,,Notochord
nol10,0.1588997,0.14901899,0.009880707,,,Notochord
dcp2,0.1283913,0.11851472,0.009876579,,,Notochord
poglut1,0.1134943,0.10362341,0.009870887,,,Notochord
arid1aa,0.14645104,0.13661395,0.009837091,,,Notochord
selenom,0.30805147,0.29823497,0.009816498,,,Notochord
phlda2,0.16249421,0.15269086,0.009803355,,,Notochord
adgrl2a,0.105663165,0.09589979,0.009763375,,,Notochord
NC-002333.1,0.19897959,0.18923433,0.009745255,,,Notochord
chd1,0.15080293,0.14106189,0.009741038,,,Notochord
glud1b,0.11599264,0.10625391,0.009738736,,,Notochord
hadhaa,0.17710458,0.16739504,0.009709537,,,Notochord
ccdc6a,0.13878527,0.12909617,0.009689108,,,Notochord
nrd1a,0.12856099,0.118915044,0.009645946,,,Notochord
tbl2,0.13665524,0.12704684,0.009608403,,,Notochord
tmem33,0.22108787,0.21151452,0.009573355,,,Notochord
hm13,0.42248076,0.4129877,0.009493053,,,Notochord
prpf38a,0.10405358,0.094588324,0.009465255,,,Notochord
ube2g2,0.12630808,0.11689719,0.009410895,,,Notochord
vps72a,0.122891925,0.11350875,0.009383172,,,Notochord
capza1b,0.41609457,0.406736,0.009358585,,,Notochord
chst2a,0.12102389,0.11173303,0.009290867,,,Notochord
znf207a,0.3055379,0.2962843,0.009253621,,,Notochord
abcf1,0.70572364,0.6964964,0.009227216,,,Notochord
arhgef6,0.1721054,0.16288146,0.009223938,,,Notochord
C25H12orf73,0.15476935,0.14556205,0.009207293,,,Notochord
sltm,0.25794163,0.24881983,0.009121805,,,Notochord
dync1i2a,0.13513677,0.12603885,0.009097919,,,Notochord
mrpl23,0.18857448,0.17954305,0.00903143,,,Notochord
kdelr3,0.097685784,0.08867708,0.009008706,,,Notochord
oxsr1a,0.16073826,0.15173024,0.00900802,,,Notochord
ggh,0.095888175,0.0868813,0.009006873,,,Notochord
vangl2,0.21354775,0.20454334,0.009004414,,,Notochord
eif5b,0.2850795,0.27611372,0.00896579,,,Notochord
kdm5bb,0.12061644,0.111655064,0.0089613795,,,Notochord
cltca,0.276125,0.2672018,0.008923203,,,Notochord
zswim8,0.14670046,0.13781668,0.008883774,,,Notochord
smfn,0.1350777,0.12620312,0.00887458,,,Notochord
tfip11,0.0994428,0.09063773,0.008805074,,,Notochord
si:dkeyp-113d7.1,0.17424048,0.16546495,0.008775532,,,Notochord
jkamp,0.10487086,0.096133135,0.008737728,,,Notochord
med20,0.17703782,0.16831324,0.008724585,,,Notochord
ndst2a,0.10349403,0.09478523,0.008708805,,,Notochord
kansl1a,0.100505404,0.09187913,0.008626275,,,Notochord
ddah2,0.1051609,0.096558236,0.008602664,,,Notochord
pum1,0.29610026,0.28752464,0.008575618,,,Notochord
nr2f1a,0.18847731,0.17991173,0.008565575,,,Notochord
asxl1,0.15183084,0.14328574,0.008545101,,,Notochord
C18H11orf58,0.18563701,0.17709425,0.008542761,,,Notochord
s100a10b,0.23059304,0.22208369,0.008509353,,,Notochord
stip1,0.2625352,0.2540685,0.008466721,,,Notochord
serbp1a,2.71896,2.7105193,0.008440733,,,Notochord
plagx,0.13931936,0.13094884,0.008370519,,,Notochord
ccdc12,0.18588762,0.17753443,0.008353189,,,Notochord
pole,0.14630798,0.13796799,0.008339986,,,Notochord
fzd7a,0.58884376,0.5805607,0.008283079,,,Notochord
prpf4,0.15106393,0.14278813,0.008275807,,,Notochord
hspa5,0.31650648,0.30826113,0.008245349,,,Notochord
mcmbp,0.19713081,0.1889471,0.008183718,,,Notochord
ccdc32,0.10896187,0.10081821,0.008143663,,,Notochord
ythdf1,0.14697538,0.13883749,0.008137897,,,Notochord
terfa,0.09465306,0.08653449,0.00811857,,,Notochord
thumpd1,0.12742841,0.119330086,0.008098327,,,Notochord
ciao2b,0.15732148,0.1492513,0.008070186,,,Notochord
larp1b,0.14686462,0.13880034,0.008064285,,,Notochord
srm,0.21357618,0.20553753,0.008038655,,,Notochord
nfe2l3,0.13614354,0.12810618,0.0080373585,,,Notochord
bcl7a,0.38394272,0.3759118,0.008030921,,,Notochord
psen1,0.13224779,0.12423848,0.008009307,,,Notochord
rab2a,0.49750927,0.4895,0.008009285,,,Notochord
si:dkey-23f9.4,0.1329986,0.1250064,0.007992208,,,Notochord
CABZ01079480.1,0.120018475,0.1120508,0.007967673,,,Notochord
rab1ba,0.10006213,0.09215946,0.007902674,,,Notochord
lrpprc,0.1403503,0.13245663,0.007893667,,,Notochord
arid3b,0.5410157,0.533163,0.0078526735,,,Notochord
igf2bp3,0.16820444,0.16036603,0.007838413,,,Notochord
zgc:100918,0.13740073,0.12956636,0.007834375,,,Notochord
dido1,0.15993047,0.152133,0.0077974647,,,Notochord
etv5b,0.18248327,0.17476253,0.0077207386,,,Notochord
uqcrb,0.57344574,0.56573135,0.0077143908,,,Notochord
pmpcb,0.18578438,0.17809208,0.0076923072,,,Notochord
bag1,0.114527985,0.10685887,0.0076691136,,,Notochord
cnp,0.21794365,0.21031487,0.0076287836,,,Notochord
tpm3,0.94368225,0.9361593,0.0075229406,,,Notochord
dap,0.24674276,0.23923649,0.0075062662,,,Notochord
dpf2l,0.21957918,0.2121051,0.0074740797,,,Notochord
capza1a,0.48890245,0.48149645,0.0074059963,,,Notochord
pdlim7,0.09534319,0.08795533,0.007387854,,,Notochord
nol9,0.11951911,0.112141415,0.0073776916,,,Notochord
znf330,0.1381568,0.13080595,0.007350847,,,Notochord
SERP1,0.41517982,0.40784886,0.007330954,,,Notochord
ist1,0.09132544,0.083996564,0.0073288754,,,Notochord
sephs2,0.21587387,0.20854545,0.007328421,,,Notochord
si:ch211-276i12.9,0.1345498,0.12724863,0.0073011667,,,Notochord
si:zfos-1192g2.3,0.12926272,0.12198855,0.0072741657,,,Notochord
si:ch211-194k22.8,0.10567398,0.09842953,0.007244453,,,Notochord
exosc8,0.14016871,0.1329285,0.007240206,,,Notochord
ptpn11a,0.12311195,0.11597857,0.0071333796,,,Notochord
cenpp,0.089831695,0.0827104,0.0071212947,,,Notochord
pdcd10a,0.11732688,0.11026638,0.007060498,,,Notochord
pwwp2a,0.09536129,0.088323705,0.0070375875,,,Notochord
rer1,0.22017498,0.21318412,0.006990865,,,Notochord
scfd1,0.14247698,0.13552082,0.00695616,,,Notochord
kdm2aa,0.10149037,0.09454708,0.006943293,,,Notochord
atp2b4,0.12784432,0.12092985,0.0069144666,,,Notochord
srcap,0.100244954,0.093333654,0.0069113,,,Notochord
zgc:123105,0.14828826,0.14142767,0.006860599,,,Notochord
magi1b,0.103587545,0.09674693,0.0068406165,,,Notochord
mettl1,0.12419276,0.11739825,0.0067945123,,,Notochord
selenot1b,0.1761,0.1693397,0.006760299,,,Notochord
ep300b,0.12896286,0.12220321,0.006759651,,,Notochord
eif4ebp2,0.2797478,0.27300638,0.0067414343,,,Notochord
ssbp3b,0.18282382,0.17608832,0.0067355037,,,Notochord
krtcap2,0.3606962,0.35400438,0.0066918135,,,Notochord
cyth1b,0.118768275,0.112160765,0.00660751,,,Notochord
wee1,0.118670754,0.11206379,0.0066069663,,,Notochord
thyn1,0.09644952,0.08986034,0.0065891743,,,Notochord
lhfpl2a,0.16506363,0.15848172,0.0065819174,,,Notochord
si:ch73-308l14.2,0.14823031,0.1416779,0.006552413,,,Notochord
fam49a,0.18991403,0.1833622,0.006551832,,,Notochord
cnn2,0.4236029,0.41705373,0.0065491796,,,Notochord
ldhba,0.28405902,0.27753386,0.006525159,,,Notochord
rbbp6,0.25865683,0.2521549,0.006501943,,,Notochord
chtopa,0.37975448,0.37328455,0.006469935,,,Notochord
fbxl22,0.13133213,0.12486696,0.006465167,,,Notochord
AK6,0.14519979,0.13873643,0.0064633638,,,Notochord
ptk2ab,0.112272024,0.10587805,0.0063939765,,,Notochord
kif11,0.19889504,0.19251741,0.0063776225,,,Notochord
nfkbiab,0.09891662,0.092576675,0.006339945,,,Notochord
hnf1a,0.1018421,0.09550364,0.006338455,,,Notochord
ddx42,0.102189,0.095929235,0.0062597618,,,Notochord
vps26c,0.12545833,0.119220525,0.006237805,,,Notochord
mrps23,0.12716934,0.12094013,0.0062292144,,,Notochord
rprd1b,0.09419944,0.0880447,0.0061547384,,,Notochord
immt,0.1048281,0.0987097,0.0061183944,,,Notochord
alad,0.15099026,0.14488341,0.0061068535,,,Notochord
aktip,0.2903933,0.2842934,0.0060998797,,,Notochord
si:ch211-244o22.2,0.1441001,0.13801408,0.0060860217,,,Notochord
CABZ01087224.1,0.09954833,0.093469694,0.006078638,,,Notochord
atp1a2a,0.11342297,0.10736697,0.006055996,,,Notochord
ACADSB,0.10500369,0.0989611,0.006042592,,,Notochord
ppp1cab,0.17907973,0.17308734,0.0059923828,,,Notochord
mrpl9,0.12386598,0.11789594,0.0059700385,,,Notochord
ide,0.14062229,0.13471909,0.0059031993,,,Notochord
rtca,0.22364804,0.21775973,0.005888313,,,Notochord
npepl1,0.1256545,0.119821824,0.0058326796,,,Notochord
stau2,0.28771138,0.28200814,0.0057032406,,,Notochord
mtfr1l,0.16072808,0.15502958,0.005698502,,,Notochord
max,0.52194804,0.5163057,0.0056423545,,,Notochord
mccc2,0.10364861,0.09801083,0.00563778,,,Notochord
metrnla,0.10677664,0.10117636,0.005600281,,,Notochord
eaf2,0.1436662,0.13809362,0.0055725724,,,Notochord
copb2,0.25779107,0.25224215,0.005548924,,,Notochord
mych,0.12577386,0.12023253,0.005541332,,,Notochord
polr3e,0.13021171,0.124734126,0.005477585,,,Notochord
GCA,0.14726475,0.14187263,0.0053921193,,,Notochord
prr12a,0.11039522,0.10503217,0.0053630546,,,Notochord
sh3bgrl3,0.119201005,0.11386363,0.0053373724,,,Notochord
bud23,0.13338287,0.12804581,0.0053370595,,,Notochord
cxxc5a,0.14534065,0.14002566,0.005314991,,,Notochord
ntn1a,0.15685931,0.15156126,0.0052980483,,,Notochord
EMC4,0.16538203,0.1601459,0.005236134,,,Notochord
LEPROTL1,0.15095589,0.1457548,0.0052010864,,,Notochord
hspa4a,0.13425094,0.12906711,0.005183831,,,Notochord
dynll2a,0.35676187,0.351597,0.0051648617,,,Notochord
serpina1,0.10397069,0.098822266,0.0051484257,,,Notochord
si:ch211-51h9.6,0.12281604,0.117797665,0.005018376,,,Notochord
yju2,0.13057767,0.12558389,0.0049937814,,,Notochord
cldn12,0.14308576,0.13810603,0.0049797297,,,Notochord
si:ch211-156j22.4,0.09944578,0.09449669,0.004949093,,,Notochord
fam50a,0.1966932,0.19174893,0.004944265,,,Notochord
casp20,0.10858019,0.10363739,0.004942797,,,Notochord
anln,0.21728432,0.21241087,0.0048734546,,,Notochord
znf1035,0.14773835,0.14291666,0.004821688,,,Notochord
pgrmc1,0.31400725,0.3091865,0.004820764,,,Notochord
lsm7,0.57819754,0.57338995,0.0048075914,,,Notochord
hectd1,0.14618537,0.14140713,0.004778236,,,Notochord
pqbp1,0.106738515,0.1019778,0.0047607124,,,Notochord
rbm14a,0.13357672,0.12888294,0.0046937764,,,Notochord
trnau1apb,0.21673487,0.21205132,0.004683554,,,Notochord
tpk1,1.9308655,1.9261968,0.0046687126,,,Notochord
znf346,0.3257009,0.32104498,0.0046559274,,,Notochord
snd1,0.3272867,0.32266793,0.004618764,,,Notochord
nup35,0.13353294,0.12892377,0.0046091676,,,Notochord
etv2,0.1199131,0.115314744,0.004598357,,,Notochord
mrpl3,0.11778926,0.11319782,0.0045914426,,,Notochord
fbxo5,0.12235011,0.117774755,0.004575357,,,Notochord
hint2,0.10066711,0.096108936,0.004558176,,,Notochord
pmp22b,0.10357296,0.09902427,0.0045486838,,,Notochord
papolg,0.10497489,0.10046183,0.004513055,,,Notochord
chd7,0.4280928,0.42365775,0.0044350624,,,Notochord
hnrpkl,0.19882585,0.19443768,0.0043881685,,,Notochord
cd2ap,0.093280695,0.08889262,0.004388079,,,Notochord
tfg,0.26022404,0.25589758,0.0043264627,,,Notochord
smc3,0.34669024,0.34246624,0.0042240024,,,Notochord
alas1,0.21940953,0.2151948,0.004214719,,,Notochord
csnk1da,0.16778328,0.1635804,0.0042028725,,,Notochord
prkcsh,0.115597256,0.111531794,0.0040654615,,,Notochord
snx12,0.30397186,0.30003828,0.0039335787,,,Notochord
yars1,0.19108357,0.18725882,0.0038247406,,,Notochord
ino80,0.23788077,0.23425709,0.0036236793,,,Notochord
ip6k2a,0.11626145,0.11276553,0.0034959242,,,Notochord
rab11ba,0.2205659,0.21712641,0.003439486,,,Notochord
CR381686.5,0.1018932,0.0984597,0.0034335032,,,Notochord
poglut3,0.12553865,0.12210901,0.0034296364,,,Notochord
si:zfos-943e10.1,0.094717644,0.09129055,0.0034270957,,,Notochord
aatf,0.10695063,0.10366446,0.0032861754,,,Notochord
ywhabl,0.55534077,0.55207974,0.0032610297,,,Notochord
rpe,0.21341403,0.21023396,0.0031800717,,,Notochord
eif3jb,0.104324184,0.101225115,0.003099069,,,Notochord
paxip1,0.18199663,0.1789162,0.0030804276,,,Notochord
sirt7,0.38482073,0.3817711,0.0030496418,,,Notochord
sri,0.099419065,0.09640951,0.0030095577,,,Notochord
si:ch73-263o4.4,0.1497641,0.14680514,0.0029589683,,,Notochord
CU302316.1,0.15108426,0.14815651,0.0029277503,,,Notochord
crls1,0.10732969,0.10444451,0.0028851777,,,Notochord
cited4b,0.263507,0.2606243,0.002882719,,,Notochord
bckdhb,0.22761287,0.22479993,0.002812937,,,Notochord
znf1042,0.09858185,0.09587562,0.0027062297,,,Notochord
nfkbib,0.102315225,0.09967169,0.002643533,,,Notochord
gnl3l,0.14853224,0.1459082,0.0026240349,,,Notochord
tex10,0.15330647,0.15071325,0.0025932193,,,Notochord
rhoca,0.1258654,0.12328489,0.0025805086,,,Notochord
zfand3,0.12818806,0.12563187,0.00255619,,,Notochord
gtf2h3,0.10098743,0.09845185,0.0025355741,,,Notochord
CU570894.2,0.16637374,0.16386126,0.0025124848,,,Notochord
aco2,0.3142429,0.3117472,0.002495706,,,Notochord
proser1,0.10884378,0.10636953,0.0024742484,,,Notochord
suz12b,0.099060014,0.09659179,0.002468221,,,Notochord
inppl1a,0.111084945,0.108711734,0.002373211,,,Notochord
gnl2,0.21134396,0.20898114,0.0023628175,,,Notochord
tmem50a,0.15814939,0.15579459,0.0023548007,,,Notochord
foxa,0.1094615,0.107124,0.0023375005,,,Notochord
dip2ba,0.10326066,0.100964256,0.002296403,,,Notochord
stag2b,0.2614685,0.25935775,0.0021107495,,,Notochord
ccni,0.19652979,0.19446775,0.0020620376,,,Notochord
lhfpl5b,0.09987194,0.09782207,0.0020498708,,,Notochord
tmem208,0.09931276,0.09727074,0.0020420179,,,Notochord
ctcf,0.14638159,0.14434324,0.0020383447,,,Notochord
si:ch211-196l7.4,0.22706449,0.22511487,0.0019496232,,,Notochord
ttll4,0.16515659,0.16321777,0.0019388199,,,Notochord
rap1b,0.16836938,0.16644709,0.0019222945,,,Notochord
zswim5,0.1465758,0.14474712,0.0018286705,,,Notochord
commd4,0.10905718,0.10727172,0.0017854571,,,Notochord
lypla2,0.12675956,0.12497659,0.0017829686,,,Notochord
ilk,0.13393684,0.13220203,0.0017348081,,,Notochord
ftsj3,0.2107748,0.20904256,0.0017322302,,,Notochord
trpa1a,0.11360548,0.111938156,0.0016673207,,,Notochord
cpne1,0.16252258,0.16085605,0.001666531,,,Notochord
celf1,0.28443572,0.28280392,0.0016317964,,,Notochord
notch3,0.45558903,0.4540217,0.0015673339,,,Notochord
ube2a,0.13579087,0.1342273,0.001563564,,,Notochord
usf1l,0.12896705,0.12741005,0.0015569925,,,Notochord
vdac3,0.18742433,0.18587044,0.0015538931,,,Notochord
mcrs1,0.13336144,0.13183953,0.0015219152,,,Notochord
acsl3b,0.10136376,0.09984665,0.0015171096,,,Notochord
si:dkey-244a7.1,0.10831583,0.10680355,0.0015122816,,,Notochord
tcf3b,0.16640349,0.16490391,0.0014995784,,,Notochord
wwp1,0.12697224,0.12547554,0.0014967024,,,Notochord
usp14,0.15575387,0.15432411,0.0014297515,,,Notochord
rap1ab,0.09919767,0.09777381,0.0014238581,,,Notochord
mvp,0.14808306,0.14670454,0.0013785213,,,Notochord
gosr2,0.11360722,0.11226549,0.0013417304,,,Notochord
wnt5b,0.1962445,0.19491576,0.0013287365,,,Notochord
arf6b,0.30759707,0.30628768,0.0013093948,,,Notochord
impdh2,0.120755255,0.11948307,0.0012721866,,,Notochord
trim33,0.09431826,0.09306985,0.0012484118,,,Notochord
wdr36,0.16482145,0.16358002,0.0012414306,,,Notochord
sash1a,0.17491837,0.17374532,0.0011730492,,,Notochord
lsp1a,0.19554867,0.19446297,0.0010856986,,,Notochord
vaspb,0.1438207,0.14276542,0.0010552853,,,Notochord
upf1,0.10007398,0.09904337,0.001030609,,,Notochord
pnn,0.09916959,0.09816069,0.001008898,,,Notochord
shroom2a,0.13257855,0.13159993,0.0009786189,,,Notochord
BX649508.2,0.13716403,0.13620491,0.00095911324,,,Notochord
kansl2,0.13081431,0.12988545,0.0009288639,,,Notochord
snap29,0.10404171,0.10314154,0.0009001717,,,Notochord
magt1,0.12939544,0.12850843,0.0008870065,,,Notochord
xrcc6,0.14032705,0.13946334,0.000863716,,,Notochord
ing2,0.09517012,0.09436535,0.000804767,,,Notochord
mrpl40,0.12515791,0.124364145,0.0007937625,,,Notochord
tmem165,0.16906762,0.16827467,0.0007929504,,,Notochord
greb1,0.24272658,0.24193594,0.0007906407,,,Notochord
tmed10,0.44530004,0.44453326,0.00076678395,,,Notochord
tssc4,0.11907746,0.118332595,0.00074486434,,,Notochord
vgll4b,0.12827301,0.12761721,0.0006558001,,,Notochord
homezb,0.10287035,0.10229365,0.00057670474,,,Notochord
taf5,0.12539658,0.12487514,0.00052143633,,,Notochord
mrps15,0.19291003,0.19246727,0.0004427582,,,Notochord
prg4b,0.24464034,0.24429,0.0003503412,,,Notochord
plxnb1b,0.09878551,0.09846366,0.00032185018,,,Notochord
ppm1da,0.1375748,0.13726482,0.00030998886,,,Notochord
sept10,0.26141784,0.2611673,0.00025054812,,,Notochord
fzd8a,0.09644818,0.09625891,0.00018927455,,,Notochord
ndufa5,0.38463312,0.38446304,0.00017008185,,,Notochord
dlat,0.18207176,0.18195605,0.00011570752,,,Notochord
actn3a,0.107431464,0.10734652,8.494407e-05,,,Notochord
si:dkey-6n21.12,0.11155002,0.11148579,6.4231455e-05,,,Notochord
nsl1,0.12497829,0.12492997,4.8317015e-05,,,Notochord
rtn1a,0.12359517,0.12362808,-3.2909214e-05,,,Notochord
fuca1.1,0.12658899,0.12666987,-8.08835e-05,,,Notochord
kdelr2b,0.39352867,0.393673,-0.00014433265,,,Notochord
nupr1a,0.21720596,0.2173553,-0.00014933944,,,Notochord
ddx23,0.17783055,0.17800741,-0.00017686188,,,Notochord
myo1b,0.11373346,0.11395854,-0.00022507459,,,Notochord
akirin1,0.5284715,0.52881616,-0.00034463406,,,Notochord
sec63,0.121723205,0.12207577,-0.00035256147,,,Notochord
col7a1l,0.10076171,0.10115489,-0.00039318204,,,Notochord
ppp1r14bb,0.27484298,0.27524734,-0.0004043579,,,Notochord
rbm12b,0.12507012,0.12550274,-0.0004326105,,,Notochord
ywhaqa,0.40826207,0.40878382,-0.00052174926,,,Notochord
nup210,0.25964954,0.2601803,-0.00053074956,,,Notochord
rgma,0.15081507,0.15135409,-0.0005390197,,,Notochord
si:dkey-260j18.2,0.1090896,0.10963859,-0.0005489886,,,Notochord
u2af2a,0.10761015,0.10815987,-0.00054971874,,,Notochord
ube2ia,0.26125726,0.26181608,-0.00055882335,,,Notochord
dhx8,0.13987492,0.14052324,-0.0006483197,,,Notochord
emc1,0.21264556,0.21334516,-0.0006995946,,,Notochord
mrps17,0.10765112,0.10837937,-0.00072824955,,,Notochord
aldh6a1,0.13602215,0.1368173,-0.00079515576,,,Notochord
gid8b,0.10749557,0.108527526,-0.0010319576,,,Notochord
gskip,0.13781627,0.13887838,-0.0010621101,,,Notochord
cnih1,0.26485896,0.26601267,-0.0011537075,,,Notochord
tmem35,0.14041126,0.14166024,-0.0012489855,,,Notochord
cd276,0.09254892,0.09380207,-0.0012531504,,,Notochord
mplkip,0.08704461,0.08830094,-0.0012563318,,,Notochord
prpf18,0.13521272,0.13647972,-0.001267001,,,Notochord
tnni1c,0.10150135,0.10276907,-0.0012677163,,,Notochord
bzw1b,0.34456608,0.34583822,-0.0012721419,,,Notochord
srp54,0.3203068,0.32160002,-0.0012932122,,,Notochord
cnn3a,0.17673767,0.17805815,-0.0013204813,,,Notochord
tpm4a,0.56788784,0.5692126,-0.0013247728,,,Notochord
syf2,0.19536187,0.19669327,-0.0013314039,,,Notochord
ccnjl,0.1044001,0.10577474,-0.0013746396,,,Notochord
si:dkey-28b4.7,0.12995072,0.1313369,-0.0013861805,,,Notochord
exosc10,0.100792006,0.10222456,-0.0014325529,,,Notochord
cops7a,0.15512183,0.15657446,-0.0014526248,,,Notochord
rad54l2,0.1169526,0.118436515,-0.0014839172,,,Notochord
fundc1,0.25130165,0.25279734,-0.0014956892,,,Notochord
scaf1,0.10570289,0.107209176,-0.0015062839,,,Notochord
snx5,0.1498416,0.151365,-0.0015233904,,,Notochord
prickle2b,0.096906476,0.09845136,-0.0015448853,,,Notochord
adnp2b,0.12639055,0.12799484,-0.0016042888,,,Notochord
rbm39a,0.33160704,0.33321664,-0.0016095936,,,Notochord
manf,0.11783231,0.11948734,-0.0016550273,,,Notochord
heatr1,0.14866684,0.15034044,-0.0016735941,,,Notochord
arid1ab,0.14236778,0.14414772,-0.0017799437,,,Notochord
ddt,0.19628176,0.19812979,-0.0018480271,,,Notochord
ap1b1,0.16414051,0.16601075,-0.0018702447,,,Notochord
cemip2,0.12303475,0.12490551,-0.0018707588,,,Notochord
ndst1b,0.10929545,0.11120562,-0.0019101724,,,Notochord
sigmar1,0.10176917,0.1037225,-0.0019533262,,,Notochord
mlx,0.12601018,0.12798887,-0.0019786954,,,Notochord
scocb,0.14566806,0.14768453,-0.0020164698,,,Notochord
aifm2,0.11089575,0.112915754,-0.0020200014,,,Notochord
csnk1g2b,0.10660245,0.10870918,-0.0021067262,,,Notochord
pnpla7a,0.095212,0.09733432,-0.0021223202,,,Notochord
cd99l2,0.36129785,0.36346054,-0.002162695,,,Notochord
epha2a,0.22204126,0.22430441,-0.0022631437,,,Notochord
kdm5c,0.16258791,0.16492921,-0.0023413002,,,Notochord
mfap3l,0.10623564,0.10860017,-0.0023645312,,,Notochord
si:ch211-161h7.4,0.101567745,0.1040041,-0.0024363548,,,Notochord
isy1,0.12216443,0.12486151,-0.0026970804,,,Notochord
smim7,0.115544155,0.118289985,-0.0027458295,,,Notochord
perp,0.2172301,0.21997827,-0.0027481765,,,Notochord
tagln3b,0.10056657,0.103328966,-0.0027623922,,,Notochord
mthfd1l,0.144983,0.14776187,-0.0027788728,,,Notochord
cyfip2,0.10571436,0.10855421,-0.0028398484,,,Notochord
cdc20,0.23846267,0.24132088,-0.0028582066,,,Notochord
unc119.1,0.11336676,0.11627007,-0.0029033124,,,Notochord
rplp2,2.508659,2.5115745,-0.0029156208,,,Notochord
prcc,0.20114557,0.204108,-0.0029624254,,,Notochord
lysmd2,0.12633479,0.12930883,-0.0029740483,,,Notochord
znf576.2,0.12708192,0.13010593,-0.0030240119,,,Notochord
sipa1l2,0.09193684,0.094966464,-0.0030296221,,,Notochord
sult6b1,0.10891609,0.11195188,-0.0030357912,,,Notochord
rras,0.11158538,0.11467127,-0.003085889,,,Notochord
hist2h2l,0.11933592,0.12248296,-0.0031470433,,,Notochord
kirrel3l,0.10418628,0.10735792,-0.0031716377,,,Notochord
mrpl52,0.24083452,0.24403316,-0.0031986386,,,Notochord
guk1a,0.11742356,0.12069102,-0.0032674596,,,Notochord
klhl31,0.11372695,0.11700939,-0.0032824352,,,Notochord
fip1l1b,0.104967706,0.10831261,-0.003344901,,,Notochord
nkx2.9,0.12905735,0.13244003,-0.0033826828,,,Notochord
pld7,0.0961325,0.09953994,-0.003407441,,,Notochord
ptbp2b,0.21933214,0.22275844,-0.0034262985,,,Notochord
myclb,0.08947039,0.092931114,-0.0034607276,,,Notochord
psmd10,0.113273904,0.11674897,-0.0034750625,,,Notochord
ccdc25,0.19714163,0.20068313,-0.0035414994,,,Notochord
prim1,0.14139208,0.14493962,-0.0035475343,,,Notochord
wdr26b,0.111126155,0.1147493,-0.0036231428,,,Notochord
rab5c,0.13132955,0.13499035,-0.003660798,,,Notochord
pdcd10b,0.13739407,0.14113595,-0.0037418753,,,Notochord
copb1,0.3324015,0.33614472,-0.0037432015,,,Notochord
nup153,0.109934606,0.113726445,-0.003791839,,,Notochord
rps27l,0.5709868,0.5748243,-0.0038374662,,,Notochord
dvl3a,0.099295035,0.10321419,-0.0039191544,,,Notochord
metap1,0.103959486,0.107916534,-0.003957048,,,Notochord
her12,0.11876998,0.12275724,-0.00398726,,,Notochord
gabpb2a,0.10771705,0.11174035,-0.0040232986,,,Notochord
lmna,0.09556284,0.09959665,-0.0040338114,,,Notochord
rbp5,0.14545995,0.14950143,-0.004041478,,,Notochord
actr1,0.2994448,0.3034907,-0.0040459037,,,Notochord
tial1,0.098096214,0.10215319,-0.0040569752,,,Notochord
dr1,0.1671767,0.17125586,-0.004079163,,,Notochord
mllt3,0.14728229,0.15147638,-0.0041940957,,,Notochord
gclc,0.09780706,0.102007486,-0.0042004287,,,Notochord
ubb,0.46670687,0.47091508,-0.004208207,,,Notochord
atad5a,0.093387604,0.097703114,-0.0043155104,,,Notochord
dctn2,0.21881391,0.22320718,-0.0043932647,,,Notochord
mlf2,0.30778828,0.31222272,-0.0044344366,,,Notochord
chrna1,0.08716256,0.09159713,-0.0044345707,,,Notochord
tor1,0.09579118,0.10022968,-0.004438497,,,Notochord
si:ch211-133n4.4,0.17704521,0.18152054,-0.0044753253,,,Notochord
foxp1a,0.118281186,0.12275792,-0.0044767335,,,Notochord
bsdc1,0.08780697,0.09239506,-0.00458809,,,Notochord
rbp7b,0.09445049,0.09907103,-0.0046205446,,,Notochord
flot1b,0.28230622,0.2870699,-0.004763663,,,Notochord
csnk1db,0.08831327,0.09310528,-0.0047920123,,,Notochord
sept9a,0.08668937,0.09148575,-0.0047963858,,,Notochord
hdac3,0.21905169,0.22387935,-0.0048276633,,,Notochord
lrrc47,0.0916312,0.0965764,-0.0049452037,,,Notochord
arpc5la,0.12705351,0.13205935,-0.0050058365,,,Notochord
dag1,0.3095384,0.31461057,-0.0050721765,,,Notochord
gale,0.098046325,0.103158504,-0.0051121786,,,Notochord
farp2,0.12531301,0.13044272,-0.00512971,,,Notochord
uqcc2,0.18626216,0.19141696,-0.0051548034,,,Notochord
bcl2l10,0.113661274,0.11883358,-0.005172305,,,Notochord
zmynd19,0.09346916,0.09867456,-0.0052054003,,,Notochord
lztfl1,0.08733967,0.09254534,-0.0052056685,,,Notochord
lims1,0.18836795,0.19357972,-0.0052117705,,,Notochord
pgp,0.11274138,0.117973454,-0.0052320734,,,Notochord
si:dkey-20i20.15,0.14669882,0.15197419,-0.0052753687,,,Notochord
mycbp,0.16968419,0.17498456,-0.005300373,,,Notochord
apela,0.38989192,0.39519477,-0.0053028464,,,Notochord
tm9sf3,0.11125183,0.11667581,-0.005423978,,,Notochord
pi4kb,0.09035468,0.09578064,-0.00542596,,,Notochord
osbpl10b,0.1403063,0.14574002,-0.0054337233,,,Notochord
LO018196.1,0.10955992,0.11500365,-0.0054437295,,,Notochord
ctbp2a,0.10200833,0.10745233,-0.005444005,,,Notochord
sdha,0.2437352,0.24920096,-0.005465761,,,Notochord
rap2c,0.08323105,0.08871763,-0.005486585,,,Notochord
dync1li2,0.12017974,0.12568551,-0.0055057704,,,Notochord
arnt2,0.14052844,0.14603938,-0.005510941,,,Notochord
zgc:112982,0.12031149,0.12583347,-0.0055219755,,,Notochord
fgfr3,0.10407215,0.10961646,-0.005544305,,,Notochord
ctsf,0.102865025,0.10841185,-0.005546823,,,Notochord
fnbp4,0.10293017,0.108492196,-0.0055620223,,,Notochord
BX511253.1,0.089983955,0.09554845,-0.005564496,,,Notochord
ccdc171,0.103121094,0.10870454,-0.0055834427,,,Notochord
p3h1,0.17287046,0.1784603,-0.005589843,,,Notochord
pwp1,0.17535003,0.18094271,-0.005592689,,,Notochord
si:dkey-81l17.6,0.08888601,0.09454144,-0.0056554303,,,Notochord
cdc34b,0.12010236,0.12576784,-0.005665481,,,Notochord
gnb1a,0.19981004,0.20549005,-0.0056800097,,,Notochord
pkn1a,0.102288164,0.107995346,-0.005707182,,,Notochord
cul3a,0.13802156,0.14377011,-0.005748555,,,Notochord
C7H16orf87,0.23553306,0.24129039,-0.005757332,,,Notochord
sec22bb,0.09115096,0.096909575,-0.0057586133,,,Notochord
kdm1a,0.40638307,0.41241145,-0.006028384,,,Notochord
ndfip1,0.116965726,0.122996286,-0.0060305595,,,Notochord
macroh2a2,0.2866823,0.29272494,-0.0060426295,,,Notochord
si:ch211-162e15.3,0.10183633,0.10799176,-0.0061554313,,,Notochord
nkx6.2,0.1590905,0.16525151,-0.0061610043,,,Notochord
ypel5,0.11908185,0.12529893,-0.006217085,,,Notochord
tmed9,0.2753427,0.28156006,-0.0062173605,,,Notochord
ifrd2,0.16738728,0.1736198,-0.00623253,,,Notochord
dock7,0.10879272,0.11506437,-0.0062716454,,,Notochord
ppt1,0.15349714,0.15998274,-0.0064855963,,,Notochord
selenok,0.3873746,0.39389065,-0.0065160394,,,Notochord
trmt1,0.10845688,0.115012735,-0.0065558553,,,Notochord
si:dkey-239j18.2,0.10958421,0.11614683,-0.0065626204,,,Notochord
tet3,0.22231792,0.22894469,-0.00662677,,,Notochord
smek1,0.10904826,0.115681775,-0.0066335127,,,Notochord
bmpr1ba,0.15204264,0.15867803,-0.006635383,,,Notochord
tp53bp1,0.110180855,0.11685051,-0.0066696554,,,Notochord
srpra,0.11883857,0.12553227,-0.0066936985,,,Notochord
mef2d,0.25377664,0.26047787,-0.006701231,,,Notochord
chd2,0.10116448,0.10786996,-0.006705478,,,Notochord
nap1l4a,0.20408706,0.21086213,-0.0067750663,,,Notochord
acadvl,0.14357837,0.15040438,-0.0068260133,,,Notochord
sdf2,0.106765345,0.11360974,-0.006844394,,,Notochord
mrpl16,0.26241678,0.26927692,-0.006860137,,,Notochord
mef2ca,0.10549565,0.11238964,-0.0068939924,,,Notochord
sec13,0.28947788,0.29643595,-0.0069580674,,,Notochord
bub1bb,0.08747078,0.09443751,-0.0069667324,,,Notochord
setd2,0.13139482,0.13840614,-0.007011324,,,Notochord
f11r.1,0.13378236,0.14086778,-0.0070854276,,,Notochord
fgfr2,0.103940494,0.11105777,-0.007117279,,,Notochord
adam10a,0.15286064,0.16001303,-0.0071523935,,,Notochord
ube2d1a,0.16332668,0.17048463,-0.0071579516,,,Notochord
arl3b,0.11160236,0.11887904,-0.007276684,,,Notochord
anxa11b,0.20531471,0.21260989,-0.0072951764,,,Notochord
frg1,0.090163454,0.09747481,-0.007311359,,,Notochord
BX936337.1,0.2977383,0.30507037,-0.0073320568,,,Notochord
tmem167a,0.47537675,0.48275194,-0.0073751807,,,Notochord
si:ch211-198a12.6,0.31203005,0.31942025,-0.007390201,,,Notochord
st3gal5,0.114384525,0.121787965,-0.007403441,,,Notochord
zgc:153675,0.1888657,0.19629727,-0.0074315667,,,Notochord
ddx3xb,0.46012598,0.46765092,-0.0075249374,,,Notochord
kmt5aa,0.23235755,0.23990558,-0.007548034,,,Notochord
rasal2,0.10277314,0.11035795,-0.0075848103,,,Notochord
hapln1b,0.09327857,0.10087217,-0.0075935945,,,Notochord
phc2a,0.11928373,0.12693481,-0.007651083,,,Notochord
ahnak,0.20129268,0.20902707,-0.007734388,,,Notochord
ogdha,0.098124176,0.10585961,-0.007735431,,,Notochord
myo18ab,0.15657611,0.16432194,-0.007745832,,,Notochord
tcf25,0.10625138,0.113999955,-0.007748574,,,Notochord
ncalda,0.14614575,0.15400808,-0.0078623295,,,Notochord
gng2,0.089998245,0.09791692,-0.007918678,,,Notochord
ccdc9,0.10019973,0.108168155,-0.007968426,,,Notochord
foxa1,0.09078346,0.09887713,-0.00809367,,,Notochord
CABZ01092745.1,0.23693226,0.24509475,-0.008162484,,,Notochord
pacsin2,0.11530678,0.12351633,-0.008209549,,,Notochord
pdzd11,0.11158488,0.11980141,-0.00821653,,,Notochord
rnd1b,0.102974884,0.11121747,-0.008242585,,,Notochord
clasp2,0.13873163,0.14699723,-0.0082656,,,Notochord
ugp2b,0.10124256,0.10953595,-0.00829339,,,Notochord
kif2c,0.105992295,0.114399455,-0.008407161,,,Notochord
apoba,0.13639294,0.1448093,-0.00841637,,,Notochord
alox12,0.10925442,0.11771845,-0.008464031,,,Notochord
slc37a2,0.16955374,0.17804933,-0.008495584,,,Notochord
col1a1a,0.10802593,0.11655851,-0.008532576,,,Notochord
ctnnd1,0.16940404,0.17795938,-0.008555338,,,Notochord
abcb7,0.09452652,0.103082605,-0.008556083,,,Notochord
nr2f5,0.35689303,0.3654883,-0.008595258,,,Notochord
mthfd2,0.09030831,0.09898771,-0.008679405,,,Notochord
rhebl1,0.28934076,0.29803246,-0.008691698,,,Notochord
zfp36l2,0.092057645,0.100762494,-0.008704849,,,Notochord
si:ch211-113a14.12,0.096505836,0.10522591,-0.008720078,,,Notochord
tle3b,0.12327473,0.1320099,-0.008735165,,,Notochord
seh1l,0.3028893,0.31166595,-0.008776665,,,Notochord
csrp2,0.08992234,0.09871395,-0.008791611,,,Notochord
got2b,0.111791365,0.12058336,-0.008791998,,,Notochord
uso1,0.09403348,0.10283541,-0.00880193,,,Notochord
BX001014.2,0.6351623,0.64402455,-0.008862257,,,Notochord
tars1,0.2991356,0.30803436,-0.008898765,,,Notochord
abi1a,0.101417646,0.11038803,-0.008970387,,,Notochord
cs,0.123781346,0.13279359,-0.009012245,,,Notochord
tram1,0.32966775,0.33877602,-0.009108275,,,Notochord
si:ch211-160o17.4,0.2854004,0.29454514,-0.009144753,,,Notochord
trappc11,0.086922035,0.096086904,-0.00916487,,,Notochord
lamtor4,0.17574188,0.18491611,-0.009174228,,,Notochord
ntmt1,0.1875313,0.19673805,-0.009206742,,,Notochord
slc43a2b,0.12076416,0.13003151,-0.0092673525,,,Notochord
znf865,0.121322565,0.1306575,-0.009334929,,,Notochord
snrnp70,0.45783907,0.46718806,-0.0093489885,,,Notochord
chmp5b,0.15780029,0.1671592,-0.009358913,,,Notochord
ccnc,0.086401425,0.09576974,-0.009368315,,,Notochord
trappc5,0.109879315,0.11927431,-0.009394996,,,Notochord
ncor1,0.08693822,0.09639883,-0.009460613,,,Notochord
znfl2a,0.25505242,0.2645577,-0.009505272,,,Notochord
blzf1,0.1443963,0.15390709,-0.009510785,,,Notochord
cdca4,0.13146135,0.14112344,-0.009662092,,,Notochord
mtdha,0.13833344,0.14800218,-0.009668738,,,Notochord
ndufb2,0.634386,0.64406216,-0.009676158,,,Notochord
aif1l,0.21499027,0.22473173,-0.009741455,,,Notochord
arhgap5,0.09811129,0.10791335,-0.009802066,,,Notochord
pcca,0.09520935,0.105108,-0.009898648,,,Notochord
psat1,0.12497929,0.1349027,-0.009923413,,,Notochord
si:dkey-33c12.4,0.12555255,0.13552706,-0.0099745095,,,Notochord
nr2f6b,0.34315473,0.35316414,-0.010009408,,,Notochord
nkx6.1,0.17625211,0.18648157,-0.010229453,,,Notochord
papola,0.14477101,0.15500858,-0.010237575,,,Notochord
nars1,0.16422872,0.17447928,-0.0102505535,,,Notochord
atp1b2a,0.117776774,0.12805927,-0.010282494,,,Notochord
si:dkey-19e4.5,0.119678065,0.12997137,-0.010293305,,,Notochord
zfr,0.30494806,0.31525588,-0.010307819,,,Notochord
txndc12,0.12365288,0.13396904,-0.010316156,,,Notochord
ctnnbip1,0.1688186,0.17916006,-0.0103414655,,,Notochord
rcor1,0.1382616,0.1486236,-0.010361999,,,Notochord
skp1,0.90162003,0.91198933,-0.010369301,,,Notochord
urm1,0.08870742,0.099141896,-0.0104344785,,,Notochord
arid2,0.09022528,0.10070252,-0.010477237,,,Notochord
cox20,0.15850472,0.16901737,-0.01051265,,,Notochord
cldnb,0.082904115,0.09342441,-0.010520294,,,Notochord
tmem14ca,0.14007495,0.15060934,-0.010534391,,,Notochord
chmp4bb,0.09389927,0.104487725,-0.010588452,,,Notochord
ccnl1b,0.23923764,0.24987283,-0.010635197,,,Notochord
calub,0.21723095,0.22796945,-0.010738507,,,Notochord
mtch2,0.17673886,0.1874816,-0.010742739,,,Notochord
dstyk,0.17181405,0.18256584,-0.010751784,,,Notochord
mtor,0.08899192,0.099759914,-0.010767996,,,Notochord
hhip,0.1116042,0.122417375,-0.010813177,,,Notochord
pard6gb,0.15598363,0.16682756,-0.010843933,,,Notochord
MYADM,0.105719954,0.11657902,-0.010859065,,,Notochord
C7H20orf27,0.11789404,0.12891358,-0.011019543,,,Notochord
mrps21,0.26706135,0.27809677,-0.011035413,,,Notochord
sorbs1,0.10367245,0.114769265,-0.011096813,,,Notochord
prtfdc1,0.2836184,0.29473504,-0.011116654,,,Notochord
vim,0.14608362,0.15720382,-0.0111202,,,Notochord
usp48,0.100383416,0.11150833,-0.011124916,,,Notochord
myl9b,0.081940025,0.09309078,-0.011150755,,,Notochord
letm2,0.10090606,0.11206995,-0.01116389,,,Notochord
rps6kb1b,0.10716868,0.118381344,-0.011212662,,,Notochord
sdf2l1,0.10380641,0.11507303,-0.011266619,,,Notochord
lima1a,0.14747854,0.158788,-0.01130946,,,Notochord
rhbdl3,0.20036004,0.21179043,-0.011430383,,,Notochord
cavin2b,0.1551105,0.16667093,-0.01156044,,,Notochord
lpar6a,0.11611472,0.12772208,-0.011607364,,,Notochord
lamp2,0.09882234,0.110447235,-0.011624895,,,Notochord
manbal,0.1256808,0.13732858,-0.011647776,,,Notochord
kif4,0.0929814,0.10468564,-0.011704244,,,Notochord
bmpr1aa,0.13122788,0.14301321,-0.011785328,,,Notochord
nid1b,0.18721475,0.19912362,-0.011908874,,,Notochord
ankrd28b,0.103427395,0.11533635,-0.011908956,,,Notochord
cyp20a1,0.15108779,0.16306801,-0.011980221,,,Notochord
cops8,0.19264269,0.20465866,-0.012015969,,,Notochord
gmfb,0.58183926,0.5938875,-0.0120482445,,,Notochord
tox,0.1835469,0.1956732,-0.012126297,,,Notochord
faf2,0.1095047,0.121642105,-0.012137406,,,Notochord
nelfcd,0.08972688,0.10192497,-0.012198091,,,Notochord
pan3,0.11917876,0.13138792,-0.012209162,,,Notochord
casq2,0.08980223,0.10202133,-0.012219101,,,Notochord
smyd2a,0.10936803,0.12173457,-0.012366533,,,Notochord
gnpda2,0.17279817,0.18517809,-0.0123799145,,,Notochord
ddx55,0.16559537,0.17808178,-0.012486413,,,Notochord
rab13,0.1259433,0.13846517,-0.012521863,,,Notochord
atox1,0.37747213,0.3900504,-0.012578279,,,Notochord
npepps,0.0897047,0.102286614,-0.012581915,,,Notochord
irf2bp2b,0.09014366,0.10273208,-0.012588419,,,Notochord
gpx8,0.21534543,0.22801502,-0.012669593,,,Notochord
ankhd1,0.28009072,0.2928528,-0.01276207,,,Notochord
ap1g2,0.27203748,0.28487954,-0.012842059,,,Notochord
si:dkey-286j15.1,0.16793694,0.18082397,-0.012887031,,,Notochord
pip5k1ab,0.1203983,0.13329774,-0.0128994435,,,Notochord
npl,0.08881857,0.10172383,-0.012905255,,,Notochord
rnf2,0.3521824,0.3650905,-0.012908101,,,Notochord
ckap4,0.34266418,0.35557324,-0.012909055,,,Notochord
ube2al,0.16734912,0.1803307,-0.012981579,,,Notochord
ptgesl,0.091866896,0.104850754,-0.012983859,,,Notochord
CR759918.1,0.106583685,0.11964224,-0.013058558,,,Notochord
psmd4b,0.33309984,0.34625527,-0.013155431,,,Notochord
SRL,0.2169262,0.23012768,-0.013201475,,,Notochord
ncor2,0.10679553,0.12000062,-0.013205096,,,Notochord
musk,0.11955591,0.13281609,-0.013260178,,,Notochord
foxp4,0.12949546,0.14283216,-0.013336703,,,Notochord
col18a1a,0.6391718,0.652602,-0.013430238,,,Notochord
mob1ba,0.11249391,0.12592456,-0.013430648,,,Notochord
tmbim4,0.11175301,0.12522502,-0.013472013,,,Notochord
rad23b,0.39960143,0.41308957,-0.013488144,,,Notochord
grinab,0.14744072,0.16094784,-0.013507128,,,Notochord
angptl7,0.09900772,0.11254082,-0.0135331005,,,Notochord
si:dkey-167k11.5,0.0965135,0.11014931,-0.013635807,,,Notochord
rabac1,0.21242227,0.22607093,-0.013648659,,,Notochord
sept8a,0.15614386,0.16982831,-0.013684452,,,Notochord
vps28,0.14137422,0.15511185,-0.013737634,,,Notochord
tpp2,0.11387537,0.12763074,-0.013755374,,,Notochord
ppp6r3,0.21160749,0.22550713,-0.013899639,,,Notochord
anapc13,0.112468995,0.12637302,-0.013904028,,,Notochord
hsp90aa1.2,0.13586704,0.1499185,-0.014051452,,,Notochord
glula,0.2614149,0.27556857,-0.014153689,,,Notochord
stx4,0.1035192,0.117683604,-0.014164403,,,Notochord
dnajb11,0.092772014,0.10695641,-0.014184393,,,Notochord
zc3h11a,0.11729012,0.13154036,-0.014250241,,,Notochord
tsc22d1,0.17640682,0.19072665,-0.014319837,,,Notochord
slc30a7,0.14488944,0.1592181,-0.014328659,,,Notochord
pusl1,0.18195961,0.19636941,-0.014409795,,,Notochord
atp6v1g1,0.33470234,0.34912357,-0.014421225,,,Notochord
tp53bp2a,0.096347,0.110839516,-0.014492519,,,Notochord
zc3h15,0.2018527,0.21634537,-0.014492676,,,Notochord
selenot2,0.32826635,0.34279057,-0.014524221,,,Notochord
CKS2,0.1786491,0.19343059,-0.01478149,,,Notochord
spns1,0.11497336,0.12984943,-0.014876075,,,Notochord
sept9b,0.119862534,0.13475807,-0.014895536,,,Notochord
pmm2,0.11592938,0.13082844,-0.01489906,,,Notochord
ap2s1,0.18341158,0.19833481,-0.01492323,,,Notochord
hoxb5a,0.092793845,0.1077258,-0.014931954,,,Notochord
vamp3,0.5828713,0.59782296,-0.014951646,,,Notochord
pitpnbl,0.24057555,0.2556122,-0.015036643,,,Notochord
erlec1,0.087847486,0.10289503,-0.015047543,,,Notochord
nes,0.20191692,0.21701987,-0.015102953,,,Notochord
tal1,0.09124377,0.10652406,-0.015280284,,,Notochord
atp1b1a,0.23898621,0.25431436,-0.015328154,,,Notochord
ogdhb,0.088565126,0.10390494,-0.015339814,,,Notochord
fras1,0.1255759,0.14092699,-0.015351087,,,Notochord
CU571074.2,0.13650101,0.15187497,-0.01537396,,,Notochord
csnk1g2a,0.08809858,0.10347314,-0.015374564,,,Notochord
pgd,0.09875679,0.11422827,-0.015471481,,,Notochord
rrp12,0.22197655,0.23745513,-0.015478581,,,Notochord
higd1a,0.17558125,0.19107486,-0.015493616,,,Notochord
ston2,0.10986467,0.12543714,-0.015572473,,,Notochord
si:ch211-197h24.6,0.1654455,0.18111542,-0.015669912,,,Notochord
poldip2,0.12488176,0.14056604,-0.015684277,,,Notochord
hnrnpa0a,1.1229109,1.1385952,-0.015684366,,,Notochord
tmed7,0.34707946,0.36286616,-0.015786707,,,Notochord
col12a1a,0.21012618,0.22605482,-0.015928641,,,Notochord
syap1,0.13085844,0.14679317,-0.015934736,,,Notochord
atr,0.102097996,0.11805035,-0.015952356,,,Notochord
ttyh3a,0.09496399,0.110975154,-0.016011164,,,Notochord
ppp2r5cb,0.09931316,0.1154448,-0.01613164,,,Notochord
nfya,0.22479409,0.24096516,-0.016171068,,,Notochord
slc39a7,0.5453907,0.56160504,-0.016214311,,,Notochord
smg1,0.0943551,0.110635266,-0.016280167,,,Notochord
trappc4,0.09642736,0.11273664,-0.016309284,,,Notochord
top2b,0.28083968,0.297188,-0.016348332,,,Notochord
tdh,0.20504352,0.22141649,-0.016372964,,,Notochord
ube2v2,0.54515314,0.56162924,-0.016476095,,,Notochord
brd9,0.09841572,0.1149194,-0.016503684,,,Notochord
dusp1,0.14300527,0.15951028,-0.016505018,,,Notochord
sdad1,0.15763435,0.17415726,-0.016522914,,,Notochord
smu1b,0.09153441,0.10806775,-0.016533338,,,Notochord
lig3,0.17314748,0.1897037,-0.016556218,,,Notochord
sat1a.2,0.18742898,0.20411403,-0.016685054,,,Notochord
atg13,0.1261916,0.14288914,-0.01669754,,,Notochord
kmt2cb,0.114639334,0.1313597,-0.016720362,,,Notochord
emc7,0.14004873,0.15683569,-0.016786963,,,Notochord
ptp4a3a,0.09444904,0.11128696,-0.016837917,,,Notochord
aldh9a1a.1,0.09393574,0.11078735,-0.016851604,,,Notochord
atp6v1ab,0.111084595,0.12797458,-0.01688999,,,Notochord
anxa6,0.0978217,0.11480811,-0.016986415,,,Notochord
tmsb,0.13946612,0.15646724,-0.017001122,,,Notochord
fam133b,0.23424405,0.25124955,-0.017005503,,,Notochord
snx6,0.15323727,0.1702502,-0.017012939,,,Notochord
cd2bp2,0.10467853,0.1217175,-0.017038971,,,Notochord
txndc17,0.17217393,0.1892949,-0.017120972,,,Notochord
zgc:92107,0.21745782,0.23459914,-0.017141327,,,Notochord
p4ha2,0.16428794,0.18150347,-0.017215535,,,Notochord
prkci,0.08829948,0.10554398,-0.017244495,,,Notochord
dennd5b,0.086420044,0.10367925,-0.017259203,,,Notochord
gnai2a,0.103465594,0.120763354,-0.01729776,,,Notochord
znf280d,0.11047392,0.12781048,-0.017336555,,,Notochord
nr2f6a,0.19630949,0.21365929,-0.017349795,,,Notochord
slc25a11,0.13961552,0.15698044,-0.01736492,,,Notochord
derl1,0.17285042,0.19022354,-0.01737313,,,Notochord
efemp2b,0.3417754,0.35922614,-0.01745075,,,Notochord
tob1b,0.26600146,0.28354377,-0.017542303,,,Notochord
fxyd1,0.11086236,0.12844408,-0.017581716,,,Notochord
CR932000.1,0.19729766,0.21491654,-0.01761888,,,Notochord
anapc15,0.14610127,0.16372934,-0.017628074,,,Notochord
slc12a2,0.11092477,0.1285918,-0.017667033,,,Notochord
sept2,0.48867884,0.50641,-0.01773116,,,Notochord
ssr3,1.0194255,1.0372337,-0.017808199,,,Notochord
ywhag2,0.094656646,0.11250505,-0.017848402,,,Notochord
chmp6b,0.15936771,0.1772239,-0.017856196,,,Notochord
tbl1xr1a,0.10086791,0.11881961,-0.017951697,,,Notochord
senp3a,0.11536607,0.13332212,-0.017956048,,,Notochord
epn2,0.11334379,0.13135605,-0.018012255,,,Notochord
si:ch211-173p18.3,0.095014416,0.11308224,-0.018067822,,,Notochord
mphosph8,0.15963928,0.17776409,-0.018124804,,,Notochord
zbtb18,0.1020083,0.120179325,-0.018171027,,,Notochord
robo1,0.11010897,0.12829098,-0.01818201,,,Notochord
smco4,0.09341511,0.111612625,-0.018197514,,,Notochord
amotl2a,0.17027423,0.18851364,-0.018239409,,,Notochord
CABZ01058650.1,0.14039859,0.158713,-0.018314406,,,Notochord
glyr1,0.12016772,0.13862829,-0.018460572,,,Notochord
atp2a2b,0.25712898,0.27563763,-0.018508643,,,Notochord
tmem203,0.09924425,0.1177779,-0.018533647,,,Notochord
rcn1,0.22791432,0.24651428,-0.018599957,,,Notochord
usf2,0.18634374,0.20494893,-0.018605188,,,Notochord
tyw1,0.08785375,0.10648087,-0.018627115,,,Notochord
rbms2b,0.14905924,0.16776174,-0.018702507,,,Notochord
ufc1,0.115498245,0.13422348,-0.018725231,,,Notochord
bcl7bb,0.09125905,0.11002387,-0.018764824,,,Notochord
srrm1,0.5621141,0.5809064,-0.018792272,,,Notochord
fn1b,0.30599752,0.32481116,-0.01881364,,,Notochord
vps35,0.13940038,0.15822327,-0.018822894,,,Notochord
eloca,0.08911472,0.107947364,-0.018832646,,,Notochord
polr2a,0.20792851,0.22677982,-0.01885131,,,Notochord
cdc14ab,0.09553766,0.11447502,-0.018937357,,,Notochord
ppp3r1b,0.16037418,0.17932402,-0.018949836,,,Notochord
ak3,0.15009804,0.16906004,-0.018961996,,,Notochord
ost4,0.53685987,0.5558649,-0.019005,,,Notochord
nexn,0.26258835,0.28159556,-0.019007206,,,Notochord
uba3,0.10826377,0.12732953,-0.01906576,,,Notochord
tmem184ba,0.0982732,0.11739268,-0.019119479,,,Notochord
eif2b4,0.11301895,0.1321889,-0.019169949,,,Notochord
mycb,0.12659971,0.14581063,-0.01921092,,,Notochord
plpp3,0.10896669,0.12819089,-0.019224197,,,Notochord
ier5l,0.17060946,0.18993187,-0.01932241,,,Notochord
plecb,0.08088456,0.10026875,-0.01938419,,,Notochord
chmp1b,0.12911962,0.148506,-0.01938638,,,Notochord
lgmn,0.13647586,0.15586324,-0.01938738,,,Notochord
hk1,0.2847043,0.30414486,-0.019440562,,,Notochord
map2k2a,0.13608873,0.15556975,-0.019481018,,,Notochord
mllt11,0.09770342,0.11725366,-0.019550242,,,Notochord
zeb1b,0.093570225,0.11324151,-0.019671284,,,Notochord
ap2b1,0.18902808,0.20874022,-0.019712135,,,Notochord
dmd,0.097857326,0.11761488,-0.019757554,,,Notochord
ier2a,0.13218562,0.1519832,-0.019797578,,,Notochord
mob1a,0.1614165,0.18122123,-0.019804731,,,Notochord
bin3,0.12144542,0.14125729,-0.019811869,,,Notochord
srp68,0.19548222,0.2153304,-0.019848183,,,Notochord
fam3a,0.09640444,0.116385914,-0.019981474,,,Notochord
yipf4,0.13078244,0.15077935,-0.019996911,,,Notochord
zgc:158564,0.1075573,0.12760268,-0.020045385,,,Notochord
prkag1,0.09100126,0.11106235,-0.02006109,,,Notochord
praf2,0.12506704,0.14517899,-0.020111948,,,Notochord
ddost,0.43353707,0.4538004,-0.020263344,,,Notochord
dtnba,0.10136297,0.12163852,-0.020275548,,,Notochord
adh8b,0.21493384,0.23552874,-0.020594895,,,Notochord
camk2g2,0.1017531,0.12238815,-0.020635046,,,Notochord
gabarapa,0.14994046,0.17065726,-0.020716801,,,Notochord
trappc2l,0.15060163,0.17132328,-0.020721659,,,Notochord
cerkl,0.10026469,0.12100469,-0.020740002,,,Notochord
xbp1,0.30782685,0.3287557,-0.02092886,,,Notochord
gps1,0.15330273,0.17426156,-0.020958826,,,Notochord
si:ch211-156j16.1,0.14197503,0.16295609,-0.020981058,,,Notochord
zgc:114119,0.21049693,0.23159942,-0.021102488,,,Notochord
cblb,0.10753008,0.12864146,-0.021111377,,,Notochord
spon1b,0.08973569,0.11092265,-0.021186963,,,Notochord
blmh,0.20071833,0.22193019,-0.021211863,,,Notochord
smx5,0.47156024,0.49278566,-0.021225423,,,Notochord
her4.1,0.13769168,0.1589194,-0.021227717,,,Notochord
hmbsa,0.1250773,0.14658718,-0.02150987,,,Notochord
prkar2aa,0.11761297,0.13928352,-0.02167055,,,Notochord
men1,0.08208451,0.10375657,-0.021672063,,,Notochord
mllt10,0.19828935,0.22005805,-0.021768704,,,Notochord
pdcl,0.10441544,0.1263091,-0.021893658,,,Notochord
ATP11B,0.086580984,0.10852121,-0.021940224,,,Notochord
lgals3a,0.2236725,0.24570785,-0.02203536,,,Notochord
appa,0.24214761,0.264217,-0.02206938,,,Notochord
ggcx,0.13067137,0.15274818,-0.022076815,,,Notochord
gdpd5b,0.07671461,0.09883123,-0.022116616,,,Notochord
yap1,0.23858014,0.26074418,-0.022164047,,,Notochord
si:dkey-253i9.4,0.096623294,0.11890462,-0.022281326,,,Notochord
mrps9,0.16709456,0.18938555,-0.02229099,,,Notochord
napab,0.1621594,0.1845234,-0.022364005,,,Notochord
trap1,0.14468607,0.16724016,-0.022554085,,,Notochord
meis1b,0.29551232,0.31813785,-0.022625536,,,Notochord
rbms1a,0.20274557,0.22539243,-0.02264686,,,Notochord
yipf5,0.11145572,0.13423863,-0.022782907,,,Notochord
FO681286.1,0.10973066,0.13254096,-0.022810295,,,Notochord
glg1a,0.100782104,0.123659156,-0.022877052,,,Notochord
gtf2a2,0.16836378,0.19129135,-0.022927567,,,Notochord
galnt2,0.08404758,0.107104786,-0.023057207,,,Notochord
clgn,0.12745768,0.15058577,-0.023128092,,,Notochord
ccdc137,0.09298213,0.116119176,-0.023137048,,,Notochord
gadd45gb.1,0.11001981,0.1331858,-0.023165993,,,Notochord
rsrp1,0.10955016,0.13274013,-0.023189962,,,Notochord
gdi1,0.12639834,0.14960337,-0.023205027,,,Notochord
birc2,0.104123995,0.12744153,-0.02331753,,,Notochord
slc35f6,0.098287314,0.12166625,-0.023378938,,,Notochord
zgc:165573,0.113090314,0.13658819,-0.023497872,,,Notochord
ppm1aa,0.107453,0.13099903,-0.023546025,,,Notochord
hif1ab,0.23995508,0.26350772,-0.023552641,,,Notochord
cnep1r1,0.10663539,0.13023168,-0.023596287,,,Notochord
ap3m1,0.1121002,0.13571087,-0.023610666,,,Notochord
elavl1b,0.5229608,0.5465981,-0.023637295,,,Notochord
dusp6,0.117914364,0.14156733,-0.02365297,,,Notochord
tmx2b,0.11399341,0.13772403,-0.02373062,,,Notochord
robo3,0.1212032,0.14504401,-0.023840815,,,Notochord
brd8,0.10338947,0.127289,-0.023899525,,,Notochord
acsbg2,0.09571085,0.11964523,-0.02393438,,,Notochord
cdc40,0.15763018,0.18157354,-0.023943365,,,Notochord
cgnl1,0.19673146,0.22068523,-0.023953766,,,Notochord
ppp1r7,0.19508527,0.21913919,-0.024053916,,,Notochord
sec62,0.1138179,0.13794483,-0.024126932,,,Notochord
prkar1aa,0.11760919,0.14174029,-0.024131104,,,Notochord
qki2,0.13890055,0.1632355,-0.024334952,,,Notochord
ildr2,0.09534169,0.11995262,-0.02461093,,,Notochord
rpn1,0.4312947,0.45625567,-0.024960965,,,Notochord
atp1a1a.1,0.41419843,0.43931857,-0.02512014,,,Notochord
CR376740.1,0.12722746,0.15240905,-0.025181592,,,Notochord
anxa11a,0.1934064,0.21867612,-0.025269717,,,Notochord
tcf15,0.09242688,0.117756926,-0.025330044,,,Notochord
nck1b,0.11618319,0.14162862,-0.025445431,,,Notochord
ddx39b,0.081181884,0.1067167,-0.025534816,,,Notochord
acin1b,0.09318199,0.1189044,-0.025722407,,,Notochord
apmap,0.08510765,0.11086589,-0.025758244,,,Notochord
atp6v1aa,0.083437294,0.10923532,-0.025798023,,,Notochord
adgre10,0.24595214,0.27179402,-0.025841877,,,Notochord
rabif,0.117696516,0.14368846,-0.025991939,,,Notochord
atp6v1e1b,0.122280985,0.14835007,-0.02606909,,,Notochord
ddx3xa,0.09286923,0.11897847,-0.026109241,,,Notochord
clec14a,0.09024226,0.11641434,-0.02617208,,,Notochord
rnf40,0.18774451,0.21398848,-0.02624397,,,Notochord
colec12,0.10079223,0.12705542,-0.026263192,,,Notochord
csrp1a,0.079812735,0.106135145,-0.02632241,,,Notochord
tgfbi,0.26534426,0.29173228,-0.02638802,,,Notochord
zmpste24,0.12882449,0.15526102,-0.026436538,,,Notochord
ppp1cb,0.3693529,0.39587477,-0.026521862,,,Notochord
tmem47,0.15676403,0.18329217,-0.026528135,,,Notochord
stau1,0.18184006,0.20840023,-0.026560172,,,Notochord
dctn3,0.23970339,0.26638085,-0.02667746,,,Notochord
gab1,0.09359888,0.120277144,-0.026678264,,,Notochord
efemp2a,0.40420583,0.43089595,-0.026690125,,,Notochord
arpc5a,0.22696035,0.2536598,-0.026699468,,,Notochord
slit2,0.09836956,0.12524454,-0.026874982,,,Notochord
fn1a,0.14164838,0.16859335,-0.026944965,,,Notochord
camk2g1,0.10569898,0.1326574,-0.026958413,,,Notochord
rhoab,0.2443237,0.27158692,-0.027263224,,,Notochord
aph1b,0.19071157,0.21797647,-0.027264893,,,Notochord
lin52,0.15676771,0.18414938,-0.027381673,,,Notochord
srsf4,0.545325,0.5728438,-0.027518809,,,Notochord
arglu1a,0.11361141,0.14136656,-0.027755149,,,Notochord
atp13a1,0.1538308,0.18163265,-0.027801856,,,Notochord
crebbpb,0.099388614,0.12721096,-0.027822345,,,Notochord
slc31a1,0.14501052,0.17283969,-0.02782917,,,Notochord
arhgap21b,0.18128313,0.20913571,-0.02785258,,,Notochord
rps20,4.6455293,4.673435,-0.027905941,,,Notochord
hspa9,0.48548284,0.5134069,-0.027924031,,,Notochord
crk,0.28732565,0.3152664,-0.02794075,,,Notochord
nucb2a,0.19962932,0.2276942,-0.028064877,,,Notochord
calr,0.11113305,0.13932562,-0.028192572,,,Notochord
neb,0.10557876,0.13382192,-0.028243162,,,Notochord
calm1a,0.12894794,0.15731494,-0.028366998,,,Notochord
lamtor2,0.19048391,0.21903601,-0.0285521,,,Notochord
actn1,0.086629935,0.115264066,-0.028634131,,,Notochord
tmem39a,0.14232442,0.17098938,-0.028664961,,,Notochord
BX004999.1,0.35246027,0.38116354,-0.028703272,,,Notochord
trib3,0.126928,0.1556363,-0.028708294,,,Notochord
slc6a9,0.11678298,0.14551085,-0.028727874,,,Notochord
lasp1,0.20838678,0.23715012,-0.028763339,,,Notochord
sart1,0.1772597,0.20607907,-0.028819367,,,Notochord
AL935186.2,0.07701522,0.10609343,-0.029078208,,,Notochord
pou2f1b,0.14215054,0.17123543,-0.029084891,,,Notochord
gpr108,0.099912554,0.12906586,-0.029153302,,,Notochord
notch1a,0.23971657,0.26898044,-0.029263869,,,Notochord
srsf5b,0.37974325,0.40906638,-0.02932313,,,Notochord
nol11,0.1765079,0.20593125,-0.029423341,,,Notochord
si:ch73-25f10.6,0.15941796,0.18907441,-0.029656455,,,Notochord
nrarpa,0.20693816,0.23659852,-0.029660359,,,Notochord
lamtor5,0.13199885,0.16167626,-0.029677406,,,Notochord
si:zfos-169g10.3,0.15783937,0.1875637,-0.02972433,,,Notochord
MCMDC2,0.113703236,0.1437416,-0.030038357,,,Notochord
tm2d3,0.16375394,0.19384104,-0.030087098,,,Notochord
fstl1a,0.36088845,0.39116105,-0.030272603,,,Notochord
pbxip1b,0.08672469,0.11701207,-0.030287378,,,Notochord
csde1,0.6837862,0.71407694,-0.030290723,,,Notochord
gpc4,0.1306873,0.16110276,-0.03041546,,,Notochord
nxn,0.13162655,0.16233565,-0.030709103,,,Notochord
ccnt2b,0.18237357,0.21309298,-0.030719414,,,Notochord
gorasp2,0.19255671,0.22334039,-0.030783683,,,Notochord
usp44,0.088930994,0.11973657,-0.030805573,,,Notochord
prelid1a,0.15007903,0.18088901,-0.030809984,,,Notochord
get1,0.12390027,0.15502587,-0.031125598,,,Notochord
cdx4,0.3209333,0.35221654,-0.03128323,,,Notochord
slc43a1a,0.23007247,0.26152062,-0.031448156,,,Notochord
pnisr,0.105962776,0.13743493,-0.031472154,,,Notochord
actb2,3.2067215,3.2382991,-0.031577587,,,Notochord
serinc5,0.23846821,0.27020323,-0.031735018,,,Notochord
rgmd,0.5377449,0.5697138,-0.03196889,,,Notochord
nectin3b,0.11955601,0.15153374,-0.031977728,,,Notochord
necap2,0.10467758,0.13669527,-0.032017685,,,Notochord
tmem161a,0.19347963,0.22550638,-0.032026753,,,Notochord
prpf4bb,0.16475497,0.19678307,-0.032028094,,,Notochord
slc11a2,0.11478772,0.14691384,-0.03212612,,,Notochord
pdia3,0.25306112,0.28544253,-0.032381415,,,Notochord
lft1,0.07565089,0.10815166,-0.032500766,,,Notochord
jun,0.077297434,0.109858625,-0.03256119,,,Notochord
rab5aa,0.16970226,0.20230898,-0.03260672,,,Notochord
mapkapk2a,0.20300467,0.23567216,-0.032667488,,,Notochord
gse1,0.15968287,0.1923783,-0.032695428,,,Notochord
tiam1a,0.097286,0.12998985,-0.032703847,,,Notochord
sptan1,0.40987203,0.44270736,-0.032835335,,,Notochord
zfand5b,0.14024128,0.17307994,-0.032838657,,,Notochord
nkx3-1,0.1063385,0.13923143,-0.032892928,,,Notochord
cav2,0.10865442,0.14158522,-0.0329308,,,Notochord
papss2b,0.16766346,0.2006089,-0.03294544,,,Notochord
ppp1r10,0.10762413,0.14058872,-0.032964587,,,Notochord
rab14,0.18076758,0.21382001,-0.03305243,,,Notochord
tnrc6a,0.15473689,0.18780516,-0.03306827,,,Notochord
si:ch73-347e22.4,0.30521214,0.33831617,-0.033104032,,,Notochord
sec61a1l,0.27696905,0.3100912,-0.033122152,,,Notochord
ptbp1a,0.29679382,0.32995364,-0.033159822,,,Notochord
kdm6ba,0.26353726,0.29707438,-0.03353712,,,Notochord
ugdh,0.21779566,0.25143892,-0.03364326,,,Notochord
sin3b,0.10188288,0.13561116,-0.03372828,,,Notochord
pcdh19,0.18639183,0.2201597,-0.033767864,,,Notochord
elavl1a,0.620651,0.6544375,-0.033786476,,,Notochord
nomo,0.11429739,0.14822106,-0.03392367,,,Notochord
FP326649.1,0.19348578,0.22819562,-0.03470984,,,Notochord
flot1a,0.08450998,0.11950147,-0.034991488,,,Notochord
atp6ap2,0.15283966,0.18783256,-0.034992903,,,Notochord
sh3bgrl,0.22422326,0.2592262,-0.035002947,,,Notochord
slc39a13,0.10057498,0.13561675,-0.03504177,,,Notochord
tenm3,0.10660698,0.14172241,-0.03511543,,,Notochord
hbbe1.1,0.2361841,0.27132913,-0.03514503,,,Notochord
gga1,0.10638223,0.14161715,-0.03523492,,,Notochord
hexb,0.13610353,0.17142834,-0.035324812,,,Notochord
anp32e,0.5612883,0.59678245,-0.03549415,,,Notochord
hoxa9b,0.12904412,0.16460468,-0.035560563,,,Notochord
prrc2a,0.19783042,0.23366256,-0.035832137,,,Notochord
stam,0.08713255,0.122973196,-0.035840645,,,Notochord
rnf10,0.45378983,0.48982742,-0.036037594,,,Notochord
msna,0.46125853,0.49736592,-0.03610739,,,Notochord
suds3,0.10334456,0.1395,-0.036155447,,,Notochord
dld,0.17017551,0.20646335,-0.036287844,,,Notochord
tpd52l2b,0.1534147,0.18976682,-0.036352128,,,Notochord
usf1,0.12624595,0.162611,-0.036365047,,,Notochord
jmjd1cb,0.11934785,0.15576033,-0.036412485,,,Notochord
sema3fb,0.079870924,0.116515376,-0.03664445,,,Notochord
fli1a,0.08944822,0.12631398,-0.036865763,,,Notochord
rassf1,0.1262905,0.16318953,-0.03689903,,,Notochord
pkp3a,0.0819384,0.11891481,-0.036976412,,,Notochord
tmem214,0.15557723,0.19272168,-0.037144452,,,Notochord
cltcb,0.24541613,0.28267133,-0.037255198,,,Notochord
pcolcea,0.085512154,0.123095475,-0.03758332,,,Notochord
bcar1,0.113096,0.15069526,-0.037599266,,,Notochord
hoxc6b,0.08463348,0.12225879,-0.037625313,,,Notochord
cyyr1,0.29982814,0.3376763,-0.037848145,,,Notochord
degs1,0.31555092,0.35350302,-0.037952095,,,Notochord
dla,0.2121101,0.2500986,-0.037988484,,,Notochord
TENM2,0.08610496,0.1241001,-0.037995137,,,Notochord
rnf145b,0.13707848,0.17519051,-0.03811203,,,Notochord
nvl,0.2514779,0.28961122,-0.038133323,,,Notochord
tmed2,0.40507197,0.44327152,-0.038199544,,,Notochord
crtap,0.3665802,0.40531552,-0.03873533,,,Notochord
atp5if1b,0.17007904,0.20894252,-0.03886348,,,Notochord
STMP1,0.15600796,0.1948717,-0.038863733,,,Notochord
rab41,0.117237255,0.15612207,-0.03888482,,,Notochord
slc35c2,0.09106332,0.13006218,-0.038998857,,,Notochord
ell2,0.10255555,0.14161566,-0.03906011,,,Notochord
hoxb1b,0.1443762,0.1834493,-0.039073095,,,Notochord
cast,0.18425836,0.22379498,-0.039536625,,,Notochord
myhz1.3,0.10410815,0.14384025,-0.039732106,,,Notochord
reps1,0.08989668,0.1296735,-0.039776817,,,Notochord
sec31a,0.18827258,0.228331,-0.04005842,,,Notochord
C20H1orf198,0.1280137,0.16835335,-0.04033965,,,Notochord
ebf2,0.10058984,0.14101416,-0.040424317,,,Notochord
rnaseka,0.16098168,0.20145872,-0.040477037,,,Notochord
sgk1,0.08811084,0.12887177,-0.040760927,,,Notochord
slc38a10,0.086645566,0.12741819,-0.040772624,,,Notochord
fkbp14,0.14257039,0.18348537,-0.040914983,,,Notochord
ufm1,0.22192527,0.26284605,-0.04092078,,,Notochord
plpp1a,0.17960729,0.22059312,-0.040985838,,,Notochord
ccdc47,0.2709385,0.3119256,-0.040987104,,,Notochord
mprip,0.11968325,0.16102086,-0.04133761,,,Notochord
macf1a,0.09138304,0.13308103,-0.041697994,,,Notochord
prdm1a,0.081443876,0.123335026,-0.04189115,,,Notochord
col5a1,0.13256894,0.17460941,-0.042040467,,,Notochord
zfand6,0.0844956,0.12704471,-0.04254911,,,Notochord
cnpy4,0.12279292,0.1655408,-0.042747878,,,Notochord
stmn1b,0.09682084,0.1395711,-0.04275026,,,Notochord
copg2,0.3457086,0.38852736,-0.042818755,,,Notochord
flnca,0.14037403,0.18341973,-0.0430457,,,Notochord
schip1,0.13531215,0.17852658,-0.043214425,,,Notochord
selenon,0.13352242,0.17676567,-0.043243244,,,Notochord
pik3r1,0.12043427,0.16394255,-0.043508276,,,Notochord
col4a5,0.5568438,0.6004177,-0.043573856,,,Notochord
f13a1b,0.20363905,0.24777193,-0.04413289,,,Notochord
haus7,0.41683206,0.4611749,-0.044342846,,,Notochord
col5a2a,0.26588634,0.31048378,-0.044597447,,,Notochord
tjp1a,0.21987326,0.2648569,-0.04498364,,,Notochord
ddr1,0.084811926,0.13007948,-0.045267552,,,Notochord
col1a2,0.11261577,0.15795909,-0.045343317,,,Notochord
pmp22a,0.25836486,0.3041027,-0.045737833,,,Notochord
id2a,0.1719718,0.21810542,-0.046133623,,,Notochord
slc7a6,0.06463204,0.11086655,-0.046234503,,,Notochord
ncoa2,0.12721421,0.17347369,-0.046259478,,,Notochord
rrbp1b,0.22232375,0.268664,-0.046340257,,,Notochord
caskin1,0.07252548,0.11912992,-0.04660444,,,Notochord
ptp4a1,0.58375126,0.63038737,-0.046636105,,,Notochord
tram2,0.119462155,0.16644493,-0.046982773,,,Notochord
ism1,0.08598519,0.13322854,-0.04724335,,,Notochord
gtpbp1,0.09507707,0.14253402,-0.04745695,,,Notochord
gclm,0.108147606,0.15567061,-0.047523007,,,Notochord
mylk5,0.12570062,0.17343913,-0.047738507,,,Notochord
sall4,0.21380594,0.26163974,-0.0478338,,,Notochord
ube2g1a,0.12917422,0.17703782,-0.047863603,,,Notochord
col28a2a,0.25663847,0.30453667,-0.047898203,,,Notochord
lman1,0.11069209,0.15882014,-0.048128046,,,Notochord
cav1,0.09531204,0.14352457,-0.048212536,,,Notochord
stx12,0.100559056,0.14877656,-0.048217505,,,Notochord
oga,0.10546127,0.15368237,-0.048221096,,,Notochord
mmp2,0.12169765,0.17018612,-0.048488468,,,Notochord
chl1a,0.19836743,0.24716073,-0.0487933,,,Notochord
BX469930.2,0.14059287,0.18949491,-0.048902035,,,Notochord
si:ch73-380l10.2,0.15476301,0.20368136,-0.04891835,,,Notochord
cx43.4,0.8688125,0.9177772,-0.04896468,,,Notochord
bckdk,0.23901467,0.28835166,-0.049336985,,,Notochord
rdh8a,0.10992143,0.15941054,-0.049489103,,,Notochord
rab1ab,0.36456236,0.41407052,-0.049508154,,,Notochord
cd151l,0.3438494,0.39340273,-0.049553335,,,Notochord
canx,0.21157226,0.26132283,-0.049750566,,,Notochord
tubb5,0.42012817,0.469902,-0.049773842,,,Notochord
rbfox2,0.3152928,0.36506832,-0.04977551,,,Notochord
rasgef1ba,0.20845413,0.25858167,-0.050127536,,,Notochord
clk4a,0.23097289,0.28133175,-0.05035886,,,Notochord
sult2st1,0.08301328,0.13361537,-0.050602093,,,Notochord
spry2,0.09105287,0.14190811,-0.05085524,,,Notochord
arl4cb,0.19827475,0.24958928,-0.051314533,,,Notochord
pacsin3,0.10574092,0.15721786,-0.05147694,,,Notochord
jag1a,0.08251583,0.13458757,-0.052071743,,,Notochord
meis1a,0.140238,0.1924025,-0.052164495,,,Notochord
stm,0.12765893,0.18008776,-0.052428827,,,Notochord
ppp1r13bb,0.080803744,0.13325596,-0.052452214,,,Notochord
dlb,0.12830703,0.18083602,-0.052528992,,,Notochord
fgfrl1a,0.07602597,0.12871675,-0.05269078,,,Notochord
antxr1c,0.0854033,0.13847552,-0.05307222,,,Notochord
palmda,0.078575194,0.13187952,-0.05330433,,,Notochord
afdna,0.12672539,0.1804803,-0.05375491,,,Notochord
rab6a,0.0987577,0.15306364,-0.05430594,,,Notochord
sulf1,0.20193577,0.2562526,-0.05431682,,,Notochord
tuba8l3,0.20360258,0.25792822,-0.05432564,,,Notochord
fbln2,0.08369077,0.1383264,-0.054635637,,,Notochord
arl8,0.2079794,0.2626948,-0.05471541,,,Notochord
si:ch211-11k18.4,0.13062948,0.18541878,-0.054789305,,,Notochord
sdf4,0.08442774,0.13938762,-0.054959886,,,Notochord
aup1,0.059599508,0.114983104,-0.055383597,,,Notochord
ppib,1.0639956,1.1194781,-0.055482507,,,Notochord
scml2,0.19652587,0.252077,-0.05555114,,,Notochord
aplnr2,0.17529456,0.23100774,-0.055713177,,,Notochord
ift20,0.10742708,0.16323455,-0.055807464,,,Notochord
pfkfb4b,0.1190834,0.17579268,-0.056709282,,,Notochord
atp6v0ca,0.7013926,0.758152,-0.056759417,,,Notochord
chuk,0.0660852,0.12289857,-0.056813374,,,Notochord
insb,0.12971577,0.18655647,-0.056840703,,,Notochord
nid2a,0.39422712,0.45109573,-0.056868613,,,Notochord
hbae1.1,0.07177501,0.12928301,-0.057508,,,Notochord
mt-co1,3.2574472,3.3151517,-0.05770445,,,Notochord
si:dkey-118j18.2,0.101688035,0.15946834,-0.057780303,,,Notochord
pak2a,0.1828249,0.24061777,-0.057792872,,,Notochord
fzd2,0.22167543,0.279529,-0.05785358,,,Notochord
meox1,0.19092497,0.24878821,-0.057863235,,,Notochord
tmco1,0.2325895,0.29095665,-0.058367148,,,Notochord
greb1l,0.31051868,0.36992812,-0.05940944,,,Notochord
si:dkey-12l12.1,0.07011039,0.12967987,-0.059569485,,,Notochord
stab2,0.07344646,0.13332362,-0.059877165,,,Notochord
snai2,0.13445136,0.19466633,-0.060214967,,,Notochord
cpox,0.21972702,0.28008196,-0.060354933,,,Notochord
sox9b,0.2201961,0.28127235,-0.061076254,,,Notochord
pcdh1g1,0.10200122,0.16338961,-0.06138839,,,Notochord
stom,0.24221276,0.30376643,-0.061553672,,,Notochord
rras2,0.15309206,0.21477193,-0.06167987,,,Notochord
hspb8,0.101144865,0.16332568,-0.062180817,,,Notochord
lmo2,0.14320838,0.20581575,-0.06260736,,,Notochord
pik3r2,0.09639261,0.15904868,-0.06265607,,,Notochord
jagn1a,0.082904726,0.1457096,-0.06280488,,,Notochord
gorasp1a,0.071693994,0.13457118,-0.062877186,,,Notochord
FP015809.1,0.14464544,0.20825735,-0.06361191,,,Notochord
rac1a,0.94105345,1.0048122,-0.06375879,,,Notochord
tm9sf2,0.3793039,0.44325688,-0.06395298,,,Notochord
pcdh1b,0.09857127,0.16308483,-0.064513564,,,Notochord
ndnf,0.15061533,0.21527979,-0.06466445,,,Notochord
ntn1b,0.09481316,0.15976109,-0.064947926,,,Notochord
ripply1,0.13285354,0.19798622,-0.06513268,,,Notochord
agtrap,0.06478639,0.13052697,-0.065740585,,,Notochord
fndc3ba,0.09212608,0.15811065,-0.06598457,,,Notochord
NC-002333.17,0.5389133,0.60503733,-0.06612402,,,Notochord
btg1,0.4234707,0.48968515,-0.06621444,,,Notochord
ap2m1a,0.43161604,0.4979304,-0.06631437,,,Notochord
slit1b,0.07236295,0.13929458,-0.06693163,,,Notochord
ywhae2,0.17618859,0.24330117,-0.06711258,,,Notochord
net1,0.29649734,0.3637223,-0.06722495,,,Notochord
id3,0.33076438,0.39817905,-0.06741467,,,Notochord
fkbp10b,0.13773683,0.20540984,-0.06767301,,,Notochord
rnf121,0.1511754,0.21907237,-0.06789698,,,Notochord
tmem263,0.1386359,0.20678014,-0.06814423,,,Notochord
casc3,0.15811169,0.22629707,-0.068185374,,,Notochord
hoxa9a,0.18023385,0.24870667,-0.06847282,,,Notochord
col4a6,0.32300144,0.39254728,-0.069545835,,,Notochord
BX323062.1,0.07797995,0.1478371,-0.06985715,,,Notochord
serp1,0.71777475,0.7889527,-0.07117796,,,Notochord
tln1,0.2431657,0.31482536,-0.071659654,,,Notochord
fkbp11,0.18494391,0.25665542,-0.07171151,,,Notochord
reep3b,0.22073981,0.2926513,-0.071911484,,,Notochord
dsc2l,0.07028742,0.14277938,-0.07249196,,,Notochord
txnipa,0.2146735,0.28720507,-0.072531566,,,Notochord
mfap2,0.5746386,0.6471895,-0.07255089,,,Notochord
AL845357.1,0.09046062,0.1630598,-0.07259918,,,Notochord
sec23a,0.1329111,0.20560288,-0.07269178,,,Notochord
copz2,0.07782751,0.15067227,-0.07284476,,,Notochord
ext2,0.13663495,0.2095325,-0.07289755,,,Notochord
itga6a,0.18773212,0.26105252,-0.0733204,,,Notochord
ccn1,0.06573974,0.1392379,-0.07349815,,,Notochord
blf,0.10848371,0.18250525,-0.07402154,,,Notochord
fubp1,0.4237097,0.49830356,-0.07459387,,,Notochord
wwp2,0.097377814,0.17224303,-0.074865215,,,Notochord
hbbe1.3,0.3096171,0.38473773,-0.07512063,,,Notochord
susd6,0.09495445,0.17011908,-0.07516462,,,Notochord
slc38a5b,0.18280137,0.25862607,-0.07582471,,,Notochord
serpine1,0.07059325,0.1480229,-0.07742965,,,Notochord
ttn.1,0.43557933,0.51314384,-0.07756451,,,Notochord
wif1,0.1732814,0.25248894,-0.07920754,,,Notochord
zgc:162730,0.16320808,0.24365997,-0.08045189,,,Notochord
p4hb,0.11736297,0.19840638,-0.081043415,,,Notochord
lin28a,0.31523985,0.3980896,-0.08284974,,,Notochord
si:dkey-56m19.5,0.6462593,0.72916424,-0.082904935,,,Notochord
tnc,0.19831774,0.28262687,-0.08430913,,,Notochord
agrn,0.2957715,0.38034338,-0.08457187,,,Notochord
klf17,0.08590746,0.17049326,-0.0845858,,,Notochord
slc7a8a,0.13237889,0.21702588,-0.084646985,,,Notochord
nuak1b,0.07465151,0.1599919,-0.085340396,,,Notochord
calua,0.25945872,0.34491065,-0.08545193,,,Notochord
tspan7b,0.08605,0.17173801,-0.08568802,,,Notochord
cav3,0.24761702,0.3336091,-0.08599208,,,Notochord
rrbp1a,0.22946195,0.31571943,-0.08625747,,,Notochord
oc90,0.15587533,0.2423775,-0.08650218,,,Notochord
kctd12.2,0.10050759,0.18723895,-0.08673136,,,Notochord
jcada,0.09166255,0.17888628,-0.08722373,,,Notochord
pleca,0.16520266,0.25393465,-0.08873199,,,Notochord
atp6v1ba,0.16997963,0.26130027,-0.091320634,,,Notochord
id2b,0.11351626,0.20556234,-0.092046075,,,Notochord
sept15,0.31990358,0.41197953,-0.092075944,,,Notochord
picalma,0.09357798,0.18587768,-0.0922997,,,Notochord
kdelr2a,0.3822275,0.47453222,-0.09230471,,,Notochord
nova2,0.32996163,0.42240626,-0.09244463,,,Notochord
scarb2a,0.49485308,0.58758515,-0.09273207,,,Notochord
cd164,0.11499282,0.20800886,-0.093016036,,,Notochord
nkd1,0.16755761,0.26330084,-0.095743224,,,Notochord
fam3c,0.17019625,0.26837498,-0.09817873,,,Notochord
pcolce2b,0.08591368,0.1849154,-0.09900171,,,Notochord
aplp2,0.27137786,0.37078267,-0.09940481,,,Notochord
vgll2b,0.2028335,0.30224776,-0.09941426,,,Notochord
angptl2b,0.15160263,0.25170153,-0.10009891,,,Notochord
copa,0.50482905,0.6055832,-0.10075414,,,Notochord
mt-co2,4.362875,4.4638305,-0.10095549,,,Notochord
serinc1,0.25573376,0.35726157,-0.10152781,,,Notochord
hoxb7a,0.26031223,0.36364827,-0.103336036,,,Notochord
loxl2b,0.10293725,0.20731112,-0.10437387,,,Notochord
hyal2b,0.16015518,0.264953,-0.10479781,,,Notochord
ldlrad2,0.28097978,0.38603982,-0.10506004,,,Notochord
slc38a2,0.14753738,0.25261426,-0.10507688,,,Notochord
rcn3,0.18412793,0.28936064,-0.105232716,,,Notochord
wnk1b,0.10021262,0.20568873,-0.10547611,,,Notochord
loxl3b,0.10161865,0.20725428,-0.10563563,,,Notochord
anxa13,0.19052668,0.29724538,-0.106718704,,,Notochord
lhfpl6,0.098484285,0.20614661,-0.10766233,,,Notochord
mt-co3,4.2674937,4.377436,-0.109942436,,,Notochord
loxl5b,0.21938385,0.3293856,-0.11000176,,,Notochord
slit3,0.22999799,0.34071502,-0.11071703,,,Notochord
fkbp7,0.34356582,0.4560085,-0.11244267,,,Notochord
chsy3,0.052733194,0.16541034,-0.11267714,,,Notochord
bsg,0.67008567,0.78543836,-0.11535269,,,Notochord
DAB2,0.08311473,0.2022198,-0.11910507,,,Notochord
hbae3,0.4542483,0.5739353,-0.11968696,,,Notochord
sec61a1,0.61003923,0.7303131,-0.12027389,,,Notochord
pnp5a,0.07487627,0.19594888,-0.12107261,,,Notochord
p4ha1b,0.19757499,0.31894472,-0.121369734,,,Notochord
slc3a2a,0.119156756,0.24140552,-0.12224876,,,Notochord
cnmd,0.20890455,0.33309063,-0.12418608,,,Notochord
zfand5a,0.20400164,0.32890856,-0.12490693,,,Notochord
CU655820.1,0.13016273,0.2584663,-0.12830357,,,Notochord
prrc1,0.29052487,0.41964534,-0.12912047,,,Notochord
col5a3a,0.06339813,0.19677383,-0.1333757,,,Notochord
sept6,0.45185015,0.585718,-0.13386783,,,Notochord
fat1a,0.385006,0.52002394,-0.13501793,,,Notochord
tdgf1,0.18157078,0.31974342,-0.13817264,,,Notochord
serpinh1a,0.23908669,0.37729767,-0.13821098,,,Notochord
FQ323156.1,0.20702781,0.3471654,-0.1401376,,,Notochord
lama5,0.28985777,0.43052736,-0.14066958,,,Notochord
ca8,0.13423565,0.2807045,-0.14646885,,,Notochord
asph,0.30216977,0.4494782,-0.14730844,,,Notochord
sntb2,0.13358463,0.28282827,-0.14924364,,,Notochord
qkia,0.42674664,0.5775812,-0.15083459,,,Notochord
sparc,0.69903666,0.84988743,-0.15085077,,,Notochord
plod3,0.54949445,0.70821726,-0.15872282,,,Notochord
hdlbpa,0.94233865,1.1022574,-0.15991873,,,Notochord
pak1,0.20360065,0.36366907,-0.16006842,,,Notochord
cd81a,1.45563,1.6159444,-0.16031444,,,Notochord
robo4,0.27445695,0.44098955,-0.1665326,,,Notochord
hoxb9a,0.33241665,0.50207895,-0.1696623,,,Notochord
loxl1,0.12534863,0.29658493,-0.1712363,,,Notochord
si:ch73-23l24.1,0.5723573,0.7440321,-0.17167479,,,Notochord
shha,0.209874,0.3855517,-0.17567769,,,Notochord
myoc,0.12690142,0.30338392,-0.1764825,,,Notochord
plod1a,0.25660428,0.43970132,-0.18309703,,,Notochord
lamp1b,0.18958741,0.385427,-0.19583958,,,Notochord
fkbp9,0.43410107,0.64680123,-0.21270016,,,Notochord
ntd5,0.71317303,0.9301596,-0.2169866,,,Notochord
reck,0.29639038,0.5151872,-0.21879682,,,Notochord
CR383676.2,1.4453084,1.6657997,-0.22049129,,,Notochord
ppp1r14c,0.30817252,0.52946776,-0.22129524,,,Notochord
lgals1l1,0.41701645,0.6409646,-0.22394818,,,Notochord
tbxta,0.28747997,0.51642317,-0.2289432,,,Notochord
col2a1a,2.5200903,2.7504716,-0.23038125,,,Notochord
FQ323119.1,0.47431844,0.7145212,-0.24020278,,,Notochord
AL935186.10,0.57409656,0.8244652,-0.25036865,,,Notochord
sncga,0.41971964,0.6853354,-0.26561576,,,Notochord
NC-002333.4,4.5987577,4.8789935,-0.28023577,,,Notochord
ccn2a,0.46495628,0.75028604,-0.28532976,,,Notochord
col9a3,0.6821746,0.9820889,-0.2999143,,,Notochord
fstl1b,0.5042903,0.8062021,-0.30191183,,,Notochord
zgc:113232,0.282511,0.620143,-0.337632,,,Notochord
paqr4b,0.41998565,0.77161497,-0.35162932,,,Notochord
zmp:0000000760,0.37576678,0.7433323,-0.36756554,,,Notochord
hbbe3,0.70747435,1.0758467,-0.36837232,,,Notochord
col11a1a,1.2635629,1.6535059,-0.389943,,,Notochord
col9a2,0.5902461,0.98282397,-0.3925779,,,Notochord
slc38a8b,0.46153268,0.87548053,-0.41394785,0.004975124378109453,0.05116773432385085,Notochord
col2a1b,0.8167512,1.23856,-0.42180878,0.004975124378109453,0.06084421465663727,Notochord
serpinh1b,1.0516684,1.4763415,-0.42467308,0.004975124378109453,0.05101673196887765,Notochord
hapln1a,1.0911673,1.5167122,-0.42554486,0.004975124378109453,0.06577177058334756,Notochord
cmn,0.6306722,1.098544,-0.4678718,0.004975124378109453,0.06733361585207928,Notochord
col9a1b,0.6996682,1.1868452,-0.48717695,0.004975124378109453,0.06605529422716126,Notochord
notch3,1.4691571,1.1471387,0.32201838,0.004975124378109453,0.03718644248329862,Nervous System
lrrn1,1.6926211,1.4001665,0.2924546,0.004975124378109453,0.041688519570140026,Nervous System
si:ch73-21g5.7,1.2767097,1.0259591,0.25075054,0.004975124378109453,0.035025163223809996,Nervous System
plp1a,1.1460993,0.95295215,0.19314718,0.004975124378109453,0.03309095888057198,Nervous System
fzd7a,0.76875454,0.5909141,0.17784047,0.004975124378109453,0.027072949559754363,Nervous System
nkx6.2,0.30928272,0.14425206,0.16503066,0.004975124378109453,0.01919306209367328,Nervous System
her15.2,0.5493923,0.39449006,0.15490222,,,Nervous System
abcb5,0.5658773,0.42324495,0.14263237,,,Nervous System
ntn1a,0.38345343,0.24336441,0.14008902,,,Nervous System
BX323065.1,0.60734904,0.46771833,0.1396307,,,Nervous System
id1,2.4364777,2.2986982,0.13777947,,,Nervous System
CU633775.2,1.8028536,1.6711177,0.13173592,,,Nervous System
her2,0.57777894,0.45109192,0.12668702,,,Nervous System
sox3,1.5430675,1.4223839,0.12068355,,,Nervous System
dld,0.6280554,0.51194245,0.11611295,,,Nervous System
cd81a,1.6465906,1.5314642,0.11512637,,,Nervous System
hapln1a,0.9181642,0.8037509,0.11441332,,,Nervous System
shha,0.18815005,0.07473663,0.113413416,,,Nervous System
lfng,1.1893483,1.0790284,0.11031997,,,Nervous System
sulf2a,0.3220576,0.21182,0.1102376,,,Nervous System
her15.1,0.39573318,0.2864746,0.10925859,,,Nervous System
cyp26b1,0.42288664,0.31570935,0.10717729,,,Nervous System
sulf2b,0.288014,0.18397012,0.10404387,,,Nervous System
pcdh19,0.5060048,0.4053728,0.10063201,,,Nervous System
sfrp5,0.23091465,0.13043395,0.100480705,,,Nervous System
egfl6,0.41667163,0.3166815,0.09999013,,,Nervous System
sdc4,0.7652862,0.66672194,0.09856427,,,Nervous System
nin,0.29560134,0.20194776,0.093653575,,,Nervous System
tmem47,0.5030378,0.41216344,0.090874374,,,Nervous System
tspan3a,0.45452696,0.36831194,0.08621502,,,Nervous System
cd82a,0.459625,0.37399876,0.085626245,,,Nervous System
rpl7,2.9670582,2.8852668,0.0817914,,,Nervous System
rpl35,2.403894,2.3223174,0.081576586,,,Nervous System
robo4,0.5149182,0.4337615,0.0811567,,,Nervous System
fgfbp3,0.48070696,0.40061256,0.0800944,,,Nervous System
abhd6a,0.7029655,0.6232867,0.079678774,,,Nervous System
myclb,0.2008054,0.12313318,0.07767221,,,Nervous System
NC-002333.4,5.2144713,5.136872,0.077599525,,,Nervous System
clstn1,0.38994265,0.31423658,0.075706065,,,Nervous System
msi1,0.89834803,0.82286316,0.07548487,,,Nervous System
gpm6bb,0.42496157,0.34979993,0.075161636,,,Nervous System
si:ch211-212k18.5,0.79052377,0.71557367,0.0749501,,,Nervous System
sox19a,1.4718053,1.3972555,0.074549794,,,Nervous System
shisa3,0.13698468,0.06312718,0.07385749,,,Nervous System
btg2,0.66819173,0.5943573,0.07383442,,,Nervous System
ier5,0.8563286,0.7828394,0.07348919,,,Nervous System
sox21a,0.3692046,0.29572347,0.07348114,,,Nervous System
pou3f1,0.71301943,0.6400818,0.07293761,,,Nervous System
epha2a,0.35947943,0.28686655,0.07261288,,,Nervous System
mki67,1.1986574,1.1267684,0.07188904,,,Nervous System
gfap,1.0285248,0.95881003,0.069714725,,,Nervous System
nkx6.1,0.27814507,0.20873226,0.06941281,,,Nervous System
dbx1b,0.373697,0.30433008,0.06936693,,,Nervous System
sb:cb81,0.6544807,0.5852273,0.069253385,,,Nervous System
her4.3,0.2890381,0.219858,0.069180086,,,Nervous System
her8a,0.4718683,0.4038458,0.06802252,,,Nervous System
si:ch211-286o17.1,0.71342164,0.6454232,0.06799847,,,Nervous System
ackr3b,0.24371608,0.17650816,0.06720792,,,Nervous System
CR383676.2,3.010752,2.9440053,0.06674671,,,Nervous System
fzd8a,0.19172291,0.12502638,0.06669654,,,Nervous System
nr2f2,1.0399636,0.97503054,0.06493306,,,Nervous System
ntn1b,0.13809456,0.0735417,0.06455286,,,Nervous System
spon1b,0.14940448,0.0852601,0.06414438,,,Nervous System
arl4cb,0.3107795,0.2466406,0.06413892,,,Nervous System
hmgn2,4.0543814,3.990779,0.06360245,,,Nervous System
endouc,0.22553575,0.16237408,0.06316167,,,Nervous System
zeb2a,0.475538,0.41248262,0.06305537,,,Nervous System
nr2f6b,0.64446664,0.58183444,0.0626322,,,Nervous System
rps3,2.9047263,2.8448055,0.059920788,,,Nervous System
gpm6aa,0.3615478,0.30186433,0.059683472,,,Nervous System
rgmd,0.861907,0.80229974,0.059607267,,,Nervous System
prdm12b,0.28035632,0.22176388,0.05859244,,,Nervous System
nrarpa,0.39900362,0.3404606,0.058543026,,,Nervous System
rplp2,2.5231044,2.4648383,0.058266163,,,Nervous System
rgma,0.2888166,0.23166081,0.057155788,,,Nervous System
rps23,3.5230532,3.4662101,0.056843042,,,Nervous System
aspm,0.54524046,0.48864907,0.05659139,,,Nervous System
pou3f3a,0.41279137,0.35630265,0.056488723,,,Nervous System
CU896541.1,0.45568708,0.39951682,0.056170255,,,Nervous System
scube2,0.47865924,0.42260087,0.056058377,,,Nervous System
greb1,0.3442814,0.28829497,0.055986434,,,Nervous System
her4.1,0.26890486,0.21328436,0.055620506,,,Nervous System
cyt1,2.0540268,1.9988725,0.055154324,,,Nervous System
ephb3a,0.21141401,0.15860043,0.052813575,,,Nervous System
cenpf,0.51044476,0.4583022,0.05214256,,,Nervous System
rnd1b,0.2783146,0.2264452,0.051869392,,,Nervous System
rplp1,3.955126,3.9034727,0.051653385,,,Nervous System
BX001023.2,0.1550429,0.103528254,0.051514648,,,Nervous System
rps16,2.729472,2.67812,0.051352024,,,Nervous System
epha4a,0.21363777,0.16237901,0.051258758,,,Nervous System
fgfr3,0.30690005,0.25574175,0.05115831,,,Nervous System
hoxa2b,0.16690288,0.11579785,0.051105037,,,Nervous System
LO018196.1,0.14320907,0.092234805,0.050974265,,,Nervous System
lpar6a,0.2693748,0.21863304,0.050741747,,,Nervous System
galnt7,2.640193,2.5901725,0.050020456,,,Nervous System
cyt1l,1.3852272,1.3353268,0.049900413,,,Nervous System
mex3b,0.8812678,0.8320556,0.049212158,,,Nervous System
hnrnpl,0.5952316,0.54722047,0.048011124,,,Nervous System
zgc:153284,0.48283693,0.43497598,0.04786095,,,Nervous System
hoxb3a,0.49687293,0.44942892,0.047444016,,,Nervous System
hmgn3,0.99016005,0.9427461,0.047413945,,,Nervous System
fzd7b,0.22166005,0.17438515,0.047274902,,,Nervous System
rpl28,2.7162244,2.6690009,0.047223568,,,Nervous System
sp8a,0.16737762,0.122639515,0.044738106,,,Nervous System
hbae3,0.25288787,0.20890607,0.043981805,,,Nervous System
lamb2l,0.25069156,0.20671229,0.043979272,,,Nervous System
cxcl12b,0.15815721,0.11444509,0.043712124,,,Nervous System
dusp1,0.31387132,0.2710568,0.042814523,,,Nervous System
pcm1,0.29499465,0.25261948,0.042375177,,,Nervous System
sall1a,0.31599545,0.27385715,0.04213831,,,Nervous System
mpz,0.13223876,0.09098361,0.041255154,,,Nervous System
ptprna,0.37583423,0.334786,0.04104823,,,Nervous System
rpl13,2.678929,2.6389468,0.03998232,,,Nervous System
her4.4,0.15156649,0.111685574,0.039880916,,,Nervous System
pnrc2,0.85713255,0.8174686,0.03966397,,,Nervous System
znf703,0.31239688,0.27314177,0.039255112,,,Nervous System
her8.2,0.15672748,0.11752083,0.039206646,,,Nervous System
nr2f1b,0.35773462,0.3187247,0.03900993,,,Nervous System
marcksa,0.77229893,0.73331934,0.03897959,,,Nervous System
ptprn2,0.32781458,0.28892934,0.038885236,,,Nervous System
rnf165a,0.444073,0.4054256,0.038647383,,,Nervous System
zbtb16a,0.7879326,0.749336,0.03859657,,,Nervous System
crebzf,0.24540462,0.20683274,0.03857188,,,Nervous System
foxb1a,0.17696075,0.1393627,0.03759806,,,Nervous System
pou3f2a,0.20879437,0.171223,0.03757137,,,Nervous System
myl13,0.16750987,0.13006681,0.037443057,,,Nervous System
CR751602.2,0.19642374,0.16097017,0.035453573,,,Nervous System
CU207354.1,0.11623998,0.08145434,0.034785643,,,Nervous System
mapk12b,0.27558467,0.24115284,0.03443183,,,Nervous System
smo,0.3597612,0.32534134,0.034419864,,,Nervous System
rps17,2.0307255,1.9965173,0.03420818,,,Nervous System
spdl1,0.19556268,0.16140021,0.03416246,,,Nervous System
adgrv1,0.17306672,0.13893247,0.034134254,,,Nervous System
igsf9a,0.14865015,0.114955224,0.03369493,,,Nervous System
ptprfb,0.45548722,0.42191362,0.033573598,,,Nervous System
cspg5a,0.29597846,0.26281318,0.033165276,,,Nervous System
metrn,0.5767093,0.5438174,0.03289187,,,Nervous System
hmmr,0.35296905,0.32022932,0.03273973,,,Nervous System
ctnnd2b,0.2605693,0.22787683,0.032692477,,,Nervous System
tp53inp2,0.365471,0.33281013,0.03266087,,,Nervous System
prdm8,0.14043947,0.10798917,0.032450296,,,Nervous System
si:ch211-156j22.4,0.20334351,0.17123769,0.03210582,,,Nervous System
rpl39,3.7279902,3.696078,0.03191209,,,Nervous System
sox9b,0.21915917,0.18742569,0.031733483,,,Nervous System
rpl32,3.4953358,3.46446,0.030875921,,,Nervous System
nvl,0.36756423,0.33738852,0.030175716,,,Nervous System
h3f3b.1,3.5351124,3.5052404,0.02987194,,,Nervous System
lrp5,0.31879783,0.28944376,0.029354066,,,Nervous System
jag1a,0.17282292,0.14351676,0.029306158,,,Nervous System
ncalda,0.44312042,0.4140022,0.02911821,,,Nervous System
tcf7l1b,0.19074513,0.16177744,0.028967693,,,Nervous System
plekhg4,0.25095218,0.22219518,0.028757006,,,Nervous System
hhip,0.14593719,0.11725157,0.028685622,,,Nervous System
ttk,0.2162272,0.18815497,0.028072238,,,Nervous System
ubl3a,0.11961273,0.091654375,0.027958356,,,Nervous System
si:dkey-195m11.8,0.6631767,0.6352279,0.027948797,,,Nervous System
en2b,0.28510287,0.25723696,0.027865916,,,Nervous System
si:ch73-281n10.2,3.2308297,3.20297,0.027859688,,,Nervous System
qki2,0.15490808,0.12718469,0.027723387,,,Nervous System
ddr1,0.13985154,0.11215731,0.027694233,,,Nervous System
myl10,0.17355832,0.14592801,0.027630314,,,Nervous System
fbxl14a,0.18275194,0.15513779,0.027614146,,,Nervous System
pbx4,1.2260307,1.1984665,0.027564168,,,Nervous System
akirin2,0.3149933,0.2876091,0.027384192,,,Nervous System
si:ch211-126c2.4,0.14269674,0.115550645,0.027146094,,,Nervous System
BX088707.1,1.7150265,1.6879435,0.02708304,,,Nervous System
hsf2,0.16319633,0.13611367,0.027082652,,,Nervous System
plpp3,0.24502926,0.21796069,0.02706857,,,Nervous System
bub1bb,0.31880605,0.29174882,0.02705723,,,Nervous System
pard6gb,0.17959969,0.15274474,0.026854947,,,Nervous System
cenpw,0.15088631,0.12428883,0.026597485,,,Nervous System
u2surp,0.17968738,0.15369536,0.025992021,,,Nervous System
sarnp,0.2166027,0.19061294,0.025989756,,,Nervous System
epha7,0.206173,0.18022588,0.025947124,,,Nervous System
ccna2,0.73408633,0.7081521,0.02593422,,,Nervous System
srrt,0.34206176,0.31630874,0.025753021,,,Nervous System
rps20,4.3674226,4.3417845,0.025638103,,,Nervous System
sh3bgrl,0.32889023,0.30330554,0.025584698,,,Nervous System
crebbpb,0.24544229,0.2199719,0.02547039,,,Nervous System
rpl22,2.5146277,2.489179,0.0254488,,,Nervous System
fus,0.22138366,0.19604759,0.025336072,,,Nervous System
her6,0.2551458,0.23007989,0.025065899,,,Nervous System
prr11,0.19608139,0.17123345,0.02484794,,,Nervous System
tardbpl,0.69031984,0.66602576,0.024294078,,,Nervous System
si:ch211-222l21.1,4.0101337,3.9859583,0.024175406,,,Nervous System
CU929070.5,0.13175036,0.10759662,0.02415374,,,Nervous System
LO016987.2,0.118972234,0.09492284,0.024049394,,,Nervous System
wfikkn1,0.17660354,0.1527671,0.023836434,,,Nervous System
arhgap21b,0.22938983,0.2055797,0.023810133,,,Nervous System
g2e3,0.2534332,0.22967982,0.023753375,,,Nervous System
kif11,0.39824107,0.37457782,0.023663253,,,Nervous System
rplp0,3.8574102,3.833794,0.023616076,,,Nervous System
fndc3ba,0.113005705,0.089652486,0.023353219,,,Nervous System
stox2b,0.2626217,0.23940015,0.023221552,,,Nervous System
osbpl10b,0.2010588,0.17800367,0.023055136,,,Nervous System
h2az2a,0.75104827,0.72805095,0.02299732,,,Nervous System
si:dkeyp-26a9.2,0.16673955,0.14377353,0.022966027,,,Nervous System
pou3f3b,0.5741614,0.55133015,0.022831261,,,Nervous System
gadd45gb.1,0.4284073,0.40571398,0.022693336,,,Nervous System
chtf8,0.12492372,0.1022372,0.022686519,,,Nervous System
crabp2a,0.30250585,0.27989438,0.022611469,,,Nervous System
CR759918.1,0.18945582,0.16687602,0.022579804,,,Nervous System
cse1l,0.2251349,0.2025568,0.02257809,,,Nervous System
nr2f1a,0.68819064,0.6657024,0.022488236,,,Nervous System
prdx5,0.30762267,0.28514987,0.022472799,,,Nervous System
lmf2b,0.13280456,0.1103558,0.022448756,,,Nervous System
si:zfos-943e10.1,0.13009511,0.10772622,0.022368893,,,Nervous System
rpl19,2.9257267,2.903489,0.02223754,,,Nervous System
unc119.1,0.18581872,0.16365878,0.022159934,,,Nervous System
st8sia6,0.15753184,0.13551159,0.02202025,,,Nervous System
cd151l,0.22540602,0.20350511,0.021900907,,,Nervous System
cnpy1,0.21264285,0.19092822,0.021714628,,,Nervous System
leng8,0.17559196,0.15403442,0.02155754,,,Nervous System
rgs12a,0.12350581,0.102051295,0.021454513,,,Nervous System
zgc:193505,0.27972963,0.2584593,0.021270335,,,Nervous System
rpsa,3.4218216,3.4006722,0.021149397,,,Nervous System
znf536,0.20743951,0.18656862,0.020870894,,,Nervous System
ptbp1b,0.38550192,0.3647951,0.020706832,,,Nervous System
celsr1b,0.26981807,0.24913011,0.020687953,,,Nervous System
uba52,2.8804348,2.8600602,0.020374537,,,Nervous System
BX248324.1,1.1310362,1.1106821,0.020354033,,,Nervous System
otub1a,0.29268968,0.27239504,0.020294636,,,Nervous System
slc12a4,0.141385,0.121137045,0.020247959,,,Nervous System
trrap,0.2729855,0.25277507,0.020210415,,,Nervous System
si:ch211-69g19.2,0.49263757,0.47245896,0.020178616,,,Nervous System
zgc:153631,0.21291438,0.19274007,0.02017431,,,Nervous System
rps15,3.2218614,3.202175,0.01968646,,,Nervous System
rpl14,2.4569035,2.4372208,0.019682646,,,Nervous System
tenm4,0.41137865,0.3917388,0.01963985,,,Nervous System
plxnb1b,0.21931028,0.19970374,0.019606546,,,Nervous System
nde1,0.19447562,0.17488062,0.019594997,,,Nervous System
otpb,0.17524372,0.15582119,0.019422531,,,Nervous System
rrbp1a,0.23609251,0.2168192,0.01927331,,,Nervous System
rps13,2.888054,2.8687851,0.019268751,,,Nervous System
rrm2,2.0293758,2.0101414,0.019234419,,,Nervous System
spcs3,0.2622003,0.24302456,0.019175738,,,Nervous System
apoa1a,0.45443794,0.43535388,0.019084066,,,Nervous System
rps2,3.6477664,3.628733,0.019033432,,,Nervous System
lman2,0.22940315,0.21037097,0.01903218,,,Nervous System
znf318,0.22866122,0.20978463,0.018876597,,,Nervous System
paxbp1,0.117586926,0.09883836,0.018748567,,,Nervous System
h2ax,0.23144798,0.21292485,0.018523127,,,Nervous System
akirin1,0.45236436,0.43391058,0.018453777,,,Nervous System
sort1a,0.1435161,0.12508371,0.018432379,,,Nervous System
zgc:110699,0.18085954,0.16258465,0.018274888,,,Nervous System
si:dkey-225f5.4,0.18659057,0.16831844,0.018272132,,,Nervous System
med16,0.11202704,0.09377984,0.018247202,,,Nervous System
midn,0.2764465,0.25820377,0.018242717,,,Nervous System
cenps,0.12962416,0.1114026,0.018221557,,,Nervous System
lhfpl2b,0.13419008,0.11629026,0.017899826,,,Nervous System
raraa,0.13031375,0.11242668,0.01788707,,,Nervous System
hoxb2a,0.14315619,0.12528796,0.01786822,,,Nervous System
perp,0.18031654,0.1625492,0.01776734,,,Nervous System
ppp1r10,0.21320067,0.19546591,0.017734766,,,Nervous System
znf217,0.15665534,0.1389768,0.017678544,,,Nervous System
si:ch211-288g17.3,2.3378856,2.3202417,0.017643929,,,Nervous System
DDX17,0.40656745,0.38894472,0.01762274,,,Nervous System
atp1b4,0.21123484,0.1936167,0.017618135,,,Nervous System
si:dkey-42i9.4,0.7154792,0.69817466,0.01730454,,,Nervous System
histh1l,0.9619757,0.94483775,0.017137945,,,Nervous System
fzd3a,0.49568963,0.47868714,0.017002493,,,Nervous System
arhgap11a,0.21326579,0.19633314,0.016932651,,,Nervous System
si:dkey-286j15.1,0.19167769,0.17489298,0.016784713,,,Nervous System
psenen,0.27891013,0.2621588,0.01675132,,,Nervous System
znf1042,0.11311648,0.09644936,0.01666712,,,Nervous System
zbtb18,0.17902511,0.16236064,0.016664475,,,Nervous System
rpl10a,3.0240278,3.0073924,0.016635418,,,Nervous System
nusap1,0.6176031,0.6009693,0.016633809,,,Nervous System
haus6,0.12599549,0.10936442,0.016631067,,,Nervous System
ctdspl3,0.124004304,0.10741926,0.016585045,,,Nervous System
edc4,0.2200092,0.20346688,0.016542315,,,Nervous System
msna,0.81502634,0.7985694,0.016456962,,,Nervous System
CR854827.3,0.106134735,0.09003756,0.016097173,,,Nervous System
tmsb4x,3.5564034,3.5403075,0.016095877,,,Nervous System
anln,0.26924607,0.25316146,0.016084611,,,Nervous System
acy3.2,0.15010953,0.13406739,0.016042143,,,Nervous System
kmt2cb,0.33187073,0.31596234,0.01590839,,,Nervous System
lrig1,0.2506643,0.23509558,0.015568718,,,Nervous System
si:dkey-244a7.1,0.25878805,0.24325514,0.015532911,,,Nervous System
rps3a,2.7581813,2.7426715,0.015509844,,,Nervous System
zgc:92107,0.19939704,0.18390651,0.015490532,,,Nervous System
taf7,0.21998054,0.20449327,0.015487269,,,Nervous System
rnd3a,0.16513185,0.1496459,0.015485957,,,Nervous System
meaf6,0.33925232,0.3237994,0.015452921,,,Nervous System
cdc23,0.32174382,0.30629125,0.015452564,,,Nervous System
wnt7aa,0.1334206,0.11806026,0.0153603405,,,Nervous System
smc1al,0.688448,0.6730961,0.0153518915,,,Nervous System
lipg,0.121853285,0.106503874,0.0153494105,,,Nervous System
actb1,2.8447711,2.8294368,0.015334368,,,Nervous System
shroom2a,0.23059958,0.21528678,0.015312806,,,Nervous System
cdc6,0.26330113,0.24801862,0.015282512,,,Nervous System
ccdc88c,0.16211408,0.14687642,0.015237659,,,Nervous System
si:ch211-114n24.6,0.33096138,0.31573993,0.015221447,,,Nervous System
kmt5c,0.13168067,0.116531484,0.015149184,,,Nervous System
kdm5bb,0.20312564,0.18802169,0.015103951,,,Nervous System
ttyh3a,0.21745005,0.20235763,0.015092418,,,Nervous System
ube2d3,0.14802766,0.13294987,0.015077785,,,Nervous System
tmem132e,0.23834486,0.22333856,0.015006304,,,Nervous System
si:ch211-155e24.3,0.12282374,0.107860565,0.014963172,,,Nervous System
CABZ01070258.1,0.10624311,0.091342606,0.014900506,,,Nervous System
zgc:63587,0.2478707,0.23301257,0.014858127,,,Nervous System
mad2l1,0.5195709,0.50472206,0.014848828,,,Nervous System
ndufc2,0.30985218,0.29504037,0.014811814,,,Nervous System
ccni,0.29989132,0.28511637,0.014774948,,,Nervous System
ccnjl,0.25541338,0.24065809,0.014755294,,,Nervous System
psmc1b,0.19471422,0.18000332,0.014710903,,,Nervous System
CU984600.1,0.124770686,0.1100806,0.014690086,,,Nervous System
dtx4a,0.32309917,0.30843621,0.014662951,,,Nervous System
mcl1a,0.15212423,0.1374664,0.014657825,,,Nervous System
rpl9,2.377128,2.3625598,0.01456809,,,Nervous System
psmc3,0.4962013,0.48166126,0.014540046,,,Nervous System
kif2c,0.24129687,0.22676179,0.014535084,,,Nervous System
tcta,0.16664924,0.15217957,0.014469668,,,Nervous System
fmnl2b,0.15741785,0.14326558,0.014152274,,,Nervous System
ube2l3a,0.21885797,0.20471665,0.014141321,,,Nervous System
msl2a,0.12583984,0.11173834,0.014101505,,,Nervous System
wnt5b,0.27163404,0.2575713,0.014062732,,,Nervous System
phpt1,0.1305834,0.116624326,0.01395908,,,Nervous System
sox11a,1.2057177,1.191778,0.013939738,,,Nervous System
cetn3,0.13685113,0.12295741,0.0138937235,,,Nervous System
pou6f1,0.12861468,0.11482378,0.013790898,,,Nervous System
pkn1a,0.16596963,0.15220664,0.013762981,,,Nervous System
prpf18,0.12708682,0.11336301,0.013723806,,,Nervous System
pogzb,0.15009727,0.13638279,0.013714477,,,Nervous System
ptpn23a,0.12869453,0.11511963,0.013574906,,,Nervous System
cdc14ab,0.13074249,0.1173093,0.013433188,,,Nervous System
hbbe3,0.26507515,0.25166136,0.013413787,,,Nervous System
si:ch211-13c6.2,0.13879687,0.12539655,0.013400316,,,Nervous System
kmt5ab,0.29193085,0.27853286,0.013397992,,,Nervous System
spata13,0.11809816,0.104725264,0.013372898,,,Nervous System
gemin8,0.106530726,0.09318352,0.0133472085,,,Nervous System
rpl10,3.1962497,3.1830502,0.013199568,,,Nervous System
sall4,0.16084059,0.14765055,0.013190031,,,Nervous System
gbp,0.15632094,0.14317432,0.013146624,,,Nervous System
yju2,0.14637452,0.13324718,0.013127342,,,Nervous System
pcnt,0.11263469,0.09955111,0.013083577,,,Nervous System
appb,0.17065673,0.15759496,0.013061762,,,Nervous System
rpl12,3.6361997,3.6231554,0.013044357,,,Nervous System
ss18,0.30946484,0.29644746,0.013017386,,,Nervous System
h2az2b,1.9708424,1.957827,0.013015389,,,Nervous System
nkd1,0.20351951,0.19052601,0.0129935,,,Nervous System
tmpoa,0.28001535,0.2671176,0.01289776,,,Nervous System
rnf165b,0.1286918,0.11588909,0.01280272,,,Nervous System
CABZ01087224.1,0.2091148,0.1963695,0.012745306,,,Nervous System
eif3k,0.3129132,0.30018565,0.012727559,,,Nervous System
prpf39,0.32863855,0.31596562,0.012672931,,,Nervous System
dgcr2,0.13697237,0.124320485,0.012651883,,,Nervous System
ek1,0.13985038,0.12726712,0.012583256,,,Nervous System
slc7a6os,0.12359853,0.11103638,0.012562148,,,Nervous System
gtf2b,0.17061591,0.158208,0.012407914,,,Nervous System
fam133b,0.21775964,0.20535353,0.012406111,,,Nervous System
sec63,0.12591486,0.113581404,0.012333453,,,Nervous System
serp1,0.31550375,0.30317494,0.012328804,,,Nervous System
foxk2,0.20648305,0.19415765,0.012325406,,,Nervous System
mob1a,0.18392462,0.17168893,0.012235686,,,Nervous System
tab2,0.106552385,0.09438917,0.012163214,,,Nervous System
arrb2a,0.14516404,0.1330302,0.012133837,,,Nervous System
lyrm5b,0.13193145,0.11984657,0.012084886,,,Nervous System
si:ch211-214c7.4,0.18670288,0.17462821,0.012074664,,,Nervous System
top2a,0.7586928,0.7466963,0.011996508,,,Nervous System
tle3a,0.30531093,0.2934332,0.011877745,,,Nervous System
rbm39b,0.13918312,0.1274545,0.011728615,,,Nervous System
tcf7l1a,0.13335998,0.121737026,0.011622958,,,Nervous System
angptl4,0.14404105,0.1324492,0.011591852,,,Nervous System
mtrex,0.12523714,0.11373179,0.0115053505,,,Nervous System
fam222bb,0.1306804,0.119201355,0.0114790425,,,Nervous System
foxp1a,0.19062874,0.17919187,0.011436865,,,Nervous System
spry2,0.10836042,0.097036846,0.011323571,,,Nervous System
CR388132.2,0.10618755,0.094875164,0.011312388,,,Nervous System
slit3,0.14399248,0.13270618,0.011286303,,,Nervous System
tubgcp2,0.117338404,0.10613306,0.011205345,,,Nervous System
usp44,0.115616456,0.10444135,0.0111751035,,,Nervous System
dpy19l3,0.15478483,0.14362672,0.011158109,,,Nervous System
cfap99,0.29103613,0.27988523,0.011150897,,,Nervous System
nktr,0.11680843,0.10565765,0.011150777,,,Nervous System
zfand3,0.2191235,0.20799428,0.011129215,,,Nervous System
phrf1,0.16474335,0.15364261,0.011100739,,,Nervous System
cnot9,0.20383559,0.19283848,0.010997117,,,Nervous System
vangl2,0.42843622,0.4175212,0.010915011,,,Nervous System
gkap1,0.14557476,0.13472621,0.010848552,,,Nervous System
gpatch8,0.14187947,0.13104187,0.0108376,,,Nervous System
coro1cb,0.5009353,0.49020442,0.010730892,,,Nervous System
derl1,0.25585148,0.24525055,0.0106009245,,,Nervous System
ube2s,0.25224325,0.2416618,0.010581449,,,Nervous System
BX005048.1,0.16402893,0.15348311,0.01054582,,,Nervous System
ppp1r14bb,0.17499831,0.16450877,0.010489538,,,Nervous System
cenpe,0.25633368,0.2458695,0.010464177,,,Nervous System
rnf145b,0.2029117,0.19248725,0.01042445,,,Nervous System
psen1,0.1375954,0.12722728,0.010368124,,,Nervous System
gtpbp1,0.18269393,0.17239065,0.010303274,,,Nervous System
aldh7a1,0.13151164,0.12132876,0.01018288,,,Nervous System
poglut1,0.18424769,0.17410555,0.010142133,,,Nervous System
kmt2bb,0.13304946,0.12291929,0.010130167,,,Nervous System
cecr2,0.19103596,0.18095039,0.010085568,,,Nervous System
kmt2e,0.16185996,0.15179217,0.010067791,,,Nervous System
kif14,0.11315218,0.103140295,0.010011889,,,Nervous System
atad5a,0.15556234,0.14563523,0.009927109,,,Nervous System
pgrmc1,0.24396469,0.23406863,0.009896055,,,Nervous System
aldoab,0.14547853,0.13558525,0.009893283,,,Nervous System
NC-002333.21,0.66754705,0.65768605,0.009860992,,,Nervous System
nudt21,0.25594687,0.24611218,0.009834692,,,Nervous System
id3,0.20729733,0.19750915,0.00978817,,,Nervous System
sf3b1,0.56155604,0.55186003,0.009696007,,,Nervous System
cyp4v7,0.14934802,0.13966972,0.009678304,,,Nervous System
rbm4.1,0.34584647,0.33620167,0.009644806,,,Nervous System
fabp11a,0.09082058,0.08125006,0.009570524,,,Nervous System
hbbe1.3,0.31050187,0.30111083,0.00939104,,,Nervous System
trim71,0.45463628,0.44524643,0.0093898475,,,Nervous System
reep3b,0.19935924,0.19000539,0.009353846,,,Nervous System
ip6k2a,0.16459508,0.15525576,0.009339318,,,Nervous System
nfya,0.35295957,0.34366763,0.009291947,,,Nervous System
gpx4a,0.24301167,0.2337608,0.009250864,,,Nervous System
txlna,0.16352603,0.154383,0.009143025,,,Nervous System
rsph10b,0.32725886,0.3181509,0.009107947,,,Nervous System
czib,0.18227182,0.17322043,0.009051397,,,Nervous System
mff,0.15737775,0.14834517,0.009032577,,,Nervous System
zfand5a,0.16093872,0.15190701,0.009031713,,,Nervous System
nus1,0.13357489,0.1245527,0.009022191,,,Nervous System
rfx2,0.114548974,0.105544075,0.009004898,,,Nervous System
sf3a2,0.239515,0.23051158,0.009003431,,,Nervous System
kdelr2b,0.22312722,0.21413542,0.008991793,,,Nervous System
C18H11orf58,0.16774616,0.15876703,0.008979127,,,Nervous System
nap1l4b,0.106232,0.09745882,0.008773185,,,Nervous System
fkbp3,0.16338038,0.15467839,0.008701995,,,Nervous System
gpc4,0.15627666,0.14761743,0.008659229,,,Nervous System
mycla,0.21324748,0.20459263,0.008654848,,,Nervous System
ankrd54,0.1457399,0.1371402,0.008599699,,,Nervous System
hnrnpd,0.7371418,0.7285612,0.008580565,,,Nervous System
si:ch211-196l7.4,0.21280852,0.20426968,0.008538842,,,Nervous System
chd7,0.7804785,0.77194065,0.008537829,,,Nervous System
ppdpfb,0.26950184,0.2609733,0.008528531,,,Nervous System
nsl1,0.1412695,0.13277544,0.008494064,,,Nervous System
sap130a,0.12789583,0.11942171,0.008474119,,,Nervous System
polr2gl,0.34477088,0.3363162,0.00845468,,,Nervous System
fzr1a,0.18101084,0.17258129,0.008429557,,,Nervous System
slc25a55a,0.28636715,0.2779633,0.008403838,,,Nervous System
thoc5,0.21659893,0.20823492,0.008364007,,,Nervous System
rbbp6,0.37289256,0.3645889,0.008303672,,,Nervous System
peli1b,0.22427027,0.21599488,0.00827539,,,Nervous System
prpf4,0.10802033,0.09975377,0.008266561,,,Nervous System
xpo1b,0.25512818,0.24695373,0.008174449,,,Nervous System
ncoa5,0.3148914,0.3067471,0.008144289,,,Nervous System
anapc16,0.28422084,0.27615893,0.008061916,,,Nervous System
tex10,0.13161613,0.12357009,0.008046038,,,Nervous System
il1rapl2,0.12100684,0.11296659,0.008040249,,,Nervous System
faf1,0.10971279,0.10188941,0.007823378,,,Nervous System
ptbp1a,0.4197872,0.41196707,0.007820129,,,Nervous System
ddx61,0.40043852,0.39267114,0.0077673793,,,Nervous System
gtf2e2,0.22201884,0.2142886,0.0077302307,,,Nervous System
tfa,0.13340333,0.12574634,0.0076569915,,,Nervous System
dnmbp,0.17617644,0.16854663,0.0076298118,,,Nervous System
tia1,0.45758596,0.44996437,0.0076215863,,,Nervous System
ppp2r3c,0.14533111,0.13776882,0.0075622946,,,Nervous System
sem1,0.67045754,0.66293204,0.0075255036,,,Nervous System
homezb,0.16256222,0.15510401,0.00745821,,,Nervous System
rpl11,2.6031232,2.5957618,0.007361412,,,Nervous System
thoc3,0.16512364,0.15778267,0.0073409677,,,Nervous System
dennd2b,0.20911676,0.20178334,0.0073334128,,,Nervous System
brms1la,0.18452583,0.17724098,0.00728485,,,Nervous System
ppp1r7,0.23684965,0.22969325,0.007156402,,,Nervous System
ext2,0.16613007,0.15900737,0.0071226954,,,Nervous System
ccnl1b,0.22606033,0.21898691,0.0070734173,,,Nervous System
rtca,0.5287004,0.5216436,0.0070568323,,,Nervous System
stam,0.14807193,0.14101687,0.007055059,,,Nervous System
C7H16orf87,0.15253358,0.145495,0.0070385784,,,Nervous System
irf2a,0.22784075,0.22081076,0.0070299953,,,Nervous System
ppt2,0.16470811,0.15768829,0.007019818,,,Nervous System
sox19b,0.31131688,0.30429742,0.00701946,,,Nervous System
phf20b,0.10595877,0.098961525,0.0069972426,,,Nervous System
cdh2,0.6693739,0.6624157,0.006958246,,,Nervous System
tpx2,0.54659003,0.53964335,0.006946683,,,Nervous System
thoc6,0.12353455,0.11659677,0.0069377795,,,Nervous System
neurog1,0.16538791,0.15848894,0.0068989694,,,Nervous System
cd2bp2,0.12907095,0.122211106,0.0068598464,,,Nervous System
rbm14a,0.16936778,0.16255523,0.0068125427,,,Nervous System
prg4a,0.1233185,0.11650721,0.006811291,,,Nervous System
rfc5,0.36412683,0.35732147,0.0068053603,,,Nervous System
tpd52l2b,0.13756482,0.1307856,0.0067792237,,,Nervous System
qars1,0.13882823,0.13208948,0.006738752,,,Nervous System
gpx1a,0.20495676,0.1982195,0.006737262,,,Nervous System
mt-nd6,1.3328581,1.326157,0.006701112,,,Nervous System
sumo1,0.39974043,0.39304495,0.006695479,,,Nervous System
gpx8,0.13864046,0.13195194,0.0066885203,,,Nervous System
mrpl23,0.12573454,0.11909895,0.0066355914,,,Nervous System
rps7,3.2432246,3.236598,0.006626606,,,Nervous System
irx1b,0.14447474,0.13790457,0.0065701753,,,Nervous System
NC-002333.9,2.1325068,2.1259737,0.006533146,,,Nervous System
arhgap35b,0.1022031,0.095696084,0.0065070167,,,Nervous System
CR376740.1,0.17256926,0.16607034,0.006498918,,,Nervous System
znf292b,0.105305836,0.09882241,0.006483428,,,Nervous System
lrig2,0.21663661,0.21024784,0.0063887686,,,Nervous System
aldh2.1,0.21270464,0.20632358,0.0063810647,,,Nervous System
krt92,0.45772257,0.45134807,0.006374508,,,Nervous System
c1d,0.16414945,0.1577776,0.006371841,,,Nervous System
meis1a,0.10286478,0.09651308,0.006351702,,,Nervous System
unga,0.22778684,0.22144058,0.0063462555,,,Nervous System
ncor2,0.19427048,0.18794155,0.0063289255,,,Nervous System
pebp1,0.25818193,0.2519481,0.006233841,,,Nervous System
cldn12,0.18516882,0.17898984,0.006178975,,,Nervous System
trib3,0.18860945,0.18244608,0.0061633736,,,Nervous System
calr,0.22463396,0.21851751,0.00611645,,,Nervous System
si:ch211-269k10.2,0.10980194,0.10373915,0.0060627908,,,Nervous System
zgc:55943,0.17171243,0.16574793,0.0059645027,,,Nervous System
fgfr1a,0.10804024,0.10208847,0.005951777,,,Nervous System
dnmt3bb.2,0.20044105,0.19453393,0.0059071183,,,Nervous System
arih2,0.11500142,0.109096445,0.0059049726,,,Nervous System
polr3glb,0.2229773,0.2170738,0.0059034973,,,Nervous System
mrps34,0.105463974,0.099584304,0.0058796704,,,Nervous System
mlx,0.18243319,0.17661075,0.005822435,,,Nervous System
katnb1,0.11090476,0.10508906,0.0058156997,,,Nervous System
guk1a,0.122745365,0.116935536,0.0058098286,,,Nervous System
clk4a,0.22014606,0.2144314,0.005714655,,,Nervous System
cdc73,0.1126867,0.10703177,0.005654931,,,Nervous System
rc3h1b,0.1255972,0.11994609,0.0056511015,,,Nervous System
dgcr8,0.17874162,0.17309639,0.0056452304,,,Nervous System
hypk,0.1753291,0.16969915,0.0056299567,,,Nervous System
rbbp5,0.1567669,0.15115343,0.005613476,,,Nervous System
dctn4,0.1807711,0.17518596,0.005585134,,,Nervous System
tnrc18,0.1483223,0.14274387,0.0055784285,,,Nervous System
rpl18a,2.876916,2.8713574,0.0055584908,,,Nervous System
rps12,4.0343266,4.028774,0.0055527687,,,Nervous System
trim8b,0.11069791,0.10521116,0.005486749,,,Nervous System
med14,0.17031698,0.16487838,0.005438596,,,Nervous System
mrps30,0.10027248,0.094835274,0.0054372028,,,Nervous System
wdr62,0.15091118,0.14551637,0.0053948164,,,Nervous System
camlg,0.11740572,0.11201447,0.0053912476,,,Nervous System
tomm40l,0.13888742,0.13349894,0.0053884834,,,Nervous System
cd63,0.25946376,0.2541131,0.0053506494,,,Nervous System
selenon,0.107983895,0.102680445,0.00530345,,,Nervous System
rnmt,0.19664767,0.19135237,0.0052953064,,,Nervous System
gsr,0.11264911,0.10742439,0.0052247196,,,Nervous System
rps15a,3.2981684,3.2929544,0.005213976,,,Nervous System
CABZ01076275.1,0.16029207,0.15513092,0.0051611513,,,Nervous System
spred2a,0.12272474,0.117679775,0.005044967,,,Nervous System
si:ch211-276i12.9,0.14180373,0.13677052,0.00503321,,,Nervous System
zgc:153115,0.33318955,0.32823756,0.0049519837,,,Nervous System
btg1,0.29254493,0.28761926,0.0049256682,,,Nervous System
zbtb16b,0.3171173,0.31219587,0.0049214363,,,Nervous System
pphln1,0.29943877,0.294538,0.0049007833,,,Nervous System
pigp,0.15415245,0.14930768,0.00484477,,,Nervous System
znf281a,0.17764828,0.17280598,0.0048422962,,,Nervous System
GCA,0.2121301,0.2073236,0.0048065037,,,Nervous System
mcl1b,0.10864548,0.103887,0.004758477,,,Nervous System
aurka,0.29030704,0.28556877,0.0047382712,,,Nervous System
dedd,0.11425029,0.10952832,0.0047219694,,,Nervous System
ccsapb,0.12305231,0.118334115,0.004718192,,,Nervous System
slu7,0.10567661,0.1010039,0.004672706,,,Nervous System
inip,0.27972135,0.27507332,0.00464803,,,Nervous System
rgl1,0.1912196,0.18658686,0.004632741,,,Nervous System
sec61g,0.44800955,0.44338557,0.0046239793,,,Nervous System
znf292a,0.10071117,0.09613208,0.0045790896,,,Nervous System
ctsla,0.70372325,0.69914496,0.0045782924,,,Nervous System
pwwp2a,0.13046415,0.1258978,0.0045663565,,,Nervous System
btg3,0.24344535,0.23889334,0.0045520067,,,Nervous System
mrpl34,0.14153416,0.13698666,0.0045475066,,,Nervous System
ckap4,0.2052603,0.20073894,0.00452137,,,Nervous System
kifc1,0.43428886,0.42978922,0.004499644,,,Nervous System
sec11a,0.31299493,0.30849943,0.0044955015,,,Nervous System
dcps,0.16071305,0.1562241,0.004488945,,,Nervous System
rbm26,0.13936108,0.1348798,0.004481286,,,Nervous System
bmp2k,0.16311902,0.15864785,0.004471168,,,Nervous System
si:dkey-226l10.6,0.12878744,0.124320485,0.0044669583,,,Nervous System
pnisr,0.13638976,0.13194302,0.004446745,,,Nervous System
polr2b,0.3613032,0.35692924,0.0043739676,,,Nervous System
odc1,0.61878943,0.6144431,0.004346311,,,Nervous System
tnrc6a,0.4094417,0.4051333,0.0043084025,,,Nervous System
aebp2,0.22809725,0.22379588,0.004301369,,,Nervous System
ppm1da,0.24681154,0.24254279,0.0042687505,,,Nervous System
slc39a7,0.4393169,0.43504927,0.004267633,,,Nervous System
trim33,0.12040853,0.11619439,0.004214138,,,Nervous System
cnot2,0.09722035,0.09301238,0.0042079687,,,Nervous System
get1,0.19147265,0.18727376,0.004198894,,,Nervous System
picalmb,0.12028631,0.116162345,0.0041239634,,,Nervous System
ncbp2,0.17571174,0.17166026,0.0040514767,,,Nervous System
fbrs,0.16137494,0.15735744,0.004017502,,,Nervous System
vps72a,0.14669988,0.14276612,0.0039337575,,,Nervous System
cdh11,0.1236908,0.11976568,0.0039251223,,,Nervous System
vta1,0.21637724,0.21246558,0.003911659,,,Nervous System
kdm2aa,0.098173566,0.09428637,0.0038871989,,,Nervous System
waplb,0.1602986,0.15642558,0.0038730204,,,Nervous System
si:dkey-199f5.8,0.10488865,0.1010324,0.0038562492,,,Nervous System
cyyr1,0.20616853,0.20232147,0.0038470626,,,Nervous System
ankrd13c,0.12357589,0.119751275,0.003824614,,,Nervous System
tusc3,0.11117577,0.10739492,0.0037808493,,,Nervous System
slc38a2,0.1253949,0.12163108,0.0037638173,,,Nervous System
tox3,0.15844446,0.15471463,0.0037298352,,,Nervous System
gtf2h3,0.10447222,0.100743994,0.0037282258,,,Nervous System
lig3,0.24593231,0.24222644,0.003705874,,,Nervous System
srrm2,0.25140932,0.24770686,0.0037024617,,,Nervous System
uba1,0.8539315,0.8502466,0.0036848783,,,Nervous System
psmd13,0.2119299,0.20824566,0.0036842376,,,Nervous System
CABZ01087560.1,0.12303718,0.119359665,0.0036775172,,,Nervous System
fam50a,0.23833825,0.23467009,0.0036681592,,,Nervous System
pard3bb,0.111934796,0.108270064,0.003664732,,,Nervous System
mapk11,0.22287422,0.21929029,0.0035839379,,,Nervous System
si:ch211-131k2.2,0.099661015,0.09611162,0.003549397,,,Nervous System
dido1,0.2407147,0.23719713,0.003517568,,,Nervous System
melk,0.11743064,0.11401181,0.003418833,,,Nervous System
ormdl1,0.16795738,0.16455254,0.0034048408,,,Nervous System
fam76b,0.32163242,0.3182563,0.0033761263,,,Nervous System
dpy30,0.44023785,0.43689114,0.0033467114,,,Nervous System
pcxa,0.10872946,0.10540916,0.003320299,,,Nervous System
alcamb,0.48793733,0.48461992,0.0033174157,,,Nervous System
gorasp2,0.1290322,0.12575522,0.003276974,,,Nervous System
polr2h,0.19487077,0.19160165,0.003269121,,,Nervous System
slc7a3a,0.15082964,0.14758706,0.003242582,,,Nervous System
pno1,0.16350605,0.16028504,0.0032210052,,,Nervous System
cyp26c1,0.11988942,0.11667587,0.0032135546,,,Nervous System
tspan17,0.10500887,0.10180971,0.00319916,,,Nervous System
pax6a,0.17735367,0.17418353,0.0031701326,,,Nervous System
exosc2,0.108806,0.10563641,0.0031695887,,,Nervous System
znf646,0.13976902,0.13660316,0.003165856,,,Nervous System
si:ch211-137a8.4,1.327713,1.3245482,0.0031647682,,,Nervous System
CTBP1,0.112775736,0.10966912,0.0031066164,,,Nervous System
ctbp1,0.62239754,0.61931866,0.003078878,,,Nervous System
desi2,0.10614268,0.103080615,0.003062062,,,Nervous System
hmgn6,2.3457532,2.342704,0.0030491352,,,Nervous System
mettl2a,0.098487005,0.09546195,0.003025055,,,Nervous System
eed,0.12150834,0.11849698,0.0030113608,,,Nervous System
clpp,0.15259162,0.14960821,0.0029834062,,,Nervous System
tfam,0.20252866,0.19955711,0.0029715449,,,Nervous System
znf16l,0.10716323,0.10420239,0.0029608384,,,Nervous System
zgc:153990,0.14530948,0.14235091,0.002958566,,,Nervous System
dyrk1ab,0.15118337,0.1482265,0.0029568672,,,Nervous System
kat8,0.11934291,0.116387516,0.002955392,,,Nervous System
psmd10,0.13765538,0.13471813,0.0029372424,,,Nervous System
eaf2,0.13773113,0.13480598,0.0029251575,,,Nervous System
uba2,0.18115176,0.17822826,0.0029235035,,,Nervous System
cops9,0.2211919,0.2182872,0.0029046983,,,Nervous System
bcar1,0.10947153,0.10657358,0.002897948,,,Nervous System
sod1,0.11601039,0.113129325,0.002881065,,,Nervous System
ddx39b,0.10440394,0.1015413,0.0028626397,,,Nervous System
ralgps2,0.15382867,0.15097769,0.0028509796,,,Nervous System
rps5,2.9918447,2.9890046,0.002840042,,,Nervous System
tnnt2c,0.18450852,0.18170545,0.0028030723,,,Nervous System
cdc5l,0.120917626,0.118196376,0.00272125,,,Nervous System
gps1,0.17498493,0.17229962,0.0026853085,,,Nervous System
tial1,0.14869447,0.1460207,0.002673775,,,Nervous System
RPS17,2.1365962,2.1339352,0.0026609898,,,Nervous System
her9,0.47450855,0.4718803,0.0026282668,,,Nervous System
calub,0.20726173,0.20463637,0.002625361,,,Nervous System
qkib,0.15146457,0.14887676,0.0025878102,,,Nervous System
fdps,0.14682682,0.14425866,0.0025681555,,,Nervous System
cul4b,0.18694472,0.18437995,0.002564773,,,Nervous System
pik3c2b,0.21628802,0.21373561,0.002552405,,,Nervous System
prpf31,0.18668067,0.18413034,0.0025503337,,,Nervous System
atrxl,0.17410783,0.17157772,0.0025301129,,,Nervous System
ctcf,0.18433987,0.18182369,0.0025161803,,,Nervous System
ints8,0.11649484,0.11400091,0.0024939328,,,Nervous System
txndc12,0.11620171,0.11375053,0.0024511814,,,Nervous System
slc38a3b,0.20586126,0.20343626,0.002425,,,Nervous System
setd2,0.14294048,0.14053686,0.002403617,,,Nervous System
med21,0.09941837,0.097050644,0.0023677275,,,Nervous System
tarbp2,0.10614391,0.10380115,0.002342753,,,Nervous System
kpna2,0.8844422,0.8821294,0.002312839,,,Nervous System
si:dkey-25o16.4,0.19826923,0.19598193,0.0022872984,,,Nervous System
cdk2,0.25643012,0.2541718,0.0022583306,,,Nervous System
golt1bb,0.13313188,0.130888,0.0022438765,,,Nervous System
pax2a,0.14326228,0.14107051,0.002191767,,,Nervous System
arcn1a,0.11234852,0.11018546,0.00216306,,,Nervous System
sap130b,0.13106215,0.12890036,0.002161786,,,Nervous System
etv5b,0.14952467,0.14744674,0.0020779371,,,Nervous System
si:ch211-51h4.2,0.11147974,0.10943484,0.0020448938,,,Nervous System
atp5f1d,0.39036936,0.38834926,0.0020200908,,,Nervous System
sec24b,0.11827323,0.116272055,0.0020011738,,,Nervous System
raph1b,0.115728326,0.11373804,0.0019902885,,,Nervous System
pan2,0.1122274,0.11025804,0.0019693598,,,Nervous System
utp11,0.101808906,0.09987169,0.001937218,,,Nervous System
arhgap1,0.12349492,0.12156055,0.0019343719,,,Nervous System
cdca4,0.31026322,0.308331,0.0019322038,,,Nervous System
plppr3a,0.17862043,0.176729,0.0018914342,,,Nervous System
crkl,0.217612,0.21572375,0.0018882453,,,Nervous System
gli3,0.14353369,0.14165719,0.0018765032,,,Nervous System
vps35,0.12435426,0.12252384,0.0018304214,,,Nervous System
gabpa,0.30475733,0.30294487,0.001812458,,,Nervous System
bptf,0.16308391,0.16127165,0.0018122643,,,Nervous System
bod1,0.101394475,0.09962263,0.0017718449,,,Nervous System
kif23,0.26607788,0.2643326,0.0017452836,,,Nervous System
rpl23,3.3333058,3.3315625,0.0017433167,,,Nervous System
zc3h18,0.16591753,0.16419719,0.0017203391,,,Nervous System
csnk1g2b,0.13132168,0.12962794,0.0016937405,,,Nervous System
nfe2l3,0.31417045,0.3124954,0.0016750395,,,Nervous System
mydgf,0.15087046,0.14919719,0.0016732663,,,Nervous System
tubb4b,1.5126917,1.5110247,0.0016670227,,,Nervous System
acss2,0.23266995,0.23101096,0.001658991,,,Nervous System
nat8l,0.22364046,0.22199756,0.0016428977,,,Nervous System
cbx2,0.1693143,0.1676842,0.0016300976,,,Nervous System
prkab1b,0.17065844,0.16903988,0.0016185641,,,Nervous System
rassf1,0.113831885,0.11221421,0.0016176775,,,Nervous System
slc6a9,0.31907254,0.31750527,0.0015672743,,,Nervous System
mier1a,0.17147322,0.16997144,0.0015017837,,,Nervous System
macroh2a2,0.39540946,0.3939364,0.0014730692,,,Nervous System
ppp6r3,0.23437175,0.23290296,0.0014687926,,,Nervous System
asf1bb,0.16931929,0.16786474,0.001454547,,,Nervous System
rbpja,0.11045201,0.10900111,0.0014509037,,,Nervous System
ehmt1b,0.14612031,0.14476117,0.0013591349,,,Nervous System
cemip2,0.18738198,0.18602288,0.0013591051,,,Nervous System
zgc:174906,0.20072712,0.1993917,0.0013354272,,,Nervous System
prkcbp1l,0.13730054,0.1359675,0.001333043,,,Nervous System
ppp4r2b,0.1713845,0.17005657,0.0013279319,,,Nervous System
npc2,0.13455158,0.13325836,0.0012932271,,,Nervous System
glrx,0.16421025,0.1629477,0.0012625456,,,Nervous System
eif4e3,0.121254764,0.120000884,0.0012538806,,,Nervous System
si:dkey-23f9.4,0.10223769,0.10104127,0.0011964142,,,Nervous System
mrps7,0.099885456,0.098704495,0.0011809617,,,Nervous System
otx1,0.107672565,0.106492326,0.001180239,,,Nervous System
zeb1b,0.12813583,0.12697448,0.0011613518,,,Nervous System
vkorc1l1,0.10720938,0.10604908,0.0011602938,,,Nervous System
ggcx,0.111690536,0.11053384,0.0011566952,,,Nervous System
zgc:171480,0.10029043,0.099161044,0.0011293888,,,Nervous System
lsm5,0.1872787,0.18617406,0.001104638,,,Nervous System
nrd1a,0.13310531,0.13204457,0.0010607392,,,Nervous System
zfx,0.102759205,0.10172743,0.0010317713,,,Nervous System
smek1,0.17535372,0.17437387,0.0009798557,,,Nervous System
appa,0.40514025,0.40423134,0.0009089112,,,Nervous System
tcf12,0.34278733,0.3418807,0.00090661645,,,Nervous System
phc2a,0.16444215,0.16353904,0.0009031147,,,Nervous System
map2k6,0.23932248,0.23843819,0.0008842945,,,Nervous System
ska2,0.13414635,0.13327408,0.0008722693,,,Nervous System
rbm12,0.24855071,0.24768612,0.0008645952,,,Nervous System
raver1,0.24895605,0.24809426,0.00086179376,,,Nervous System
hmox1a,0.13606118,0.135299,0.0007621795,,,Nervous System
suz12a,0.1366332,0.13588318,0.00075002015,,,Nervous System
col4a6,0.30149943,0.3007666,0.0007328391,,,Nervous System
prtgb,0.11402086,0.11329089,0.00072997063,,,Nervous System
mesd,0.11058404,0.10986608,0.0007179603,,,Nervous System
ccnb3,0.24518809,0.2445122,0.00067588687,,,Nervous System
birc2,0.14525332,0.1446101,0.0006432086,,,Nervous System
DEPDC4,0.122825846,0.12221081,0.000615038,,,Nervous System
wtap,0.28121975,0.28061163,0.0006081164,,,Nervous System
oip5-as1,0.468688,0.46812382,0.00056418777,,,Nervous System
tmem14ca,0.12103451,0.12047769,0.00055681914,,,Nervous System
bckdk,0.16383938,0.16329792,0.0005414635,,,Nervous System
smim13,0.17617233,0.17567158,0.0005007535,,,Nervous System
txn2,0.09698469,0.09650037,0.000484325,,,Nervous System
bin3,0.13407996,0.13360928,0.00047068298,,,Nervous System
pdia4,0.24264906,0.242185,0.00046406686,,,Nervous System
gtf2f2a,0.21263823,0.21218362,0.00045460463,,,Nervous System
lin54,0.13613284,0.13572146,0.00041137636,,,Nervous System
nudcd3,0.14318402,0.14278845,0.00039556623,,,Nervous System
acsl3b,0.15046562,0.15007302,0.0003926009,,,Nervous System
laptm4b,0.10660012,0.10622955,0.00037056953,,,Nervous System
trnau1apb,0.18434162,0.18399245,0.0003491789,,,Nervous System
si:ch73-347e22.4,0.32247356,0.32216665,0.00030690432,,,Nervous System
FP101875.1,0.14820743,0.14794512,0.00026230514,,,Nervous System
tdrd3,0.10355565,0.10329469,0.00026095659,,,Nervous System
TUBB4B,0.15306951,0.15282165,0.00024786592,,,Nervous System
cdkn1ca,0.59325624,0.5930476,0.00020861626,,,Nervous System
sf3b6,0.44227847,0.44208372,0.00019475818,,,Nervous System
chek1,0.19852625,0.19837165,0.00015459955,,,Nervous System
cdt1,0.12378611,0.1236323,0.00015380979,,,Nervous System
rsrc2,0.1485441,0.14839543,0.00014866889,,,Nervous System
phf12b,0.106361635,0.10621699,0.00014464557,,,Nervous System
hadhb,0.17638092,0.17634395,3.696978e-05,,,Nervous System
h1-0,0.6580633,0.658034,2.926588e-05,,,Nervous System
zdhhc16b,0.110710785,0.11068447,2.631545e-05,,,Nervous System
znf384l,0.13415791,0.13414796,9.953976e-06,,,Nervous System
cdca7b,0.35621366,0.3562145,-8.34465e-07,,,Nervous System
arl4aa,0.10373964,0.10374752,-7.875264e-06,,,Nervous System
plch1,0.1585049,0.15851882,-1.3917685e-05,,,Nervous System
zgc:161969,0.19937158,0.19938715,-1.5571713e-05,,,Nervous System
csnk1g2a,0.1270141,0.12706165,-4.7549605e-05,,,Nervous System
mphosph8,0.19793224,0.1979846,-5.236268e-05,,,Nervous System
kmt2ba,0.109611355,0.10966567,-5.4314733e-05,,,Nervous System
slc43a1a,0.20944218,0.20951061,-6.842613e-05,,,Nervous System
ssbp3b,0.39398354,0.39406645,-8.291006e-05,,,Nervous System
cops5,0.122746795,0.12283585,-8.905679e-05,,,Nervous System
KIF2A,0.17333859,0.17347604,-0.00013744831,,,Nervous System
kdm2ba,0.17475449,0.17491004,-0.00015555322,,,Nervous System
cnot1,0.3003669,0.30057785,-0.00021094084,,,Nervous System
sin3b,0.19667175,0.19689442,-0.00022266805,,,Nervous System
RANBP2,0.12562643,0.12590232,-0.000275895,,,Nervous System
ccdc32,0.1377498,0.13805188,-0.00030207634,,,Nervous System
ankfy1,0.10545612,0.10576686,-0.00031074136,,,Nervous System
med11,0.17538022,0.17570046,-0.00032024086,,,Nervous System
mxd3,0.21096611,0.2112889,-0.00032278895,,,Nervous System
si:dkey-260j18.2,0.15912524,0.15945792,-0.00033268332,,,Nervous System
nanos1,0.11004271,0.11039596,-0.00035324693,,,Nervous System
cenpt,0.10449423,0.10484861,-0.00035437942,,,Nervous System
PLBD2,0.11944944,0.119808,-0.00035856664,,,Nervous System
rab13,0.118308984,0.11867072,-0.00036173314,,,Nervous System
zgc:100918,0.17933296,0.1796987,-0.000365749,,,Nervous System
cst3,0.15481582,0.15523008,-0.00041425228,,,Nervous System
si:ch211-133n4.4,0.41040763,0.4108246,-0.0004169643,,,Nervous System
cebpg,0.10853223,0.10899427,-0.0004620403,,,Nervous System
rasal2,0.1371772,0.13771887,-0.0005416721,,,Nervous System
dnaja2b,0.54007125,0.54063404,-0.00056278706,,,Nervous System
rps9,2.9304893,2.9310615,-0.0005722046,,,Nervous System
nono,0.7297998,0.73038626,-0.0005864501,,,Nervous System
armc1l,0.13237175,0.1329614,-0.00058965385,,,Nervous System
ndc1,0.17056523,0.17116763,-0.00060239434,,,Nervous System
kidins220b,0.13224222,0.13294007,-0.0006978512,,,Nervous System
gigyf1b,0.23498484,0.23568337,-0.00069852173,,,Nervous System
ncapd2,0.29734167,0.29804528,-0.00070360303,,,Nervous System
parp2,0.16769727,0.16842197,-0.0007247031,,,Nervous System
mrpl38,0.10168951,0.10242294,-0.0007334277,,,Nervous System
canx,0.32095498,0.32169053,-0.0007355511,,,Nervous System
CU570894.2,0.23990066,0.24065346,-0.00075279176,,,Nervous System
arhgef10la,0.16204183,0.16284062,-0.00079879165,,,Nervous System
dvl3a,0.1406439,0.14145094,-0.0008070469,,,Nervous System
zhx2a,0.10032286,0.10116585,-0.00084299594,,,Nervous System
kirrel3l,0.20142825,0.20228705,-0.0008587986,,,Nervous System
arcn1b,0.14202033,0.1428938,-0.00087347627,,,Nervous System
mmgt1,0.17963798,0.18052098,-0.0008829981,,,Nervous System
gpn2,0.10322837,0.10414889,-0.00092051923,,,Nervous System
mcm3ap,0.12281207,0.12374418,-0.00093211234,,,Nervous System
smad5,0.2105277,0.21146773,-0.00094002485,,,Nervous System
ganab,0.16804431,0.16898738,-0.0009430647,,,Nervous System
rpl37,3.4436622,3.4446137,-0.00095152855,,,Nervous System
rab5ab,0.10651099,0.10747545,-0.00096446276,,,Nervous System
nudt22,0.10608979,0.10710074,-0.0010109469,,,Nervous System
zgc:77056,0.09787901,0.09889683,-0.0010178238,,,Nervous System
mdm4,0.12304096,0.12406446,-0.0010235012,,,Nervous System
zgc:163030,0.121043056,0.12209281,-0.001049757,,,Nervous System
agpat4,0.11554562,0.11662451,-0.0010788888,,,Nervous System
notch1a,0.64631975,0.64740705,-0.0010873079,,,Nervous System
mtor,0.15688254,0.15797643,-0.0010938942,,,Nervous System
exoc6b,0.10349145,0.10460129,-0.0011098385,,,Nervous System
prpf38a,0.1278096,0.12898178,-0.001172185,,,Nervous System
dpysl5a,0.35732204,0.35850406,-0.0011820197,,,Nervous System
rassf2a,0.20944498,0.21062703,-0.0011820495,,,Nervous System
med7,0.11911546,0.1203479,-0.0012324452,,,Nervous System
mapre1a,0.20693769,0.20817395,-0.0012362599,,,Nervous System
hnrnpk,0.5031734,0.5044448,-0.0012713671,,,Nervous System
mtf2,0.18087897,0.18218373,-0.0013047606,,,Nervous System
tmed2,0.3094503,0.3107824,-0.0013321042,,,Nervous System
clasrp,0.10716127,0.10851884,-0.0013575703,,,Nervous System
mrps15,0.10376521,0.10518902,-0.001423806,,,Nervous System
stag2b,0.42915022,0.4305779,-0.0014276803,,,Nervous System
ccnh,0.104194954,0.10562894,-0.0014339834,,,Nervous System
zranb2,0.19806369,0.19949935,-0.0014356673,,,Nervous System
pdia3,0.31255418,0.31400037,-0.0014461875,,,Nervous System
cdc25b,0.4402678,0.44172436,-0.0014565587,,,Nervous System
tnni2b.1,0.1156772,0.11713726,-0.0014600605,,,Nervous System
sugt1,0.11756434,0.1190349,-0.0014705583,,,Nervous System
epb41l5,0.26952845,0.2710047,-0.001476258,,,Nervous System
mt-co2,4.045168,4.0466537,-0.0014858246,,,Nervous System
vps54,0.16396055,0.16547158,-0.0015110373,,,Nervous System
anp32b,0.8986766,0.90018916,-0.0015125871,,,Nervous System
thap12a,0.22147493,0.22307195,-0.001597017,,,Nervous System
ube2d2,0.4227436,0.42434233,-0.0015987456,,,Nervous System
arpc5b,0.14204039,0.14365663,-0.0016162395,,,Nervous System
nrf1,0.13506861,0.13669008,-0.0016214699,,,Nervous System
txndc9,0.2373711,0.23909354,-0.0017224401,,,Nervous System
ash1l,0.13402328,0.13576525,-0.0017419755,,,Nervous System
mis18a,0.11162886,0.11339859,-0.001769729,,,Nervous System
ubtf,0.21274011,0.21451521,-0.0017751008,,,Nervous System
polr2j,0.17130028,0.17312959,-0.0018293113,,,Nervous System
nol9,0.1571971,0.15903431,-0.0018372089,,,Nervous System
ppp4ca,0.19551308,0.19739327,-0.0018801838,,,Nervous System
antxr1c,0.10664199,0.10852456,-0.001882568,,,Nervous System
ppm1la,0.26308045,0.26496416,-0.0018837154,,,Nervous System
rasgef1ba,0.2506377,0.25257063,-0.001932919,,,Nervous System
tbl1x,0.10203388,0.103971936,-0.0019380525,,,Nervous System
zc3h14,0.10131518,0.10327567,-0.0019604936,,,Nervous System
ildr2,0.18198524,0.18399093,-0.0020056814,,,Nervous System
wrap73,0.1669352,0.16894709,-0.0020118803,,,Nervous System
NC-002333.13,0.25160307,0.25361732,-0.0020142496,,,Nervous System
birc5a,0.29511955,0.29720077,-0.0020812154,,,Nervous System
ing5b,0.10056003,0.102642976,-0.002082944,,,Nervous System
tra2b,0.1310867,0.13319886,-0.0021121502,,,Nervous System
nxn,0.15627608,0.15840594,-0.0021298677,,,Nervous System
nck2a,0.11386615,0.116006956,-0.0021408051,,,Nervous System
thop1,0.10441984,0.10656689,-0.0021470487,,,Nervous System
cpsf4,0.096451364,0.09860386,-0.002152495,,,Nervous System
intu,0.1104748,0.1126404,-0.0021656007,,,Nervous System
si:dkey-30c15.10,0.1302389,0.13241355,-0.0021746457,,,Nervous System
mea1,0.12929605,0.13149017,-0.0021941215,,,Nervous System
ran,2.5245724,2.5267918,-0.0022194386,,,Nervous System
sox13,0.2653366,0.26756042,-0.0022238195,,,Nervous System
MZT1,0.21579692,0.21802142,-0.002224505,,,Nervous System
arid4a,0.13935788,0.14158738,-0.0022294968,,,Nervous System
sdhdb,0.16659506,0.16884679,-0.0022517294,,,Nervous System
COX5B,0.7175512,0.71982056,-0.0022693872,,,Nervous System
xrn2,0.11379926,0.11609326,-0.002294004,,,Nervous System
ndufa9a,0.13194448,0.13430217,-0.0023576915,,,Nervous System
zc3h11a,0.12693155,0.1293051,-0.0023735464,,,Nervous System
wasf3b,0.4042442,0.4066252,-0.002380997,,,Nervous System
ivd,0.11981498,0.12220272,-0.0023877397,,,Nervous System
COX7A2,0.11940911,0.12179932,-0.0023902133,,,Nervous System
hectd1,0.17582648,0.1782355,-0.002409026,,,Nervous System
rab7a,0.18828872,0.19069819,-0.002409473,,,Nervous System
cmip,0.11134979,0.11376081,-0.0024110153,,,Nervous System
arid1ab,0.32585776,0.32827887,-0.0024211109,,,Nervous System
rps27.1,2.9473152,2.9497387,-0.0024235249,,,Nervous System
znf865,0.24605778,0.24850333,-0.0024455488,,,Nervous System
otpa,0.2670408,0.269489,-0.0024482012,,,Nervous System
tuba1a,1.4993206,1.5017995,-0.002478838,,,Nervous System
kif22,0.30347976,0.3059599,-0.0024801493,,,Nervous System
zmat2,0.24122399,0.2437163,-0.0024923086,,,Nervous System
cdc42,0.40325746,0.40579447,-0.002537012,,,Nervous System
si:dkey-253i9.4,0.108904645,0.11145591,-0.002551265,,,Nervous System
usf1,0.17408603,0.17664453,-0.0025584996,,,Nervous System
rab5c,0.15780441,0.1603633,-0.002558887,,,Nervous System
rlim,0.16259535,0.16517042,-0.0025750697,,,Nervous System
megf8,0.10335924,0.10595635,-0.002597116,,,Nervous System
kbtbd2,0.15905075,0.16165668,-0.00260593,,,Nervous System
ankrd28b,0.13726084,0.1398682,-0.0026073605,,,Nervous System
pcid2,0.15110724,0.15373395,-0.002626717,,,Nervous System
snrpb2,0.31851527,0.32114962,-0.0026343465,,,Nervous System
anxa1c,0.47338322,0.47601828,-0.0026350617,,,Nervous System
chtopa,0.43109217,0.4337636,-0.0026714206,,,Nervous System
lgals3a,0.12725765,0.12992984,-0.0026721954,,,Nervous System
llgl1,0.15545699,0.15815853,-0.0027015358,,,Nervous System
nucb2a,0.13044406,0.13317159,-0.0027275234,,,Nervous System
tp53bp2a,0.20140646,0.20414539,-0.0027389228,,,Nervous System
arhgef6,0.14035822,0.14311236,-0.002754137,,,Nervous System
eya3,0.10676039,0.1095148,-0.0027544126,,,Nervous System
atp6v0e1,0.91848344,0.9212428,-0.0027593374,,,Nervous System
luc7l3,0.18913029,0.19193627,-0.002805978,,,Nervous System
dhx32b,0.15608916,0.1589,-0.0028108358,,,Nervous System
srsf6a,0.61284214,0.6156542,-0.002812028,,,Nervous System
sltm,0.34994343,0.35277754,-0.0028341115,,,Nervous System
ogdha,0.21273486,0.21557125,-0.0028363913,,,Nervous System
ppp1cb,0.39657918,0.39944187,-0.0028626919,,,Nervous System
zgc:123105,0.29879257,0.30166632,-0.0028737485,,,Nervous System
praf2,0.17907389,0.18194793,-0.0028740466,,,Nervous System
gsnb,0.1333127,0.13619527,-0.00288257,,,Nervous System
srgap2,0.28884855,0.2917737,-0.0029251575,,,Nervous System
polb,0.3051844,0.3081686,-0.002984196,,,Nervous System
snrpd3,0.16452165,0.16752522,-0.0030035675,,,Nervous System
cops4,0.17830984,0.1813152,-0.0030053556,,,Nervous System
apc,0.2141341,0.2171506,-0.0030165017,,,Nervous System
ube2g1a,0.2812801,0.28432557,-0.0030454695,,,Nervous System
caprin1a,0.24100551,0.24406482,-0.0030593127,,,Nervous System
trnau1apa,0.14293498,0.14601055,-0.0030755699,,,Nervous System
kmt5b,0.15677197,0.1598497,-0.0030777305,,,Nervous System
maf1,0.120501645,0.12360852,-0.0031068772,,,Nervous System
adam10a,0.1915503,0.19465794,-0.0031076372,,,Nervous System
slc39a10,0.10929902,0.11240718,-0.0031081587,,,Nervous System
ccng2,0.1547117,0.15782627,-0.003114581,,,Nervous System
upf1,0.11418274,0.117303446,-0.0031207055,,,Nervous System
setdb1b,0.24234994,0.24553625,-0.0031863153,,,Nervous System
sufu,0.14320706,0.14640784,-0.0032007843,,,Nervous System
fat1a,0.4643132,0.4675193,-0.003206104,,,Nervous System
narf,0.110547125,0.113778815,-0.0032316893,,,Nervous System
kirrel1a,0.10560725,0.108855076,-0.0032478273,,,Nervous System
adam17a,0.12731473,0.13057725,-0.0032625198,,,Nervous System
MAF1,0.43688542,0.44016126,-0.0032758415,,,Nervous System
espl1,0.119952455,0.12323028,-0.0032778233,,,Nervous System
amer1,0.23109598,0.2343941,-0.0032981187,,,Nervous System
NC-002333.5,0.1539646,0.15730214,-0.0033375472,,,Nervous System
plxna3,0.126417,0.1297549,-0.0033379048,,,Nervous System
maip1,0.15795381,0.16130069,-0.0033468753,,,Nervous System
snrpa1,0.21636645,0.21974371,-0.0033772588,,,Nervous System
gclm,0.106784955,0.11016882,-0.0033838674,,,Nervous System
si:dkey-6i22.5,0.14054765,0.14395119,-0.0034035444,,,Nervous System
bzw1b,0.18889055,0.19233096,-0.00344041,,,Nervous System
C3H16orf72,0.5224478,0.5258955,-0.0034476519,,,Nervous System
prdx4,0.13246535,0.13591783,-0.0034524798,,,Nervous System
herc1,0.1113674,0.11486615,-0.0034987554,,,Nervous System
selenou1a,0.1267271,0.13024928,-0.0035221726,,,Nervous System
mccc2,0.13510446,0.13864866,-0.0035441965,,,Nervous System
tspan7,0.96137255,0.96493655,-0.0035640001,,,Nervous System
gnai2a,0.1060351,0.10962177,-0.0035866722,,,Nervous System
rangap1a,0.1681352,0.17173497,-0.0035997778,,,Nervous System
hif1ab,0.3212509,0.32486734,-0.0036164522,,,Nervous System
stx6,0.14686306,0.15051466,-0.003651604,,,Nervous System
si:dkeyp-87e7.4,0.15356442,0.15722096,-0.0036565363,,,Nervous System
rnf19a,0.11984079,0.12349901,-0.0036582202,,,Nervous System
C20H1orf198,0.15340997,0.1570814,-0.0036714226,,,Nervous System
arl1,0.17610237,0.17978445,-0.003682077,,,Nervous System
kpna1,0.13286492,0.13656165,-0.0036967248,,,Nervous System
u2af2a,0.15466475,0.15836392,-0.0036991686,,,Nervous System
tnc,0.27123576,0.27505493,-0.0038191676,,,Nervous System
zgc:86764,0.1235179,0.12737255,-0.0038546473,,,Nervous System
unc119b,0.11795427,0.12183291,-0.0038786381,,,Nervous System
ufm1,0.12559624,0.12953824,-0.003941998,,,Nervous System
bag1,0.10102268,0.10496694,-0.0039442554,,,Nervous System
selenot1b,0.14449106,0.14844087,-0.003949806,,,Nervous System
mtdha,0.16733135,0.17130564,-0.0039742887,,,Nervous System
cdk12,0.17380556,0.17783345,-0.004027888,,,Nervous System
ide,0.096532464,0.10057841,-0.0040459484,,,Nervous System
erf,0.11048424,0.114552036,-0.0040677935,,,Nervous System
FP101914.1,0.11470596,0.118820146,-0.0041141883,,,Nervous System
nup98,0.22230622,0.22642398,-0.004117757,,,Nervous System
aph1b,0.172822,0.17695016,-0.004128158,,,Nervous System
cnn3a,0.14339587,0.14753683,-0.004140958,,,Nervous System
bcl7bb,0.1529168,0.15710169,-0.004184887,,,Nervous System
rnf7,0.27544495,0.2796357,-0.004190743,,,Nervous System
spc24,0.12194323,0.12613724,-0.004194014,,,Nervous System
phgdh,0.41078645,0.41501084,-0.00422439,,,Nervous System
bmpr1aa,0.24690107,0.25112918,-0.004228115,,,Nervous System
heatr5a,0.11760812,0.1218493,-0.004241176,,,Nervous System
nedd8,0.29040036,0.29465032,-0.00424996,,,Nervous System
iars2,0.12125372,0.12552597,-0.004272245,,,Nervous System
ctsf,0.12576728,0.13005842,-0.004291147,,,Nervous System
scfd1,0.10571818,0.11002172,-0.0043035373,,,Nervous System
brd8,0.20898956,0.2133034,-0.0043138415,,,Nervous System
rbm14b,0.116324715,0.120647594,-0.004322879,,,Nervous System
CU207221.1,0.1326023,0.13693982,-0.0043375194,,,Nervous System
plrg1,0.24872537,0.2530882,-0.0043628365,,,Nervous System
zbtb33,0.14241537,0.14680408,-0.004388705,,,Nervous System
lhfpl5b,0.12005761,0.12448158,-0.0044239685,,,Nervous System
men1,0.10772527,0.11216116,-0.0044358894,,,Nervous System
hnrnph1l,0.4774923,0.48193464,-0.004442334,,,Nervous System
tax1bp3,0.24871549,0.2531899,-0.0044744015,,,Nervous System
zmynd11,0.16152868,0.16603611,-0.0045074373,,,Nervous System
lsm6,0.5805473,0.5850594,-0.004512131,,,Nervous System
ap1s1,0.14439383,0.1489091,-0.0045152754,,,Nervous System
tmcc3,0.21032189,0.21489097,-0.0045690835,,,Nervous System
nxf1,0.14385757,0.1484272,-0.004569635,,,Nervous System
rprd2a,0.1490101,0.15361536,-0.0046052486,,,Nervous System
si:zfos-169g10.3,0.13973716,0.14434455,-0.0046073943,,,Nervous System
gnai1,0.13580337,0.14041974,-0.004616365,,,Nervous System
ep300b,0.20809036,0.21271321,-0.004622847,,,Nervous System
mcrs1,0.12961097,0.13424093,-0.0046299547,,,Nervous System
rcor2,0.31037217,0.3150383,-0.00466612,,,Nervous System
mfap1,0.24029802,0.24500528,-0.004707262,,,Nervous System
timm23a,0.13552335,0.14026003,-0.004736677,,,Nervous System
ppil4,0.09990113,0.104656555,-0.0047554225,,,Nervous System
clns1a,0.1706309,0.17542318,-0.004792273,,,Nervous System
zgc:162944,0.12823536,0.13305992,-0.004824564,,,Nervous System
tax1bp1b,0.22603989,0.23086774,-0.004827857,,,Nervous System
gmnn,0.21539776,0.22025146,-0.0048536956,,,Nervous System
marcksl1a,0.99620676,1.0010624,-0.004855633,,,Nervous System
mob1ba,0.21041928,0.21528964,-0.004870355,,,Nervous System
yy1a,0.22462551,0.22949734,-0.0048718303,,,Nervous System
MEPCE,0.14498737,0.14986028,-0.004872903,,,Nervous System
ndufa2,0.21957862,0.22446752,-0.004888892,,,Nervous System
hbae1.1,0.097797416,0.10272195,-0.0049245358,,,Nervous System
zfp36l2,0.104294896,0.10922965,-0.0049347505,,,Nervous System
ppp4r2a,0.15156862,0.15651503,-0.0049464107,,,Nervous System
kpna4,0.3695209,0.37448815,-0.0049672425,,,Nervous System
tasora,0.10288016,0.107877694,-0.0049975365,,,Nervous System
rps24,3.125078,3.1300845,-0.0050065517,,,Nervous System
dohh,0.10611213,0.11116552,-0.0050533935,,,Nervous System
tipin,0.18223506,0.1872912,-0.005056143,,,Nervous System
gtf2h5,0.1119286,0.11698988,-0.0050612837,,,Nervous System
atxn2l,0.15181129,0.15687591,-0.0050646216,,,Nervous System
CR932000.1,0.33003318,0.3351074,-0.005074203,,,Nervous System
ythdf2,0.10282201,0.10791628,-0.0050942674,,,Nervous System
bcor,0.17119652,0.17640613,-0.00520961,,,Nervous System
psmd12,0.37715808,0.3823902,-0.0052321255,,,Nervous System
tdg.1,0.59046507,0.59572196,-0.0052568913,,,Nervous System
si:ch73-22o12.1,0.13032734,0.13558982,-0.005262479,,,Nervous System
tubg1,0.12756875,0.1328457,-0.005276948,,,Nervous System
rfc4,0.2436304,0.24894114,-0.005310744,,,Nervous System
vmp1,0.12692438,0.13225594,-0.005331561,,,Nervous System
cenpn,0.11753546,0.12286712,-0.0053316653,,,Nervous System
nelfcd,0.10735169,0.1126924,-0.0053407103,,,Nervous System
rap1ab,0.120485224,0.12583327,-0.005348049,,,Nervous System
mzt2b,0.10122197,0.1065829,-0.005360931,,,Nervous System
shroom4,0.114692904,0.12007062,-0.0053777173,,,Nervous System
ginm1,0.11536895,0.12079435,-0.005425401,,,Nervous System
babam2,0.11228466,0.11774659,-0.005461931,,,Nervous System
s1pr1,0.3543374,0.35981804,-0.005480647,,,Nervous System
kpna3,0.16030158,0.16578777,-0.0054861903,,,Nervous System
nup107,0.16972686,0.17521696,-0.0054900944,,,Nervous System
rap1b,0.14586595,0.15136157,-0.0054956228,,,Nervous System
slc38a4,0.14855716,0.1540561,-0.0054989457,,,Nervous System
g3bp2,0.22879955,0.23430131,-0.005501762,,,Nervous System
si:dkey-6n21.12,0.14631842,0.15182032,-0.005501896,,,Nervous System
nipbla,0.09729125,0.10280343,-0.005512178,,,Nervous System
nipblb,0.16264117,0.16819167,-0.0055505037,,,Nervous System
cab39l,0.14249194,0.14805025,-0.005558312,,,Nervous System
CU302316.1,0.11132551,0.116886735,-0.005561225,,,Nervous System
trappc6bl,0.10469422,0.11029298,-0.005598761,,,Nervous System
st3gal5,0.119435646,0.12504573,-0.005610086,,,Nervous System
gabpb2a,0.14457978,0.15020508,-0.0056252927,,,Nervous System
tubgcp4,0.10149983,0.10712766,-0.005627826,,,Nervous System
znf770,0.10917016,0.11480721,-0.0056370497,,,Nervous System
pdhb,0.30323386,0.30888525,-0.0056513846,,,Nervous System
rad21a,1.0630913,1.0687574,-0.0056661367,,,Nervous System
ube3a,0.09763694,0.10331957,-0.0056826323,,,Nervous System
pin4,0.21183845,0.21754631,-0.00570786,,,Nervous System
smad3a,0.13560937,0.14132068,-0.005711302,,,Nervous System
si:ch211-168f7.5,0.09650107,0.102239765,-0.005738698,,,Nervous System
kat7b,0.117025025,0.12276606,-0.0057410374,,,Nervous System
dpp7,0.14095584,0.14670171,-0.005745873,,,Nervous System
ckap2l,0.21909013,0.22487387,-0.0057837367,,,Nervous System
col5a1,0.16274174,0.168526,-0.0057842582,,,Nervous System
si:dkeyp-113d7.1,0.19487222,0.20067862,-0.0058064014,,,Nervous System
cenpk,0.15040705,0.1563013,-0.0058942586,,,Nervous System
kat5b,0.10269435,0.108610295,-0.0059159473,,,Nervous System
si:ch211-212k18.4,0.16292681,0.1688585,-0.0059316903,,,Nervous System
akap8l,0.43168226,0.43765068,-0.0059684217,,,Nervous System
gemin2,0.12297971,0.12895732,-0.0059776083,,,Nervous System
cdh6,0.15443242,0.16042551,-0.005993098,,,Nervous System
emp2,0.15217516,0.15817699,-0.00600183,,,Nervous System
cbx1b,0.10383031,0.10984739,-0.0060170814,,,Nervous System
vgll4b,0.19736204,0.20338681,-0.006024778,,,Nervous System
rhogc,0.16755049,0.17357838,-0.006027892,,,Nervous System
ndufa6,0.24120873,0.24727069,-0.0060619563,,,Nervous System
ddx23,0.2332779,0.23934238,-0.0060644746,,,Nervous System
rps6kb1b,0.1097152,0.11579474,-0.0060795397,,,Nervous System
nf1a,0.10758732,0.113668546,-0.0060812235,,,Nervous System
si:ch211-197h24.6,0.18787293,0.19396174,-0.006088808,,,Nervous System
nlk1,0.16214995,0.16825736,-0.006107405,,,Nervous System
rps19bp1,0.18427613,0.19039601,-0.006119877,,,Nervous System
znf207a,0.29676598,0.30289105,-0.0061250627,,,Nervous System
dbt,0.15109985,0.15724339,-0.00614354,,,Nervous System
ISCU,0.20513406,0.21127936,-0.0061452985,,,Nervous System
jag2b,0.16222134,0.16837639,-0.006155044,,,Nervous System
txndc5,0.28967613,0.29583684,-0.0061607063,,,Nervous System
sept12,0.36072034,0.36688635,-0.006166011,,,Nervous System
sox2,0.3382554,0.34444147,-0.006186068,,,Nervous System
tfip11,0.08814135,0.09434652,-0.0062051713,,,Nervous System
zgc:112982,0.13429819,0.14050949,-0.0062112957,,,Nervous System
nck1b,0.10829692,0.11451094,-0.006214015,,,Nervous System
calua,0.14715037,0.15336476,-0.006214395,,,Nervous System
pak2a,0.13536923,0.14158523,-0.0062160045,,,Nervous System
cbsb,0.12442275,0.1306518,-0.0062290505,,,Nervous System
robo1,0.24037923,0.24661125,-0.0062320232,,,Nervous System
wipf2b,0.14217256,0.14845106,-0.0062785,,,Nervous System
aup1,0.10128421,0.10756816,-0.0062839463,,,Nervous System
rhocb,0.13257028,0.13885432,-0.006284043,,,Nervous System
uchl3,0.17006017,0.17634839,-0.0062882155,,,Nervous System
phax,0.18623033,0.19252306,-0.0062927306,,,Nervous System
mrpl44,0.10976189,0.11606273,-0.0063008443,,,Nervous System
psmg3,0.14850476,0.15480813,-0.00630337,,,Nervous System
usp39,0.090960994,0.09727022,-0.006309226,,,Nervous System
wee1,0.18113454,0.18745318,-0.0063186437,,,Nervous System
mrps25,0.19475298,0.20107348,-0.0063205063,,,Nervous System
si:ch211-194k22.8,0.18286094,0.18922938,-0.0063684434,,,Nervous System
pdcd10a,0.10836697,0.11475517,-0.006388195,,,Nervous System
sart1,0.16589814,0.17231268,-0.0064145327,,,Nervous System
rpl36a,2.9912124,2.9976373,-0.006424904,,,Nervous System
ccz1,0.10116033,0.1076083,-0.006447971,,,Nervous System
ccdc124,0.16085202,0.16730316,-0.006451145,,,Nervous System
si:dkey-239h2.3,0.11554567,0.12201969,-0.0064740255,,,Nervous System
cxcl12a,0.10547096,0.111948304,-0.006477341,,,Nervous System
hsp90b1,0.09592131,0.10239976,-0.006478451,,,Nervous System
polr2l,0.5257121,0.53219056,-0.0064784884,,,Nervous System
cnot3a,0.1466031,0.1530931,-0.006490007,,,Nervous System
ppp2r5eb,0.10311944,0.109630875,-0.006511435,,,Nervous System
plk1,0.8692136,0.8757288,-0.006515205,,,Nervous System
epn2,0.24573109,0.2522736,-0.006542504,,,Nervous System
diaph2,0.13477455,0.14134225,-0.0065677017,,,Nervous System
timm9,0.15717365,0.16376613,-0.0065924823,,,Nervous System
hacd2,0.14499418,0.15163946,-0.006645277,,,Nervous System
prpf3,0.11196263,0.11863069,-0.006668061,,,Nervous System
gpalpp1,0.113368675,0.12004062,-0.006671943,,,Nervous System
acadm,0.10555403,0.1122348,-0.0066807717,,,Nervous System
pagr1,0.09174789,0.09847173,-0.0067238435,,,Nervous System
fnbp4,0.2026076,0.20939338,-0.00678578,,,Nervous System
hnf1a,0.107714035,0.11452694,-0.0068129078,,,Nervous System
otx2a,0.10824836,0.1150742,-0.006825842,,,Nervous System
rai14,0.11957809,0.12640464,-0.00682655,,,Nervous System
psma4,0.32558337,0.3324276,-0.0068442225,,,Nervous System
cnih1,0.2499802,0.25682786,-0.0068476647,,,Nervous System
srsf6b,0.43826148,0.44511646,-0.006854981,,,Nervous System
rap2c,0.10571946,0.11259736,-0.006877899,,,Nervous System
tmx2b,0.13977316,0.14667284,-0.0068996847,,,Nervous System
rplp2l,3.2693439,3.2762468,-0.006902933,,,Nervous System
faub,0.10115209,0.108057536,-0.006905444,,,Nervous System
si:dkey-88p24.11,0.13787982,0.14479247,-0.0069126487,,,Nervous System
pdia6,0.12738523,0.13430741,-0.0069221854,,,Nervous System
farp2,0.15867661,0.16560073,-0.0069241226,,,Nervous System
krt91,0.8218905,0.82886773,-0.00697726,,,Nervous System
hipk3a,0.10633413,0.1133377,-0.0070035756,,,Nervous System
pole3,0.13105915,0.13806729,-0.0070081353,,,Nervous System
MED9,0.11178239,0.11880713,-0.0070247427,,,Nervous System
smarcb1b,0.28977138,0.2967998,-0.0070284307,,,Nervous System
prpf8,0.5901209,0.59716105,-0.007040143,,,Nervous System
syt11a,0.17265806,0.17970398,-0.0070459247,,,Nervous System
myl12.2,0.20935781,0.21642572,-0.007067904,,,Nervous System
lypla2,0.10318872,0.11028621,-0.00709749,,,Nervous System
nr2f6a,0.29841757,0.30553877,-0.0071212053,,,Nervous System
dhx8,0.14449666,0.1516201,-0.0071234405,,,Nervous System
stag1a,0.12877797,0.13590586,-0.007127896,,,Nervous System
tmem134,0.3183092,0.32545695,-0.007147759,,,Nervous System
ints1,0.12134735,0.12852068,-0.0071733296,,,Nervous System
cpvl,0.101774186,0.1089548,-0.0071806163,,,Nervous System
h1-10,0.10948149,0.11667136,-0.00718987,,,Nervous System
rab5if,0.19190614,0.19912568,-0.007219538,,,Nervous System
nol6,0.09215446,0.099385,-0.0072305426,,,Nervous System
gpkow,0.10502721,0.11227042,-0.0072432086,,,Nervous System
eci1,0.11898252,0.12624052,-0.007257998,,,Nervous System
tspy,0.13564713,0.14291267,-0.007265538,,,Nervous System
sdcbp2,0.32466954,0.3319433,-0.0072737634,,,Nervous System
en2a,0.1226757,0.12998681,-0.0073111057,,,Nervous System
ccnb1,0.9011445,0.9084741,-0.007329583,,,Nervous System
ypel5,0.118643686,0.12599196,-0.007348269,,,Nervous System
tars1,0.23494434,0.24229422,-0.0073498785,,,Nervous System
btbd10a,0.097201325,0.10455433,-0.007353008,,,Nervous System
tufm,0.1521883,0.15955031,-0.007362008,,,Nervous System
srsf2b,0.13276558,0.14013115,-0.0073655695,,,Nervous System
pomp,0.5962949,0.6036679,-0.007373035,,,Nervous System
ciapin1,0.16465604,0.17204788,-0.00739184,,,Nervous System
top1l,0.88936424,0.89678043,-0.0074161887,,,Nervous System
atf4b,0.38636285,0.3937841,-0.007421255,,,Nervous System
drg2,0.17192855,0.17935094,-0.0074223876,,,Nervous System
NDUFB1,0.18971834,0.19714558,-0.0074272454,,,Nervous System
cdk8,0.1797267,0.18715876,-0.0074320585,,,Nervous System
mkrn4,0.13782261,0.1452554,-0.0074327886,,,Nervous System
BX284638.2,1.0595801,1.0670321,-0.007452011,,,Nervous System
tssc4,0.12631866,0.13385491,-0.0075362474,,,Nervous System
fbxw11b,0.10208765,0.109660916,-0.0075732693,,,Nervous System
fam193b,0.10091933,0.10849401,-0.007574685,,,Nervous System
FP326649.1,0.13238983,0.13996789,-0.00757806,,,Nervous System
tmed9,0.17233928,0.17991737,-0.00757809,,,Nervous System
tp53bp1,0.109175496,0.1167619,-0.0075864047,,,Nervous System
emc10,0.12863731,0.13623431,-0.0075969994,,,Nervous System
aplp2,0.16033378,0.16793688,-0.007603094,,,Nervous System
nup205,0.18487518,0.1924845,-0.0076093227,,,Nervous System
cdca8,0.3519001,0.3595416,-0.0076414943,,,Nervous System
syap1,0.1273593,0.13501425,-0.00765495,,,Nervous System
sin3ab,0.20586714,0.21352275,-0.0076556057,,,Nervous System
irx5a,0.2483283,0.2560041,-0.0076757967,,,Nervous System
pik3r2,0.14043485,0.14811769,-0.007682845,,,Nervous System
dnajc7,0.13911542,0.14683565,-0.007720232,,,Nervous System
pusl1,0.23440057,0.24212724,-0.0077266693,,,Nervous System
cks1b,0.41613415,0.42386237,-0.007728219,,,Nervous System
pan3,0.12870994,0.13644382,-0.0077338815,,,Nervous System
lsg1,0.09280636,0.10056909,-0.00776273,,,Nervous System
pqbp1,0.11938054,0.1271449,-0.007764362,,,Nervous System
si:dkey-28b4.7,0.12772642,0.1355195,-0.007793084,,,Nervous System
copa,0.32256377,0.33037058,-0.0078068078,,,Nervous System
nomo,0.12649707,0.13433363,-0.0078365505,,,Nervous System
srrm1,0.42886877,0.43671006,-0.007841289,,,Nervous System
rbm15b,0.19769882,0.20554075,-0.00784193,,,Nervous System
xpo7,0.1635184,0.17140214,-0.007883742,,,Nervous System
mtap,0.12927042,0.13717826,-0.007907838,,,Nervous System
zgc:114119,0.18273348,0.1906627,-0.007929221,,,Nervous System
psma3,0.6061916,0.61413544,-0.007943869,,,Nervous System
prkcsh,0.20347525,0.21141937,-0.007944122,,,Nervous System
snu13a,0.11268852,0.12066935,-0.007980831,,,Nervous System
eif4ea,0.13257395,0.14056836,-0.007994413,,,Nervous System
morc2,0.21952993,0.22753355,-0.008003622,,,Nervous System
prelid3b,0.122552425,0.13055716,-0.00800474,,,Nervous System
psmd8,0.554918,0.56293863,-0.008020639,,,Nervous System
hadhab,0.14746693,0.15551779,-0.008050859,,,Nervous System
u2af2b,0.48353097,0.49158606,-0.008055091,,,Nervous System
adnp2b,0.24976121,0.25783423,-0.008073017,,,Nervous System
tdg.2,0.15594417,0.16402596,-0.008081794,,,Nervous System
atg13,0.10577107,0.11386897,-0.0080978945,,,Nervous System
capns1b,0.43206155,0.44018742,-0.008125871,,,Nervous System
rprd1b,0.09240538,0.10054361,-0.008138232,,,Nervous System
med19a,0.21445195,0.22259663,-0.008144677,,,Nervous System
ptmaa,1.7733996,1.7815493,-0.008149743,,,Nervous System
mrpl20,0.110713445,0.11886332,-0.008149877,,,Nervous System
myl1,0.24662384,0.25481072,-0.008186877,,,Nervous System
eny2,0.40304503,0.4112584,-0.008213371,,,Nervous System
rb1,0.11966949,0.1279052,-0.008235715,,,Nervous System
rrp15,0.11574011,0.12400243,-0.008262314,,,Nervous System
rnf185,0.11203576,0.120307304,-0.008271545,,,Nervous System
zic4,0.10378211,0.11205626,-0.008274153,,,Nervous System
txnl1,0.15930761,0.16759053,-0.008282915,,,Nervous System
chuk,0.11293921,0.121276185,-0.008336976,,,Nervous System
mrgbp,0.10416138,0.1125,-0.008338615,,,Nervous System
fundc2,0.24437433,0.25271308,-0.008338749,,,Nervous System
ythdf1,0.17987768,0.18822075,-0.008343071,,,Nervous System
ppil1,0.1573304,0.16567595,-0.008345559,,,Nervous System
naa15a,0.0935858,0.10195801,-0.00837221,,,Nervous System
prrc2a,0.44553897,0.45392624,-0.008387268,,,Nervous System
tbp,0.12945239,0.1378496,-0.008397207,,,Nervous System
abce1,0.5841641,0.5925717,-0.008407593,,,Nervous System
mt-co1,3.1693456,3.1777732,-0.00842762,,,Nervous System
mrpl36,0.17995715,0.1883885,-0.008431345,,,Nervous System
cry3a,0.20629339,0.21473719,-0.008443803,,,Nervous System
ciao2b,0.14474379,0.15324907,-0.008505285,,,Nervous System
atpaf2,0.09629788,0.104803845,-0.008505963,,,Nervous System
trappc2l,0.099132255,0.10763886,-0.008506604,,,Nervous System
cachd1,0.14520508,0.15373239,-0.008527309,,,Nervous System
spryd4,0.09857135,0.107121885,-0.008550532,,,Nervous System
si:ch73-25f10.6,0.13481365,0.143377,-0.008563355,,,Nervous System
ndufv3,0.10636359,0.114958785,-0.008595198,,,Nervous System
pacsin1b,0.14106393,0.14966269,-0.00859876,,,Nervous System
kank4,0.08034113,0.08894866,-0.008607529,,,Nervous System
sept10,0.21148187,0.2201114,-0.008629531,,,Nervous System
nup153,0.20500278,0.21363555,-0.008632764,,,Nervous System
xrcc5,0.13810268,0.14673652,-0.008633837,,,Nervous System
robo3,0.12168503,0.13032803,-0.008643001,,,Nervous System
ddx42,0.1780791,0.1867319,-0.008652806,,,Nervous System
rtf2,0.14244495,0.15110399,-0.008659035,,,Nervous System
mrpl2,0.15612222,0.16480273,-0.008680508,,,Nervous System
paqr3a,0.103025116,0.11171355,-0.008688435,,,Nervous System
med10,0.2212895,0.23006755,-0.008778051,,,Nervous System
col2a1a,0.43274555,0.4415368,-0.008791268,,,Nervous System
si:ch211-226l4.6,0.102195874,0.11098908,-0.008793205,,,Nervous System
lta4h,0.14646152,0.15525775,-0.00879623,,,Nervous System
si:ch211-191j22.3,0.16356178,0.1723771,-0.008815318,,,Nervous System
siah1,0.1090578,0.1178785,-0.008820698,,,Nervous System
adrm1,0.22195502,0.23078543,-0.008830413,,,Nervous System
phc1,0.10203833,0.11089363,-0.008855298,,,Nervous System
sdhb,0.20082876,0.20971045,-0.008881688,,,Nervous System
psma6a,0.5234492,0.53238094,-0.008931756,,,Nervous System
wdr3,0.10386968,0.11283012,-0.008960441,,,Nervous System
sept15,0.22360389,0.23256712,-0.008963227,,,Nervous System
apoa1b,0.5109827,0.5199508,-0.008968115,,,Nervous System
krit1,0.11428055,0.123251274,-0.008970723,,,Nervous System
ccnk,0.104619734,0.113590516,-0.008970782,,,Nervous System
virma,0.09369625,0.102673985,-0.008977734,,,Nervous System
epn1,0.09924281,0.10823213,-0.008989327,,,Nervous System
hells,0.33062306,0.33961996,-0.008996904,,,Nervous System
mccc1,0.12374471,0.13276733,-0.009022623,,,Nervous System
cxxc5a,0.16743192,0.17647825,-0.009046331,,,Nervous System
dync1li2,0.16632675,0.1754117,-0.009084955,,,Nervous System
erlin1,0.2072646,0.21635409,-0.009089485,,,Nervous System
si:ch211-173p18.3,0.18690741,0.19603273,-0.009125322,,,Nervous System
mob3a,0.09947786,0.10860595,-0.009128094,,,Nervous System
caskb,0.11755201,0.12668402,-0.009132013,,,Nervous System
nfatc2ip,0.09869303,0.10782807,-0.009135045,,,Nervous System
uba3,0.108106636,0.11724819,-0.009141557,,,Nervous System
caskin1,0.1354349,0.14458343,-0.009148538,,,Nervous System
adipor1a,0.104265414,0.11345942,-0.009194009,,,Nervous System
dynlt3,0.31268704,0.32188606,-0.009199023,,,Nervous System
arl3b,0.1879828,0.19722256,-0.009239763,,,Nervous System
rbm25b,0.13453318,0.14382775,-0.0092945695,,,Nervous System
eif3s6ip,0.56657237,0.575873,-0.009300649,,,Nervous System
cd276,0.13366152,0.14297402,-0.009312496,,,Nervous System
ing2,0.108992375,0.11831717,-0.0093247965,,,Nervous System
polr2a,0.23821723,0.24755916,-0.009341925,,,Nervous System
skap1,0.17894389,0.18830377,-0.009359881,,,Nervous System
cnot8,0.10033512,0.10974179,-0.009406671,,,Nervous System
xrcc1,0.29182297,0.30123323,-0.009410262,,,Nervous System
ilf3a,0.25554538,0.26495865,-0.009413272,,,Nervous System
rac1a,0.8069649,0.81637824,-0.009413362,,,Nervous System
mycbp2,0.13794832,0.14738397,-0.009435654,,,Nervous System
ddx39aa,0.555068,0.56450754,-0.009439528,,,Nervous System
nat9,0.11611647,0.12555897,-0.009442501,,,Nervous System
ppp1r21,0.109256335,0.11871542,-0.009459086,,,Nervous System
psme3,0.16389719,0.17338617,-0.009488985,,,Nervous System
arpp19a,0.21910372,0.22860624,-0.009502515,,,Nervous System
arpc1a,0.2829085,0.29242262,-0.009514123,,,Nervous System
prkag1,0.12595992,0.13548015,-0.009520233,,,Nervous System
agr1,0.26547784,0.27500135,-0.009523511,,,Nervous System
znf367,0.091572404,0.10114376,-0.009571359,,,Nervous System
slkb,0.14634356,0.15592593,-0.0095823705,,,Nervous System
cdca5,0.24125746,0.250845,-0.009587526,,,Nervous System
tgif1,0.5089769,0.5185677,-0.009590805,,,Nervous System
syne2b,0.16013955,0.16974574,-0.0096061975,,,Nervous System
cwc22,0.11264645,0.122261815,-0.009615362,,,Nervous System
EMC4,0.10542033,0.11504595,-0.009625621,,,Nervous System
primpol,0.096322365,0.1059516,-0.009629235,,,Nervous System
nansa,0.092919424,0.10255422,-0.009634793,,,Nervous System
cdc42bpb,0.12443326,0.13408932,-0.009656064,,,Nervous System
galnt2,0.11164934,0.12131692,-0.009667575,,,Nervous System
polr2i,0.26871544,0.2784495,-0.009734064,,,Nervous System
exosc3,0.10344582,0.11319776,-0.009751938,,,Nervous System
manf,0.13586265,0.1456167,-0.009754047,,,Nervous System
srp68,0.18600777,0.19576235,-0.009754583,,,Nervous System
nuf2,0.17176017,0.18152861,-0.009768441,,,Nervous System
rars1,0.11097746,0.12076235,-0.009784885,,,Nervous System
nrbp1,0.11106888,0.12085515,-0.009786271,,,Nervous System
poldip2,0.14045738,0.15026225,-0.009804875,,,Nervous System
tfdp1b,0.10691441,0.11673655,-0.009822145,,,Nervous System
si:ch211-262h13.3,0.119452484,0.1292914,-0.009838916,,,Nervous System
hbs1l,0.09247999,0.10231934,-0.0098393485,,,Nervous System
magoh,0.2871858,0.29704636,-0.009860575,,,Nervous System
arhgap5,0.13197465,0.14183946,-0.009864807,,,Nervous System
lrmda,0.10947979,0.11935581,-0.00987602,,,Nervous System
CABZ01086755.1,0.34878483,0.35869485,-0.009910017,,,Nervous System
psd3l,0.09953653,0.10945541,-0.009918876,,,Nervous System
map2k2a,0.13707943,0.14700279,-0.009923354,,,Nervous System
mplkip,0.10473872,0.114694394,-0.009955674,,,Nervous System
pitpnbl,0.20793958,0.21790107,-0.009961486,,,Nervous System
stau1,0.37212762,0.38209572,-0.009968102,,,Nervous System
sec22ba,0.11273616,0.12270428,-0.009968124,,,Nervous System
abhd17c,0.10191912,0.11192806,-0.010008939,,,Nervous System
tpp2,0.12958507,0.1396126,-0.010027528,,,Nervous System
tpm3,0.6260093,0.63604325,-0.010033965,,,Nervous System
ppl,0.17745803,0.18749695,-0.010038912,,,Nervous System
asxl1,0.22349693,0.23354189,-0.010044962,,,Nervous System
arid2,0.18509544,0.19514623,-0.0100507885,,,Nervous System
puf60a,0.17205437,0.18215783,-0.010103464,,,Nervous System
rbm28,0.09509408,0.10520086,-0.01010678,,,Nervous System
ptmab,3.41241,3.4225266,-0.010116577,,,Nervous System
rps27l,0.18648359,0.19661789,-0.010134295,,,Nervous System
jmjd1cb,0.11612292,0.12625842,-0.010135502,,,Nervous System
kdm6ba,0.5196516,0.52978796,-0.010136366,,,Nervous System
szrd1,0.17459032,0.18472718,-0.010136858,,,Nervous System
ddah2,0.17306851,0.18321583,-0.010147318,,,Nervous System
rbm7,0.107615665,0.11777068,-0.010155015,,,Nervous System
cyfip2,0.28655395,0.29674438,-0.010190427,,,Nervous System
nup50,0.23164777,0.24187098,-0.01022321,,,Nervous System
emg1,0.115185104,0.12542528,-0.010240175,,,Nervous System
ino80,0.1882831,0.19854245,-0.010259345,,,Nervous System
nudc,0.28120005,0.29146633,-0.010266274,,,Nervous System
dusp19b,0.1317896,0.14208344,-0.010293841,,,Nervous System
ufd1l,0.09433458,0.10463203,-0.010297447,,,Nervous System
papolg,0.18555234,0.19585072,-0.010298371,,,Nervous System
ino80c,0.10015185,0.110455796,-0.010303944,,,Nervous System
dclre1b,0.1214819,0.1318022,-0.010320298,,,Nervous System
chmp4bb,0.13895239,0.14928658,-0.010334194,,,Nervous System
mrps6,0.14609177,0.15643016,-0.010338381,,,Nervous System
zswim5,0.29115772,0.3015152,-0.010357469,,,Nervous System
fstl1b,0.45252916,0.46289617,-0.010367006,,,Nervous System
gins3,0.09728233,0.10766141,-0.010379083,,,Nervous System
rif1,0.29409418,0.30449778,-0.010403603,,,Nervous System
rad51,0.1396125,0.15002415,-0.01041165,,,Nervous System
ncoa3,0.098585896,0.10899944,-0.010413542,,,Nervous System
nt5c2a,0.10198145,0.11241027,-0.010428816,,,Nervous System
grm2b,0.119617395,0.13005136,-0.010433964,,,Nervous System
exoc1,0.1343915,0.14482683,-0.010435328,,,Nervous System
trir,0.16767834,0.17811616,-0.010437816,,,Nervous System
mrpl32,0.11018125,0.120638005,-0.010456756,,,Nervous System
fxr2,0.13614494,0.14661744,-0.010472506,,,Nervous System
gskip,0.12245057,0.13293827,-0.010487698,,,Nervous System
rpl31,2.8135715,2.824062,-0.010490656,,,Nervous System
slc25a20,0.11878209,0.12927385,-0.010491759,,,Nervous System
cnn3b,0.18255062,0.19306128,-0.010510653,,,Nervous System
inavaa,0.1926613,0.20317538,-0.0105140805,,,Nervous System
ctr9,0.1568851,0.16740307,-0.01051797,,,Nervous System
cpsf1,0.22525999,0.23577923,-0.010519236,,,Nervous System
ist1,0.1350349,0.14555474,-0.010519832,,,Nervous System
MRPS12,0.10196859,0.112491205,-0.010522619,,,Nervous System
cep170aa,0.17681132,0.18733938,-0.010528058,,,Nervous System
lrpap1,0.13971268,0.15027228,-0.010559604,,,Nervous System
zc3hc1,0.1121215,0.12268482,-0.010563321,,,Nervous System
ncapg2,0.18967,0.20027418,-0.010604188,,,Nervous System
chd4a,0.29933244,0.30993938,-0.010606945,,,Nervous System
sars1,0.32743597,0.33805656,-0.010620594,,,Nervous System
dla,0.6396786,0.6503158,-0.010637224,,,Nervous System
sec14l1,0.3995603,0.4101976,-0.010637283,,,Nervous System
ndufs1,0.18661913,0.19726397,-0.010644838,,,Nervous System
tlcd5a,0.10240067,0.113068394,-0.010667726,,,Nervous System
CABZ01068469.1,0.13785046,0.14852735,-0.010676891,,,Nervous System
ctsd,0.30943668,0.32012358,-0.010686904,,,Nervous System
FO681286.1,0.22200544,0.23271532,-0.010709882,,,Nervous System
gria4a,0.16006391,0.17077798,-0.010714069,,,Nervous System
edc3,0.13293989,0.14365499,-0.010715097,,,Nervous System
pag1,0.20696017,0.21767779,-0.0107176155,,,Nervous System
senp3a,0.15427789,0.16500348,-0.010725588,,,Nervous System
enah,0.15569587,0.1664294,-0.01073353,,,Nervous System
gpbp1l1,0.09243618,0.103190616,-0.010754436,,,Nervous System
cpeb4b,0.13073403,0.14150126,-0.010767236,,,Nervous System
xrcc6,0.17071657,0.18152693,-0.01081036,,,Nervous System
smarca5,0.7789827,0.78980136,-0.01081866,,,Nervous System
ect2,0.11015778,0.12104681,-0.010889031,,,Nervous System
lsm14aa,0.13902035,0.14994688,-0.01092653,,,Nervous System
arvcfb,0.17482463,0.18576424,-0.010939613,,,Nervous System
mrps21,0.20304161,0.21398441,-0.010942802,,,Nervous System
rock2a,0.13390282,0.14485838,-0.010955557,,,Nervous System
si:ch211-51h9.6,0.11317882,0.12414884,-0.010970019,,,Nervous System
zgc:113263,0.1358646,0.14685412,-0.010989517,,,Nervous System
rab11ba,0.2701345,0.28113562,-0.01100111,,,Nervous System
zeb2b,0.10713182,0.11816595,-0.011034131,,,Nervous System
dvl2,0.1796829,0.19072968,-0.011046782,,,Nervous System
naa20,0.16168188,0.17279768,-0.011115804,,,Nervous System
kctd6b,0.10091727,0.11203402,-0.011116751,,,Nervous System
thoc2,0.26473516,0.27586251,-0.011127353,,,Nervous System
ap2b1,0.31430468,0.32544553,-0.011140853,,,Nervous System
gmppb,0.13309582,0.14424214,-0.011146322,,,Nervous System
ctsba,0.22137804,0.23252524,-0.011147201,,,Nervous System
ddi2,0.1983447,0.20950967,-0.011164978,,,Nervous System
krt17,0.21237819,0.22357787,-0.011199683,,,Nervous System
polq,0.119199075,0.1304026,-0.01120352,,,Nervous System
gpt2l,0.106389746,0.11761532,-0.011225574,,,Nervous System
irf2bp1,0.15421444,0.16546561,-0.011251166,,,Nervous System
capn9,0.15517454,0.16643529,-0.011260748,,,Nervous System
patl1,0.22419411,0.23545788,-0.011263773,,,Nervous System
ckma,0.15780237,0.16906802,-0.01126565,,,Nervous System
si:ch211-114c12.2,0.18351787,0.19478686,-0.011268988,,,Nervous System
srek1ip1,0.089540154,0.10082099,-0.011280835,,,Nervous System
ctsa,0.20051384,0.21179597,-0.011282131,,,Nervous System
scaf1,0.20357352,0.21486373,-0.0112902075,,,Nervous System
ncor1,0.18243419,0.19373675,-0.011302561,,,Nervous System
tmem147,0.13529162,0.14661206,-0.011320442,,,Nervous System
rnf121,0.12323429,0.1345583,-0.011324018,,,Nervous System
CT583672.1,0.111806154,0.12313416,-0.011328004,,,Nervous System
selenot2,0.3438132,0.3551768,-0.011363596,,,Nervous System
med6,0.18612203,0.19752671,-0.011404678,,,Nervous System
ncapg,0.39892414,0.41035157,-0.011427432,,,Nervous System
col9a3,0.10945491,0.12091604,-0.011461131,,,Nervous System
uqcrc2a,0.30254057,0.31402105,-0.01148048,,,Nervous System
thoc7,0.15360114,0.16509254,-0.011491403,,,Nervous System
ERBB4,0.123243235,0.13474159,-0.011498354,,,Nervous System
lbr,1.0365894,1.04811,-0.011520624,,,Nervous System
tor1,0.10150216,0.1130418,-0.0115396455,,,Nervous System
rtraf,0.17781585,0.18935953,-0.011543676,,,Nervous System
mrps16,0.09297687,0.10452722,-0.011550352,,,Nervous System
ewsr1b,0.70123315,0.71279365,-0.0115605,,,Nervous System
txndc17,0.15025361,0.16181633,-0.01156272,,,Nervous System
dcun1d5,0.2057461,0.21732701,-0.011580914,,,Nervous System
smndc1,0.31212696,0.32371372,-0.0115867555,,,Nervous System
sec24c,0.13169049,0.14328618,-0.011595696,,,Nervous System
plagx,0.403172,0.41478103,-0.011609048,,,Nervous System
arl6ip4,0.12165977,0.13330346,-0.011643693,,,Nervous System
cbx6a,0.12814733,0.13979547,-0.011648133,,,Nervous System
psmc2,0.17600973,0.1876633,-0.011653572,,,Nervous System
nup133,0.14687024,0.15853085,-0.011660606,,,Nervous System
sf3b2,0.27867177,0.29036665,-0.011694878,,,Nervous System
tmem184ba,0.19902742,0.21072368,-0.011696264,,,Nervous System
rps14,2.9817183,2.9934335,-0.011715174,,,Nervous System
CABZ01092745.1,0.1236093,0.13534215,-0.011732854,,,Nervous System
ncaph,0.22509201,0.23683791,-0.0117459,,,Nervous System
ppp4r3b,0.15771656,0.16946721,-0.011750653,,,Nervous System
tpt1,3.243771,3.2555356,-0.011764526,,,Nervous System
lrch4,0.106640205,0.11840732,-0.011767112,,,Nervous System
alyref,0.80206937,0.81387454,-0.011805177,,,Nervous System
ncapd3,0.12738141,0.13919006,-0.011808649,,,Nervous System
rbm17,0.109616324,0.12142952,-0.011813194,,,Nervous System
gsk3ba,0.17659132,0.18842793,-0.011836603,,,Nervous System
ppm1g,0.5671436,0.57898545,-0.011841834,,,Nervous System
birc6,0.112372704,0.12421594,-0.011843234,,,Nervous System
selenot1a,0.15047857,0.16233718,-0.011858612,,,Nervous System
CABZ01068248.1,0.14045715,0.15231848,-0.011861324,,,Nervous System
phf10,0.18015122,0.19201516,-0.011863932,,,Nervous System
nup210,0.24240592,0.2542794,-0.011873484,,,Nervous System
jam3b,0.33729628,0.34920567,-0.011909395,,,Nervous System
meis1b,0.45280412,0.46475923,-0.011955112,,,Nervous System
brd2a,0.23688874,0.24889454,-0.012005806,,,Nervous System
hgd,0.32711178,0.33911908,-0.012007296,,,Nervous System
suv39h1b,0.22688508,0.23889771,-0.012012631,,,Nervous System
aurkaip1,0.10215415,0.114169605,-0.0120154545,,,Nervous System
tle3b,0.16718914,0.17922606,-0.01203692,,,Nervous System
zmpste24,0.14718072,0.15922098,-0.012040257,,,Nervous System
FOXK2,0.14021601,0.1522573,-0.012041286,,,Nervous System
rnf40,0.237182,0.24923031,-0.012048304,,,Nervous System
fam199x,0.11908302,0.13113683,-0.0120538175,,,Nervous System
sat1a.2,0.17320038,0.18525535,-0.012054965,,,Nervous System
cux1a,0.17083344,0.18289138,-0.012057945,,,Nervous System
dctd,0.12352669,0.13559276,-0.012066066,,,Nervous System
ik,0.2304887,0.24257155,-0.012082845,,,Nervous System
sgo1,0.12003112,0.13213839,-0.012107268,,,Nervous System
CU681845.1,0.13229047,0.14440115,-0.01211068,,,Nervous System
rangap1b,0.34665695,0.35877156,-0.012114614,,,Nervous System
ptena,0.114926666,0.12704305,-0.0121163875,,,Nervous System
znf1035,0.3191003,0.33121768,-0.012117386,,,Nervous System
schip1,0.14146529,0.1535973,-0.012132004,,,Nervous System
BX324007.2,0.26505792,0.27719024,-0.012132317,,,Nervous System
rtf1,0.2610386,0.2732542,-0.0122155845,,,Nervous System
erfl3,0.09948482,0.11170302,-0.0122182,,,Nervous System
wdr33,0.21392512,0.22614516,-0.01222004,,,Nervous System
fundc1,0.23325187,0.24547224,-0.012220368,,,Nervous System
chd4b,0.6264367,0.63866246,-0.012225747,,,Nervous System
tox,0.57607746,0.5883075,-0.012230039,,,Nervous System
rab6a,0.12692758,0.13916913,-0.012241542,,,Nervous System
bcl2l10,0.1242027,0.1364771,-0.012274399,,,Nervous System
mis12,0.09559384,0.107885465,-0.012291625,,,Nervous System
mia3,0.10223067,0.11452584,-0.012295172,,,Nervous System
efs,0.11061341,0.12291384,-0.012300424,,,Nervous System
dennd5b,0.17395487,0.1862581,-0.012303233,,,Nervous System
anxa1a,0.16584341,0.1781621,-0.012318686,,,Nervous System
sdha,0.23837163,0.2507071,-0.012335464,,,Nervous System
mpdu1b,0.13364051,0.14600329,-0.012362778,,,Nervous System
tp53,0.48240227,0.49476716,-0.012364894,,,Nervous System
si:dkey-67c22.2,0.3077173,0.32010978,-0.012392491,,,Nervous System
frg1,0.10699662,0.11945836,-0.012461744,,,Nervous System
mrps10,0.093682446,0.106149636,-0.012467191,,,Nervous System
bckdha,0.20994087,0.22241035,-0.012469485,,,Nervous System
ube2d2l,0.11005451,0.12253123,-0.01247672,,,Nervous System
stx12,0.13341048,0.14588968,-0.012479201,,,Nervous System
ptpn11a,0.11565165,0.12813403,-0.012482375,,,Nervous System
eif4g3b,0.12172025,0.13420436,-0.012484111,,,Nervous System
mapkapk2a,0.22427832,0.23679756,-0.01251924,,,Nervous System
mrpl57,0.21063638,0.22317806,-0.0125416815,,,Nervous System
podxl,0.12839577,0.14095074,-0.012554973,,,Nervous System
ccdc43,0.09603549,0.10859554,-0.012560055,,,Nervous System
timeless,0.118784755,0.13135679,-0.012572035,,,Nervous System
serf2,0.96082443,0.9734057,-0.012581289,,,Nervous System
zgc:174938,0.16118968,0.17377616,-0.012586489,,,Nervous System
dnaja2a,0.35176548,0.36436287,-0.012597382,,,Nervous System
brd1b,0.11026542,0.12286747,-0.012602054,,,Nervous System
uggt2,0.19079824,0.20342256,-0.012624323,,,Nervous System
nr2f5,0.2379436,0.25057524,-0.01263164,,,Nervous System
paxip1,0.23102543,0.2436656,-0.012640178,,,Nervous System
pgrmc2,0.086531095,0.09918245,-0.012651354,,,Nervous System
ankrd11,0.107772775,0.120454796,-0.012682021,,,Nervous System
trpa1a,0.11204823,0.12473334,-0.012685113,,,Nervous System
jpt2,0.8290554,0.8417556,-0.0127002,,,Nervous System
ubr7,0.20545286,0.21819924,-0.012746379,,,Nervous System
prkar1aa,0.18686786,0.19962572,-0.012757853,,,Nervous System
mrpl39,0.095941834,0.10870257,-0.012760736,,,Nervous System
dlgap5,0.20477268,0.21754022,-0.012767538,,,Nervous System
med29,0.12964687,0.14244074,-0.012793869,,,Nervous System
elf2b,0.1257336,0.13853054,-0.012796938,,,Nervous System
setd1a,0.12310353,0.1359061,-0.012802571,,,Nervous System
dnajc5ab,0.12393794,0.13676184,-0.012823902,,,Nervous System
glrx3,0.2911979,0.3040374,-0.012839496,,,Nervous System
znf576.1,0.14741036,0.16027015,-0.0128597915,,,Nervous System
ppp2r5cb,0.15399352,0.16685532,-0.012861803,,,Nervous System
camk2g1,0.2329295,0.2458014,-0.012871906,,,Nervous System
dap,0.16102988,0.17390329,-0.012873411,,,Nervous System
tuba1c,1.2361017,1.2489825,-0.012880802,,,Nervous System
amotl2a,0.15259583,0.16549893,-0.012903094,,,Nervous System
blcap,0.20697701,0.2198882,-0.012911186,,,Nervous System
dstyk,0.11940388,0.13236094,-0.012957059,,,Nervous System
sparc,1.1491495,1.1621367,-0.012987137,,,Nervous System
slc38a5b,0.11957935,0.13257746,-0.012998112,,,Nervous System
clint1a,0.09954597,0.112555325,-0.0130093545,,,Nervous System
gins4,0.10161127,0.114629745,-0.013018474,,,Nervous System
fam49a,0.09786937,0.11088926,-0.013019897,,,Nervous System
ddx46,0.20205887,0.21508306,-0.013024196,,,Nervous System
med25,0.102499336,0.115535334,-0.013035998,,,Nervous System
tcerg1a,0.16862111,0.18166314,-0.013042033,,,Nervous System
ube2al,0.14476143,0.15783067,-0.013069242,,,Nervous System
faua,2.5555527,2.5686283,-0.01307559,,,Nervous System
nbn,0.10660403,0.11969523,-0.013091199,,,Nervous System
prnprs3,0.10574286,0.11883972,-0.013096862,,,Nervous System
med27,0.13209409,0.14519927,-0.013105184,,,Nervous System
si:dkeyp-55f12.3,0.10507488,0.11822445,-0.013149567,,,Nervous System
emc6,0.18600263,0.199176,-0.013173372,,,Nervous System
zgc:77287,0.09969735,0.11287871,-0.013181359,,,Nervous System
pelo,0.14815794,0.16136095,-0.01320301,,,Nervous System
fyna,0.11162928,0.12487159,-0.013242312,,,Nervous System
crebbpa,0.11612386,0.12939955,-0.01327569,,,Nervous System
ing3,0.21841086,0.23171915,-0.013308287,,,Nervous System
rps19,2.8975081,2.9108188,-0.013310671,,,Nervous System
kdm5ba,0.1484028,0.16172192,-0.01331912,,,Nervous System
ubxn1,0.1366898,0.15000948,-0.013319686,,,Nervous System
nosip,0.105843954,0.11919477,-0.013350815,,,Nervous System
sestd1,0.10960216,0.122962706,-0.013360545,,,Nervous System
SERP1,0.31151655,0.3248785,-0.013361961,,,Nervous System
suds3,0.20154542,0.21491617,-0.013370752,,,Nervous System
nol11,0.12680723,0.14021613,-0.013408899,,,Nervous System
gtf2f1,0.14547238,0.1589347,-0.01346232,,,Nervous System
knl1,0.14018472,0.15365024,-0.013465524,,,Nervous System
laptm4a,0.094307445,0.10778386,-0.0134764165,,,Nervous System
kif15,0.14802587,0.16150454,-0.013478667,,,Nervous System
ptp4a2b,0.15695563,0.17044133,-0.0134857,,,Nervous System
nes,0.52024454,0.5337352,-0.013490677,,,Nervous System
ankrd10a,0.09285699,0.106386036,-0.013529047,,,Nervous System
rhoac,0.34868723,0.36223024,-0.01354301,,,Nervous System
ccdc6a,0.12815464,0.14169908,-0.01354444,,,Nervous System
irf2bpl,0.150098,0.16366181,-0.013563812,,,Nervous System
maea,0.10055009,0.11412946,-0.013579369,,,Nervous System
macf1a,0.15681839,0.17040361,-0.013585225,,,Nervous System
atp1b1a,0.21933562,0.23293874,-0.013603121,,,Nervous System
sec23a,0.09236899,0.10599705,-0.013628058,,,Nervous System
nfyc,0.3315158,0.34516373,-0.013647944,,,Nervous System
cenpx,0.20635368,0.22000816,-0.013654485,,,Nervous System
sh3gl3a,0.12690791,0.14057046,-0.013662547,,,Nervous System
mrps24,0.1380323,0.1516952,-0.0136629045,,,Nervous System
tdh,0.12564754,0.13931943,-0.01367189,,,Nervous System
kansl1a,0.15815483,0.1718337,-0.013678864,,,Nervous System
dpm2,0.1340055,0.14770019,-0.013694689,,,Nervous System
ank2b,0.1465583,0.1602602,-0.013701901,,,Nervous System
chchd1,0.09250384,0.106229,-0.013725162,,,Nervous System
ssu72,0.21430823,0.22805588,-0.013747647,,,Nervous System
naxd,0.108041786,0.12179603,-0.013754241,,,Nervous System
nck2b,0.10179702,0.11556835,-0.013771325,,,Nervous System
safb,0.2570095,0.27082303,-0.013813525,,,Nervous System
marcksb,2.0247364,2.0385797,-0.013843298,,,Nervous System
gtf2a1,0.17712572,0.1909865,-0.013860777,,,Nervous System
sec62,0.13411853,0.14805193,-0.013933405,,,Nervous System
rab41,0.10966464,0.12362155,-0.013956912,,,Nervous System
rer1,0.20242237,0.2164203,-0.013997927,,,Nervous System
idh3a,0.12990592,0.14394717,-0.014041245,,,Nervous System
gins1,0.18781699,0.20188092,-0.014063925,,,Nervous System
orc3,0.11474259,0.1288135,-0.014070913,,,Nervous System
ctnnbip1,0.22876857,0.24284635,-0.014077783,,,Nervous System
ryk,0.10368756,0.1177828,-0.014095239,,,Nervous System
racgap1,0.18890275,0.2030355,-0.014132753,,,Nervous System
ercc6l,0.16353416,0.17768253,-0.014148369,,,Nervous System
btbd10b,0.10308116,0.11723722,-0.014156058,,,Nervous System
chaf1b,0.16427326,0.17843883,-0.014165565,,,Nervous System
lin7c,0.18393134,0.19810078,-0.01416944,,,Nervous System
utp6,0.100367755,0.11454019,-0.014172435,,,Nervous System
fmr1,0.14515132,0.15932606,-0.0141747445,,,Nervous System
si:ch211-276i12.11,0.23042451,0.24460469,-0.014180183,,,Nervous System
calr3a,0.2270238,0.24122915,-0.0142053515,,,Nervous System
eif4g3a,0.14344911,0.1576884,-0.014239281,,,Nervous System
ccdc47,0.2272709,0.24153765,-0.014266744,,,Nervous System
eif1axa,0.13689166,0.15116635,-0.014274687,,,Nervous System
rbmx,0.30416512,0.31846845,-0.014303327,,,Nervous System
sec61a1,0.8591452,0.87344885,-0.014303625,,,Nervous System
fbxo5,0.16699123,0.18131247,-0.014321238,,,Nervous System
hsdl2,0.19530375,0.20964491,-0.014341161,,,Nervous System
tada3l,0.123521544,0.13788569,-0.014364146,,,Nervous System
zgc:110239,0.14322525,0.1576036,-0.014378354,,,Nervous System
hat1,0.2996978,0.3140815,-0.0143837035,,,Nervous System
gstr,0.1036353,0.11804263,-0.014407329,,,Nervous System
hspb1,0.12000702,0.1344425,-0.01443547,,,Nervous System
blmh,0.34012988,0.3545744,-0.01444453,,,Nervous System
arf6a,0.11077744,0.12524113,-0.014463693,,,Nervous System
hibadhb,0.13310663,0.14757298,-0.014466345,,,Nervous System
slc12a2,0.11513234,0.12960164,-0.014469303,,,Nervous System
cntn1a,0.21688591,0.2313673,-0.0144813955,,,Nervous System
rbm42,0.09448147,0.10899319,-0.014511719,,,Nervous System
cmpk,0.26409218,0.2786098,-0.014517635,,,Nervous System
wnk1a,0.110586464,0.12510777,-0.014521301,,,Nervous System
ndufb8,0.29252902,0.30705592,-0.014526904,,,Nervous System
tm9sf3,0.14184205,0.15638353,-0.014541477,,,Nervous System
slc16a9b,0.10507173,0.11963076,-0.0145590305,,,Nervous System
tcea1,0.43399346,0.44856644,-0.014572978,,,Nervous System
ilk,0.11994893,0.13452701,-0.014578082,,,Nervous System
asb7,0.11887484,0.13345622,-0.014581375,,,Nervous System
nat16,0.1291428,0.143731,-0.014588192,,,Nervous System
sec31a,0.12510099,0.13969746,-0.014596477,,,Nervous System
CABZ01115113.1,0.15017098,0.16477922,-0.014608234,,,Nervous System
mrpl14,0.09868598,0.113331266,-0.014645286,,,Nervous System
unkl,0.19609244,0.21077289,-0.014680445,,,Nervous System
supt4h1,0.14140543,0.15613885,-0.014733419,,,Nervous System
snd1,0.30993688,0.32467806,-0.014741182,,,Nervous System
mrps18a,0.1420885,0.15685081,-0.014762312,,,Nervous System
knstrn,0.09551262,0.11033638,-0.014823757,,,Nervous System
rras,0.09958722,0.114436,-0.014848784,,,Nervous System
smarcb1a,0.14654212,0.16139959,-0.014857471,,,Nervous System
ncaph2,0.19433816,0.20920503,-0.014866874,,,Nervous System
si:rp71-1i20.1,0.10150807,0.11639464,-0.0148865655,,,Nervous System
sf3b3,0.40633142,0.42123562,-0.014904201,,,Nervous System
gnb1a,0.18997648,0.20489371,-0.014917225,,,Nervous System
prim1,0.23474096,0.24967267,-0.014931709,,,Nervous System
ldb1a,0.4522102,0.46714905,-0.014938861,,,Nervous System
wdr82,0.33801705,0.35295883,-0.014941782,,,Nervous System
gstp1,0.39947522,0.41443208,-0.014956862,,,Nervous System
cplx2l,0.12114351,0.1361232,-0.014979683,,,Nervous System
ddx6,0.12287777,0.13785772,-0.014979951,,,Nervous System
ccdc9,0.130613,0.14562994,-0.015016943,,,Nervous System
orc1,0.09791848,0.1129416,-0.01502312,,,Nervous System
yy1b,0.1056642,0.12068999,-0.015025787,,,Nervous System
zswim6,0.36326805,0.37830874,-0.015040696,,,Nervous System
axin2,0.22799839,0.24306184,-0.01506345,,,Nervous System
tacc3,0.28310376,0.29818586,-0.015082091,,,Nervous System
ost4,0.3470584,0.36214712,-0.015088737,,,Nervous System
copb2,0.19288461,0.20801081,-0.0151261985,,,Nervous System
sec13,0.17078328,0.1859108,-0.015127525,,,Nervous System
gtf2a2,0.10609646,0.12124628,-0.015149817,,,Nervous System
rae1,0.2655072,0.28073612,-0.015228927,,,Nervous System
atp5if1b,0.13109003,0.14632408,-0.015234053,,,Nervous System
ipo9,0.26453996,0.27978444,-0.015244484,,,Nervous System
CU467861.6,0.19720848,0.21245405,-0.015245572,,,Nervous System
sec61a1l,0.12946962,0.14475071,-0.015281096,,,Nervous System
taf2,0.102209955,0.11749843,-0.015288472,,,Nervous System
fam32a,0.2751344,0.29043812,-0.015303701,,,Nervous System
cxcl14,0.19677907,0.21208403,-0.015304953,,,Nervous System
orc6,0.12984374,0.14515167,-0.015307933,,,Nervous System
mcrip1,0.15572147,0.17103359,-0.01531212,,,Nervous System
si:ch211-161h7.4,0.15712577,0.17247415,-0.015348375,,,Nervous System
actl6a,0.4707396,0.48610076,-0.01536116,,,Nervous System
eif1,0.810503,0.8258851,-0.015382111,,,Nervous System
nsfl1c,0.23727256,0.25266987,-0.01539731,,,Nervous System
raly,0.084103905,0.0995097,-0.0154057965,,,Nervous System
dcp2,0.16124663,0.17665555,-0.015408918,,,Nervous System
arid1aa,0.25528702,0.270734,-0.015446991,,,Nervous System
med13a,0.14369324,0.15915002,-0.015456781,,,Nervous System
col9a1b,0.09217042,0.107630156,-0.015459739,,,Nervous System
taf6,0.1621431,0.17761497,-0.015471876,,,Nervous System
ube2g1b,0.1108883,0.12636966,-0.015481353,,,Nervous System
prkrip1,0.12556112,0.1411164,-0.0155552775,,,Nervous System
mtch2,0.1039345,0.11949145,-0.015556954,,,Nervous System
timm10,0.11085327,0.12642686,-0.015573591,,,Nervous System
hnrpkl,0.25660548,0.27218127,-0.015575796,,,Nervous System
mrpl13,0.10917421,0.12475322,-0.015579015,,,Nervous System
CR931802.4,0.11115298,0.1267438,-0.015590817,,,Nervous System
casp3a,0.3024538,0.3180907,-0.01563692,,,Nervous System
si:ch211-217k17.7,0.13698854,0.15263572,-0.015647188,,,Nervous System
mycbp,0.10289955,0.1185479,-0.01564835,,,Nervous System
cyb5a,0.17854042,0.19422165,-0.015681222,,,Nervous System
zgc:91910,0.48068827,0.49637082,-0.015682548,,,Nervous System
rbm12b,0.14990197,0.1656595,-0.01575753,,,Nervous System
mrps18c,0.14779927,0.16358402,-0.015784755,,,Nervous System
hcfc1b,0.2548052,0.27059323,-0.015788019,,,Nervous System
tnika,0.09825218,0.11406266,-0.015810482,,,Nervous System
pdcd10b,0.09823761,0.114114806,-0.015877195,,,Nervous System
papss2b,0.106251456,0.12213301,-0.015881553,,,Nervous System
si:ch211-276c2.4,0.14838244,0.16426963,-0.015887186,,,Nervous System
ric8b,0.0967496,0.112647355,-0.015897758,,,Nervous System
rnaseh2c,0.21326636,0.22917241,-0.01590605,,,Nervous System
rcor1,0.16444805,0.18036687,-0.015918821,,,Nervous System
pdzd11,0.18766765,0.20358703,-0.015919372,,,Nervous System
usf2,0.28497016,0.30091956,-0.015949398,,,Nervous System
nudcd2,0.11044596,0.12640882,-0.015962854,,,Nervous System
med13b,0.08922345,0.105199814,-0.015976362,,,Nervous System
atp2a2b,0.27740657,0.2934091,-0.016002536,,,Nervous System
med12,0.20759183,0.22361468,-0.016022846,,,Nervous System
pds5b,0.24998932,0.26603267,-0.01604335,,,Nervous System
si:dkey-33c12.4,0.13842756,0.15450355,-0.016075999,,,Nervous System
srp19,0.11950623,0.13561663,-0.016110398,,,Nervous System
nup35,0.13176699,0.14787838,-0.016111389,,,Nervous System
ahctf1,0.14668544,0.16282432,-0.016138881,,,Nervous System
araf,0.090160795,0.10631132,-0.016150527,,,Nervous System
bicra,0.112114824,0.12826556,-0.016150735,,,Nervous System
ctnna1,0.08758825,0.103741534,-0.016153283,,,Nervous System
eif2b4,0.14019415,0.15635969,-0.01616554,,,Nervous System
nup85,0.08856672,0.10473303,-0.016166307,,,Nervous System
hsd17b10,0.22160466,0.23777919,-0.016174525,,,Nervous System
prr12a,0.19539401,0.21157198,-0.016177967,,,Nervous System
si:ch211-22i13.2,0.16725108,0.18343036,-0.016179278,,,Nervous System
FAM53C,0.18007323,0.19626068,-0.016187444,,,Nervous System
cyp20a1,0.0910459,0.107253216,-0.016207315,,,Nervous System
acadvl,0.2127543,0.22900145,-0.016247153,,,Nervous System
fkbp1aa,1.9007913,1.9170574,-0.016266108,,,Nervous System
si:dkey-112e7.2,0.10054189,0.116821066,-0.016279176,,,Nervous System
map3k7,0.10473126,0.121011615,-0.016280353,,,Nervous System
bud31,0.39736387,0.4136471,-0.016283214,,,Nervous System
tmem33,0.22412325,0.24041377,-0.016290516,,,Nervous System
hadh,0.18406633,0.20037533,-0.016309008,,,Nervous System
G3BP2,0.31809938,0.33444056,-0.01634118,,,Nervous System
syf2,0.2017098,0.2180523,-0.01634249,,,Nervous System
copz1,0.21333908,0.22968203,-0.016342953,,,Nervous System
mapk14a,0.18319549,0.19956982,-0.016374335,,,Nervous System
ndufa5,0.22616012,0.2425566,-0.016396478,,,Nervous System
uchl5,0.19631973,0.21275811,-0.01643838,,,Nervous System
ebna1bp2,0.10057042,0.11702074,-0.016450323,,,Nervous System
nfyba,0.21904519,0.23551194,-0.016466752,,,Nervous System
calm2a,0.26395386,0.2804247,-0.01647085,,,Nervous System
ugdh,0.11134844,0.12785089,-0.016502447,,,Nervous System
ppih,0.24988824,0.2664122,-0.016523957,,,Nervous System
ubtd2,0.106683426,0.12322647,-0.016543046,,,Nervous System
lyrm4,0.11773533,0.13428529,-0.01654996,,,Nervous System
jpt1b,0.29603115,0.3126095,-0.016578346,,,Nervous System
zgc:158564,0.17365272,0.19023837,-0.016585648,,,Nervous System
zgc:55733,0.25141165,0.26801997,-0.016608328,,,Nervous System
cct8,0.3174272,0.33404717,-0.01661998,,,Nervous System
stx4,0.09505793,0.11169269,-0.016634762,,,Nervous System
sirt6,0.107262395,0.12390385,-0.016641453,,,Nervous System
mapk6,0.16647336,0.1831313,-0.016657948,,,Nervous System
si:dkey-262j3.7,0.12332447,0.14000812,-0.016683653,,,Nervous System
alad,0.13335566,0.15005307,-0.016697407,,,Nervous System
si:dkey-109l4.3,0.11285866,0.12956177,-0.016703106,,,Nervous System
casp20,0.11416992,0.13089311,-0.016723193,,,Nervous System
tmem165,0.12090091,0.13768095,-0.016780041,,,Nervous System
rpl27,2.808784,2.8255644,-0.016780376,,,Nervous System
mtfr1l,0.2030832,0.21986887,-0.016785666,,,Nervous System
hs6st2,0.19623466,0.21303937,-0.01680471,,,Nervous System
prpf4bb,0.2212858,0.23809493,-0.01680912,,,Nervous System
phf2,0.12139132,0.13820086,-0.016809545,,,Nervous System
ndufs4,0.12177266,0.1386138,-0.016841143,,,Nervous System
irx3a,0.42681637,0.44367623,-0.01685986,,,Nervous System
mbd3a,0.2928031,0.30966792,-0.016864806,,,Nervous System
snrnp70,0.5307491,0.54762733,-0.016878247,,,Nervous System
psmd11a,0.12233096,0.13924375,-0.016912788,,,Nervous System
cntfr,0.22820869,0.24515551,-0.016946822,,,Nervous System
cnbpb,0.48695984,0.50391144,-0.01695159,,,Nervous System
dpf2l,0.3821629,0.399149,-0.016986102,,,Nervous System
dbx1a,0.42780495,0.44479227,-0.016987324,,,Nervous System
epn3a,0.12682104,0.14381385,-0.016992807,,,Nervous System
kif4,0.26433724,0.2813508,-0.01701355,,,Nervous System
rca2.1,0.13082701,0.14784808,-0.017021075,,,Nervous System
UBB,0.566194,0.58323765,-0.01704365,,,Nervous System
rpf1,0.1100525,0.1270996,-0.0170471,,,Nervous System
dnajc11a,0.15887357,0.1759274,-0.017053828,,,Nervous System
trappc11,0.104671665,0.12172635,-0.017054684,,,Nervous System
rpa2,0.3092613,0.3263584,-0.017097116,,,Nervous System
dnttip2,0.09155038,0.108696505,-0.017146125,,,Nervous System
lsm14ab,0.2081026,0.2252711,-0.017168507,,,Nervous System
clasp2,0.26039493,0.27761075,-0.017215818,,,Nervous System
fbxo11a,0.2819017,0.2991222,-0.017220527,,,Nervous System
arf2a,0.5197866,0.53704,-0.017253399,,,Nervous System
hyou1,0.10116572,0.11842712,-0.0172614,,,Nervous System
anapc11,0.19069304,0.2079654,-0.017272368,,,Nervous System
polr2c,0.26063198,0.27792203,-0.017290056,,,Nervous System
cnot6a,0.111520976,0.12881128,-0.01729031,,,Nervous System
vdac3,0.24502492,0.26232472,-0.017299801,,,Nervous System
acin1b,0.12724294,0.14455093,-0.017307997,,,Nervous System
sp4,0.087530755,0.104884095,-0.017353341,,,Nervous System
CR538726.1,0.088569775,0.105930656,-0.017360881,,,Nervous System
kdm5c,0.21063636,0.22801466,-0.0173783,,,Nervous System
yaf2,0.09622874,0.11362011,-0.017391369,,,Nervous System
pou3f2b,0.3653163,0.3827114,-0.017395109,,,Nervous System
chd2,0.13696475,0.15436405,-0.017399296,,,Nervous System
CKS2,0.22457892,0.24198064,-0.017401725,,,Nervous System
zgc:175088,0.29185852,0.30927542,-0.017416894,,,Nervous System
fcf1,0.14552964,0.16298604,-0.017456397,,,Nervous System
dynll2a,0.18659666,0.20407148,-0.017474815,,,Nervous System
ctnnbl1,0.17787857,0.19535413,-0.01747556,,,Nervous System
kansl2,0.17866296,0.19614886,-0.017485902,,,Nervous System
pnpla7a,0.11282383,0.1303144,-0.017490566,,,Nervous System
ubap2a,0.11738834,0.13488667,-0.01749833,,,Nervous System
pip5k1ab,0.11396464,0.13146824,-0.017503597,,,Nervous System
sub1b,0.23912384,0.2566281,-0.01750426,,,Nervous System
rad54l2,0.14760932,0.16512646,-0.017517135,,,Nervous System
kl,0.16828378,0.18582077,-0.017536998,,,Nervous System
arf6b,0.2172212,0.23477635,-0.017555147,,,Nervous System
arhgef7a,0.10450208,0.122069865,-0.017567784,,,Nervous System
rapgef2,0.10879644,0.12638094,-0.017584495,,,Nervous System
ctdspl2b,0.16499989,0.18260853,-0.017608643,,,Nervous System
zgc:113208,0.11896793,0.13660876,-0.017640837,,,Nervous System
olig3,0.1873169,0.20497996,-0.017663062,,,Nervous System
zgc:66472,0.119380556,0.13708475,-0.017704196,,,Nervous System
rabac1,0.13042876,0.14816621,-0.017737448,,,Nervous System
fam117aa,0.14428024,0.16201986,-0.017739624,,,Nervous System
rpl18,3.0400507,3.0577915,-0.017740726,,,Nervous System
setdb1a,0.11925049,0.13699459,-0.017744094,,,Nervous System
p4hb,0.17398387,0.19175602,-0.017772153,,,Nervous System
ccdc84,0.09222822,0.110024095,-0.017795876,,,Nervous System
rpl35a,3.0881326,3.1059744,-0.017841816,,,Nervous System
lama5,0.11350576,0.13135448,-0.017848723,,,Nervous System
rabif,0.13992941,0.15779169,-0.017862275,,,Nervous System
sgce,0.15168342,0.16955021,-0.01786679,,,Nervous System
zgc:55558,0.23663649,0.2545082,-0.017871708,,,Nervous System
trap1,0.14003186,0.15796404,-0.017932177,,,Nervous System
ubap2l,0.11532031,0.13326192,-0.017941609,,,Nervous System
polr1d,0.11185045,0.12980059,-0.01795014,,,Nervous System
eif6,0.17460147,0.19260067,-0.017999202,,,Nervous System
rab5aa,0.16679794,0.18480234,-0.018004403,,,Nervous System
chrac1,0.35255384,0.37057835,-0.018024504,,,Nervous System
fubp1,0.6701177,0.6881594,-0.01804173,,,Nervous System
BOLA2,0.16788712,0.18595722,-0.018070102,,,Nervous System
e2f8,0.17116868,0.18923925,-0.018070564,,,Nervous System
zc3h15,0.17485459,0.19293043,-0.018075839,,,Nervous System
mta2,0.21590196,0.23400627,-0.018104315,,,Nervous System
rps8a,3.1042726,3.1223795,-0.018106937,,,Nervous System
foxp4,0.51800144,0.53611124,-0.018109798,,,Nervous System
lcorl,0.14190985,0.16003372,-0.018123865,,,Nervous System
sap30bp,0.2771557,0.29527977,-0.018124074,,,Nervous System
pabpn1,0.19935611,0.21748334,-0.018127233,,,Nervous System
rbm39a,0.3685198,0.3866567,-0.018136889,,,Nervous System
acta1a,0.17347546,0.1916514,-0.018175945,,,Nervous System
prdx3,0.107897595,0.1261136,-0.018215999,,,Nervous System
gcsha,0.13644536,0.15466228,-0.018216923,,,Nervous System
BX072577.1,0.22871965,0.24694712,-0.018227473,,,Nervous System
atf6,0.14803058,0.1663035,-0.018272921,,,Nervous System
rsl1d1,0.16596505,0.18423814,-0.018273085,,,Nervous System
pbrm1l,0.3485382,0.36681563,-0.018277436,,,Nervous System
spred1,0.0927476,0.11102577,-0.018278174,,,Nervous System
cox14,0.14568514,0.16396949,-0.01828435,,,Nervous System
hira,0.11610147,0.13439159,-0.018290117,,,Nervous System
cdc40,0.14477402,0.1630927,-0.018318683,,,Nervous System
cdc26,0.20998122,0.2283015,-0.018320277,,,Nervous System
C23H1orf52,0.19860938,0.21694578,-0.0183364,,,Nervous System
mxi1,0.22205463,0.24041028,-0.018355653,,,Nervous System
rbfox1,0.11485452,0.13321495,-0.018360429,,,Nervous System
pafah1b1b,0.12584859,0.14421122,-0.018362626,,,Nervous System
mmp9,0.18460515,0.20298824,-0.018383086,,,Nervous System
gadd45gip1,0.123699844,0.14209826,-0.018398419,,,Nervous System
carhsp1,0.16361162,0.18201649,-0.018404871,,,Nervous System
hnrnpr,0.21434969,0.23275794,-0.018408254,,,Nervous System
nup88,0.100664556,0.11910553,-0.018440977,,,Nervous System
csnk1a1,0.2931093,0.31156108,-0.01845178,,,Nervous System
znf593,0.17446527,0.19292668,-0.018461406,,,Nervous System
taf5,0.13328171,0.15177664,-0.018494934,,,Nervous System
ccdc25,0.16858758,0.18710345,-0.01851587,,,Nervous System
tmem50a,0.23616639,0.25468978,-0.018523395,,,Nervous System
znf706,0.19036974,0.2088999,-0.01853016,,,Nervous System
hip1,0.14200561,0.16053888,-0.018533275,,,Nervous System
get4,0.20002821,0.21856165,-0.018533438,,,Nervous System
ndfip1,0.115685485,0.13422121,-0.018535726,,,Nervous System
srsf9,0.2683693,0.28690976,-0.018540472,,,Nervous System
nip7,0.0950709,0.11362304,-0.01855214,,,Nervous System
neo1a,0.2983244,0.3168883,-0.018563896,,,Nervous System
wdr26b,0.101630375,0.12020242,-0.018572047,,,Nervous System
cars1,0.09564486,0.11422182,-0.018576957,,,Nervous System
ss18l2,0.20804504,0.22666422,-0.01861918,,,Nervous System
gse1,0.277261,0.29588574,-0.018624753,,,Nervous System
slc39a6,0.099005245,0.11763121,-0.018625967,,,Nervous System
smc2,0.4779992,0.49662724,-0.018628031,,,Nervous System
csnk2a1,0.38196543,0.40059707,-0.018631637,,,Nervous System
tsr2,0.1070739,0.125711,-0.01863709,,,Nervous System
golga7,0.3018821,0.3205381,-0.018656015,,,Nervous System
chmp5b,0.1452161,0.16388988,-0.018673778,,,Nervous System
vaspb,0.12681885,0.14549828,-0.018679425,,,Nervous System
mpc2,0.29154202,0.3102334,-0.01869139,,,Nervous System
ap2s1,0.2183875,0.23711419,-0.018726692,,,Nervous System
luc7l,0.22655964,0.24529526,-0.018735617,,,Nervous System
pias4a,0.18727815,0.20602065,-0.018742502,,,Nervous System
emc9,0.122922964,0.14167196,-0.018748991,,,Nervous System
usp1,0.2850653,0.30382442,-0.018759131,,,Nervous System
abcf2a,0.19510753,0.21386975,-0.018762216,,,Nervous System
mrpl18,0.10127946,0.12006536,-0.018785901,,,Nervous System
hcfc1a,0.7176264,0.7364468,-0.018820405,,,Nervous System
txnipa,0.30337852,0.3222081,-0.018829584,,,Nervous System
cdon,0.13937587,0.15826604,-0.018890172,,,Nervous System
copb1,0.17843059,0.19732712,-0.018896535,,,Nervous System
ywhae1,0.5384813,0.5574109,-0.0189296,,,Nervous System
arpp19b,0.32475302,0.34368715,-0.01893413,,,Nervous System
pspc1,0.21993333,0.23891585,-0.018982515,,,Nervous System
ctdsp2,0.11857848,0.13756365,-0.018985167,,,Nervous System
pcca,0.117830604,0.13684694,-0.01901634,,,Nervous System
psmd3,0.49769676,0.5167155,-0.01901877,,,Nervous System
prdx6,0.09794787,0.116967015,-0.019019142,,,Nervous System
lsm8,0.4369516,0.45598602,-0.019034415,,,Nervous System
arpc4l,0.26543024,0.28446844,-0.0190382,,,Nervous System
mrps18b,0.10835421,0.12739958,-0.019045368,,,Nervous System
yars1,0.14181845,0.16087036,-0.01905191,,,Nervous System
ccnf,0.21825527,0.23731521,-0.019059941,,,Nervous System
foxm1,0.16319597,0.18227717,-0.019081205,,,Nervous System
tnfrsf19,0.09774338,0.1168278,-0.019084424,,,Nervous System
thrap3b,0.256977,0.27607864,-0.01910165,,,Nervous System
rpl8,2.9931614,3.0122633,-0.019101858,,,Nervous System
acsbg2,0.09598455,0.115108006,-0.019123457,,,Nervous System
pds5a,0.25168777,0.27082723,-0.019139469,,,Nervous System
tpk1,1.2947079,1.3138824,-0.019174457,,,Nervous System
cpne1,0.13240245,0.15160698,-0.019204527,,,Nervous System
wdr12,0.105027415,0.12423814,-0.019210726,,,Nervous System
cops7a,0.13345502,0.15267724,-0.019222215,,,Nervous System
zgc:86598,0.28499597,0.30422303,-0.019227058,,,Nervous System
znf106a,0.10661042,0.12584262,-0.019232199,,,Nervous System
mrpl42,0.12678944,0.14609045,-0.019301012,,,Nervous System
capns1a,0.20938854,0.22871383,-0.019325286,,,Nervous System
drg1,0.20745559,0.22680609,-0.019350499,,,Nervous System
psmd6,0.31779778,0.33716545,-0.019367665,,,Nervous System
cand1,0.3844617,0.40383354,-0.019371837,,,Nervous System
srsf4,0.62132096,0.64079225,-0.019471288,,,Nervous System
pi4kb,0.12123599,0.14073321,-0.019497223,,,Nervous System
kdm4b,0.1949495,0.2144706,-0.019521102,,,Nervous System
dnajb6a,0.12827258,0.14780466,-0.019532084,,,Nervous System
npepl1,0.109217875,0.12876558,-0.019547708,,,Nervous System
wwp2,0.08574451,0.10529645,-0.01955194,,,Nervous System
ssr4,0.50438696,0.5239391,-0.019552112,,,Nervous System
nutf2,0.18181068,0.20137587,-0.019565195,,,Nervous System
si:ch211-244o22.2,0.24206538,0.26163632,-0.019570932,,,Nervous System
gng2,0.17653339,0.19611132,-0.019577935,,,Nervous System
eif1ad,0.10557928,0.12516299,-0.01958371,,,Nervous System
sri,0.12876706,0.14835383,-0.019586772,,,Nervous System
C20H12orf57,0.19721824,0.21681969,-0.01960145,,,Nervous System
cdk11b,0.17912373,0.1987532,-0.019629464,,,Nervous System
rpl36,2.9377248,2.9573634,-0.019638538,,,Nervous System
gatb,0.09679882,0.11644866,-0.01964984,,,Nervous System
chmp1b,0.13378325,0.15343504,-0.019651785,,,Nervous System
pygo2,0.22129759,0.24097332,-0.019675732,,,Nervous System
taok2a,0.12484872,0.1445325,-0.019683778,,,Nervous System
nbeaa,0.121271275,0.14099206,-0.019720785,,,Nervous System
cpsf2,0.14069477,0.16042422,-0.01972945,,,Nervous System
emc1,0.18351464,0.20329154,-0.019776896,,,Nervous System
ehd1b,0.099469654,0.11926167,-0.019792013,,,Nervous System
anxa11b,0.15441763,0.17422685,-0.019809216,,,Nervous System
taf11,0.13434823,0.15420021,-0.019851983,,,Nervous System
zgc:152830,0.124523334,0.1443876,-0.019864269,,,Nervous System
mcm7,0.112770215,0.13265981,-0.019889593,,,Nervous System
pcdh1g1,0.35073546,0.37065065,-0.019915193,,,Nervous System
selenof,0.5369426,0.55686116,-0.019918561,,,Nervous System
dbnlb,0.0974753,0.11744582,-0.019970521,,,Nervous System
msh2,0.14087959,0.16087773,-0.019998148,,,Nervous System
pbk,0.24730173,0.2673078,-0.02000606,,,Nervous System
pbx3b,0.14523026,0.16524012,-0.02000986,,,Nervous System
mob4,0.17727405,0.19729342,-0.020019367,,,Nervous System
bzw1a,0.9879301,1.0079658,-0.020035684,,,Nervous System
rnf20,0.09425785,0.11429939,-0.02004154,,,Nervous System
e2f7,0.09933171,0.119405866,-0.020074159,,,Nervous System
wu:fc21g02,0.17612155,0.196214,-0.020092458,,,Nervous System
zgc:92664,0.27354375,0.29364085,-0.020097107,,,Nervous System
arhgap12b,0.17461069,0.19471668,-0.020105988,,,Nervous System
rab1ba,0.11294128,0.13307926,-0.02013798,,,Nervous System
dazap2,0.10366538,0.12382515,-0.020159766,,,Nervous System
mif,0.14218262,0.16234815,-0.020165533,,,Nervous System
oxsr1a,0.24079627,0.26096272,-0.020166457,,,Nervous System
rab14,0.16745445,0.18762326,-0.020168811,,,Nervous System
kdm1a,0.6439604,0.6641353,-0.020174861,,,Nervous System
si:dkey-7i4.21,0.36909628,0.38927224,-0.020175964,,,Nervous System
ndufa11,0.28492722,0.3051067,-0.02017948,,,Nervous System
arf5,0.37603685,0.3962208,-0.02018395,,,Nervous System
slc1a2b,0.16775405,0.1879695,-0.020215452,,,Nervous System
tnpo2,0.21305867,0.23327619,-0.020217523,,,Nervous System
rgmb,0.14482412,0.16507208,-0.020247966,,,Nervous System
atrnl1b,0.10519543,0.12549242,-0.02029699,,,Nervous System
tram1,0.23768601,0.25799173,-0.020305723,,,Nervous System
eps15l1a,0.10818282,0.12850407,-0.02032125,,,Nervous System
spcs1,0.311938,0.33228746,-0.020349473,,,Nervous System
psmc5,0.32188556,0.3422446,-0.02035904,,,Nervous System
bckdhb,0.19152722,0.21189627,-0.020369053,,,Nervous System
reep5,0.14705117,0.16744341,-0.02039224,,,Nervous System
dna2,0.121932246,0.14234218,-0.020409934,,,Nervous System
dda1,0.09925766,0.1196767,-0.020419039,,,Nervous System
gatm,0.16661485,0.1870538,-0.020438954,,,Nervous System
uhrf1,0.17292792,0.1933805,-0.020452589,,,Nervous System
BX936337.1,0.14043866,0.16090482,-0.020466164,,,Nervous System
ssuh2rs1,0.2979195,0.3184111,-0.0204916,,,Nervous System
siva1,0.19039609,0.21089472,-0.020498633,,,Nervous System
dtnba,0.10938803,0.12988834,-0.02050031,,,Nervous System
snrpd1,0.74044085,0.76094544,-0.020504594,,,Nervous System
psap,0.17653751,0.19704264,-0.02050513,,,Nervous System
ppig,0.09932842,0.119835146,-0.020506725,,,Nervous System
ipo11,0.12102233,0.14153855,-0.020516217,,,Nervous System
zgc:158803,0.114115864,0.13463634,-0.020520478,,,Nervous System
rpe,0.14464982,0.16517821,-0.020528391,,,Nervous System
proser1,0.2215038,0.24204811,-0.02054432,,,Nervous System
trappc5,0.17168076,0.19223803,-0.02055727,,,Nervous System
umps,0.106495656,0.12708166,-0.020586006,,,Nervous System
mrps2,0.11507364,0.13570693,-0.020633288,,,Nervous System
vamp3,0.3405772,0.36122307,-0.020645887,,,Nervous System
pbx2,0.1881102,0.20876007,-0.020649865,,,Nervous System
slc20a1b,0.44724435,0.46792153,-0.02067718,,,Nervous System
si:dkeyp-115e12.7,0.11314857,0.1338527,-0.020704135,,,Nervous System
si:ch73-308l14.2,0.09327252,0.11398285,-0.020710327,,,Nervous System
atoh1a,0.11040696,0.13114254,-0.020735584,,,Nervous System
rnaseh2b,0.18052529,0.2012636,-0.020738319,,,Nervous System
usp9,0.18044278,0.20118594,-0.020743161,,,Nervous System
glrx5,0.21491313,0.23567276,-0.020759627,,,Nervous System
elof1,0.7843283,0.80512893,-0.02080065,,,Nervous System
myhz1.3,0.17600812,0.19682968,-0.020821556,,,Nervous System
prdm2b,0.09999496,0.120832615,-0.020837657,,,Nervous System
cnppd1,0.10074598,0.12161787,-0.020871885,,,Nervous System
si:ch211-11k18.4,0.21753299,0.23844802,-0.020915031,,,Nervous System
hmga1a,3.9619746,3.9828973,-0.02092266,,,Nervous System
ociad1,0.10692179,0.12785505,-0.020933256,,,Nervous System
dnajc5ga,0.1260737,0.14700948,-0.020935774,,,Nervous System
lars1b,0.1297111,0.1506478,-0.020936698,,,Nervous System
swi5,0.13792469,0.15889117,-0.020966485,,,Nervous System
erbin,0.17699945,0.19798237,-0.020982921,,,Nervous System
zc3h4,0.11663411,0.13766304,-0.021028928,,,Nervous System
med31,0.19954719,0.22059482,-0.021047637,,,Nervous System
ndufa10,0.2237208,0.24479195,-0.02107115,,,Nervous System
dpysl4,0.13311468,0.1541859,-0.021071225,,,Nervous System
hist2h2l,0.14479204,0.16587463,-0.021082595,,,Nervous System
max,0.47040406,0.491494,-0.021089941,,,Nervous System
ccne2,0.26238617,0.28357083,-0.021184653,,,Nervous System
ndufs7,0.22442663,0.24568932,-0.02126269,,,Nervous System
gapdhs,0.21058926,0.23186027,-0.021271005,,,Nervous System
C19H6orf62,0.3080018,0.32929468,-0.021292895,,,Nervous System
hmgb1b,2.2281,2.2494059,-0.0213058,,,Nervous System
atf1,0.18342108,0.20473011,-0.021309033,,,Nervous System
exosc8,0.08354826,0.10487738,-0.02132912,,,Nervous System
snw1,0.26449686,0.2858331,-0.021336228,,,Nervous System
lztfl1,0.091309115,0.112658575,-0.02134946,,,Nervous System
ube2t,0.11202768,0.13338305,-0.021355368,,,Nervous System
pold1,0.17214854,0.19352515,-0.02137661,,,Nervous System
ezh2,0.22840627,0.24982318,-0.021416917,,,Nervous System
ndufb9,0.29686034,0.31828678,-0.02142644,,,Nervous System
kansl3,0.11771007,0.13917343,-0.021463364,,,Nervous System
idi1,0.20232752,0.22380008,-0.021472558,,,Nervous System
lin37,0.11057696,0.13205191,-0.021474957,,,Nervous System
irx1a,0.16812958,0.18960735,-0.021477774,,,Nervous System
riox2,0.124069676,0.14558688,-0.021517202,,,Nervous System
eif4h,0.5192583,0.5407808,-0.021522462,,,Nervous System
cops8,0.14698045,0.16852412,-0.021543667,,,Nervous System
tuba1b,0.2918388,0.31340176,-0.021562964,,,Nervous System
usp4,0.16707526,0.18864249,-0.021567225,,,Nervous System
med28,0.20725521,0.2288571,-0.021601886,,,Nervous System
jupa,0.19243704,0.21405779,-0.02162075,,,Nervous System
e2f3,0.38499978,0.40663198,-0.021632195,,,Nervous System
npepps,0.14166336,0.16330752,-0.02164416,,,Nervous System
cstf1,0.26960528,0.29125482,-0.02164954,,,Nervous System
myhz1.1,0.11948755,0.1411806,-0.021693058,,,Nervous System
spag7,0.33670905,0.35840234,-0.02169329,,,Nervous System
eif4g2a,0.3454881,0.36721927,-0.021731168,,,Nervous System
phb2b,0.1417704,0.163505,-0.02173461,,,Nervous System
sept3,0.17012163,0.19185911,-0.021737486,,,Nervous System
dlat,0.20977165,0.23154415,-0.021772504,,,Nervous System
apoeb,0.25495562,0.27677718,-0.021821558,,,Nervous System
si:ch211-40k21.5,0.17914295,0.20096552,-0.021822572,,,Nervous System
esd,0.1793853,0.20120937,-0.021824062,,,Nervous System
psmd11b,0.24607511,0.26790023,-0.02182512,,,Nervous System
suz12b,0.1525424,0.17437522,-0.021832824,,,Nervous System
ARF5,0.08895567,0.11080163,-0.02184596,,,Nervous System
tbl1xr1a,0.1253015,0.1471745,-0.021873012,,,Nervous System
zc3h13,0.2618285,0.28370693,-0.021878421,,,Nervous System
nav2a,0.10362592,0.12552969,-0.021903768,,,Nervous System
serinc5,0.291132,0.31305516,-0.021923155,,,Nervous System
sap30l,0.31957403,0.3415467,-0.021972686,,,Nervous System
copg2,0.26924717,0.29123208,-0.021984905,,,Nervous System
pdcd5,0.3370244,0.35901895,-0.021994561,,,Nervous System
wdr18,0.26385558,0.28585246,-0.021996886,,,Nervous System
svbp,0.100310996,0.12231875,-0.022007756,,,Nervous System
psph,0.30976403,0.33180192,-0.022037894,,,Nervous System
ppp4cb,0.2540451,0.27610207,-0.022056967,,,Nervous System
rps25,2.967853,2.98993,-0.022076845,,,Nervous System
papola,0.16968106,0.1917582,-0.022077143,,,Nervous System
pfkfb4b,0.12919898,0.1512899,-0.022090912,,,Nervous System
larp1b,0.11069107,0.13278407,-0.022092998,,,Nervous System
BX511253.1,0.17059104,0.19269615,-0.022105113,,,Nervous System
mprip,0.1701402,0.19224831,-0.022108108,,,Nervous System
ndst2a,0.1005737,0.12270138,-0.022127673,,,Nervous System
ube2na,0.23703724,0.2591967,-0.022159457,,,Nervous System
hspa5,0.14802954,0.17022243,-0.022192895,,,Nervous System
phf14,0.100500934,0.12269469,-0.02219376,,,Nervous System
mt-nd5,0.25214016,0.27433932,-0.022199154,,,Nervous System
tmsb,0.39462608,0.41683573,-0.022209644,,,Nervous System
nkap,0.16377044,0.18599199,-0.02222155,,,Nervous System
fnta,0.10762652,0.12986214,-0.022235624,,,Nervous System
glyr1,0.15294443,0.17519614,-0.02225171,,,Nervous System
npm1b,0.5399508,0.56225234,-0.022301555,,,Nervous System
col11a1a,0.36404523,0.3863501,-0.022304863,,,Nervous System
si:dkey-42i9.6,0.13365158,0.15596454,-0.022312954,,,Nervous System
AL935186.2,0.27916744,0.30148345,-0.022316009,,,Nervous System
aurkb,0.4256384,0.4479957,-0.022357285,,,Nervous System
hdac3,0.22438008,0.24674664,-0.022366568,,,Nervous System
mfap2,0.18910883,0.21153674,-0.022427902,,,Nervous System
pole,0.15119015,0.17365713,-0.022466987,,,Nervous System
psmb1,0.5597552,0.5822288,-0.022473574,,,Nervous System
jade3,0.09744252,0.11994106,-0.02249854,,,Nervous System
spc25,0.18981868,0.21232788,-0.022509202,,,Nervous System
aars1,0.31887272,0.34138587,-0.022513151,,,Nervous System
senp3b,0.10255505,0.12509075,-0.022535697,,,Nervous System
slirp,0.14972748,0.17226608,-0.022538602,,,Nervous System
prps1b,0.17161722,0.1941786,-0.022561371,,,Nervous System
ndufa1,0.28117916,0.30380112,-0.02262196,,,Nervous System
psmb6,0.41551214,0.43813628,-0.022624135,,,Nervous System
hsbp1a,0.15053698,0.17318703,-0.022650048,,,Nervous System
ncoa4,0.19639346,0.21905842,-0.022664964,,,Nervous System
kdm2ab,0.20359659,0.22626875,-0.022672161,,,Nervous System
ing4,0.3342157,0.3568938,-0.022678107,,,Nervous System
si:ch73-1a9.3,3.1121442,3.134849,-0.02270484,,,Nervous System
sash1a,0.14279813,0.16550879,-0.022710666,,,Nervous System
dcaf7,0.68674654,0.70946175,-0.02271521,,,Nervous System
mrpl30,0.16608027,0.18883769,-0.022757426,,,Nervous System
metap1,0.15610729,0.1788945,-0.022787213,,,Nervous System
tshz1,0.15381646,0.17660503,-0.02278857,,,Nervous System
snrpd3l,0.290699,0.31349266,-0.02279365,,,Nervous System
susd6,0.15422848,0.17703502,-0.02280654,,,Nervous System
psma5,0.7653738,0.7882155,-0.022841692,,,Nervous System
micos10,0.17294917,0.19581918,-0.02287002,,,Nervous System
mybl2b,0.2401246,0.2630351,-0.02291049,,,Nervous System
hnrnpm,0.89910185,0.9220634,-0.022961557,,,Nervous System
BX649508.2,0.16133475,0.18429825,-0.022963494,,,Nervous System
chd8,0.08367342,0.106658064,-0.022984646,,,Nervous System
tbca,0.21231756,0.23531276,-0.022995204,,,Nervous System
mgst3a,0.09977116,0.1227798,-0.023008645,,,Nervous System
ddx3xb,0.54271275,0.5657306,-0.023017824,,,Nervous System
CU856539.3,0.19205941,0.21509866,-0.023039252,,,Nervous System
dpp3,0.1453817,0.168422,-0.023040295,,,Nervous System
esco2,0.30786538,0.33092406,-0.023058683,,,Nervous System
mrpl16,0.1739739,0.19706686,-0.023092955,,,Nervous System
gnpda2,0.10732845,0.13043624,-0.02310779,,,Nervous System
oaz1a,0.72828853,0.75139916,-0.023110628,,,Nervous System
orc4,0.12145733,0.14458603,-0.023128696,,,Nervous System
ankhd1,0.36212274,0.3852687,-0.023145944,,,Nervous System
hint2,0.10305074,0.1261987,-0.023147956,,,Nervous System
pin1,0.2559613,0.27911344,-0.023152143,,,Nervous System
ndc80,0.2545865,0.2777919,-0.0232054,,,Nervous System
cavin2b,0.11046721,0.13369009,-0.023222879,,,Nervous System
ubxn7,0.11050438,0.13374615,-0.023241766,,,Nervous System
ccnt2b,0.2228406,0.24611449,-0.023273885,,,Nervous System
uqcrc2b,0.2944205,0.3177025,-0.023281991,,,Nervous System
krcp,0.32430398,0.34758845,-0.023284465,,,Nervous System
crip2,0.09448678,0.11781107,-0.023324288,,,Nervous System
srp9,0.12011996,0.14346807,-0.023348108,,,Nervous System
gpx4b,0.46402413,0.48739418,-0.023370057,,,Nervous System
u2af1,0.29801333,0.32138655,-0.023373216,,,Nervous System
eif4g2b,0.5871018,0.6104771,-0.023375273,,,Nervous System
dctn5,0.10290575,0.12628838,-0.023382634,,,Nervous System
bcl9,0.21025433,0.2336497,-0.023395374,,,Nervous System
bhmt,0.30043587,0.323902,-0.02346614,,,Nervous System
pou2f1b,0.3727679,0.39623535,-0.023467451,,,Nervous System
kif1b,0.13265389,0.15612401,-0.023470119,,,Nervous System
atox1,0.25824255,0.28171888,-0.023476332,,,Nervous System
rfc2,0.18790047,0.21137887,-0.023478404,,,Nervous System
phox2bb,0.15693305,0.18041812,-0.023485065,,,Nervous System
myl9b,0.09454354,0.118052244,-0.023508705,,,Nervous System
bcas2,0.35994732,0.38346466,-0.02351734,,,Nervous System
actr10,0.12447152,0.14801224,-0.023540713,,,Nervous System
hdac1,1.2794489,1.3030205,-0.02357161,,,Nervous System
im:7147486,0.102335505,0.12602767,-0.023692168,,,Nervous System
igf2bp3,0.19988689,0.22361927,-0.02373238,,,Nervous System
ddx3xa,0.158587,0.18232216,-0.023735166,,,Nervous System
si:dkeyp-84f3.5,0.09283802,0.11657331,-0.023735292,,,Nervous System
camk2g2,0.14382783,0.1675707,-0.02374287,,,Nervous System
ubc,1.661742,1.6854881,-0.023746133,,,Nervous System
oga,0.30860257,0.3323729,-0.023770332,,,Nervous System
tjp1b,0.24055223,0.26433933,-0.023787096,,,Nervous System
ndufa12,0.23673719,0.2605334,-0.0237962,,,Nervous System
col1a1b,0.16480123,0.18861775,-0.023816526,,,Nervous System
cdc27,0.17065132,0.19450806,-0.023856744,,,Nervous System
mrps9,0.09976024,0.123638,-0.023877755,,,Nervous System
khdrbs1a,3.0821583,3.1060436,-0.02388525,,,Nervous System
si:ch211-266o15.1,0.1632928,0.1871792,-0.023886397,,,Nervous System
tfpt,0.096808724,0.12069643,-0.023887709,,,Nervous System
ptrhd1,0.096719116,0.1206074,-0.023888282,,,Nervous System
sf3b4,0.19076346,0.21467125,-0.023907796,,,Nervous System
nop16,0.20011993,0.22403005,-0.02391012,,,Nervous System
ciao1,0.10354758,0.1274741,-0.023926519,,,Nervous System
gapdh,0.15779139,0.18174861,-0.023957223,,,Nervous System
mrpl15,0.09386593,0.11783082,-0.02396489,,,Nervous System
zgc:153426,0.13800424,0.16197711,-0.023972869,,,Nervous System
smc4,0.232479,0.25649363,-0.024014622,,,Nervous System
mrps14,0.12042148,0.14444041,-0.024018936,,,Nervous System
mdh2,0.3147225,0.33881736,-0.02409485,,,Nervous System
auts2a,0.1440586,0.16815484,-0.024096236,,,Nervous System
fam168b,0.25344312,0.277594,-0.024150878,,,Nervous System
nid2a,0.17487897,0.19903336,-0.024154395,,,Nervous System
fam168a,0.09819173,0.12236426,-0.02417253,,,Nervous System
lyar,0.12525615,0.14946687,-0.024210721,,,Nervous System
axin1,0.10577841,0.13009849,-0.02432008,,,Nervous System
emc2,0.15154527,0.17587456,-0.02432929,,,Nervous System
si:ch211-235e9.6,0.2276137,0.25195333,-0.024339631,,,Nervous System
cox5ab,0.293403,0.3177435,-0.02434051,,,Nervous System
nkain1,0.24222772,0.26660398,-0.024376258,,,Nervous System
xbp1,0.19176693,0.21614648,-0.024379551,,,Nervous System
brd7,0.30136743,0.3258655,-0.024498075,,,Nervous System
chd1,0.18337512,0.20787852,-0.024503395,,,Nervous System
apoa2,0.3976391,0.42215422,-0.024515122,,,Nervous System
otub1b,0.116519526,0.1410377,-0.024518177,,,Nervous System
si:ch211-214j24.10,0.17606562,0.20059077,-0.02452515,,,Nervous System
rbm8a,0.70749515,0.73202145,-0.024526298,,,Nervous System
ppt1,0.21892764,0.24348062,-0.024552986,,,Nervous System
srp54,0.2365574,0.2611127,-0.024555296,,,Nervous System
cpsf6,0.42446882,0.44903877,-0.024569958,,,Nervous System
haus3,0.10389908,0.12847437,-0.024575293,,,Nervous System
myh10,0.43176013,0.45634437,-0.024584234,,,Nervous System
snip1,0.12015476,0.14477819,-0.024623431,,,Nervous System
chmp6b,0.1731104,0.19774592,-0.024635524,,,Nervous System
timm8b,0.18181545,0.2064657,-0.02465026,,,Nervous System
prxl2b,0.10459727,0.12925965,-0.024662375,,,Nervous System
fbrsl1,0.11224897,0.13693981,-0.024690837,,,Nervous System
NC-002333.1,0.28856727,0.3132687,-0.024701416,,,Nervous System
naa50,0.16633973,0.19104213,-0.0247024,,,Nervous System
smx5,0.53933096,0.56404227,-0.02471131,,,Nervous System
vma21,0.22528501,0.24999712,-0.024712116,,,Nervous System
sephs1,0.3329986,0.3577485,-0.024749905,,,Nervous System
krtcap2,0.24744998,0.27222744,-0.024777457,,,Nervous System
mllt11,0.19310644,0.21792784,-0.0248214,,,Nervous System
CR382300.4,0.14020777,0.16503078,-0.02482301,,,Nervous System
hspa14,0.13474852,0.15957752,-0.024829,,,Nervous System
ctnna2,0.18144628,0.20634751,-0.024901226,,,Nervous System
epcam,0.15686366,0.18177122,-0.02490756,,,Nervous System
trappc1,0.14111307,0.16603667,-0.024923593,,,Nervous System
lasp1,0.1783237,0.2032627,-0.024939,,,Nervous System
sdhc,0.10586394,0.13084672,-0.02498278,,,Nervous System
neurod4,0.2944803,0.3194776,-0.024997294,,,Nervous System
noc3l,0.10369391,0.12869836,-0.025004454,,,Nervous System
erh,0.67150784,0.6965222,-0.02501434,,,Nervous System
ube2l3b,0.28260872,0.3076736,-0.025064886,,,Nervous System
znf207b,0.53007543,0.55515337,-0.025077939,,,Nervous System
ube4b,0.19542949,0.22053869,-0.025109202,,,Nervous System
ap1g2,0.31781718,0.3429286,-0.025111407,,,Nervous System
prmt5,0.26247644,0.28762704,-0.025150597,,,Nervous System
mllt10,0.37735578,0.40251002,-0.025154233,,,Nervous System
arhgap35a,0.13963173,0.16479544,-0.02516371,,,Nervous System
nsd2,0.29575184,0.32096666,-0.025214821,,,Nervous System
nup62l,0.13842449,0.16366073,-0.025236249,,,Nervous System
znf609b,0.13334852,0.15858966,-0.025241137,,,Nervous System
eif3ja,0.3708639,0.39611793,-0.025254011,,,Nervous System
psma2,0.44351685,0.46877903,-0.025262177,,,Nervous System
yipf4,0.099035926,0.12433388,-0.025297955,,,Nervous System
arpc3,0.28441173,0.30971438,-0.025302649,,,Nervous System
elocb,0.3612215,0.3865394,-0.025317907,,,Nervous System
ntmt1,0.088553585,0.11390788,-0.025354296,,,Nervous System
magi1b,0.19185135,0.21720953,-0.025358185,,,Nervous System
ncln,0.20449299,0.22990122,-0.025408238,,,Nervous System
uqcc2,0.089937486,0.11535929,-0.025421806,,,Nervous System
zswim8,0.21944779,0.24489655,-0.025448754,,,Nervous System
tfg,0.15957706,0.18507786,-0.025500804,,,Nervous System
dnajb11,0.17889427,0.20439708,-0.025502816,,,Nervous System
arnt2,0.34646052,0.37200397,-0.025543451,,,Nervous System
snx12,0.3436045,0.36919,-0.025585502,,,Nervous System
tle2a,0.3610191,0.38661498,-0.025595874,,,Nervous System
snap25a,0.1616577,0.1872588,-0.025601089,,,Nervous System
aif1l,0.23439004,0.25999305,-0.025603011,,,Nervous System
med23,0.1446412,0.17025468,-0.025613472,,,Nervous System
wdhd1,0.12383499,0.14947526,-0.025640272,,,Nervous System
ndufs8a,0.22401929,0.24966823,-0.025648937,,,Nervous System
degs1,0.16273703,0.18838745,-0.025650427,,,Nervous System
nme3,0.23036453,0.2560273,-0.02566278,,,Nervous System
itsn1,0.1695097,0.19517629,-0.025666595,,,Nervous System
arid3b,0.27505884,0.30073327,-0.025674433,,,Nervous System
rps10,2.695869,2.7215507,-0.025681734,,,Nervous System
srcap,0.1909525,0.21664834,-0.025695845,,,Nervous System
rwdd1,0.14929484,0.17499076,-0.02569592,,,Nervous System
htatsf1,0.09350981,0.11924958,-0.025739774,,,Nervous System
cpdp,0.17123781,0.19699048,-0.025752664,,,Nervous System
huwe1,0.27529097,0.3010893,-0.02579832,,,Nervous System
e2f4,0.20208438,0.22788903,-0.025804654,,,Nervous System
ppp1cab,0.267817,0.29363933,-0.025822341,,,Nervous System
larp7,0.1160829,0.14194722,-0.025864325,,,Nervous System
tbcb,0.17823093,0.20410092,-0.025869995,,,Nervous System
cacybp,0.20920771,0.23508339,-0.025875673,,,Nervous System
aprt,0.13080688,0.15670675,-0.025899872,,,Nervous System
gsx1,0.1983062,0.22429095,-0.02598475,,,Nervous System
si:dkey-16p21.8,0.0984656,0.12450721,-0.026041612,,,Nervous System
dusp6,0.09829957,0.12434657,-0.026046999,,,Nervous System
atp5mc1,0.5881608,0.61425185,-0.02609104,,,Nervous System
coa3a,0.11995396,0.14605454,-0.026100576,,,Nervous System
si:zfos-464b6.2,0.14647362,0.17257728,-0.02610366,,,Nervous System
cdc42l,0.3143968,0.34052095,-0.02612415,,,Nervous System
dynll2b,0.12083107,0.14698349,-0.026152417,,,Nervous System
thbs1b,0.11795974,0.14413485,-0.026175112,,,Nervous System
LEPROTL1,0.23708466,0.26328924,-0.026204586,,,Nervous System
znf330,0.14185804,0.16807993,-0.026221886,,,Nervous System
cd99l2,0.6271498,0.65340084,-0.026251018,,,Nervous System
idh1,0.11769195,0.14394978,-0.026257828,,,Nervous System
zic1,0.18222974,0.20852761,-0.026297867,,,Nervous System
elavl1b,0.58006436,0.60637426,-0.026309907,,,Nervous System
myo18ab,0.11100452,0.13731866,-0.02631414,,,Nervous System
ppp6c,0.2708412,0.29717702,-0.026335806,,,Nervous System
ssbp4,0.56335795,0.5897796,-0.026421666,,,Nervous System
glud1b,0.11371696,0.14014144,-0.026424482,,,Nervous System
aimp1a,0.13363573,0.16009557,-0.026459843,,,Nervous System
atp5f1c,0.73092216,0.7574052,-0.026483059,,,Nervous System
hnrnpa0b,2.4254363,2.4519434,-0.02650714,,,Nervous System
aip,0.19044462,0.21700333,-0.026558712,,,Nervous System
ndufb3,0.2311969,0.2577776,-0.026580706,,,Nervous System
adsl,0.09511892,0.12170093,-0.02658201,,,Nervous System
tmed10,0.34131944,0.36790612,-0.026586682,,,Nervous System
zgc:110339,0.10487057,0.13147496,-0.026604384,,,Nervous System
si:ch1073-314i13.4,0.11213414,0.13876757,-0.026633427,,,Nervous System
ostc,0.32417777,0.35083812,-0.026660353,,,Nervous System
GPATCH2,0.12420501,0.15088654,-0.026681527,,,Nervous System
cast,0.1240885,0.15077378,-0.026685275,,,Nervous System
smarcd3b,0.13221183,0.15890689,-0.026695058,,,Nervous System
smg7,0.13805096,0.16477017,-0.026719213,,,Nervous System
tmed4,0.11770242,0.1444551,-0.026752688,,,Nervous System
rbfox2,0.32062125,0.3473876,-0.02676636,,,Nervous System
cdk9,0.19169487,0.2185194,-0.026824534,,,Nervous System
dhfr,0.3176477,0.34449038,-0.026842684,,,Nervous System
elmo1,0.17030168,0.19714843,-0.026846752,,,Nervous System
lsm3,0.367614,0.39446998,-0.026855975,,,Nervous System
idh3g,0.0851581,0.11201496,-0.026856855,,,Nervous System
tomm40,0.18520534,0.21207249,-0.026867151,,,Nervous System
taf12,0.35795122,0.38488445,-0.026933223,,,Nervous System
smg1,0.11116586,0.13813454,-0.02696868,,,Nervous System
ska3,0.73749226,0.7645229,-0.027030647,,,Nervous System
arpc2,0.29538953,0.3224528,-0.02706328,,,Nervous System
scarb2a,0.3443891,0.37147698,-0.027087867,,,Nervous System
lin52,0.11384567,0.14093849,-0.027092822,,,Nervous System
ppp1r8b,0.22731815,0.25442243,-0.027104273,,,Nervous System
g3bp1,0.8181597,0.84528995,-0.027130246,,,Nervous System
adka,0.27819735,0.3053904,-0.02719304,,,Nervous System
ndufs6,0.1978132,0.2250107,-0.027197495,,,Nervous System
ptp4a2a,0.18508793,0.21229126,-0.027203321,,,Nervous System
ppm1bb,0.1127221,0.13994555,-0.027223453,,,Nervous System
qrich1,0.20333111,0.23056322,-0.02723211,,,Nervous System
prim2,0.22303487,0.25026822,-0.027233347,,,Nervous System
vps28,0.12930676,0.15654272,-0.027235955,,,Nervous System
actr2a,0.24382393,0.27106407,-0.027240142,,,Nervous System
gsk3ab,0.16358596,0.19084969,-0.02726373,,,Nervous System
serinc1,0.4396925,0.46696073,-0.02726823,,,Nervous System
prcc,0.27071303,0.29801035,-0.027297318,,,Nervous System
ubb,0.30254406,0.3298852,-0.027341157,,,Nervous System
snrpc,0.5342625,0.56160724,-0.027344763,,,Nervous System
emc3,0.16124351,0.18859278,-0.027349263,,,Nervous System
tmem167a,0.26692662,0.29435155,-0.027424932,,,Nervous System
sept7a,0.18906969,0.21649556,-0.02742587,,,Nervous System
dctn2,0.3137878,0.34123287,-0.027445078,,,Nervous System
cox7a2l,0.22088632,0.2483355,-0.027449176,,,Nervous System
lsm12b,0.18740997,0.21486616,-0.027456194,,,Nervous System
srsf10b,0.19182245,0.21928449,-0.027462035,,,Nervous System
yeats4,0.17190419,0.1993962,-0.027492002,,,Nervous System
arf1,0.41502756,0.44253814,-0.027510583,,,Nervous System
tnnc2,0.2875318,0.31511414,-0.027582347,,,Nervous System
msx1b,0.17283347,0.20047325,-0.027639776,,,Nervous System
sympk,0.17858434,0.2062262,-0.027641863,,,Nervous System
taf13,0.2103734,0.23809889,-0.027725488,,,Nervous System
atf7ip,0.30513394,0.33291796,-0.02778402,,,Nervous System
sf3b5,0.29895946,0.32677722,-0.027817756,,,Nervous System
fip1l1b,0.09840697,0.126249,-0.02784203,,,Nervous System
si:ch73-386h18.1,0.48342845,0.5112892,-0.02786073,,,Nervous System
strn3,0.13919747,0.16706441,-0.027866945,,,Nervous System
strap,0.13682477,0.16478162,-0.027956843,,,Nervous System
smarcad1a,0.19119504,0.21917883,-0.027983785,,,Nervous System
ipo7,0.5920821,0.62008744,-0.028005362,,,Nervous System
CU694197.1,0.34413195,0.37216544,-0.028033495,,,Nervous System
hes6,0.41500816,0.44305894,-0.02805078,,,Nervous System
mau2,0.13027498,0.15833184,-0.02805686,,,Nervous System
nedd1,0.11038191,0.13844119,-0.028059281,,,Nervous System
snrpb,1.2897484,1.3178596,-0.02811122,,,Nervous System
pole4,0.18803649,0.21619132,-0.028154835,,,Nervous System
etfb,0.24728557,0.2755116,-0.028226018,,,Nervous System
naa38,0.13474022,0.16300161,-0.028261393,,,Nervous System
nol7,0.14768845,0.17596401,-0.028275564,,,Nervous System
uqcrfs1,0.48379946,0.51208156,-0.028282106,,,Nervous System
pola2,0.24506827,0.27337852,-0.028310254,,,Nervous System
si:ch211-195b11.3,0.89658856,0.9249002,-0.02831161,,,Nervous System
mibp,0.56938195,0.597729,-0.028347075,,,Nervous System
glo1,0.115313336,0.1436638,-0.028350458,,,Nervous System
ddt,0.15342091,0.18181661,-0.028395697,,,Nervous System
fscn1a,0.69342583,0.7218827,-0.028456867,,,Nervous System
prelid1a,0.14243118,0.1709015,-0.028470322,,,Nervous System
mrpl11,0.09767716,0.12619612,-0.02851896,,,Nervous System
nap1l1,0.09006525,0.118589774,-0.028524525,,,Nervous System
me3,0.09982792,0.12836313,-0.02853521,,,Nervous System
actr1,0.4609747,0.4895317,-0.028557003,,,Nervous System
hmgb2b,1.7272116,1.7557715,-0.028559923,,,Nervous System
tuba8l,1.3996048,1.4282261,-0.028621316,,,Nervous System
rraga,0.11954254,0.14817251,-0.028629974,,,Nervous System
si:ch73-263o4.4,0.17127588,0.19994304,-0.028667152,,,Nervous System
krt5,1.5606607,1.5893341,-0.02867341,,,Nervous System
arl14ep,0.16993092,0.19860576,-0.02867484,,,Nervous System
znf280d,0.19123545,0.21993293,-0.028697476,,,Nervous System
prtfdc1,0.10004837,0.12875502,-0.028706647,,,Nervous System
asf1ba,0.3990714,0.42778698,-0.02871558,,,Nervous System
pgam5,0.16185,0.19061522,-0.028765216,,,Nervous System
pola1,0.2238031,0.2525708,-0.028767705,,,Nervous System
ube2d1a,0.18293528,0.21170712,-0.028771833,,,Nervous System
tjp1a,0.20403934,0.23281659,-0.028777257,,,Nervous System
eif5b,0.21587592,0.24468318,-0.028807253,,,Nervous System
isg20,0.12123909,0.15004726,-0.028808169,,,Nervous System
si:dkey-151g10.6,4.9243827,4.953206,-0.028823376,,,Nervous System
supt6h,0.36607033,0.3949407,-0.028870374,,,Nervous System
ckmb,0.17055656,0.1994807,-0.028924137,,,Nervous System
itm2ba,0.27221373,0.3011617,-0.02894798,,,Nervous System
rcc1,0.12357455,0.15253308,-0.028958537,,,Nervous System
igsf8,0.1256741,0.1546403,-0.028966203,,,Nervous System
sema3fa,0.10838199,0.13734865,-0.028966665,,,Nervous System
taf9,0.24834816,0.2773198,-0.028971627,,,Nervous System
smc3,0.5772949,0.60626763,-0.028972745,,,Nervous System
vps29,0.2247815,0.25379092,-0.029009417,,,Nervous System
pdha1a,0.13292368,0.16197056,-0.029046878,,,Nervous System
ndufb7,0.15297481,0.18202353,-0.029048711,,,Nervous System
larp4ab,0.14074586,0.16980952,-0.029063657,,,Nervous System
gabarapb,0.52032894,0.54940337,-0.02907443,,,Nervous System
enc3,0.15148607,0.18056287,-0.0290768,,,Nervous System
si:ch211-271b14.1,0.18706912,0.21621667,-0.02914755,,,Nervous System
farsa,0.09426832,0.12344743,-0.029179111,,,Nervous System
ZNF423,0.13211492,0.16133465,-0.029219732,,,Nervous System
tnrc6b,0.15827546,0.18755,-0.029274538,,,Nervous System
kdelr2a,0.29345128,0.32273263,-0.029281348,,,Nervous System
wdr43,0.23193312,0.2612701,-0.029336989,,,Nervous System
timm17a,0.09740046,0.1267537,-0.029353246,,,Nervous System
eif1b,0.47034943,0.4997271,-0.02937767,,,Nervous System
prpf38b,0.12641403,0.15579373,-0.029379696,,,Nervous System
capza1b,0.36647764,0.39585805,-0.02938041,,,Nervous System
FP102120.1,0.13908151,0.16849947,-0.029417962,,,Nervous System
grinab,0.13813353,0.1675849,-0.02945137,,,Nervous System
myh9a,0.15817583,0.18763082,-0.029454991,,,Nervous System
stag1b,0.2397708,0.2692327,-0.02946189,,,Nervous System
snrnp200,0.28705546,0.3165387,-0.029483229,,,Nervous System
eef1da,0.17957044,0.20907393,-0.029503495,,,Nervous System
sdad1,0.083822146,0.11335011,-0.029527962,,,Nervous System
dhx15,0.40253544,0.4321112,-0.029575765,,,Nervous System
pum1,0.35169318,0.3812887,-0.029595524,,,Nervous System
lman2lb,0.15791142,0.18758367,-0.02967225,,,Nervous System
cltcb,0.32701102,0.35670283,-0.029691815,,,Nervous System
rrp12,0.0899022,0.11960044,-0.029698238,,,Nervous System
ctbp2a,0.14732057,0.17704925,-0.02972868,,,Nervous System
hnrnpua,0.30616915,0.33594078,-0.029771626,,,Nervous System
polr2k,0.20388448,0.23366581,-0.029781327,,,Nervous System
kdm7ab,0.09456902,0.12436858,-0.029799558,,,Nervous System
sumo3b,0.98573637,1.0155792,-0.029842854,,,Nervous System
slc25a12,0.12111747,0.15096612,-0.02984865,,,Nervous System
carm1,0.40874544,0.43860713,-0.029861689,,,Nervous System
sdf2l1,0.14788134,0.17775752,-0.029876173,,,Nervous System
vapal,0.13069554,0.16057327,-0.029877737,,,Nervous System
si:ch73-46j18.5,0.81034297,0.84024197,-0.029899001,,,Nervous System
acsl4b,0.25822404,0.28812522,-0.029901177,,,Nervous System
gnb1b,0.4098588,0.43976218,-0.029903382,,,Nervous System
lims1,0.16691232,0.19686681,-0.029954493,,,Nervous System
mcm6,0.70164007,0.73165184,-0.030011773,,,Nervous System
usp5,0.22544444,0.25548455,-0.030040115,,,Nervous System
tardbp,0.69335264,0.7233982,-0.030045569,,,Nervous System
gnl2,0.16246122,0.19251029,-0.03004907,,,Nervous System
suclg1,0.18188533,0.21195538,-0.030070052,,,Nervous System
cul1a,0.1463113,0.17638475,-0.030073449,,,Nervous System
polr2f,0.3196143,0.3497625,-0.030148208,,,Nervous System
scaf4a,0.18675688,0.21690792,-0.03015104,,,Nervous System
phf5a,0.35871002,0.38895065,-0.030240625,,,Nervous System
nop53,0.20806587,0.23834904,-0.030283168,,,Nervous System
ndufb5,0.27734578,0.30765307,-0.030307293,,,Nervous System
cited4b,0.18086661,0.21118188,-0.030315265,,,Nervous System
BX323575.1,0.23352575,0.26393852,-0.030412763,,,Nervous System
pold2,0.11198983,0.14240663,-0.030416794,,,Nervous System
sost,0.122395664,0.15287854,-0.030482873,,,Nervous System
nsg2,0.12321861,0.15370335,-0.030484736,,,Nervous System
sept6,0.35699052,0.38747907,-0.03048855,,,Nervous System
si:dkey-23i12.5,0.20317122,0.23366617,-0.030494943,,,Nervous System
srsf5a,0.72956145,0.76010185,-0.030540407,,,Nervous System
psat1,0.43648195,0.46708825,-0.0306063,,,Nervous System
st8sia1,0.18557504,0.21624804,-0.030672997,,,Nervous System
ppm1aa,0.14495121,0.17564526,-0.030694053,,,Nervous System
sf1,0.4904477,0.5211589,-0.030711174,,,Nervous System
casc3,0.17211154,0.2028416,-0.030730054,,,Nervous System
lsm4,0.18548685,0.21623911,-0.030752257,,,Nervous System
cyc1,0.3071285,0.3378891,-0.030760616,,,Nervous System
aco2,0.41281965,0.44362482,-0.03080517,,,Nervous System
tet2,0.18106344,0.21189912,-0.030835673,,,Nervous System
zfand5b,0.22155754,0.2524094,-0.030851856,,,Nervous System
ndufb10,0.1774695,0.20834094,-0.030871436,,,Nervous System
adh5,0.33074793,0.3616257,-0.030877769,,,Nervous System
aamp,0.0871611,0.11804744,-0.030886337,,,Nervous System
nop2,0.11959569,0.15048426,-0.030888572,,,Nervous System
atp6v1ba,0.17678733,0.20770316,-0.030915827,,,Nervous System
si:ch211-198a12.6,0.53651583,0.5674385,-0.030922651,,,Nervous System
gap43,0.12969784,0.16068944,-0.030991599,,,Nervous System
atp6ap2,0.1468279,0.17788489,-0.031056985,,,Nervous System
tsc22d1,0.18624692,0.21730956,-0.031062648,,,Nervous System
h2ax1,0.77913135,0.81022626,-0.031094909,,,Nervous System
fam107b,0.13830332,0.16943093,-0.031127602,,,Nervous System
eif3f,1.1087048,1.1398411,-0.031136274,,,Nervous System
srsf2a,1.1646746,1.1958627,-0.031188011,,,Nervous System
baz2a,0.33855602,0.3697458,-0.03118977,,,Nervous System
iars1,0.11117373,0.14240044,-0.031226717,,,Nervous System
atp2b4,0.1374451,0.16867869,-0.031233579,,,Nervous System
map1lc3b,0.33807144,0.36933714,-0.031265706,,,Nervous System
hmg20b,0.16219561,0.19346368,-0.031268075,,,Nervous System
fgfr2,0.30462655,0.33591425,-0.0312877,,,Nervous System
myh14,0.13898422,0.17027754,-0.031293318,,,Nervous System
ap2a1,0.24855694,0.27986798,-0.031311035,,,Nervous System
CR936321.5,0.16557124,0.19689146,-0.031320214,,,Nervous System
greb1l,0.24738902,0.27871963,-0.031330615,,,Nervous System
atp1a1a.1,0.3660738,0.39747488,-0.031401098,,,Nervous System
ccng1,0.9069077,0.9383342,-0.03142655,,,Nervous System
bccip,0.19864213,0.23008224,-0.03144011,,,Nervous System
pak2b,0.34206164,0.37355888,-0.03149724,,,Nervous System
uck2a,0.08792291,0.11943396,-0.031511053,,,Nervous System
cs,0.18985896,0.22140421,-0.03154525,,,Nervous System
pdia7,0.30001315,0.33156204,-0.031548887,,,Nervous System
lmnb2,0.9108863,0.94244325,-0.031556964,,,Nervous System
pelp1,0.18937434,0.22097322,-0.03159888,,,Nervous System
flot1b,0.25466642,0.2863115,-0.03164509,,,Nervous System
gli2a,0.28106588,0.31281558,-0.031749696,,,Nervous System
eif4ebp3l,0.08393018,0.115695216,-0.031765036,,,Nervous System
rpf2,0.14382607,0.17560583,-0.031779766,,,Nervous System
srsf1a,1.1137284,1.145518,-0.03178954,,,Nervous System
oxct1a,0.19408548,0.22588275,-0.031797275,,,Nervous System
lig1,0.305296,0.33711544,-0.031819433,,,Nervous System
trmt112,0.16243719,0.19426176,-0.031824574,,,Nervous System
ddx5,0.76841086,0.80024004,-0.03182918,,,Nervous System
prpf6,0.15409534,0.18600385,-0.031908512,,,Nervous System
sf3a3,0.42354494,0.45546508,-0.031920135,,,Nervous System
crtap,0.13717136,0.16909179,-0.031920433,,,Nervous System
mtpn,0.2037983,0.23586391,-0.032065615,,,Nervous System
st13,0.15047333,0.18258184,-0.032108516,,,Nervous System
bysl,0.1515172,0.18362877,-0.03211157,,,Nervous System
flna,0.10750295,0.1396384,-0.032135442,,,Nervous System
col11a1b,0.12096957,0.1531105,-0.032140933,,,Nervous System
rhebl1,0.3579231,0.39008316,-0.032160074,,,Nervous System
apobb.1,0.3685804,0.4007442,-0.0321638,,,Nervous System
slc40a1,0.13597324,0.16822012,-0.032246873,,,Nervous System
hmgb3b,0.31256917,0.3448256,-0.032256424,,,Nervous System
btf3l4,0.32100093,0.35327467,-0.03227374,,,Nervous System
cstf3,0.27371016,0.30598715,-0.032276988,,,Nervous System
tomm22,0.3470316,0.37936112,-0.03232953,,,Nervous System
spaca4l,0.25895944,0.29130837,-0.03234893,,,Nervous System
hirip3,0.10620405,0.13857326,-0.03236921,,,Nervous System
ncoa2,0.21147902,0.24390914,-0.032430112,,,Nervous System
sae1,0.44339502,0.47582746,-0.032432437,,,Nervous System
rpl5a,1.9683056,2.0007794,-0.032473803,,,Nervous System
si:dkey-19e4.5,0.19991675,0.23239093,-0.032474175,,,Nervous System
gabarapa,0.15025799,0.18277419,-0.032516196,,,Nervous System
selenoh,0.61868787,0.6512262,-0.032538354,,,Nervous System
sept8a,0.16195293,0.1944993,-0.03254637,,,Nervous System
scml2,0.29313678,0.32575202,-0.032615244,,,Nervous System
metap2b,0.37812957,0.41075474,-0.03262517,,,Nervous System
ssr2,0.30817184,0.34080032,-0.032628477,,,Nervous System
msx3,0.21483278,0.24747403,-0.032641247,,,Nervous System
dync1i2a,0.2452725,0.2779333,-0.032660797,,,Nervous System
zgc:171772,3.218147,3.2508166,-0.032669544,,,Nervous System
mgst3b,0.30506077,0.33773232,-0.03267154,,,Nervous System
atp1a3a,0.10587269,0.13855562,-0.032682925,,,Nervous System
srsf11,0.78265357,0.81538284,-0.032729268,,,Nervous System
afdna,0.17836277,0.21110027,-0.032737494,,,Nervous System
denr,0.31023443,0.3429769,-0.03274247,,,Nervous System
cldni,0.14409335,0.17684129,-0.03274794,,,Nervous System
zmiz1a,0.19479606,0.22754534,-0.03274928,,,Nervous System
tnni2a.4,0.11166372,0.14442915,-0.032765426,,,Nervous System
BX537263.5,0.07625931,0.1090741,-0.032814793,,,Nervous System
uck2b,0.14476895,0.17759117,-0.03282222,,,Nervous System
ddx39ab,0.6971653,0.7300219,-0.032856584,,,Nervous System
eif3d,0.5905856,0.6234759,-0.03289032,,,Nervous System
fkbp9,0.13675825,0.1697081,-0.03294985,,,Nervous System
mylpfa,0.36255947,0.3955755,-0.033016026,,,Nervous System
myo1b,0.12432444,0.15735218,-0.03302774,,,Nervous System
gdi2,0.52041763,0.5535054,-0.03308779,,,Nervous System
si:ch211-157c3.4,0.16198146,0.19512703,-0.03314556,,,Nervous System
eftud2,0.2803965,0.31356728,-0.03317079,,,Nervous System
zgc:101858,0.11933275,0.15253893,-0.033206172,,,Nervous System
eif4a3,0.6166027,0.6498151,-0.033212364,,,Nervous System
rbm34,0.21736535,0.250601,-0.03323564,,,Nervous System
tnip1,0.14228848,0.17554821,-0.033259735,,,Nervous System
rap1aa,0.32951677,0.36280414,-0.033287376,,,Nervous System
eif3ha,0.4658385,0.4991713,-0.033332795,,,Nervous System
sgta,0.34607923,0.3794273,-0.033348083,,,Nervous System
ttn.2,0.14424215,0.17760594,-0.03336379,,,Nervous System
aep1,0.20878275,0.2421985,-0.03341575,,,Nervous System
nolc1,0.24453953,0.27800193,-0.033462405,,,Nervous System
cdc34b,0.20922428,0.24272847,-0.033504188,,,Nervous System
yif1b,0.09652159,0.13004074,-0.03351914,,,Nervous System
nmt1a,0.19316761,0.22679067,-0.033623055,,,Nervous System
kdm3b,0.37113288,0.40476575,-0.033632874,,,Nervous System
prrc1,0.14980389,0.18349177,-0.033687875,,,Nervous System
ndufa8,0.21214958,0.24595538,-0.033805802,,,Nervous System
TENM2,0.21019182,0.24399911,-0.033807293,,,Nervous System
msl1b,0.32155177,0.3553656,-0.033813834,,,Nervous System
cope,0.20404954,0.2378794,-0.033829853,,,Nervous System
seta,1.7162145,1.7500707,-0.033856153,,,Nervous System
pdcd11,0.139786,0.17365684,-0.03387083,,,Nervous System
psmc1a,0.34446266,0.37836576,-0.033903092,,,Nervous System
ndufs3,0.16353354,0.19743764,-0.033904105,,,Nervous System
cops2,0.2474401,0.28136986,-0.033929765,,,Nervous System
psmd1,0.30288953,0.3368321,-0.03394258,,,Nervous System
fam171a2a,0.13093165,0.16490613,-0.033974484,,,Nervous System
arpc5a,0.25867504,0.2927382,-0.03406316,,,Nervous System
foxo3a,0.18490031,0.21897274,-0.03407243,,,Nervous System
dpm3,0.17458628,0.20866641,-0.034080133,,,Nervous System
eif4ebp2,0.55349207,0.587574,-0.034081936,,,Nervous System
ptgr1,0.5263558,0.5604397,-0.034083903,,,Nervous System
aifm1,0.0890898,0.12322036,-0.03413056,,,Nervous System
sephs2,0.12691537,0.16111527,-0.03419991,,,Nervous System
cherp,0.17472574,0.20898919,-0.034263447,,,Nervous System
rbx1,0.59191376,0.62621254,-0.034298778,,,Nervous System
lmo3,0.16262557,0.19695498,-0.034329414,,,Nervous System
ctnnd1,0.14812917,0.18246491,-0.034335747,,,Nervous System
znf346,0.40862754,0.44299254,-0.034365,,,Nervous System
gng5,0.40890744,0.44332477,-0.03441733,,,Nervous System
nasp,0.5472971,0.5817435,-0.03444636,,,Nervous System
mrpl33,0.18726434,0.22171073,-0.03444639,,,Nervous System
prdx1,0.19106957,0.22554705,-0.034477472,,,Nervous System
celf1,0.24295393,0.27750373,-0.034549803,,,Nervous System
eif4e1c,0.18655984,0.22112781,-0.034567967,,,Nervous System
znf395a,0.12417501,0.15878838,-0.03461337,,,Nervous System
hars,0.2434089,0.27803195,-0.03462304,,,Nervous System
arhgdia,0.68298334,0.7176178,-0.03463447,,,Nervous System
sh3bgrl3,0.19677444,0.2314433,-0.034668863,,,Nervous System
snrnp40,0.13287887,0.16756634,-0.034687474,,,Nervous System
nrxn1a,0.10131398,0.13603458,-0.0347206,,,Nervous System
pfdn4,0.4265519,0.46127576,-0.034723848,,,Nervous System
cstf2,0.28923312,0.32396907,-0.034735948,,,Nervous System
rab1ab,0.33812937,0.37287444,-0.034745067,,,Nervous System
cotl1,0.25538307,0.29018733,-0.034804255,,,Nervous System
pwp2h,0.09762697,0.13244326,-0.034816295,,,Nervous System
hnrnpc,0.36442417,0.39926654,-0.034842372,,,Nervous System
calm1a,0.13532868,0.1701804,-0.034851715,,,Nervous System
lrpprc,0.10911146,0.14400794,-0.034896478,,,Nervous System
CU986305.1,0.112578,0.14748813,-0.034910135,,,Nervous System
grpel1,0.10750934,0.14241953,-0.034910195,,,Nervous System
ndufb2,0.28523687,0.32015902,-0.034922153,,,Nervous System
snrpd2,1.0688571,1.1037823,-0.034925222,,,Nervous System
parp1,0.56466484,0.5995993,-0.03493446,,,Nervous System
puf60b,0.37526345,0.41019967,-0.03493622,,,Nervous System
aldh9a1a.1,0.40590203,0.4408426,-0.03494057,,,Nervous System
edf1,0.46120635,0.49615827,-0.034951925,,,Nervous System
dldh,0.17046879,0.20545596,-0.034987167,,,Nervous System
bahcc1b,0.1698821,0.20489177,-0.035009667,,,Nervous System
psma6b,0.25131857,0.2863699,-0.035051316,,,Nervous System
marcksl1b,2.1355395,2.1706202,-0.03508067,,,Nervous System
dock7,0.1458289,0.18093438,-0.03510548,,,Nervous System
gng3,0.12336557,0.15849462,-0.035129048,,,Nervous System
C21H18orf25,0.1301875,0.1653194,-0.0351319,,,Nervous System
ndufb6,0.21812071,0.2532884,-0.03516768,,,Nervous System
pfas,0.11857455,0.15382142,-0.03524687,,,Nervous System
taf10,0.2531826,0.28843617,-0.035253584,,,Nervous System
ddx18,0.13366565,0.16900177,-0.035336122,,,Nervous System
cltca,0.34497014,0.38031638,-0.03534624,,,Nervous System
mrps36,0.18225656,0.21761473,-0.03535816,,,Nervous System
eif5,0.24870391,0.28407896,-0.035375044,,,Nervous System
eif4e2rs1,0.17478275,0.21021162,-0.035428867,,,Nervous System
chaf1a,0.37260458,0.40805563,-0.035451055,,,Nervous System
lmnb1,1.1285129,1.1639969,-0.035484076,,,Nervous System
eno1a,0.11847564,0.15396073,-0.035485096,,,Nervous System
eprs1,0.27181086,0.30736658,-0.03555572,,,Nervous System
rrm1,1.0487659,1.0843292,-0.03556335,,,Nervous System
cnn2,0.18256748,0.21813802,-0.035570547,,,Nervous System
rpn1,0.3072972,0.3428835,-0.035586298,,,Nervous System
slbp,0.75361127,0.7892426,-0.03563136,,,Nervous System
fkbp4,0.39799017,0.43371162,-0.03572145,,,Nervous System
mt-co3,3.9993975,4.035146,-0.03574872,,,Nervous System
nop58,0.37563765,0.4114618,-0.03582415,,,Nervous System
nt5dc2,0.22618827,0.26201487,-0.035826594,,,Nervous System
zic2a,0.17388794,0.20972967,-0.035841733,,,Nervous System
rpl23a,2.9619393,2.9978137,-0.035874367,,,Nervous System
trip12,0.22297572,0.2588699,-0.03589417,,,Nervous System
flot1a,0.19154842,0.22753833,-0.03598991,,,Nervous System
gstm.1,0.22575814,0.26175955,-0.036001414,,,Nervous System
dtymk,0.08877752,0.1248139,-0.03603638,,,Nervous System
snrnp27,0.21838965,0.25443572,-0.036046073,,,Nervous System
stxbp1a,0.16790956,0.20395868,-0.036049113,,,Nervous System
sin3aa,0.090593725,0.12667443,-0.036080703,,,Nervous System
nsa2,0.57625544,0.61234206,-0.03608662,,,Nervous System
arl8a,0.14487486,0.1809912,-0.036116347,,,Nervous System
rtn4a,0.3959154,0.4320604,-0.036145,,,Nervous System
psmb5,0.52662736,0.56279594,-0.036168575,,,Nervous System
adh8b,0.22913983,0.26532248,-0.036182642,,,Nervous System
top2b,0.49829248,0.5345383,-0.036245853,,,Nervous System
ier5l,0.18730703,0.22356035,-0.03625332,,,Nervous System
plscr3b,0.3634965,0.39977753,-0.03628102,,,Nervous System
aplp1,0.14998554,0.18626776,-0.036282226,,,Nervous System
sart3,0.15209937,0.18841107,-0.0363117,,,Nervous System
adi1,0.12522502,0.16157153,-0.03634651,,,Nervous System
cul3a,0.1769577,0.21336462,-0.03640692,,,Nervous System
sept9b,0.33301908,0.36944592,-0.036426842,,,Nervous System
ddx21,0.24534923,0.28178576,-0.036436528,,,Nervous System
ldha,0.1362106,0.17270724,-0.03649664,,,Nervous System
psmb2,0.36048698,0.39698458,-0.036497593,,,Nervous System
ube2e1,0.20685892,0.24336436,-0.036505446,,,Nervous System
pleca,0.14657652,0.18312263,-0.03654611,,,Nervous System
pik3r1,0.17222509,0.20890477,-0.036679685,,,Nervous System
rrs1,0.10926444,0.14594898,-0.036684535,,,Nervous System
gnaia,0.40130618,0.438002,-0.03669581,,,Nervous System
dock1,0.14767365,0.18443036,-0.03675671,,,Nervous System
hnrnpul1,0.37808692,0.41485417,-0.036767244,,,Nervous System
znf281b,0.36915654,0.40592864,-0.036772102,,,Nervous System
seh1l,0.24251069,0.2793581,-0.036847398,,,Nervous System
atp5mc3b,1.1440653,1.1810164,-0.036951184,,,Nervous System
brd3b,0.2684217,0.30539143,-0.03696972,,,Nervous System
smarcd1,0.7141075,0.75108266,-0.036975145,,,Nervous System
qkia,0.27025986,0.30724156,-0.0369817,,,Nervous System
gpm6ab,0.13684489,0.17390798,-0.037063092,,,Nervous System
zgc:77262,0.5872343,0.62430257,-0.037068248,,,Nervous System
mdkb,0.5671992,0.6043279,-0.037128747,,,Nervous System
skp2,0.19718823,0.2343286,-0.03714037,,,Nervous System
si:ch211-160o17.4,0.32260904,0.3597859,-0.037176877,,,Nervous System
tet3,0.36647388,0.40366536,-0.03719148,,,Nervous System
psmd7,0.36679786,0.40401497,-0.03721711,,,Nervous System
nars1,0.12382709,0.16107574,-0.03724865,,,Nervous System
get3,0.20797288,0.2452226,-0.037249714,,,Nervous System
pfdn6,0.16376328,0.20103422,-0.037270933,,,Nervous System
pfdn1,0.31774306,0.35501456,-0.0372715,,,Nervous System
kpnb1,0.21646819,0.2537553,-0.037287116,,,Nervous System
rbp5,0.074370936,0.11169227,-0.037321337,,,Nervous System
plxnb1a,0.101465106,0.1387942,-0.037329093,,,Nervous System
wdr5,0.4129973,0.45038414,-0.037386835,,,Nervous System
cst14a.2,0.2700223,0.30743697,-0.03741467,,,Nervous System
plcg1,0.18098035,0.21843497,-0.03745462,,,Nervous System
gnl3,0.099775985,0.13730063,-0.03752464,,,Nervous System
mcts1,0.2049151,0.24244627,-0.037531167,,,Nervous System
dnajc8,0.23977068,0.27733606,-0.03756538,,,Nervous System
mrpl54,0.13850251,0.1761447,-0.037642196,,,Nervous System
tmbim1b,0.22845629,0.26614076,-0.03768447,,,Nervous System
spsb4a,0.122247286,0.15993397,-0.037686683,,,Nervous System
eif3g,0.5750146,0.6127039,-0.03768933,,,Nervous System
supt5h,0.17808874,0.2157977,-0.037708968,,,Nervous System
ndst1b,0.1546523,0.19236222,-0.03770992,,,Nervous System
agrn,0.34434244,0.38206795,-0.03772551,,,Nervous System
ndufab1a,0.25854015,0.29627207,-0.037731916,,,Nervous System
plk3,0.096246235,0.13403615,-0.03778992,,,Nervous System
acp1,0.16503862,0.20284346,-0.037804842,,,Nervous System
sipa1l2,0.25004038,0.2879193,-0.03787893,,,Nervous System
khsrp,0.93260413,0.9705001,-0.037895977,,,Nervous System
polr2d,0.23013037,0.2680302,-0.037899822,,,Nervous System
atp5mea,0.463895,0.50179857,-0.037903577,,,Nervous System
aimp2,0.14665137,0.18456815,-0.03791678,,,Nervous System
txnl4a,0.34058782,0.3785095,-0.037921667,,,Nervous System
pcdh18a,0.122216694,0.160145,-0.037928306,,,Nervous System
pdcd4a,0.19742227,0.23538156,-0.037959293,,,Nervous System
CR927050.2,0.25833794,0.29631177,-0.03797382,,,Nervous System
cdc20,0.3412342,0.37922844,-0.037994236,,,Nervous System
ranbp3b,0.20921741,0.24726772,-0.03805031,,,Nervous System
bcat2,0.12146101,0.15956777,-0.038106762,,,Nervous System
snx6,0.25928268,0.29741523,-0.03813255,,,Nervous System
gars1,0.37552068,0.41369691,-0.03817624,,,Nervous System
rpl30,3.032414,3.0706058,-0.038191795,,,Nervous System
eif2s1a,0.27083346,0.3091141,-0.038280636,,,Nervous System
si:dkeyp-44a8.2,0.4233282,0.4616988,-0.03837061,,,Nervous System
ppp1caa,0.51404786,0.5525179,-0.03847003,,,Nervous System
psme2,0.40848297,0.44700387,-0.038520902,,,Nervous System
dkc1,0.29013443,0.3286674,-0.038532972,,,Nervous System
akt1s1,0.18716161,0.2256978,-0.03853619,,,Nervous System
scrt2,0.13757616,0.1762116,-0.038635433,,,Nervous System
cox7b,1.0656586,1.1043181,-0.038659573,,,Nervous System
ap1s2,0.56860685,0.60727096,-0.038664103,,,Nervous System
cgnl1,0.120854445,0.1595932,-0.03873875,,,Nervous System
fstl1a,0.24366923,0.2824343,-0.038765088,,,Nervous System
gins2,0.12784617,0.16661802,-0.038771853,,,Nervous System
pclaf,0.644267,0.68308,-0.038812995,,,Nervous System
pik3r3b,0.18496644,0.22379057,-0.038824126,,,Nervous System
ttn.1,0.1771371,0.21599908,-0.038861975,,,Nervous System
cbx3a,0.7286907,0.7675898,-0.038899124,,,Nervous System
hif1al,0.6916175,0.73051745,-0.038899958,,,Nervous System
ivns1abpb,0.21596304,0.254917,-0.03895396,,,Nervous System
anp32a,1.5925188,1.6315747,-0.039055943,,,Nervous System
fam53b,0.23565683,0.27476752,-0.03911069,,,Nervous System
cct4,0.55708885,0.596233,-0.03914416,,,Nervous System
ap1b1,0.1275369,0.16674206,-0.039205164,,,Nervous System
selenow1,0.3643055,0.4036194,-0.039313912,,,Nervous System
ncam1a,0.118489124,0.1579065,-0.03941738,,,Nervous System
pa2g4b,0.69408023,0.73349863,-0.0394184,,,Nervous System
hoxa4a,0.1309124,0.17035492,-0.039442524,,,Nervous System
mapre1b,0.6676898,0.70724916,-0.039559364,,,Nervous System
bag6,0.21521275,0.25478336,-0.039570615,,,Nervous System
ruvbl1,0.24397355,0.28362212,-0.039648563,,,Nervous System
srsf7a,0.5947564,0.63446987,-0.039713442,,,Nervous System
hikeshi,0.115717575,0.15551826,-0.03980069,,,Nervous System
tmem258,0.6130051,0.6528338,-0.039828718,,,Nervous System
tmco1,0.1259851,0.16585203,-0.039866924,,,Nervous System
chchd2,0.32370427,0.36357397,-0.039869696,,,Nervous System
hpf1,0.20219736,0.24212544,-0.03992808,,,Nervous System
rhoab,0.33900476,0.3789653,-0.039960533,,,Nervous System
clgn,0.14002876,0.18012378,-0.040095016,,,Nervous System
ptges3a,0.28298098,0.32310122,-0.040120244,,,Nervous System
map7d1a,0.13763168,0.17776108,-0.040129393,,,Nervous System
paip2b,0.40629825,0.4464785,-0.040180236,,,Nervous System
ftsj3,0.10155218,0.14178723,-0.04023505,,,Nervous System
tmeff1b,0.55310625,0.5933493,-0.04024303,,,Nervous System
vbp1,0.279037,0.31932554,-0.040288538,,,Nervous System
sept7b,0.21470575,0.25502923,-0.04032348,,,Nervous System
tra2a,0.6516618,0.69203943,-0.040377617,,,Nervous System
efna2a,0.15120159,0.1916183,-0.040416703,,,Nervous System
srebf2,0.119208075,0.15971841,-0.040510334,,,Nervous System
ube2e2,0.24223271,0.2827702,-0.040537477,,,Nervous System
naa10,0.1900655,0.23061602,-0.040550515,,,Nervous System
abracl,0.16493487,0.20549516,-0.04056029,,,Nervous System
zgc:110540,0.26668447,0.30728102,-0.040596545,,,Nervous System
morf4l1,0.41925383,0.45985556,-0.04060173,,,Nervous System
hoxc3a,0.09222392,0.13283335,-0.040609427,,,Nervous System
rhbdl3,0.11993931,0.1605884,-0.040649086,,,Nervous System
prg4b,0.20299026,0.24365419,-0.040663928,,,Nervous System
pim1,0.306365,0.34703875,-0.040673733,,,Nervous System
rpl3,3.1636539,3.204346,-0.04069209,,,Nervous System
celf3a,0.18443915,0.22527313,-0.04083398,,,Nervous System
rpl24,2.3493474,2.390241,-0.040893555,,,Nervous System
ppiaa,3.1261284,3.1670723,-0.04094386,,,Nervous System
tm9sf2,0.26155192,0.3026232,-0.041071296,,,Nervous System
krt4,2.7335148,2.774606,-0.041091204,,,Nervous System
ola1,0.39473933,0.4358332,-0.041093856,,,Nervous System
gart,0.117799945,0.15893362,-0.04113368,,,Nervous System
atp5meb,0.433741,0.47490904,-0.041168034,,,Nervous System
rnf2,0.3736589,0.41492012,-0.041261226,,,Nervous System
rtn4b,0.36388698,0.40527228,-0.041385293,,,Nervous System
got2b,0.1471021,0.18856126,-0.041459158,,,Nervous System
rpl7l1,0.26881072,0.310275,-0.04146427,,,Nervous System
tln1,0.093741894,0.13522223,-0.041480333,,,Nervous System
tyms,0.11829102,0.15979622,-0.041505203,,,Nervous System
mt-cyb,3.1454978,3.1870098,-0.041512012,,,Nervous System
pdcl,0.18722944,0.22878249,-0.04155305,,,Nervous System
actc1b,1.2471079,1.2887374,-0.041629553,,,Nervous System
ndufa7,0.1650931,0.20672274,-0.041629642,,,Nervous System
uqcrb,0.3278262,0.36946362,-0.04163742,,,Nervous System
map2k1,0.16512638,0.20688774,-0.041761354,,,Nervous System
snx3,0.18345466,0.22522175,-0.04176709,,,Nervous System
amd1,0.16600099,0.20777632,-0.04177533,,,Nervous System
col4a5,0.34059972,0.38242638,-0.041826665,,,Nervous System
dr1,0.41081154,0.4526746,-0.041863054,,,Nervous System
drap1,0.3348845,0.37675014,-0.041865647,,,Nervous System
mrpl12,0.1654548,0.20733766,-0.041882858,,,Nervous System
tcp1,0.4974248,0.53943115,-0.042006344,,,Nervous System
CU693502.1,0.2770754,0.31918466,-0.04210925,,,Nervous System
adssl,0.4560854,0.4982018,-0.042116374,,,Nervous System
rimkla,0.5353258,0.57745624,-0.04213041,,,Nervous System
csnk1da,0.27066484,0.31286716,-0.042202324,,,Nervous System
ckbb,0.1626595,0.20492384,-0.042264342,,,Nervous System
nucks1b,0.34185955,0.38413194,-0.04227239,,,Nervous System
ndufs2,0.19352736,0.23582108,-0.042293727,,,Nervous System
psmd4b,0.30518073,0.34770307,-0.04252234,,,Nervous System
hk1,0.16631897,0.2089418,-0.042622834,,,Nervous System
serpinh1b,0.15297215,0.19572416,-0.042752013,,,Nervous System
taf3,0.15209714,0.1948593,-0.04276216,,,Nervous System
flrt3,0.27232924,0.31513828,-0.04280904,,,Nervous System
selenok,0.21417108,0.25699,-0.042818904,,,Nervous System
ywhae2,0.31739113,0.36024892,-0.042857796,,,Nervous System
rps29,3.0222223,3.0651114,-0.04288912,,,Nervous System
col1a2,0.37008664,0.41313404,-0.0430474,,,Nervous System
tpi1b,0.15499294,0.1980565,-0.043063566,,,Nervous System
si:ch211-286b5.5,0.26748043,0.31065422,-0.04317379,,,Nervous System
caprin1b,0.22263531,0.26582664,-0.04319133,,,Nervous System
hm13,0.20546053,0.24868646,-0.04322593,,,Nervous System
bub3,0.35005313,0.39332303,-0.043269902,,,Nervous System
si:dkey-102m7.3,0.10757027,0.15087278,-0.043302514,,,Nervous System
hsbp1b,0.41861212,0.46192664,-0.043314517,,,Nervous System
ywhaqa,0.3004571,0.3437907,-0.04333362,,,Nervous System
romo1,0.27856362,0.32195762,-0.043394,,,Nervous System
ssr3,0.33824125,0.38170278,-0.04346153,,,Nervous System
zfr,0.47093254,0.514404,-0.043471456,,,Nervous System
mib1,0.3566768,0.40019423,-0.04351744,,,Nervous System
anxa1b,0.18507898,0.22864103,-0.043562055,,,Nervous System
lsm7,0.6843759,0.7281055,-0.043729603,,,Nervous System
hp1bp3,1.3648155,1.4085948,-0.043779373,,,Nervous System
tmed7,0.2629429,0.30675533,-0.043812424,,,Nervous System
dctn3,0.2123168,0.2561595,-0.043842718,,,Nervous System
ak2,0.32882953,0.37269664,-0.04386711,,,Nervous System
sar1b,0.2906366,0.3345119,-0.043875307,,,Nervous System
wdr83os,0.4115155,0.45542607,-0.043910563,,,Nervous System
rpia,0.08666086,0.13063751,-0.04397665,,,Nervous System
nnt,0.5948301,0.6388728,-0.044042706,,,Nervous System
MYG1,0.1991396,0.24321641,-0.044076815,,,Nervous System
ctps1a,0.45533222,0.49943018,-0.04409796,,,Nervous System
uqcrq,0.50472325,0.5488645,-0.044141233,,,Nervous System
si:dkey-20i20.15,0.22065198,0.2648609,-0.044208914,,,Nervous System
atp1b2a,0.2496568,0.2939428,-0.044286013,,,Nervous System
zc4h2,0.44190153,0.4862471,-0.044345558,,,Nervous System
ube2d1b,0.3387764,0.38322452,-0.044448107,,,Nervous System
rbb4l,0.504531,0.54905564,-0.04452461,,,Nervous System
elavl4,0.3176257,0.36218625,-0.04456055,,,Nervous System
eif1axb,0.52090687,0.5656183,-0.04471141,,,Nervous System
nup58,0.2036043,0.24831909,-0.044714794,,,Nervous System
rpl34,2.4790924,2.5238109,-0.044718504,,,Nervous System
apoc1,0.35697415,0.4017116,-0.04473746,,,Nervous System
dek,0.54417574,0.58892107,-0.044745326,,,Nervous System
tfdp2,0.16366385,0.2085117,-0.044847846,,,Nervous System
lpl,0.16309902,0.20807493,-0.044975907,,,Nervous System
rps11,3.0384445,3.0835505,-0.045105934,,,Nervous System
znf576.2,0.18293723,0.22805494,-0.045117706,,,Nervous System
ube2nb,0.17306823,0.21820846,-0.045140237,,,Nervous System
mylz3,0.21917725,0.2643862,-0.04520896,,,Nervous System
serpinh1a,0.14974742,0.19503032,-0.0452829,,,Nervous System
rpl17,2.8156025,2.860948,-0.045345545,,,Nervous System
tia1l,0.349095,0.3944771,-0.045382112,,,Nervous System
prdx2,0.86530876,0.91081357,-0.04550481,,,Nervous System
srsf3b,0.85407597,0.8996762,-0.045600235,,,Nervous System
ssrp1a,0.31128094,0.35701567,-0.045734733,,,Nervous System
ube2a,0.14566104,0.19160458,-0.045943543,,,Nervous System
bcl7a,0.53282356,0.5788358,-0.046012223,,,Nervous System
tcf3b,0.46010962,0.5062267,-0.046117097,,,Nervous System
slc25a5,2.9321806,2.9786403,-0.046459675,,,Nervous System
llph,0.21112894,0.2576594,-0.04653047,,,Nervous System
gas1b,0.35664365,0.4032874,-0.046643764,,,Nervous System
ndufv1,0.27334142,0.32016802,-0.0468266,,,Nervous System
GADD45G,0.2261345,0.27302024,-0.046885744,,,Nervous System
smarce1,1.2498267,1.2967272,-0.04690051,,,Nervous System
arrb2b,0.26985487,0.3171308,-0.04727593,,,Nervous System
atp5mf,0.606842,0.6541193,-0.04727733,,,Nervous System
uqcr10,0.45468953,0.5020351,-0.04734555,,,Nervous System
gmps,0.16398114,0.21136157,-0.047380432,,,Nervous System
rnasekb,0.19302498,0.24042913,-0.047404155,,,Nervous System
csnk2b,0.70908594,0.7565031,-0.047417164,,,Nervous System
ppiab,1.1689856,1.2164712,-0.04748559,,,Nervous System
slc16a6a,0.11143206,0.15893559,-0.04750353,,,Nervous System
ldhba,0.37496996,0.42249322,-0.04752326,,,Nervous System
cdv3,0.3021467,0.34968534,-0.047538638,,,Nervous System
ndufab1b,0.417326,0.4648736,-0.04754761,,,Nervous System
ubap2b,0.4080322,0.45569983,-0.047667623,,,Nervous System
ewsr1a,0.8668846,0.91458213,-0.047697544,,,Nervous System
ephb2b,0.11868298,0.16644417,-0.047761187,,,Nervous System
rpl29,2.5441017,2.5920527,-0.047950983,,,Nervous System
ssbp1,0.11253722,0.1605186,-0.04798138,,,Nervous System
yap1,0.32779136,0.3758244,-0.04803303,,,Nervous System
rnaseh2a,0.20821883,0.25633132,-0.048112497,,,Nervous System
snrpf,0.61102533,0.6591854,-0.048160076,,,Nervous System
si:ch1073-325m22.2,0.6435354,0.6918083,-0.048272908,,,Nervous System
coro1ca,0.17961615,0.22800927,-0.048393115,,,Nervous System
anp32e,0.6030165,0.65141875,-0.04840225,,,Nervous System
uqcrc1,0.47565654,0.52412814,-0.0484716,,,Nervous System
stom,0.19466144,0.24329618,-0.048634738,,,Nervous System
cox6b2,1.2894431,1.3381333,-0.0486902,,,Nervous System
crk,0.34336388,0.39210278,-0.048738897,,,Nervous System
ubqln4,0.55612785,0.60493886,-0.04881102,,,Nervous System
rack1,3.0278227,3.076651,-0.048828363,,,Nervous System
stmn4,0.12832968,0.17716917,-0.048839495,,,Nervous System
smim15,0.3594757,0.40833908,-0.04886338,,,Nervous System
atp5pb,0.54487926,0.59379315,-0.048913896,,,Nervous System
NC-002333.18,0.2903567,0.3393744,-0.049017698,,,Nervous System
atp6v1g1,0.2571926,0.3062481,-0.049055487,,,Nervous System
capza1a,0.37445354,0.42352864,-0.049075097,,,Nervous System
snrpg,0.88699096,0.936081,-0.049090028,,,Nervous System
ppp3r1b,0.21228668,0.26144218,-0.049155504,,,Nervous System
sec61b,0.46087402,0.51012385,-0.049249828,,,Nervous System
eif4ebp1,0.26967326,0.31895128,-0.04927802,,,Nervous System
tpma,0.28220508,0.3315768,-0.04937172,,,Nervous System
cbx5,0.959484,1.0091113,-0.049627304,,,Nervous System
ube2ib,0.69647217,0.7461673,-0.049695134,,,Nervous System
ahnak,0.16797131,0.21770851,-0.0497372,,,Nervous System
hnrnpaba,2.9924386,3.0421767,-0.04973817,,,Nervous System
sumo3a,1.5185465,1.568349,-0.04980254,,,Nervous System
srm,0.12687998,0.17670295,-0.04982297,,,Nervous System
pbdc1,0.18434861,0.23422658,-0.04987797,,,Nervous System
nckap1,0.26178154,0.31177637,-0.049994826,,,Nervous System
mdh1aa,0.73933005,0.78934264,-0.05001259,,,Nervous System
nup93,0.21868126,0.26871487,-0.050033614,,,Nervous System
c1qbp,0.15429896,0.20439762,-0.050098658,,,Nervous System
bms1,0.13372123,0.1839362,-0.05021496,,,Nervous System
myef2,0.39596462,0.44629577,-0.050331146,,,Nervous System
psmc4,0.7145133,0.7649314,-0.05041808,,,Nervous System
fgfr4,0.24930973,0.2998032,-0.050493464,,,Nervous System
id2a,0.18249013,0.23298761,-0.050497487,,,Nervous System
cdkn2aipnl,0.2430964,0.2936139,-0.050517514,,,Nervous System
rnf10,0.56680775,0.617416,-0.050608277,,,Nervous System
ppp2r1bb,0.439391,0.49005663,-0.050665647,,,Nervous System
eif4g1a,0.3201435,0.3708364,-0.050692916,,,Nervous System
kmt5aa,0.23407155,0.2848029,-0.05073136,,,Nervous System
hmgn7,1.1282978,1.1790626,-0.0507648,,,Nervous System
etfa,0.23734018,0.2881314,-0.050791204,,,Nervous System
ywhaz,0.3333278,0.38421348,-0.050885677,,,Nervous System
dnajc9,0.34611702,0.3971216,-0.05100459,,,Nervous System
arpc4,0.27789712,0.32890314,-0.05100602,,,Nervous System
glulb,0.66825676,0.7193004,-0.05104363,,,Nervous System
rbm4.2,0.3627461,0.41387057,-0.051124483,,,Nervous System
nhp2,0.31388354,0.36507633,-0.05119279,,,Nervous System
sf3a1,0.4861103,0.53732437,-0.05121407,,,Nervous System
akap12b,1.0555377,1.1067631,-0.051225424,,,Nervous System
polr2eb,0.2908709,0.34210917,-0.05123827,,,Nervous System
npm3,0.29904565,0.35030317,-0.05125752,,,Nervous System
ywhag2,0.13028777,0.1816267,-0.05133894,,,Nervous System
rpl26,2.2705462,2.3218992,-0.051352978,,,Nervous System
prpf40a,0.37546566,0.42681953,-0.05135387,,,Nervous System
cttn,0.108557545,0.15991585,-0.051358305,,,Nervous System
mt-atp6,2.7657223,2.8171139,-0.0513916,,,Nervous System
echs1,0.18418281,0.2356044,-0.051421598,,,Nervous System
tomm7,0.23741044,0.28896022,-0.051549777,,,Nervous System
txnrd3,0.3124709,0.36407575,-0.051604837,,,Nervous System
supt16h,0.66952634,0.7211776,-0.05165124,,,Nervous System
dlst,0.20823021,0.25995415,-0.051723942,,,Nervous System
sptan1,0.40293148,0.45469025,-0.051758766,,,Nervous System
gpc6a,0.2142149,0.26608914,-0.051874235,,,Nervous System
ptbp2b,0.31002384,0.36190072,-0.051876873,,,Nervous System
agap1,0.10707161,0.1589687,-0.051897094,,,Nervous System
brk1,0.48643088,0.53845304,-0.05202216,,,Nervous System
psmb3,0.5962557,0.64842993,-0.05217421,,,Nervous System
nova2,1.1718732,1.2241454,-0.0522722,,,Nervous System
aldh6a1,0.42562386,0.4780503,-0.052426428,,,Nervous System
rpl7a,2.8716125,2.9240735,-0.05246091,,,Nervous System
zfhx3,0.2334848,0.28598845,-0.052503645,,,Nervous System
nutf2l,0.41692352,0.46960485,-0.052681327,,,Nervous System
prpf19,0.65937287,0.7120556,-0.052682757,,,Nervous System
stmn2b,0.23973297,0.29242423,-0.052691266,,,Nervous System
syncrip,1.5089059,1.5616001,-0.0526942,,,Nervous System
atp6v0ca,0.5558943,0.6087387,-0.052844405,,,Nervous System
atrx,0.44744837,0.5004311,-0.052982748,,,Nervous System
nifk,0.16857459,0.22159472,-0.053020135,,,Nervous System
hnrnpl2,0.58774275,0.64081836,-0.05307561,,,Nervous System
ilf3b,0.6789437,0.7320338,-0.053090096,,,Nervous System
yod1,0.1680311,0.22114493,-0.053113833,,,Nervous System
ddost,0.47074148,0.5239219,-0.053180426,,,Nervous System
psmb7,0.6419048,0.69509834,-0.05319357,,,Nervous System
zgc:56095,0.317536,0.37077007,-0.05323407,,,Nervous System
vcp,0.8898014,0.94317615,-0.053374767,,,Nervous System
rps21,2.6440883,2.697512,-0.053423643,,,Nervous System
mibp2,0.6639683,0.7174019,-0.053433597,,,Nervous System
rfc1,2.523024,2.5765038,-0.05347967,,,Nervous System
gmfb,0.4707747,0.52451926,-0.053744555,,,Nervous System
dag1,0.2598779,0.31366342,-0.053785533,,,Nervous System
smarca4a,0.5915181,0.64549553,-0.05397743,,,Nervous System
nap1l4a,0.12480612,0.17889078,-0.05408466,,,Nervous System
rpl13a,2.817574,2.8716843,-0.05411029,,,Nervous System
gtpbp4,0.29334852,0.34757844,-0.054229915,,,Nervous System
psma8,0.53043175,0.5846963,-0.054264545,,,Nervous System
sirt7,0.2845624,0.33883587,-0.054273456,,,Nervous System
atp5pf,0.4721685,0.5265978,-0.054429293,,,Nervous System
atp5md,0.5309864,0.58544385,-0.054457426,,,Nervous System
rad23b,0.45507672,0.5097265,-0.0546498,,,Nervous System
rps27a,3.5576742,3.6124027,-0.054728508,,,Nervous System
atp1b3a,0.29878172,0.35357925,-0.05479753,,,Nervous System
ppp2cb,0.7461456,0.8010716,-0.05492598,,,Nervous System
CU571318.1,0.34058717,0.3955713,-0.054984123,,,Nervous System
ccdc171,0.12628211,0.1813245,-0.055042386,,,Nervous System
atf4a,0.3981142,0.4531604,-0.0550462,,,Nervous System
ppib,0.5974155,0.65259236,-0.055176854,,,Nervous System
rab2a,0.48063192,0.53582907,-0.05519715,,,Nervous System
col2a1b,0.30713442,0.36233345,-0.055199027,,,Nervous System
atp5fa1,0.83211994,0.88733333,-0.05521339,,,Nervous System
dnmt1,0.48796958,0.54320157,-0.05523199,,,Nervous System
meis2a,0.47592014,0.5311893,-0.05526918,,,Nervous System
cpsf3,0.27908933,0.33439875,-0.055309415,,,Nervous System
col18a1a,0.4455851,0.5009058,-0.05532071,,,Nervous System
bcl2l16,1.9216866,1.977077,-0.055390358,,,Nervous System
zgc:56064,0.19871488,0.2544341,-0.055719227,,,Nervous System
cbx1a,0.48573023,0.54151577,-0.055785537,,,Nervous System
dbi,0.73619443,0.7920192,-0.055824757,,,Nervous System
tcf7l2,0.12483307,0.1808492,-0.056016125,,,Nervous System
pfdn5,0.5164861,0.5731091,-0.056622982,,,Nervous System
ywhaba,1.3723917,1.4290195,-0.05662775,,,Nervous System
atp5if1a,0.35806155,0.4148381,-0.056776553,,,Nervous System
insm1a,0.22830215,0.28516892,-0.056866765,,,Nervous System
fen1,0.29226345,0.34913325,-0.056869805,,,Nervous System
rps28,3.0426667,3.0995367,-0.056869984,,,Nervous System
pcbp2,0.38682804,0.44388458,-0.057056546,,,Nervous System
mcmbp,0.19577046,0.2528426,-0.057072148,,,Nervous System
ppa1b,0.3166571,0.3738438,-0.057186693,,,Nervous System
akr7a3,0.18618794,0.24349621,-0.05730827,,,Nervous System
ylpm1,0.26968825,0.32711092,-0.057422668,,,Nervous System
si:dkey-276j7.1,0.46555796,0.5230094,-0.057451457,,,Nervous System
rps6,2.5611346,2.618624,-0.057489395,,,Nervous System
psmd14,0.48129404,0.5388573,-0.057563245,,,Nervous System
rsl24d1,0.78565043,0.8432484,-0.057597995,,,Nervous System
elavl1a,0.85822433,0.916189,-0.057964683,,,Nervous System
mycn,0.20013309,0.25825578,-0.058122694,,,Nervous System
ywhaqb,0.67902285,0.7371477,-0.05812484,,,Nervous System
pfdn2,0.258621,0.31682095,-0.058199942,,,Nervous System
stip1,0.2823132,0.34085983,-0.058546633,,,Nervous System
olig4,0.20712951,0.26600385,-0.05887434,,,Nervous System
mcm3,0.56380665,0.6226839,-0.05887723,,,Nervous System
psma1,0.50528044,0.56449807,-0.05921763,,,Nervous System
otx2b,0.104320616,0.16360499,-0.059284374,,,Nervous System
mt-nd2,1.7609553,1.820282,-0.05932665,,,Nervous System
ndufs5,0.33429787,0.39378843,-0.05949056,,,Nervous System
cdk1,0.4165759,0.47617713,-0.059601218,,,Nervous System
kars1,0.30000213,0.3596367,-0.059634566,,,Nervous System
eif3c,0.7150617,0.7747135,-0.059651792,,,Nervous System
pes,0.16392706,0.2235946,-0.059667543,,,Nervous System
arl8,0.36836827,0.4280809,-0.05971262,,,Nervous System
hs3st3b1b,0.24662365,0.30664468,-0.060021028,,,Nervous System
ube2e3,0.549641,0.60969186,-0.060050845,,,Nervous System
nhsl2,0.39889857,0.45898604,-0.060087472,,,Nervous System
hmgb3a,1.9698004,2.0299509,-0.060150504,,,Nervous System
eif3ea,0.836851,0.8970845,-0.060233474,,,Nervous System
tmem35,0.31049702,0.37106806,-0.060571045,,,Nervous System
atp5l,0.86871356,0.929296,-0.06058246,,,Nervous System
asph,0.19795403,0.25853854,-0.060584515,,,Nervous System
cx43.4,0.89298004,0.95356697,-0.06058693,,,Nervous System
zic2b,0.25333682,0.31412858,-0.06079176,,,Nervous System
srsf5b,0.6603363,0.7211578,-0.060821474,,,Nervous System
rpl38,2.5224996,2.5835278,-0.061028242,,,Nervous System
actb2,3.2816038,3.3427482,-0.061144352,,,Nervous System
CABZ01058222.1,0.12480659,0.18598571,-0.061179124,,,Nervous System
scocb,0.18005186,0.24144305,-0.06139119,,,Nervous System
api5,0.510855,0.5722916,-0.061436594,,,Nervous System
wls,0.42266685,0.48419753,-0.06153068,,,Nervous System
tpm4a,0.33558348,0.39732856,-0.061745077,,,Nervous System
adgrl2a,0.16499114,0.22678411,-0.06179297,,,Nervous System
rps4x,2.934205,2.9960227,-0.061817646,,,Nervous System
mpc1,0.20654851,0.26837355,-0.061825037,,,Nervous System
gspt1l,0.70049345,0.7623859,-0.06189245,,,Nervous System
hint1,0.44179642,0.5037565,-0.0619601,,,Nervous System
hmgb1a,0.85349226,0.9154578,-0.061965525,,,Nervous System
rtn1a,0.38554788,0.4475184,-0.061970532,,,Nervous System
psmb4,0.76083726,0.8228737,-0.062036455,,,Nervous System
sept2,0.319566,0.38161632,-0.062050313,,,Nervous System
eef1db,0.37161547,0.4341519,-0.06253642,,,Nervous System
snrpa,0.50745994,0.5702981,-0.06283814,,,Nervous System
snu13b,0.49285448,0.55569386,-0.06283939,,,Nervous System
mthfd1b,0.15227357,0.21518202,-0.062908456,,,Nervous System
hspa9,0.31097075,0.374002,-0.063031256,,,Nervous System
PSMA2,0.44486323,0.5079028,-0.06303957,,,Nervous System
psmc6,0.44506,0.50824934,-0.06318933,,,Nervous System
mcm5,0.83148557,0.8947746,-0.06328905,,,Nervous System
ELOB,0.4541973,0.51756805,-0.063370764,,,Nervous System
mlf2,0.4819722,0.5454206,-0.0634484,,,Nervous System
cep131,0.2418157,0.30539018,-0.06357448,,,Nervous System
naa40,0.32740712,0.39107072,-0.0636636,,,Nervous System
ap1m1,0.27313936,0.3368728,-0.06373343,,,Nervous System
eif2s3,0.6562361,0.720013,-0.06377691,,,Nervous System
snrpe,0.8636197,0.92741126,-0.06379157,,,Nervous System
mt-nd1,2.2286496,2.2924657,-0.06381607,,,Nervous System
nid1b,0.083607584,0.14750387,-0.06389628,,,Nervous System
hnrnpub,1.1234117,1.1874679,-0.06405628,,,Nervous System
smdt1b,0.18380308,0.24790542,-0.06410234,,,Nervous System
hnrnpa0a,1.8864702,1.9506032,-0.06413305,,,Nervous System
usp7,0.2631891,0.32741717,-0.06422806,,,Nervous System
cox7c,0.9981245,1.0623541,-0.06422961,,,Nervous System
igf2bp1,1.5010519,1.5652835,-0.064231634,,,Nervous System
pvalb2,0.2903486,0.35464826,-0.06429967,,,Nervous System
zfhx4,0.28115663,0.3455799,-0.06442326,,,Nervous System
usp10,0.32072675,0.38519207,-0.064465314,,,Nervous System
nucks1a,0.86589944,0.9305589,-0.06465948,,,Nervous System
dpysl3,0.26275775,0.32742533,-0.06466758,,,Nervous System
cox6c,0.7022237,0.7670235,-0.064799786,,,Nervous System
pcna,2.0343134,2.0992765,-0.0649631,,,Nervous System
rps26,2.3331776,2.3984566,-0.06527901,,,Nervous System
ppid,0.29843923,0.3638109,-0.06537166,,,Nervous System
atp2a1,0.6496373,0.7151182,-0.06548095,,,Nervous System
icn,1.225203,1.2908062,-0.06560314,,,Nervous System
eif2s1b,0.37610593,0.4417353,-0.06562936,,,Nervous System
skp1,0.7972452,0.862926,-0.0656808,,,Nervous System
khdrbs1b,0.76599157,0.8316952,-0.06570363,,,Nervous System
s100a10b,0.28565842,0.35177648,-0.06611806,,,Nervous System
ube2v2,0.43493605,0.50127536,-0.066339314,,,Nervous System
rcc2,0.81706625,0.883472,-0.06640577,,,Nervous System
rab11a,0.38835096,0.45476997,-0.066419005,,,Nervous System
eif3i,0.7260223,0.7927164,-0.06669408,,,Nervous System
cox6a1,0.5188325,0.5858093,-0.066976786,,,Nervous System
stau2,0.39131224,0.458349,-0.06703675,,,Nervous System
cirbpb,3.5432868,3.6103892,-0.06710243,,,Nervous System
draxin,0.11466822,0.18177357,-0.06710535,,,Nervous System
hspa4b,0.39233345,0.45947027,-0.067136824,,,Nervous System
AL845357.1,0.29211706,0.35931146,-0.0671944,,,Nervous System
cycsb,0.5168023,0.58413833,-0.06733602,,,Nervous System
mbd3b,0.4864302,0.55425,-0.067819804,,,Nervous System
fmoda,0.07793964,0.14581452,-0.067874886,,,Nervous System
ube2ia,0.3542493,0.42216584,-0.06791654,,,Nervous System
tma7,1.1814668,1.2493867,-0.06791985,,,Nervous System
ube2v1,0.5523443,0.62031764,-0.067973316,,,Nervous System
bsg,0.7093933,0.77774423,-0.06835091,,,Nervous System
rpa3,0.47209707,0.5404897,-0.068392605,,,Nervous System
rbm4.3,1.4654254,1.5338768,-0.068451405,,,Nervous System
reck,0.5819435,0.65043485,-0.06849134,,,Nervous System
ebf3a,0.25180203,0.32039008,-0.06858805,,,Nervous System
nop10,0.35514605,0.4238183,-0.06867224,,,Nervous System
BX004999.1,0.51607186,0.58499235,-0.06892049,,,Nervous System
pdap1a,0.6985176,0.7675831,-0.06906545,,,Nervous System
tomm5,0.42860737,0.4976746,-0.06906724,,,Nervous System
fxyd6l,0.6069548,0.67607313,-0.06911832,,,Nervous System
oaz1b,0.6650146,0.73415047,-0.069135845,,,Nervous System
ywhah,0.37533656,0.44472218,-0.06938562,,,Nervous System
foxn4,0.085636534,0.1550711,-0.06943456,,,Nervous System
pfn1,0.48065162,0.55020165,-0.06955004,,,Nervous System
myl12.1,0.8274628,0.8970407,-0.06957793,,,Nervous System
shmt1,0.37236804,0.44196948,-0.06960145,,,Nervous System
cct6a,0.60285765,0.6728087,-0.06995106,,,Nervous System
mab21l2,0.15516283,0.22570075,-0.070537925,,,Nervous System
aldoaa,1.3597777,1.4303555,-0.07057786,,,Nervous System
cfl1l,0.4944323,0.5650123,-0.070579976,,,Nervous System
tktb,0.29219863,0.3629929,-0.070794284,,,Nervous System
taf15,0.95007163,1.0209619,-0.07089025,,,Nervous System
lima1a,0.24651133,0.31767932,-0.07116799,,,Nervous System
TXN,2.3702273,2.4414334,-0.07120609,,,Nervous System
BX248517.1,0.16980259,0.24115992,-0.071357325,,,Nervous System
h3f3d,1.7869304,1.8583089,-0.07137847,,,Nervous System
h3f3c,1.8633488,1.9350755,-0.07172668,,,Nervous System
tenm3,0.1812868,0.25346214,-0.07217534,,,Nervous System
vdac1,0.7553392,0.8278306,-0.07249141,,,Nervous System
eif3m,0.94150466,1.0139966,-0.072491944,,,Nervous System
sumo2b,0.6726798,0.74521595,-0.07253617,,,Nervous System
ssb,0.23007907,0.30267355,-0.07259448,,,Nervous System
nop56,0.4206459,0.49325314,-0.07260725,,,Nervous System
ap2m1a,0.46746373,0.54030585,-0.07284212,,,Nervous System
sub1a,0.70090926,0.77386034,-0.07295108,,,Nervous System
si:ch211-156b7.4,0.29077742,0.3640477,-0.07327029,,,Nervous System
ranbp1,0.96684873,1.04046,-0.07361126,,,Nervous System
hnrnpabb,1.5176646,1.591387,-0.07372248,,,Nervous System
postnb,0.2399245,0.31365088,-0.07372637,,,Nervous System
atp5po,0.8650533,0.9387902,-0.073736906,,,Nervous System
ywhabb,0.6152049,0.6896089,-0.074404,,,Nervous System
hnrnpa0l,2.312854,2.387345,-0.074491024,,,Nervous System
hspa8,3.1579566,3.2325425,-0.074585915,,,Nervous System
rpa1,0.57432294,0.6495056,-0.07518268,,,Nervous System
rhoaa,0.83942133,0.9146804,-0.07525909,,,Nervous System
FO704772.2,0.37271768,0.44812968,-0.075412005,,,Nervous System
idh2,0.9314529,1.0070089,-0.07555604,,,Nervous System
rpl4,3.1023278,3.1782029,-0.075875044,,,Nervous System
etf1b,0.3980607,0.47397366,-0.07591295,,,Nervous System
gdi1,0.3101891,0.38646135,-0.07627225,,,Nervous System
ywhabl,0.8803187,0.95717114,-0.07685244,,,Nervous System
hnrnpa1b,1.1564927,1.2334564,-0.07696366,,,Nervous System
cdca7a,0.5667101,0.6436884,-0.076978266,,,Nervous System
myca,0.07663588,0.15371951,-0.07708363,,,Nervous System
eef1b2,2.1398077,2.2169032,-0.07709551,,,Nervous System
rpl15,2.8985581,2.9756868,-0.07712865,,,Nervous System
ppp5c,0.19874744,0.27590695,-0.07715951,,,Nervous System
clic4,0.5006655,0.57793736,-0.07727188,,,Nervous System
rbbp4,1.0333861,1.1108176,-0.07743144,,,Nervous System
ctnnb2,0.46151122,0.5390205,-0.077509254,,,Nervous System
abcf1,0.52483827,0.6029018,-0.07806355,,,Nervous System
cct7,0.75061935,0.82869774,-0.07807839,,,Nervous System
cox8a,0.64403284,0.7222304,-0.07819754,,,Nervous System
nme2b.1,1.9425508,2.020875,-0.0783242,,,Nervous System
pmp22a,0.28371632,0.36207277,-0.078356445,,,Nervous System
fkbp2,0.33375192,0.41227943,-0.07852751,,,Nervous System
zic3,0.15442313,0.23347148,-0.07904835,,,Nervous System
tuba8l3,0.14362468,0.22276597,-0.07914129,,,Nervous System
atp5f1e,1.0601385,1.1394466,-0.07930815,,,Nervous System
cox5aa,0.55101395,0.6304496,-0.07943565,,,Nervous System
col1a1a,0.33587316,0.41593432,-0.08006117,,,Nervous System
cox7a2a,0.5228416,0.60309404,-0.08025247,,,Nervous System
cnp,0.35400182,0.43427694,-0.08027512,,,Nervous System
atp2b1a,0.12370895,0.20429471,-0.08058576,,,Nervous System
zgc:153867,0.8897177,0.9707513,-0.08103359,,,Nervous System
cct3,0.6644118,0.74576604,-0.08135426,,,Nervous System
eif4bb,0.49395138,0.57532704,-0.08137566,,,Nervous System
eif3s10,1.0034279,1.0849656,-0.08153772,,,Nervous System
eif4a1b,0.6296395,0.71128047,-0.08164096,,,Nervous System
cirbpa,3.538104,3.6198902,-0.081786156,,,Nervous System
btf3,2.0666285,2.149172,-0.08254361,,,Nervous System
ahcy,0.6245743,0.7078197,-0.0832454,,,Nervous System
ttyh3b,1.2267628,1.310328,-0.083565235,,,Nervous System
si:ch1073-429i10.3,1.4405092,1.5241773,-0.08366811,,,Nervous System
insm1b,0.13853692,0.2222132,-0.08367628,,,Nervous System
tomm6,0.29505643,0.37875152,-0.083695084,,,Nervous System
ndufa3,0.50491667,0.5889522,-0.084035516,,,Nervous System
ndufa4l,0.86521995,0.94935864,-0.08413869,,,Nervous System
rps18,2.9084406,2.992617,-0.0841763,,,Nervous System
apex1,0.9514673,1.0356795,-0.084212184,,,Nervous System
tox2,0.42895392,0.51319516,-0.08424124,,,Nervous System
vim,0.3724009,0.45697486,-0.084573954,,,Nervous System
dad1,0.6120231,0.69708174,-0.08505863,,,Nervous System
ppp2r1ba,0.5412598,0.62645423,-0.08519441,,,Nervous System
mcm4,0.7448074,0.8301857,-0.08537829,,,Nervous System
rpl21,2.5529904,2.63858,-0.08558965,,,Nervous System
clta,0.6470592,0.7329565,-0.08589733,,,Nervous System
lin28a,0.5580983,0.6441797,-0.086081386,,,Nervous System
phb,0.39459863,0.48127866,-0.086680025,,,Nervous System
sfpq,1.2242194,1.3115147,-0.087295294,,,Nervous System
atp5mc3a,0.71484256,0.8026418,-0.08779925,,,Nervous System
slc1a3a,0.25864163,0.3467322,-0.08809057,,,Nervous System
atp5pd,0.77019656,0.85854566,-0.088349104,,,Nervous System
setb,1.1246724,1.2136458,-0.0889734,,,Nervous System
cct5,0.72596145,0.81505275,-0.0890913,,,Nervous System
eif2s2,0.5663571,0.6564936,-0.09013653,,,Nervous System
paics,0.30644658,0.39713925,-0.09069267,,,Nervous System
eif5a,2.0447552,2.1356614,-0.09090614,,,Nervous System
rpl6,2.5883584,2.6795955,-0.09123707,,,Nervous System
vdac2,0.58382064,0.675088,-0.09126735,,,Nervous System
tnn,0.25957924,0.35170132,-0.09212208,,,Nervous System
ptp4a1,0.68936896,0.7817576,-0.09238863,,,Nervous System
hspd1,0.2986076,0.3913309,-0.09272331,,,Nervous System
uqcrh,0.61978275,0.71259177,-0.09280902,,,Nervous System
calm3a,1.7676532,1.8605539,-0.092900634,,,Nervous System
pax3a,0.25284716,0.34596407,-0.09311691,,,Nervous System
prps1a,0.3309718,0.4241454,-0.09317359,,,Nervous System
mcm2,0.5449615,0.6384237,-0.09346217,,,Nervous System
calm3b,0.7544805,0.8479808,-0.093500316,,,Nervous System
fth1a,1.3109031,1.4044834,-0.093580365,,,Nervous System
fzd10,0.2684735,0.36206636,-0.09359285,,,Nervous System
cnbpa,0.63054127,0.7241837,-0.09364241,,,Nervous System
ybx1,2.0719054,2.1661997,-0.09429431,,,Nervous System
si:dkey-238k10.2,0.7884215,0.88274515,-0.094323635,,,Nervous System
tuba8l4,2.4791026,2.573658,-0.09455538,,,Nervous System
dnmt3ba,0.52438605,0.6192834,-0.09489733,,,Nervous System
ptges3b,0.48311338,0.57858473,-0.09547135,,,Nervous System
rps26l,2.423157,2.5189614,-0.09580445,,,Nervous System
gar1,0.37729475,0.47343534,-0.09614059,,,Nervous System
cfl1,1.9527644,2.0492232,-0.09645879,,,Nervous System
csde1,1.0902375,1.1867069,-0.0964694,,,Nervous System
eif3ba,1.0382414,1.1347247,-0.09648335,,,Nervous System
ilf2,1.2336389,1.3302517,-0.09661281,,,Nervous System
tgfbi,0.21039212,0.30706903,-0.096676916,,,Nervous System
pa2g4a,0.4232212,0.52155274,-0.09833154,,,Nervous System
eef1a1l1,4.4659095,4.564307,-0.09839773,,,Nervous System
acin1a,0.30011734,0.39868924,-0.0985719,,,Nervous System
CR318588.4,0.43363652,0.5322958,-0.09865931,,,Nervous System
mt-nd4,1.9221214,2.0212986,-0.09917724,,,Nervous System
NC-002333.17,1.122351,1.22357,-0.10121894,,,Nervous System
selenow2a,0.9064078,1.007878,-0.10147017,,,Nervous System
tanc1b,1.0116823,1.113408,-0.1017257,,,Nervous System
elavl3,0.35007647,0.45191598,-0.10183951,,,Nervous System
hspe1,0.51601815,0.6181727,-0.10215455,,,Nervous System
ebf2,0.47764212,0.5801418,-0.102499664,,,Nervous System
slc25a3b,0.87861586,0.9811716,-0.10255575,,,Nervous System
si:ch211-51e12.7,1.2818617,1.3848485,-0.10298681,,,Nervous System
kpnb3,0.53256017,0.6356749,-0.103114724,,,Nervous System
icn2,0.9756515,1.0795869,-0.10393536,,,Nervous System
pfn2,1.0798681,1.1840302,-0.1041621,,,Nervous System
acta1b,0.30365267,0.40783802,-0.10418534,,,Nervous System
rpl5b,1.6322412,1.7370094,-0.10476816,,,Nervous System
aglb,0.9101105,1.0156697,-0.10555923,,,Nervous System
cox4i1,0.6895661,0.7952747,-0.1057086,,,Nervous System
zgc:193541,0.9035238,1.011281,-0.10775721,,,Nervous System
si:dkey-56m19.5,0.77661717,0.8851086,-0.10849142,,,Nervous System
rps27.2,1.6947466,1.8043362,-0.10958958,,,Nervous System
rpl22l1,2.2264016,2.337593,-0.11119151,,,Nervous System
fabp7a,0.43540788,0.5468969,-0.111489,,,Nervous System
net1,0.15733483,0.26943642,-0.112101585,,,Nervous System
boc,0.40052432,0.5126937,-0.112169385,,,Nervous System
tmsb1,0.6568061,0.76916295,-0.11235684,,,Nervous System
slc29a1a,0.5048019,0.61769086,-0.11288893,,,Nervous System
gas1a,0.34250718,0.45545158,-0.112944394,,,Nervous System
banf1,1.3989272,1.5138357,-0.11490846,,,Nervous System
mt-nd3,1.9131645,2.0286164,-0.11545193,,,Nervous System
aldob,0.412303,0.52890956,-0.11660656,,,Nervous System
nhlh2,0.32447925,0.44214115,-0.11766189,,,Nervous System
hdlbpa,0.6942462,0.8130759,-0.11882973,,,Nervous System
dynll1,0.81469643,0.9358606,-0.12116414,,,Nervous System
cad,0.79405004,0.9171057,-0.12305564,,,Nervous System
eef1g,2.1328216,2.2561438,-0.12332225,,,Nervous System
eif4a1a,1.0443382,1.1689119,-0.12457371,,,Nervous System
mdka,1.6001462,1.7261082,-0.12596202,,,Nervous System
pfn2l,1.4595989,1.5859956,-0.12639666,,,Nervous System
tcaim,1.8784151,2.0049534,-0.12653828,,,Nervous System
atp5f1b,0.87345546,1.0003052,-0.12684971,,,Nervous System
atic,0.17355987,0.3013325,-0.12777263,,,Nervous System
prmt1,1.3162398,1.444969,-0.12872922,,,Nervous System
pabpc1a,1.3926392,1.5221202,-0.12948108,,,Nervous System
impdh1b,0.3477152,0.47928512,-0.13156992,,,Nervous System
fbl,0.5944965,0.7273818,-0.13288534,,,Nervous System
stmn1a,1.8193374,1.9543111,-0.13497376,,,Nervous System
cntnap5b,2.7577205,2.894732,-0.13701153,,,Nervous System
fabp3,2.0634592,2.2010195,-0.13756037,,,Nervous System
ncl,0.79103494,0.9295775,-0.13854259,,,Nervous System
krt18a.1,0.3529195,0.49170658,-0.13878709,,,Nervous System
atp7a,1.5256145,1.665421,-0.13980651,,,Nervous System
ccnd1,0.6650826,0.8119956,-0.14691305,,,Nervous System
FP015809.1,0.56952435,0.71786714,-0.14834279,,,Nervous System
AL935186.10,1.6897881,1.8420806,-0.15229249,,,Nervous System
stmn1b,0.45495787,0.6098016,-0.15484372,,,Nervous System
eif5a2,1.8068467,1.966383,-0.15953624,,,Nervous System
mab21l1,0.1982594,0.35976738,-0.16150798,,,Nervous System
ctnnb1,1.0120562,1.1763095,-0.16425323,,,Nervous System
shcbp1,2.622544,2.788023,-0.16547894,,,Nervous System
hsp90ab1,3.1574187,3.326624,-0.16920519,,,Nervous System
krt8,0.5448927,0.7159876,-0.1710949,,,Nervous System
prc1a,2.4408529,2.6127694,-0.17191648,,,Nervous System
serbp1a,2.2943301,2.4693089,-0.17497873,,,Nervous System
npm1a,0.7044071,0.87995744,-0.17555034,,,Nervous System
naca,1.7297838,1.9108961,-0.18111229,,,Nervous System
eef2b,2.6644735,2.8514016,-0.18692803,0.09950248756218906,0.017950741613066076,Nervous System
dlb,0.66221964,0.8655841,-0.20336443,0.6467661691542289,0.030817991914619786,Nervous System
tubb5,1.1313294,1.3357369,-0.20440745,0.7412935323383084,0.03609762496184048,Nervous System
CABZ01021592.1,0.28321564,0.5360346,-0.25281894,0.004975124378109453,0.018588761362318917,Nervous System
gch2,0.33161607,0.640353,-0.30873695,0.004975124378109453,0.021861559835374654,Nervous System
FO704772.3,0.41271213,0.72585607,-0.31314394,0.6517412935323383,0.010907233912806803,Nervous System
