gene,total,composition,within_celltype,pct_composition
A2M,-0.0008488429224622275,0.0009638860884894525,-0.00181272901095168,-113.55293929924288
AAK1,0.000624023298647881,-0.001220145862081211,0.001844169160729092,-195.52889527121735
ACLY,0.00312192820097025,0.006772038702239607,-0.003650110501269357,216.91846404843506
ACO2,0.000768626511100282,0.002635910524306831,-0.001867284013206549,342.9377579669414
ACTA2,0.01895267617834522,0.008498603490238406,0.010454072688106813,44.84117921008256
ACTB,0.00619249008435065,0.017458443375829358,-0.011265953291478708,281.92929077027446
ACTG1,-0.030396277732038186,-0.016914947963718847,-0.01348132976831934,55.64808991691179
ACTN1,0.023045253028771487,0.023849108333273465,-0.00080385530450198,103.48816002800395
ACTN4,0.015501701452630004,0.0070321555056572106,0.008469545946972794,45.36376556564468
ACTR2,-0.006772419234042565,-0.0037234989321777556,-0.0030489203018648093,54.98033721038767
ACTR3,-0.0067638708969696175,-0.002423779388769921,-0.004340091508199697,35.834205378695714
ADAR,0.002435820074162671,0.0028798347725919994,-0.00044401469842932843,118.22855075130956
ADD1,-0.001760480092538238,0.0002037880673726013,-0.0019642681599108393,-11.575709843942754
ADNP,0.0026375764579105636,0.0022872611492315495,0.00035031530867901434,86.71828800911702
AGFG1,0.005215579904997784,0.005723539986424842,-0.0005079600814270578,109.739282892403
AHNAK,0.018532443012024183,0.019763967351064567,-0.001231524339040383,106.6452347283159
AIDA,0.001988881312001838,0.0026400834559508002,-0.0006512021439489624,132.74213197234567
AK2,0.004936031857021292,0.0039071404159838246,0.0010288914410374675,79.15549431525824
AKAP13,0.0070871108279206944,0.003407707976594321,0.003679402851326374,48.08317605489058
AKR1A1,0.002255921734186422,0.004307263280454587,-0.002051341546268165,190.93141464892014
ALKBH5,0.0017052599562486657,0.000427949772549948,0.0012773101836987177,25.095867112916782
ALYREF,0.0008645799721711649,0.0014383946295354415,-0.0005738146573642766,166.36918224271287
AMTN,0.10465356671455432,0.10277847859417352,0.0018750881203807978,98.20829028646949
ANAPC16,-0.0035795141011580557,-0.003775699345777675,0.0001961852446196193,105.48077864970972
ANAPC5,0.00655358600855988,0.004359133835863992,0.0021944521726958884,66.51524570167183
ANO1,0.01738274053049719,0.018329000874660238,-0.0009462603441630501,105.44367755189626
ANP32A,-0.003993589204533625,-0.0013273518708828865,-0.0026662373336507387,33.23706577972624
ANP32B,-0.011297511803428037,-0.00255991858403958,-0.008737593219388457,22.659136176010158
ANXA1,0.02270285957998457,0.01652622980789879,0.00617662977208578,72.79360447821622
ANXA2,0.08099048022557273,0.0791968284346373,0.00179365179093543,97.78535478992124
ANXA5,0.0027027512802577243,0.00545568308383034,-0.0027529318035726153,201.8566459918615
AP2M1,0.010002255137691513,0.011277780266357477,-0.0012755251286659644,112.7523754504062
AP2S1,0.008699336242381176,0.009065841965987819,-0.00036650572360664215,104.21303089563443
APH1A,0.00528885191016826,0.0057910164269377555,-0.0005021645167694956,109.49477363516347
API5,0.0007885555361340228,-0.0005281850631239011,0.001316740599257924,-66.98133979419946
APLP2,0.010243573695195024,0.009706223429579134,0.0005373502656158901,94.7542695390775
APOBEC3C,-0.003432033192928452,-0.002193101007377481,-0.0012389321855509714,63.90092647985648
APOC1,0.0012262752058125877,0.00032401257398390016,0.0009022626318286875,26.422500630206756
APOE,0.0037792894888875033,0.00013145172116602911,0.003647837767721474,3.478212546367389
APOL6,-0.001757211285272346,-0.0006303838265755779,-0.001126827458696768,35.8741052859717
APP,0.035431657390753074,0.03438966609566706,0.0010419912950860187,97.05915169704154
APRT,-0.002598099158639444,-0.00043309483374257387,-0.00216500432489687,16.6696806895305
ARF1,0.010373013426927662,0.01827697498473493,-0.007903961557807268,176.1973520374427
ARF3,-0.0010272912910359458,0.003951851911918566,-0.004979143202954512,-384.6865973071203
ARF4,0.0031159748572663548,0.005027467225877248,-0.0019114923686108934,161.3449227343203
ARF5,0.012461259700932127,0.011246119268527413,0.0012151404324047142,90.24865493884363
ARF6,0.005195444849463508,0.007085625270871844,-0.0018901804214083362,136.38149333071104
ARGLU1,-0.000646214117198033,-0.00030440812676061453,-0.0003418059904374184,47.10638759804877
ARHGDIA,-0.0016679879864169066,0.0003467236283647328,-0.0020147116147816394,-20.786937986858536
ARHGEF1,-0.0012208679473527698,-0.002713136943398869,0.0014922689960460993,222.2301723361493
ARID1A,0.002200142496601074,-0.00023975936368633797,0.002439901860287412,-10.897447054303715
ARID1B,0.005225907392656493,-0.000938239677996615,0.006164147070653108,-17.953622356856926
ARID4B,0.0016603207637624858,0.00015282138562439833,0.0015074993781380875,9.204329004359781
ARL4C,-0.010697033780515706,-0.007668081234260352,-0.0030289525462553536,71.68418265844414
ARL6IP1,0.0006290426942558436,0.0040028864512911665,-0.003373843757035323,636.3457501126493
ARL6IP5,-0.0105635109102749,-0.007898607163699745,-0.002664903746575156,74.77255649934473
ARPC1B,-0.00037452177185816555,0.0034211176928655015,-0.003795639464723667,-913.4629679582704
ARPC2,-0.0017701722299790822,0.005432860071683459,-0.007203032301662541,-306.9113829532654
ARPC3,-0.0034815892338884366,0.0015889440158270325,-0.005070533249715469,-45.63846878778429
ARPC4,-0.0007053684037820441,-0.0012509270344114726,0.0005455586306294285,177.3437862688848
ARPC5,-0.001298709130889274,0.0004009464236466864,-0.0016996555545359603,-30.872688434256535
ASAH1,-0.0022759477117219743,6.947731624246025e-05,-0.0023454250279644345,-3.052676293248141
ATF4,0.0017706722670159975,0.003955198707003869,-0.0021845264399878712,223.3727144588601
ATOX1,0.0004967450299359193,0.001008010588329218,-0.0005112655583932986,202.9231351261335
ATP1A1,0.003279424987550861,0.005928466674730341,-0.0026490416871794804,180.77762709120043
ATP1B1,0.023014836782985867,0.025998227413871873,-0.002983390630886006,112.96290153615833
ATP1B3,0.008627828666936755,0.011804258223028817,-0.003176429556092063,136.81609450897722
ATP2A2,0.007099246574668256,0.009241415829035982,-0.002142169254367726,130.1745999640508
ATP5F1A,-0.004338748160378865,0.0010462316317710755,-0.00538497979214994,-24.11367503016624
ATP5F1B,0.003816787199821732,0.004804895541127231,-0.0009881083413054987,125.88848394145867
ATP5F1C,0.004505834907114678,0.00751890318071437,-0.003013068273599692,166.87036555294296
ATP5F1E,-0.021124685987181323,0.004213959246249892,-0.025338645233431215,-19.948032594694972
ATP5IF1,0.0017415380166642697,0.004787255483606848,-0.0030457174669425782,274.88664834181026
ATP5MC1,0.0025360409190155276,0.002809632529245951,-0.00027359161023042354,110.78813863684147
ATP5MC2,-0.023201706952731216,-0.011830833352682178,-0.011370873600049037,50.99121964080103
ATP5MC3,0.00908961415728332,0.01190065277542307,-0.0028110386181397513,130.92582995822022
ATP5ME,0.004661451930760146,0.005663687153049541,-0.0010022352222893948,121.50049463506876
ATP5MF,0.010909004806966612,0.009268601414552508,0.0016404033924141024,84.96285021923794
ATP5MG,-0.014807514006904453,-0.00884931665266829,-0.005958197354236164,59.76233855691123
ATP5MJ,0.002257896847222469,0.002944206769788526,-0.0006863099225660568,130.39598214640827
ATP5MK,0.0027056523182809426,0.0036523310579850976,-0.000946678739704155,134.9889279309041
ATP5PB,0.001084012024429457,0.002345829850401036,-0.0012618178259715788,216.40256727186264
ATP5PD,0.0017114862118079305,0.004743921515599633,-0.0030324353037917027,277.18140425965726
ATP5PF,0.0025625228753404913,0.004604645251498019,-0.0020421223761575274,179.6918691266779
ATP5PO,-0.003329312529056003,-0.00035930288203074156,-0.0029700096470252615,10.79210434271302
ATP6AP1,0.005423533776366114,0.005812318251865069,-0.000388784475498955,107.1684715451233
ATP6AP2,0.004175467780602368,0.006232793388996764,-0.0020573256083943957,149.2717395150777
ATP6V0B,0.012831807800688603,0.012875658536150218,-4.3850735461615554e-05,100.34173466547139
ATP6V0D1,0.0013457283681079994,0.002622510961204736,-0.0012767825930967364,194.87669453619412
ATP6V0E1,-0.0023829333315328865,0.0036713203513550584,-0.006054253682887945,-154.06727090402407
ATP6V1E1,0.0038612053485821067,0.003293755970966182,0.0005674493776159249,85.30382804363666
ATP6V1F,0.0037558724934760126,0.0033371163291912543,0.00041875616428475843,88.85062884823321
ATP6V1G1,-0.0004591229367430349,0.002779101819798851,-0.003238224756541886,-605.3066831105147
ATRAID,0.0005079080423018912,0.003960711516410736,-0.0034528034741088446,779.8087816173153
ATXN1,0.0031890888815921084,-0.000658411364963694,0.0038475002465558025,-20.64575147980797
ATXN10,0.002723102649528638,0.003233625993276402,-0.0005105233437477638,118.74785527589768
ATXN2L,0.0021446500358632764,0.0021242976847872905,2.0352351075985812e-05,99.05101761426575
B2M,-0.09780869845422971,-0.03109160160566847,-0.06671709684856124,31.788176406639344
B4GALT1,0.007717770318481588,0.006776070159623124,0.000941700158858464,87.79828732913451
BANF1,0.008646149293319055,0.011560062099817737,-0.002913912806498682,133.70185625582806
BASP1,0.022635990152413615,0.008286177719473847,0.014349812432939767,36.606208359700645
BAX,0.0026698489056893927,0.002211326881474469,0.0004585220242149236,82.82591860393961
BAZ1A,0.017920039030853405,0.013191466562221737,0.004728572468631668,73.61293432179271
BCAP31,0.008387746132874442,0.012396571750680714,-0.004008825617806273,147.79383584458182
BCL11B,-0.012660248655435885,-0.0051205380970883,-0.007539710558347586,40.445794047573564
BCYRN1,0.08359821634611792,0.0229183690021142,0.060679847344003716,27.414901900808882
BGN,0.006531632514950228,0.00919027614826173,-0.002658643633311502,140.70412147692238
BIRC6,0.00041375610841985267,-0.0012667094781421806,0.0016804655865620332,-306.14882834715917
BMAL2,0.028027533202593283,0.02364566258016149,0.004381870622431792,84.36583558475151
BRD2,-0.002253862004462745,0.00026615001843298923,-0.002520012022895734,-11.808620843068502
BRD4,-0.0008471992926989871,0.0010271284104871286,-0.0018743277031861157,-121.23811001009311
BRI3,0.0038638294996814456,0.005656754776979611,-0.001792925277298165,146.40280523366738
BRK1,-0.005795940148019853,-0.00046500629771669376,-0.005330933850303159,8.022965831963608
BSG,0.010656199193504535,0.010566024878261556,9.017431524297912e-05,99.15378538252226
BST2,0.00811725144133276,0.009506609841584867,-0.001389358400252107,117.11611880318925
BTF3,-0.017352272467728712,-0.00792207782599097,-0.00943019464173774,45.65441120593419
BTG1,-0.01948258674714163,-0.013262237856622585,-0.006220348890519044,68.07226385668906
BTG2,-0.005102745197212719,-0.004009132853468285,-0.001093612343744434,78.56815691401171
BUB3,-0.0008151201341086392,0.0001391011613859558,-0.000954221295494595,-17.06511170136504
BZW1,0.00519364329343294,0.006702542462160982,-0.0015088991687280423,129.05280712358427
C11orf58,-0.0031513458385296583,-0.0010757307489626861,-0.002075615089566972,34.13559806132215
C12orf57,-0.013117268747019663,-0.006017178965284952,-0.0071000897817347095,45.87219398590197
C19orf53,-0.0019174397985715634,0.0009592358246699514,-0.002876675623241515,-50.02690699257177
C1QA,-0.008677102334929646,-0.0015394784874378465,-0.007137623847491798,17.741850078691375
C1QB,-0.008475907101017853,0.0008730588042725682,-0.009348965905290421,-10.300476325038112
C1QC,-0.011260681012266675,-0.0013596675076310025,-0.009901013504635672,12.074469618221727
C1R,-0.0020651650893084416,0.003628773333876017,-0.005693938423184459,-175.71347456251928
C1S,-0.0056624521497246815,0.001424926761660803,-0.0070873789113854845,-25.16448217103407
C1orf43,0.0030782186411204525,0.004931345020564174,-0.0018531263794437213,160.20125908824966
C4orf3,0.002401360594677085,-0.00034421822655397467,0.0027455788212310595,-14.334299784754412
C6orf62,-0.005422159100532019,-0.002513193965192029,-0.0029089651353399896,46.35042828133605
C7orf50,0.006199698206004335,0.008373572833875355,-0.00217387462787102,135.0642007987687
C9orf78,0.0004811669721723477,0.0010208283387755186,-0.0005396613666031709,212.1567767144814
CAB39,0.0005008205236555073,0.0005391118924222837,-3.829136876677648e-05,107.64572675402484
CALD1,0.011385653414507962,0.007760187571609024,0.003625465842898938,68.15759525685849
CALM1,-0.004218471718886366,-0.004156931242787832,-6.154047609853322e-05,98.54116655984647
CALM2,0.00467713686519914,0.005787199959229293,-0.0011100630940301527,123.73381677773267
CALM3,-0.008437516762675854,-0.0014989532569431078,-0.006938563505732746,17.765336639968147
CALR,0.021236699408501914,0.028369424510387174,-0.00713272510188526,133.58678749782436
CALU,0.006763442031571617,0.007632172323605405,-0.0008687302920337881,112.84449970855923
CANX,0.009900931586506173,0.018393362477925973,-0.0084924308914198,185.7740589076891
CAP1,0.004910481717664929,0.007976861261834538,-0.0030663795441696097,162.44559537078896
CAPG,0.008443007562905655,0.007638836423185465,0.0008041711397201892,90.4753000192335
CAPN1,0.008055222930558043,0.007716479893920415,0.00033874303663762844,95.7947403869782
CAPN2,0.009712461131091438,0.00872422089044007,0.0009882402406513684,89.82502758762325
CAPNS1,0.004055838075997053,0.005562092301630103,-0.00150625422563305,137.13792802891334
CAPZA1,0.00651235007049379,0.004565447065582512,0.0019469030049112776,70.10444795140356
CAPZB,-0.0055530191608642145,-0.0014354646444713973,-0.004117554516392817,25.85016552055254
CAST,0.0032003819556438128,0.0039456306879045635,-0.0007452487322607505,123.28624341061912
CAVIN1,0.008340020301421773,0.010433686488431227,-0.002093666187009454,125.10385000684632
CBFB,0.00030029336770990547,0.00031449583108333684,-1.4202463373431365e-05,104.72952948702866
CBX3,0.005536733697485232,0.00637629599344485,-0.0008395622959596181,115.16349425187173
CCDC91,0.013119302689896278,0.009026443519489748,0.00409285917040653,68.8027689645532
CCN2,0.0038891800496385995,0.0026304208704736637,0.0012587591791649358,67.63433003617548
CCND1,0.027543396388945287,0.03293901572111749,-0.005395619332172201,119.58952068212534
CCNI,-0.027760628216578168,-0.018691593266588716,-0.009069034949989452,67.33130504383334
CCT2,0.01372488621490737,0.012396130569180945,0.0013287556457264246,90.31863998782599
CCT3,0.005314389379466921,0.008742209355478679,-0.003427819976011758,164.50073058733227
CCT4,0.003314860599074784,0.0035073758102589407,-0.00019251521118415684,105.80764123951064
CCT5,0.008996287573231315,0.012598881365589523,-0.003602593792358209,140.04533829129494
CCT6A,0.008956725163668472,0.010022037836985583,-0.0010653126733171103,111.89399756998665
CCT7,0.0018831403292170483,0.0029877390314107474,-0.001104598702193699,158.65726972418233
CCT8,0.000534937571049424,0.0010757890800322835,-0.0005408515089828595,201.10553796433362
CD14,0.0018814878219090775,0.0014883714966751776,0.0003931163252338998,79.10609249466101
CD164,-0.004737649077484154,-0.004260921660363952,-0.00047672741712020175,89.9374687883519
CD24,0.00967642000992747,0.010198027352163965,-0.0005216073422364951,105.390499189797
CD44,0.010512300460774573,0.01070386447146457,-0.00019156401068999552,101.82228439345691
CD47,0.0046745020112865,0.005504936499658223,-0.000830434488371723,117.76519694219093
CD59,0.009769953779531607,0.011218316173856662,-0.0014483623943250556,114.82465963512973
CD63,0.004882314319403768,0.017249531890246746,-0.012367217570842979,353.30646004686713
CD68,-0.0021051899233422607,0.0006302068682960335,-0.002735396791638294,-29.93586760549845
CD74,-0.14031970078764164,-0.0788968365464923,-0.061422864241149344,56.22648573481064
CD81,0.0033780251789069723,0.006258014390251675,-0.0028799892113447025,185.25659398064585
CDC37,0.00446008330416517,0.004120751790678867,0.0003393315134863033,92.39181220742202
CDC42SE1,0.010070411768642342,0.005371171928099543,0.0046992398405427994,53.33616987564021
CDC42SE2,-0.011035178580848383,-0.01024930688200842,-0.0007858716988399628,92.87848680397572
CDH3,0.024537060732429457,0.02203926300747054,0.0024977977249589158,89.82030589483891
CDK2AP2,0.011135550645609373,0.012934532028138723,-0.0017989813825293496,116.15529792627426
CDK4,0.004839755865649711,0.006419289300337527,-0.0015795334346878163,132.6366345438743
CDKN1A,0.010606953314686541,0.007976482719245042,0.0026304705954414993,75.20050746523687
CDV3,-0.0036332036660685282,-0.00010754233028312807,-0.0035256613357854,2.9599862866894853
CDYL2,-0.023875495306833656,-0.005000932263911986,-0.01887456304292167,20.945878607513606
CEBPB,0.012753797337265765,0.014376268339806372,-0.0016224710025406074,112.72147392369057
CELF1,0.0025743003901485245,-0.00026387367925088685,0.0028381740693994113,-10.250306462318589
CFL1,0.01532437248217289,0.02937594816470787,-0.014051575682534982,191.6942974264129
CFLAR,-0.0025367696147644506,0.0008210900469562913,-0.003357859661720742,-32.36754501383969
CHASERR,-0.0033555888529458355,-0.003051134837275348,-0.0003044540156704874,90.92695711504673
CHCHD10,-0.0026110894774059256,0.00043267665982152544,-0.003043766137227451,-16.570732775170256
CHCHD2,0.024849781177955915,0.031408961714060026,-0.0065591805361041085,126.39532513035856
CHMP3,0.004849985964164826,0.003414861270752545,0.0014351246934122814,70.40971450193852
CHMP4B,0.005390443658257251,0.0035937674757514533,0.0017966761825057972,66.66923362136264
CHST11,0.0052708857750270455,-0.0008423908663994055,0.006113276641426451,-15.98196019330514
CIAO2A,-0.003895765685637533,-0.00019986907272306767,-0.0036958966129144654,5.130418224584766
CIB1,0.004730651753363549,0.002876065515390878,0.0018545862379726716,60.796390546946554
CIRBP,-0.0075437723295846614,-0.004043708078399332,-0.0035000642511853293,53.60326242271375
CKAP4,0.01693153073963221,0.011461634316915346,0.005469896422716865,67.69402302230542
CKS1B,0.009913923785079989,0.0119026979098824,-0.0019887741248024128,120.06041369609304
CLCA2,0.031693504232542816,0.032682037193661,-0.0009885329611181866,103.11903964252448
CLDND1,-0.00013510834399489604,0.001893317170242674,-0.00202842551423757,-1401.3325263717225
CLIC1,0.006169177268586114,0.006661138114233728,-0.0004919608456476138,107.97449682881886
CLPTM1L,0.007499754099644025,0.0082863939504145,-0.0007866398507704754,110.48887523936035
CLSTN1,0.009510815458185978,0.009751762521073864,-0.00024094706288788526,102.53340067365625
CLTA,-0.0018041147356328948,0.00117045154340387,-0.0029745662790367647,-64.8767797461212
CLTB,0.019736258159724834,0.017930399642772547,0.0018058585169522868,90.85004613165506
CLTC,0.009782525812333779,0.00827365297944449,0.001508872832889288,84.57583591563943
CMIP,0.01631623957368721,0.009304753819211649,0.007011485754475561,57.02756310478054
CMPK1,-0.0010885623323107808,0.0026604172497250783,-0.003748979582035859,-244.3973276273111
CMTM6,0.004152780991127106,0.0013911775604144262,0.0027616034307126796,33.49990195454171
CNBP,-0.0049124088525880705,0.0002935358345771697,-0.00520594468716524,-5.975395032979029
CNIH1,-0.00028415821885159794,0.0020581272849784613,-0.002342285503830059,-724.2891982136618
CNN2,0.0015656790578335291,-0.002086228881020946,0.0036519079388544753,-133.24754333162733
CNN3,0.007512950736568936,0.013170881083457611,-0.005657930346888675,175.309030303486
CNOT1,0.00025018558369981856,-0.0001489696839083489,0.00039915526760816745,-59.543672223371566
COL1A1,0.13961471344419782,0.06050828325924854,0.07910643018494927,43.33947459157513
COL1A2,0.041232134497630565,0.04026455123595879,0.0009675832616717762,97.65332725685744
COL27A1,0.026017781762497846,0.017614966233193037,0.00840281552930481,67.70356671445116
COL3A1,0.04575324191874522,0.039624953237986114,0.006128288680759108,86.60578262051344
COL4A1,0.005521053015032482,0.0049014313980446055,0.0006196216169878766,88.77711162524979
COL4A2,0.01341926093159319,0.010592264652192856,0.0028269962794003336,78.93329376475056
COL5A1,0.01893460438019651,0.015364970188473276,0.003569634191723235,81.14756389916086
COL5A2,0.00655734118803284,0.004941589383595848,0.001615751804436991,75.35965022857525
COL6A1,0.008161671229584264,0.00844845549613151,-0.0002867842665472458,103.5137934190208
COL6A2,0.008623820333497127,0.005759378173302504,0.0028644421601946215,66.78453342692686
COL6A3,0.012424778681946299,0.010319358436369747,0.002105420245576553,83.05466600676107
COMMD6,-0.016605340392548906,-0.012076863538272389,-0.004528476854276518,72.72879238110336
COMT,0.0065663400546317075,0.006160579696460822,0.00040576035817088484,93.82060090103508
COPA,0.0027492140834967657,0.0028830339803030307,-0.00013381989680626475,104.86756915765751
COPB2,-0.0003816217099884985,0.0038319242308706264,-0.004213545940859125,-1004.1158903108826
COPE,0.0005914306356539977,-0.0008985028622242495,0.0014899334978782472,-151.92024356849464
COPG1,0.0035998772169910727,0.00376577368841582,-0.00016589647142474734,104.60839249299204
COPS9,-0.004588818274271212,0.0033324584866481844,-0.007921276760919397,-72.6212782348074
COPZ1,0.0008874117975781921,0.004678841796439084,-0.0037914299988608922,527.2458411312499
COTL1,-0.026195216774586937,-0.014681323786004785,-0.011513892988582153,56.045819022378716
COX4I1,-0.013458432125182275,-0.0043242672797000805,-0.009134164845482195,32.13054269233099
COX5A,-0.003506695997594559,0.002080859637924106,-0.005587555635518665,-59.33960740684351
COX5B,0.006103732202669508,0.007146381322801916,-0.0010426491201324082,117.08215703953064
COX6A1,0.006347796370278339,0.010475579446007743,-0.004127783075729404,165.02702410330167
COX6B1,0.0010255179383764225,0.0019256183616988484,-0.000900100423322426,187.77032459787543
COX6C,0.016691093715853776,0.021827674374070648,-0.005136580658216873,130.77438031120735
COX7A2,0.002904450419609233,0.00934822872870308,-0.006443778309093848,321.8587814613409
COX7A2L,-0.004738777133490645,-0.0023718899488542897,-0.002366887184636355,50.05278539248636
COX7B,0.0019832350367334187,-0.00014503377264655495,0.0021282688093799736,-7.312989633615978
COX7C,-0.023986732948418767,-0.0096952433747397,-0.014291489573679067,40.419190873506686
COX8A,0.01062220457096696,0.011841379382804013,-0.0012191748118370546,111.4776062133971
CPNE1,0.004732095110918863,0.0035594422817135595,0.001172652829205303,75.2191618782235
CPT1A,0.0010700221175657713,0.0044756190065561976,-0.0034055968889904263,418.27350417185124
CRIP1,0.0025426656468247105,0.003352725986292791,-0.0008100603394680802,131.85870468182424
CRTAP,-0.0025158022100048843,0.00219693462978493,-0.004712736839789814,-87.32541139554309
CSDE1,-0.010805340768048986,-0.003553129169956879,-0.007252211598092106,32.88308297007492
CSK,-0.0005861547610464183,-0.002474213591366259,0.0018880588303198408,422.10927144040085
CSNK1E,0.010796559592615105,0.007933426207638481,0.0028631333849766234,73.48105792020061
CSNK2A1,0.006252660713479413,0.0032887530459835444,0.0029639076674958685,52.597657168470526
CST3,-0.0007228845803077411,0.010858292418603354,-0.011581176998911095,-1502.0783005194055
CSTB,0.01751481091426085,0.02051642271557663,-0.0030016118013157784,117.13756326579475
CTBP1,0.0004126060570261719,2.499584730624154e-06,0.00041010647229554776,0.6058041776312565
CTDNEP1,-0.0016433596144853975,0.002369590500323399,-0.0040129501148087965,-144.19184209205568
CTDSP1,0.00198353349231488,0.0012605344125621322,0.0007229990797527474,63.54994344416274
CTDSP2,-0.0015051588681782193,0.0012205800135717056,-0.002725738881749925,-81.09310182313472
CTNNB1,0.009132459783920684,0.005001919320382976,0.0041305404635377085,54.77077850580566
CTSB,0.020586864185631867,0.01834878102031355,0.0022380831653183147,89.12858633963138
CTSC,0.012433428753875674,0.019083934924638293,-0.006650506170762621,153.48891526554624
CTSD,0.009257903261632963,0.010390833045382478,-0.001132929783749515,112.23743380906403
CTSH,-0.010901292169710121,-0.005228173256761616,-0.005673118912948504,47.959206811174205
CTSZ,0.006453617514285292,0.0036373985350875654,0.002816218979197727,56.362164739947254
CTTN,0.01951880814043873,0.018819066552766432,0.0006997415876722982,96.41503936798998
CUTA,-0.0009491026125036202,-0.00032518800349521726,-0.0006239146090084029,34.2626813171876
CXCL14,0.01989251227684074,0.009500899293053582,0.010391612983787156,47.761183508805566
CYB561A3,-8.960760437366918e-05,-0.0010793690312251086,0.0009897614268514394,1204.5507061254243
CYB5R3,0.011230101449162326,0.009619394613113145,0.0016107068360491817,85.65723699522476
CYCS,0.011673243965537332,0.012363365088476855,-0.000690121122939523,105.91199091680902
CYRIB,-0.0007326970539431826,8.181941889247053e-05,-0.0008145164728356532,-11.16688247238609
DAD1,-0.00068498998615898,0.000532602803192768,-0.001217592789351748,-77.75337069951789
DAZAP2,-0.012908426924274918,-0.007166444395041625,-0.005741982529233291,55.51756567304714
DBI,0.0006442871866792254,0.007023531671810026,-0.006379244485130801,1090.124375747809
DBNL,-8.771358131880787e-06,0.001189975342499499,-0.0011987467006313798,-13566.603080250015
DDB1,0.005470785509604384,0.005803606707292545,-0.00033282119768816127,106.08360896445068
DDT,0.003172008678575141,0.004269439832317473,-0.0010974311537423316,134.59735659472707
DDX17,0.006399219829676607,0.0036399628515324627,0.0027592569781441445,56.88135348393576
DDX3X,0.002949240724029203,0.004560136144922873,-0.0016108954208936704,154.62068280044946
DDX5,-0.00026021618054092766,-0.001185473258442555,0.0009252570779016273,455.5724613197525
DDX6,-0.009693122551478743,-0.004763928549737061,-0.004929194001741683,49.14751179959337
DEK,-0.00021420882201039358,0.00171333514156929,-0.0019275439635796836,-799.843407703422
DERL1,0.0017613181721131221,0.0032418849392022607,-0.0014805667670891385,184.06015395349297
DGKA,-0.0020019718021807432,-0.0009931145652909675,-0.0010088572368897757,49.60682084578664
DHCR7,0.017463599480310673,0.04388637017138643,-0.026422770691075754,251.30197369028127
DNAJA1,-0.0012609440327506268,0.0017630730044291137,-0.0030240170371797406,-139.82167000569734
DNAJB1,0.011661539596047136,0.011284248367726221,0.000377291228320915,96.76465337005071
DNPH1,-0.00140667708342061,-0.0004583081004573544,-0.0009483689829632557,32.580903311717336
DPYSL2,-0.0033856541466361135,-0.00011110385515709703,-0.0032745502914790165,3.281606754413665
DR1,0.0026549429635850568,0.002343117864932742,0.00031182509865231435,88.2549228767142
DRAP1,0.005870483477927946,0.00714444812632237,-0.0012739646483944248,121.70118786952254
DSC2,0.0324609656996114,0.029880391170798153,0.0025805745288132475,92.05022255747573
DSC3,0.03589174739823082,0.036276025111194335,-0.00038427771296351454,101.07065757679565
DSG3,0.0316880489202897,0.02624446644039542,0.005443582479894285,82.82133906827951
DSP,0.02620493526884274,0.029231562374759573,-0.003026627105916833,111.54983622308522
DSTN,0.014732967114296435,0.01564598612274633,-0.0009130190084498965,106.197115634392
DUT,-0.0003151176334419874,0.007033786800651973,-0.00734890443409396,-2232.1146309150868
DYNC1H1,0.003758855308487785,0.0025057250977469797,0.001253130210740805,66.66191944363645
DYNC1I2,0.007543235736579026,0.007228096410606518,0.0003151393259725071,95.82222620401059
DYNLL1,0.017242053740172507,0.017901680182156755,-0.0006596264419842476,103.82568371450655
ECH1,-0.001638386319974811,0.00037321576934359326,-0.002011602089318404,-22.779472996901685
EDF1,-0.0008238026841667825,-0.00015804630018208601,-0.0006657563839846965,19.18497028714328
EEF1A1,-0.19725021444839655,-0.14914481629382703,-0.048105398154569524,75.61199196203937
EEF1B2,-0.05381960875211746,-0.03169463996378635,-0.022124968788331104,58.89050607886362
EEF1D,-0.03255268125664555,-0.019104716249099384,-0.01344796500754617,58.688610312857726
EEF2,-0.027682163144079758,-0.011179160845993089,-0.01650300229808667,40.38398584607691
EFHD2,-0.0012182131670227907,0.0016231313015082263,-0.002841344468531017,-133.2386929846622
EGFR,0.018240348417383832,0.014487017284254583,0.0037533311331292476,79.42291974229964
EGLN3,0.03925906297574025,0.023645566854632646,0.015613496121107608,60.22957519196062
EID1,-0.0036927440587804865,-0.000522023884940374,-0.0031707201738401126,14.136476198482335
EIF1,-0.016900101003495083,0.004006960042327038,-0.02090706104582212,-23.709681033849236
EIF2AK1,0.008962548733178432,0.009279589813718118,-0.0003170410805396866,103.53739867953
EIF2S2,0.003132691746597546,0.0043966514663650695,-0.0012639597197675236,140.34740159609785
EIF2S3,-0.012586227017437725,-0.006831743297882168,-0.005754483719555557,54.27951751082397
EIF3A,-0.002456491416662738,-0.0003942649137523421,-0.002062226502910396,16.04992026749965
EIF3B,0.010415850876045797,0.01024281827025698,0.00017303260578881746,98.33875688267817
EIF3D,-0.0016867929249811389,0.001177835699449398,-0.002864628624430537,-69.82692907978424
EIF3E,-0.023911209626522753,-0.008854866943901704,-0.015056342682621047,37.03228352813955
EIF3F,-0.016727151111174773,-0.007643814976177421,-0.009083336134997354,45.69705220795715
EIF3G,-0.007015533570200587,-0.002348998160156781,-0.004666535410043806,33.48281547870376
EIF3H,-0.018238852339358767,-0.0077035998609504665,-0.010535252478408301,42.2373059313956
EIF3I,-0.00017195817114797193,0.0022412916147212256,-0.0024132497858691975,-1303.3934937541114
EIF3K,-0.007117786959307194,-0.005174394602594074,-0.0019433923567131195,72.69667710169456
EIF3M,-0.007366328294000968,-0.0026452373861601836,-0.004721090907840784,35.909849257118054
EIF4A2,0.002665654666939011,0.006684692235009713,-0.004019037568070702,250.77112642973327
EIF4B,-0.029755340761716178,-0.016245738133587546,-0.013509602628128631,54.5977216785554
EIF4EBP2,-0.003450009093157005,-0.0001381535147599749,-0.00331185557839703,4.004439148696694
EIF4G1,0.0071473807952396095,0.007499480536425984,-0.0003520997411863743,104.92627650986337
EIF4G2,0.0031499936798614434,0.0021167215618714576,0.001033272117989986,67.19764472557812
EIF4H,-0.0021040303465840486,0.0015798001729477153,-0.003683830519531764,-75.08447658621296
EIF5,0.0041249635805676275,0.0028494466429040194,0.0012755169376636082,69.07810426078751
EIF5A,0.002545545193973174,0.008446280017395232,-0.0059007348234220575,331.8063272807971
EIF5B,0.004041790636851317,0.004011932420762721,2.9858216088596138e-05,99.26126267361892
EIF6,0.007821847486889234,0.007132662838511931,0.0006891846483773039,91.18897869675297
ELOB,0.0002689205648823056,0.005130856434156143,-0.004861935869273837,1907.9449860599864
ELOC,0.006040385183756479,0.006787834157435002,-0.0007474489736785227,112.37419387903486
ELOVL5,-0.003403482565706352,-0.001191545527261024,-0.0022119370384453283,35.00959691308814
EMC10,0.004491423338335821,0.005895342754902232,-0.001403919416566412,131.2577842436602
ENAH,0.0387979076222811,0.029556341179390735,0.009241566442890366,76.18024525223865
ENO1,0.01831165195835823,0.022035428732435382,-0.003723776774077151,120.33555892469579
ENSA,0.0039727237358518006,0.0055477791343301825,-0.0015750553984783821,139.64673869124886
ENSG00000237550,-0.02742771769846351,-0.03123576332802018,0.00380804562955667,113.88393183647939
ENSG00000240040,-0.030752285059430062,-0.0032009411586990406,-0.02755134390073102,10.408791257342632
ENSG00000254687,-0.07316647964692301,-0.017537877034368,-0.055628602612555006,23.969824869256982
ENSG00000280011,-0.034964730127240606,-0.007760223677106902,-0.027204506450133704,22.1944332156049
ENSG00000283213,-0.026079411806607444,-0.0075572107502006065,-0.01852220105640684,28.97768863132842
ENSG00000287587,-0.006215726937559223,-0.0016062015462261932,-0.00460952539133303,25.840928379921927
EPS15,0.0010672422004838853,0.0006291701271650897,0.0004380720733187955,58.95289062593527
ERGIC2,0.015689065711427436,0.01762506505285898,-0.0019359993414315442,112.33980006866452
ERGIC3,0.004010816123149232,0.004007766280683398,3.0498424658339694e-06,99.92395955406106
ERH,0.003896121095275199,0.009904064695545334,-0.006007943600270135,254.20320501731658
ERP29,-0.007761362674394901,-0.0039051293197764556,-0.0038562333546184454,50.31499600784873
ETV6,0.0028154644148161226,-0.0013901171024303524,0.004205581517246475,-49.37434460599072
EWSR1,0.0010686664942369862,0.001848575513810491,-0.0007799090195735047,172.97964554698137
EZR,0.001037712203578907,0.0013074185878574219,-0.0002697063842785148,125.9904801493458
FABP5,0.20938236633886967,0.1967208617748617,0.012661504564007976,93.95292698931664
FAM107B,-0.007251176867535812,-0.005169096264839736,-0.0020820806026960762,71.2863078541396
FAM120A,0.002143294854219202,0.004998098206401704,-0.0028548033521825023,233.1969489201476
FAM177A1,0.028072065637623184,0.027224437339229503,0.0008476282983936826,96.98052751323843
FAM89B,0.005629278676471077,0.005587750018644843,4.1528657826233033e-05,99.26227390376297
FAU,-0.01941485009659021,-0.02116871180568329,0.0017538617090930813,109.03360932671382
FBL,-0.007245261190067485,-0.0018257469659916786,-0.005419514224075807,25.199187691046827
FBXO7,0.0031691815598644565,0.002738939193277939,0.00043024236658651766,86.42418055073756
FCER1G,0.00122714647091797,0.00197553792637826,-0.0007483914554602901,160.9863185199444
FCHSD2,0.003950800484279974,-0.004441998101675061,0.008392798585955034,-112.43286314633039
FIS1,0.002353913401994918,0.0032849346956314637,-0.0009310212936365458,139.55206223166556
FKBP11,-0.008069178075604096,-0.0001808238327870521,-0.007888354242817044,2.2409200923913777
FKBP1A,0.0018968849695002983,0.0062214236113040805,-0.004324538641803782,327.98106956074446
FLNA,0.023412807291688806,0.01992017773032346,0.003492629561365347,85.08239734837275
FLOT2,0.00021975966484313793,0.0017800366312358657,-0.0015602769663927278,809.992421724176
FN1,0.04087504140504071,0.0235920097781983,0.017283031626842412,57.7173966490195
FNDC3B,0.009514986553293366,0.006051199328200275,0.0034637872250930894,63.59650950957791
FOS,0.007394579660983669,0.009642161204363071,-0.002247581543379402,130.39498722609497
FOXN3,-0.0008191276325623134,-0.0012114346255986802,0.0003923069930363668,147.8932680868293
FSCN1,0.02923096025641509,0.024932460135200934,0.004298500121214155,85.29470094889956
FSTL1,-0.0017034729431652678,0.0015382213660847278,-0.0032416943092499957,-90.2991369634858
FTH1,0.0824099543792321,0.09405521572854286,-0.011645261349310772,114.13089163442791
FTL,0.009395196861083806,0.020352685238154887,-0.01095748837707108,216.62861927309368
FUS,-0.00020056288580322552,0.0026347009107260642,-0.0028352637965292898,-1313.6532714786517
FXYD5,-0.011791229816440412,-0.004333707147678145,-0.007457522668762267,36.75364839073608
G3BP1,-0.0014972805227559723,0.004547417808344202,-0.0060446983311001744,-303.7118121308349
GABARAPL2,-0.0018889138155917472,0.00011500509282638639,-0.0020039189084181336,-6.0884245685057
GABRB3,-0.10702721546663486,-0.004919240146728818,-0.10210797531990605,4.596251640558063
GANAB,0.010877082143326184,0.010793861559040802,8.322058428538327e-05,99.23489973516065
GAPDH,0.008947102421662242,0.009828274725248491,-0.000881172303586249,109.84868912926271
GAS5,-0.01710526212699416,-0.005337697579256381,-0.01176756454773778,31.20500311323995
GDI1,0.010607868243724087,0.00733158162928358,0.0032762866144405074,69.11456157669708
GDI2,0.005697578152200792,0.014083071851638223,-0.00838549369943743,247.17645770595323
GHITM,-0.0017466413305818411,3.1246248504485184e-05,-0.0017778875790863263,-1.7889333063060195
GJA1,0.013688398084146704,0.010608107979407717,0.0030802901047389877,77.49707390299788
GLG1,0.0027123388804614667,0.0027091040848388347,3.23479562263203e-06,99.88073777779266
GLS,0.009253740354262654,0.01219754343596649,-0.002943803081703837,131.81203458283545
GLUL,0.0010233435769901105,0.0033044959087048845,-0.002281152331714774,322.91167727110474
GNAI2,-0.006618739347514977,-0.0031119789008240487,-0.0035067604466909284,47.017698347532736
GNAI3,0.004612559168081032,0.006332789392929774,-0.0017202302248487415,137.29448581934204
GNAS,-0.00859870970480239,0.005475565000352725,-0.014074274705155114,-63.67891449218963
GNB1,0.0053312923898688885,0.007308392056890394,-0.001977099667021505,137.08481025686396
GNG5,0.004778446235687602,0.001648434535246494,0.0031300117004411077,34.49729167056936
GPAA1,0.008163426617362428,0.008346358421500128,-0.00018293180413769938,102.24087031968452
GPI,0.004296872829088359,0.005553147599838782,-0.001256274770750424,129.2369548906794
GPX4,-0.0009315924186686572,0.004551623238858663,-0.00548321565752732,-488.5852597816766
GRB2,-0.0031964243320958853,-0.0004643695916449562,-0.002732054740450929,14.527783028746704
GRINA,0.011717062076682428,0.009005489911071867,0.0027115721656105606,76.85791755762111
GRK2,0.000647655829477179,0.0004324593180823526,0.00021519651139482638,66.7730140607946
GRN,0.012465341973506532,0.01650140870376591,-0.004036066730259377,132.3783073006542
GSN,-0.0007491243159907816,0.0018822682956154738,-0.0026313926116062554,-251.26247479045068
GSPT1,-0.0013107207373191732,0.0017189907634036867,-0.00302971150072286,-131.14851352085503
GSTK1,-0.002250154334238778,-0.0007996708416300961,-0.0014504834926086822,35.53848860329942
GSTO1,0.0011068278054163407,0.002359349880577526,-0.0012525220751611853,213.16322819429357
GSTP1,0.05804751101330761,0.06052334755584514,-0.002475836542537534,104.26518984073226
GTF3A,-0.003955885897436431,-0.002490417810343138,-0.0014654680870932926,62.95474325882418
GUK1,0.01526724198346175,0.01595164448748341,-0.0006844025040216592,104.48281690146156
H1-10,-0.0025598310885934627,0.0005167974452951621,-0.003076628533888625,-20.188732279953836
H2AZ1,0.009428131200288811,0.013411981595494693,-0.0039838503952058825,142.2549316569104
H2AZ2,0.009556867993285215,0.014358216260919496,-0.0048013482676342815,150.23976757874834
H3-3B,0.034127226163801046,0.03760353887869115,-0.0034763127148901072,110.18633245551452
HBB,0.021421639625518935,0.00017551433251944198,0.021246125292999494,0.8193319259761854
HCP5,-0.0038642949194926586,-0.0035834853313927175,-0.00028080958809994095,92.73322575139248
HDAC1,0.0020078168416841112,0.004084244430935677,-0.0020764275892515656,203.41718159460726
HDGF,0.012817267634678123,0.012467503564429612,0.00034976407024851135,97.27114951315991
HDLBP,0.004616868866778701,0.005972830550810215,-0.0013559616840315137,129.36972487541325
HERPUD1,-0.009911972957968647,-0.004038815509795425,-0.005873157448173222,40.74683745528637
HIF1A,0.025406393926089513,0.019750682411367647,0.0056557115147218675,77.73902297518072
HIGD2A,-0.0015146791814325815,-0.0013248393227174569,-0.00018983985871512464,87.46666217887973
HINT1,-0.004653530843490345,0.0035996283397027144,-0.00825315918319306,-77.35262665633996
HLA-A,-0.003582404611850877,-0.0017133258955763266,-0.0018690787162745502,47.826141410953674
HLA-B,-0.018245181961908517,-0.002662895570019766,-0.015582286391888751,14.595061729607528
HLA-C,0.001828612673021538,0.01005984812585643,-0.008231235452834891,550.135535768429
HLA-DPA1,-0.059640766622946775,-0.03357059616326445,-0.02607017045968232,56.28800242542182
HLA-DPB1,-0.036727354060318865,-0.023704371992726153,-0.013022982067592712,64.5414639829362
HLA-DQA1,-0.012227328961707869,-0.007319383860087355,-0.0049079451016205144,59.860856635241866
HLA-DQB1,-0.011218608692691222,-0.005935645035293063,-0.005282963657398158,52.908923003616835
HLA-DRA,-0.06843160787527597,-0.03995506434337683,-0.028476543531899143,58.386855992335114
HLA-DRB1,-0.011761197307744976,-0.0063899243901938164,-0.005371272917551161,54.33056025670046
HLA-DRB5,-0.014364471479743743,-0.006696907439950059,-0.007667564039793684,46.62132852847246
HLA-E,-0.03620646459415994,-0.02348372337439435,-0.012722741219765585,64.86058121836686
HLA-F,-0.006073886535927145,-0.0021753542756996133,-0.003898532260227532,35.81486520751342
HMGA1,-0.005990548857408136,-0.0028422518026872175,-0.0031482970547209183,47.44559923207008
HMGB1,0.001082021701105212,0.005785437496164105,-0.004703415795058893,534.6877507405509
HMGN1,0.0007500764988387248,0.004349961963377124,-0.0035998854645383992,579.9357758990949
HMGN2,-0.0021662744555522528,0.0012170174663183805,-0.0033832919218706333,-56.180206676910835
HMGN3,-4.203652155233557e-05,0.0004208146982482672,-0.00046285121980060276,-1001.0692671712902
HMGN4,-0.0023714081987368965,0.00015086825458849326,-0.0025222764533253898,-6.361969005119048
HNRNPA0,-0.002989289044452027,0.0010922431996103939,-0.004081532244062421,-36.53856095440297
HNRNPA1,-0.04284531394621016,-0.019137450146487545,-0.023707863799722617,44.666378616138786
HNRNPA2B1,0.004159784105490914,0.013705315038208626,-0.009545530932717712,329.47178725255503
HNRNPA3,-0.004040097245458674,0.0028057002317031293,-0.006845797477161803,-69.44635391776559
HNRNPAB,0.009372324608737971,0.010681949149216814,-0.0013096245404788432,113.97331606779666
HNRNPC,-0.009814257763614614,0.00019753162847285614,-0.01001178939208747,-2.012700636467742
HNRNPD,-0.005423796525909986,-0.0035824365504499617,-0.0018413599754600247,66.05034929567002
HNRNPDL,0.00038179597685470334,0.0015497234792777618,-0.0011679275024230585,405.90356452800603
HNRNPF,-0.007794901654406712,-0.0016133095674963202,-0.006181592086910392,20.69698424718757
HNRNPH1,-0.000623039533053539,0.0018205961041083754,-0.0024436356371619144,-292.2119717163964
HNRNPK,-0.003430647036864208,0.002764538553362235,-0.006195185590226443,-80.58359031563819
HNRNPL,0.002183834540383708,0.003208917909111747,-0.0010250833687280392,146.93960782156728
HNRNPM,-0.003561951243624439,0.0003674719508075649,-0.003929423194432004,-10.316591263434768
HNRNPR,-0.0009367788811363393,0.002025982572925114,-0.0029627614540614533,-216.27116214101025
HNRNPU,-0.002821398226498858,0.0048273266662320555,-0.0076487248927309135,-171.09696252352165
HNRNPUL1,0.001117837746516439,0.0036811993050468858,-0.002563361558530447,329.3142780800478
HP1BP3,0.0041699707590317475,0.0019203409735400025,0.002249629785491745,46.05166521565487
HSBP1,0.006614515730811633,0.007284515094410783,-0.0006699993635991503,110.12922776006366
HSP90AA1,-0.0056390177390306575,0.0078010067959037345,-0.013440024534934392,-138.33981655898677
HSP90AB1,0.008858670004687952,0.016705686050865226,-0.007847016046177274,188.58006949152278
HSP90B1,-0.00037658821605457936,0.012234236757405138,-0.012610824973459717,-3248.7040846843743
HSPA2,0.05282406938618631,0.04585765175602841,0.006966417630157902,86.8120390740293
HSPA5,0.019872292301382464,0.03166919744498042,-0.011796905143597953,159.36358505947132
HSPA8,-0.013403659247678543,-0.0037850549382579778,-0.009618604309420565,28.238967197808563
HSPA9,0.004101065439164205,0.003883183945576529,0.00021788149358767622,94.68719783139866
HSPB1,0.0843933037455532,0.08496403766510073,-0.0005707339195475246,100.67627867877798
HSPD1,0.0034834188079645462,0.008345277565363733,-0.004861858757399187,239.5714677282833
HSPE1,0.00522286451910324,0.008127850743207371,-0.0029049862241041315,155.6205548407163
HSPG2,0.001026536482520607,0.003239183533545319,-0.002212647051024712,315.54490158904747
HSPH1,0.00909672443485495,0.01087959944733997,-0.0017828750124850217,119.59908783928608
ID3,-0.0009666329243335511,-0.0006049737290187073,-0.0003616591953148438,62.5856738157154
IER2,-0.0010295382820578731,0.0009954359245681575,-0.0020249742066260307,-96.68760665979795
IER3,0.009270793850285466,0.005092273093536244,0.004178520756749222,54.92812347865381
IFI16,0.0003441020295329076,0.0031856558125445485,-0.002841553783011641,925.7881497731456
IFI27,0.04811786399630362,0.04318642532709785,0.0049314386692057705,89.75133503518653
IFITM2,0.0004557574851774089,0.0012783389332207407,-0.0008225814480433318,280.48665678483206
IFITM3,0.027242843365485436,0.02330158017539162,0.003941263190093815,85.53284935343024
IFNGR1,0.000661671612740799,0.0024686504244989696,-0.0018069788117581705,373.09299310472767
IFNGR2,0.002183584595749192,0.0016868074227672017,0.0004967771729819902,77.24946521654935
IGFBP4,0.0007970912427161664,0.007105922547327205,-0.006308831304611039,891.4816982699595
IGFBP5,0.011438098040037308,0.0007420774395641336,0.010696020600473173,6.4877695309710175
IGFBP7,-0.013852159406969829,-0.0020871443768478645,-0.011765015030121964,15.067285291257193
IGHA1,-0.02438144505025361,-0.005532742969050236,-0.018848702081203372,22.692432534849637
IGHG1,-0.07032533216361904,0.005241270357709516,-0.07556660252132856,-7.452891008769311
IGHG3,-0.11891252501828053,0.038507973728415024,-0.15742049874669556,-32.38344633796579
IGHG4,-0.049787136029341234,-0.001969035662873128,-0.04781810036646811,3.9549084761829016
IGHGP,-0.057499682915529524,0.003447369192881881,-0.060947052108411406,-5.995457745299697
IGKC,-0.13405176507723637,-0.0019259385822932712,-0.13212582649494312,1.4367125872483713
IGLC2,-0.06226623318194536,0.008662206548950398,-0.07092843973089576,-13.91156346914218
IGLC3,-0.046203879251563065,0.004535016155811236,-0.0507388954073743,-9.815228135109061
IL24,0.03493753400871509,0.02661006841719275,0.008327465591522344,76.1647012939005
IL32,-0.004213285183465279,0.0003678330944653068,-0.004581118277930586,-8.730315619480022
IL6ST,-0.006007683830496233,-0.003351083704311435,-0.002656600126184798,55.77996111081359
ILF2,0.002137675447165331,0.0050786131708046986,-0.0029409377236393674,237.57643741191882
IMP3,0.00040883338296187005,0.0016980214458564582,-0.0012891880628945881,415.33336479394706
IQGAP1,0.003577317280417944,0.005028435330867767,-0.0014511180504498224,140.56442123244616
IRAK1,0.005139772771875113,0.006429526328753443,-0.0012897535568783297,125.09359098394143
IRF2BP2,0.02598909887342885,0.025506357000346362,0.0004827418730824851,98.142521695602
ISCU,-0.006238874959255884,-0.002250670290792362,-0.003988204668463522,36.07493827798724
ISG15,0.01666687799886965,0.012331142463263023,0.004335735535606627,73.9859166431729
IST1,0.0005148714344536113,-0.000163386038514591,0.0006782574729682023,-31.733366347655025
ITGA6,0.02846494528343834,0.022351655897552537,0.0061132893858858025,78.52344585590096
ITGB1,0.012520323518096602,0.012190857199662562,0.0003294663184340395,97.36854788170739
ITGB4,0.020744768458030326,0.01637429011541071,0.004370478342619617,78.93214208940567
ITM2B,-0.010520261715607234,0.00619510904242297,-0.016715370758030205,-58.8874042290438
ITM2C,-0.010777675741943861,-0.004173427396757513,-0.006604248345186349,38.722888836928334
IVNS1ABP,0.017697847251424377,0.01688362777289466,0.0008142194785297168,95.39933039898858
JAG1,0.022397843248703895,0.023224931529559373,-0.0008270882808554775,103.69271394424702
JAK1,-0.0029975853019605205,-0.00034083406068066615,-0.0026567512412798543,11.370287292833648
JCHAIN,-0.03757267701098546,-0.01776705717783557,-0.019805619833149893,47.28717406172803
JPT1,0.012257479522088676,0.013977079857367744,-0.001719600335279068,114.02898803281907
JTB,0.0003827747933622845,0.005426904932078997,-0.0050441301387167126,1417.78012193781
JUN,0.022607118094524155,0.019702862931658495,0.002904255162865658,87.15335961566406
JUNB,0.01434219346020377,0.01619925663515552,-0.0018570631749517492,112.94825076864753
JUND,0.010610797957296646,0.009246277397308168,0.001364520559988478,87.14026442233641
JUP,0.0318393430238596,0.028471409753218588,0.0033679332706410114,89.42210186900789
KARS1,-0.0026334013955964723,0.000882771322667278,-0.0035161727182637503,-33.52209519382168
KAT6A,0.001325889324808782,-0.0002251183742751424,0.0015510076990839245,-16.97867009432395
KCMF1,0.003681987838766906,0.004584343821211206,-0.0009023559824443003,124.50730480268228
KCNC2,-0.01590062041236936,-0.004403951898790301,-0.01149666851357906,27.696729967620588
KDELR1,0.008532061975239985,0.009435508404757247,-0.0009034464295172628,110.58884044840579
KDELR2,0.00944524909780299,0.013160140196596597,-0.003714891098793606,139.3307901181527
KDM2A,0.003524389826610058,0.0019482938241630662,0.0015760960024469917,55.28031574296754
KDSR,0.008540109793897448,0.006019094948376251,0.0025210148455211984,70.48029935958608
KHDRBS1,-0.002829890857587525,0.00039578187401587356,-0.0032256727316033987,-13.985764608366438
KHSRP,0.004642354129264205,0.005942259012519626,-0.0012999048832554214,128.00098499727014
KIAA1958,-0.08200234563936024,-0.017300431019675204,-0.06470191461968502,21.097483108301702
KIF5B,0.003874720539943029,0.005122546872120664,-0.0012478263321776353,132.20429239513575
KLF13,0.0005236350079792895,-0.0005911673954633479,0.0011148024034426374,-112.89684349880775
KLF6,0.01381383043624363,0.008031158550336577,0.005782671885907054,58.138534329081246
KMT2E,0.0005134379495805973,6.502430947513595e-06,0.0005069355186330837,1.2664492277645465
KPNB1,0.0029388315953872025,0.0029100903565789935,2.8741238808209198e-05,99.0220181771109
KRAS,0.009076593104645281,0.010130434966195883,-0.0010538418615506013,111.61054428022403
KRT10,0.0031821133293182843,0.006062360106766872,-0.002880246777448588,190.51364547301128
KRT14,0.07680347504172788,0.06699108064313006,0.009812394398597827,87.2240228801279
KRT16,0.04063639794252688,0.02762597954601684,0.01301041839651004,67.98333746285532
KRT17,0.11164087055536169,0.0786471908583001,0.03299367969706159,70.44659403591777
KRT5,0.08635176453562154,0.07533229458706574,0.011019469948555814,87.23885955566074
KRT6A,0.2007200562858707,0.16098918737603912,0.03973086890983159,80.20583012728642
KRT6B,0.06702937471308903,0.06044817652511076,0.0065811981879782796,90.18162079513903
KTN1,0.0057076168851564486,0.006253998160222913,-0.0005463812750664643,109.57284425462078
LAMC1,0.00901730508018499,0.007419705484701688,0.0015975995954833019,82.2829594731808
LAMC2,0.06747045315892562,0.048199390536192405,0.019271062622733214,71.43777502525361
LAMP1,0.005950338435231574,0.007196107592065194,-0.0012457691568336197,120.93610591050586
LAMP2,0.006821714655872571,0.007604644732347189,-0.0007829300764746176,111.4770276385076
LAMTOR1,0.003025178734752528,0.006769266335551061,-0.0037440876007985334,223.76417822151637
LAMTOR4,0.0008723426147624921,-0.0002998147147444505,0.0011721573295069426,-34.368917632904974
LAMTOR5,0.004333616043643676,0.006198959912617921,-0.0018653438689742454,143.04358877640382
LAPTM4A,0.0163003367216488,0.01887920700843215,-0.00257887028678335,115.82096327714692
LAPTM4B,0.013405517397334999,0.01580346744415315,-0.0023979500468181516,117.88778437820581
LAPTM5,-0.028810598346142025,-0.019878760219509906,-0.008931838126632119,68.99808181933102
LARP1,0.0017283812341688958,0.0024062886223632732,-0.0006779073881943773,139.22209838851634
LASP1,-0.001554770506373849,-0.00018814501036651995,-0.001366625496007329,12.101143518944522
LBH,-0.012831904658487107,-0.005570662758539978,-0.007261241899947129,43.41259467553404
LCP1,-0.019736562737367135,-0.021109845842600054,0.0013732831052329184,106.95806622210304
LDHA,0.02495624320618535,0.020631795507097178,0.00432444769908817,82.67188028518504
LDHB,-0.029499097436559762,-0.018406690363426848,-0.011092407073132913,62.39746962771302
LDLRAD4,0.004654172209816329,0.0011314116480889394,0.0035227605617273896,24.309621498375737
LENG8,0.0036897614871349224,0.0018193508565253484,0.0018704106306095742,49.30808841896346
LEPROTL1,-0.008921776041441072,-0.004978301511383045,-0.003943474530058028,55.799444956465585
LGALS1,0.050135320302019344,0.04642873291910883,0.0037065873829105105,92.60683414291218
LGALS3,0.007041976104034958,0.006066845104953165,0.0009751309990817937,86.15259431904269
LGALS3BP,0.0066986333475262845,0.008404368759839484,-0.0017057354123131993,125.4639315785675
LITAF,-0.007244151999024602,-0.0031801023680287665,-0.004064049630995835,43.898890697723566
LMAN1,0.0015552296489515355,0.0030048234009244575,-0.001449593751972922,193.2076978438632
LMAN2,0.004164196893895073,0.006856791894828075,-0.0026925950009330014,164.66060730414753
LMNA,0.023678020716787027,0.017955363817157885,0.005722656899629142,75.83135445281563
LMO4,0.007394220216264836,0.0012829795402443177,0.006111240676020518,17.351113474037295
LPP,0.007477256975666771,0.0018099379041443303,0.005667319071522441,24.20590746090992
LRRFIP1,0.006926348769034487,0.0036278461591278317,0.003298502609906655,52.377468708286585
LSM4,0.0033307156177418513,0.004018340834540899,-0.0006876252167990475,120.64496930137919
LSM5,0.005829666797450112,0.006581642830795376,-0.0007519760333452633,112.89912544700114
LUC7L3,0.00035036740652742465,0.0008431432117087475,-0.0004927758051813229,240.6454470366813
LUM,-0.007666223360358836,0.0015959764866608976,-0.009262199847019734,-20.818288375388452
LY6D,0.021038271404942875,0.024795908576654625,-0.0037576371717117506,117.860959673849
LY6E,0.012574625404679195,0.016399352897293232,-0.0038247274926140364,130.41623403899413
LYZ,-0.027496044781850852,-0.014438750760390022,-0.01305729402146083,52.5121008310276
MACF1,0.014307195977112074,0.010710949679797025,0.0035962462973150493,74.86407327425906
MACROH2A1,0.005155094184998574,0.006540076078442247,-0.0013849818934436738,126.86627719574938
MAF,0.004240658396725951,0.004735487633359253,-0.0004948292366333016,111.66868892376101
MALAT1,-0.04693736750868767,0.014886852430404513,-0.06182421993909218,-31.716419604591366
MANF,0.0007440669148701118,0.005897053595385279,-0.005152986680515167,792.5434497265207
MAP2K2,0.001085563921408432,0.003078952475470935,-0.001993388554062503,283.6270084838709
MAP3K1,-0.0008455660792006741,-0.002985331753180514,0.00213976567397984,353.057179872044
MAP4,0.009573074641946252,0.005743423315423011,0.003829651326523241,59.995597341914646
MAP4K4,0.006662342269246114,0.004898819080572832,0.0017635231886732824,73.52998213835633
MAP7D1,0.009070371409083965,0.007159130786050523,0.001911240623033443,78.9287501378462
MAPK1IP1L,0.003243705505706644,0.0019658341151216037,0.0012778713905850403,60.604580522588016
MAPKAPK2,0.009387235003394863,0.006171605189631752,0.003215629813763111,65.74465417558856
MAPRE1,0.0005138057319922797,0.002923448997853147,-0.002409643265860867,568.9794441407815
MARCHF6,0.008038779016461238,0.005579592475223978,0.00245918654123726,69.40845697833572
MARCKS,-0.0010506185396365417,0.003250790585064659,-0.004301409124701201,-309.4168304120409
MARCKSL1,0.0011528694541360451,0.004458358762381237,-0.003305489308245192,386.71843948908423
MAT2A,0.009579109353839484,0.007895146551531958,0.0016839628023075266,82.42046582720592
MAT2B,-0.004882423559962519,-0.0024919784058717075,-0.0023904451540908114,51.03978332209338
MAX,-0.004887196859007699,-0.0014640590844358958,-0.0034231377745718035,29.957031129970886
MAZ,0.010363994925834522,0.00843573695927337,0.001928257966561151,81.39464578707437
MBD2,0.004024043409483744,0.005442802980531081,-0.0014187595710473367,135.25706426783682
MBNL1,-0.016756780208801066,-0.013323504233836653,-0.0034332759749644112,79.5111236634758
MBP,-0.0025694654830749875,-0.0025492070904577302,-2.0258392617257168e-05,99.21157171595809
MCL1,0.0009603652005304121,0.006833810451546773,-0.005873445251016361,711.5845563513175
MDH1,-0.0005528901947809538,0.0020975626729561074,-0.002650452867737061,-379.3814201727936
MDH2,4.738435187343548e-05,0.0028621910313220214,-0.002814806679448586,6040.371806639856
MED13L,0.0030751200667846388,1.8376435243030488e-06,0.0030732824232603357,0.05975843168375856
MGAT1,0.001797655296985488,0.0025926718655369142,-0.0007950165685514262,144.22519544679116
MGP,-0.003221230397794627,0.0016115847990693035,-0.00483281519686393,-50.03010030492243
MGST3,0.009571892931579284,0.00995669928920213,-0.0003848063576228453,104.02016989088234
MIR205HG,0.06739431941876012,0.06266556070958308,0.004728758709177038,92.9834461569461
MKNK2,0.0011469774043551218,0.0005141689053508001,0.0006328084990043217,44.82816343185829
MLF2,0.007081031838031347,0.004852746595664515,0.0022282852423668328,68.53163079427227
MMP9,-0.0049611350106331525,-2.7517912002260943e-05,-0.004933617098630891,0.5546696863375431
MOB1A,-0.002524209394106483,-0.00031304923895002657,-0.0022111601551564565,12.401872827227924
MORF4L1,-0.002785169789789159,0.0021753132472095565,-0.004960483036998716,-78.10343395165975
MORF4L2,0.006638304801795159,0.008752483558322977,-0.002114178756527818,131.84817238214328
MRPL20,0.0007338487090310878,0.001916231859439827,-0.0011823831504087392,261.1208326536213
MRPL33,0.0037141110313314964,0.005024909936056279,-0.001310798904724782,135.2923995450633
MRPL41,0.007058867898438827,0.006299430636375409,0.0007594372620634175,89.24137307865786
MRPL51,0.0026934596998985727,0.0035663213131815236,-0.000872861613282951,132.4067077489899
MRPS21,5.019580392337693e-06,0.002061182705973625,-0.0020561631255812873,41062.8487815433
MRPS35,0.013458332699173766,0.013240040624563056,0.00021829207461071033,98.37801546825997
MS4A19P,-0.011742476357511406,-0.0021333512794361794,-0.009609125078075226,18.167814134635417
MSN,-0.007826916370050245,0.0022778703435262764,-0.010104786713576522,-29.103036698367756
MT-ATP6,-0.10204101259145217,0.03983848410597608,-0.14187949669742825,-39.04163933131461
MT-ATP8,0.007107099528380775,0.008740912498346876,-0.0016338129699661004,122.98846334488206
MT-CO1,-0.12581777572316596,0.040101062734093224,-0.1659188384572592,-31.872334814062118
MT-CO2,0.007357589380324353,0.11184774031317171,-0.10449015093284736,1520.168285176048
MT-CO3,-0.0320587424130377,0.08375166304109172,-0.11581040545412942,-261.2443805875288
MT-CYB,-0.060523227765296464,0.07706576259100974,-0.1375889903563062,-127.33253898794642
MT-ND1,-0.07663347151897255,0.03481858305238304,-0.1114520545713556,-45.43521565999111
MT-ND2,0.0004138024512053695,0.08423424962467814,-0.08382044717347277,20356.15047211811
MT-ND3,-0.12360072213452872,0.006650870174851886,-0.1302515923093806,-5.380931486478686
MT-ND4,-0.05391579024732002,0.057881782882467425,-0.11179757312978744,-107.3559018924786
MT-ND4L,-0.0004115316438339893,0.012388752470349498,-0.012800284114183488,-3010.400939021614
MT-ND5,0.019366416885251488,0.048679465878721136,-0.029313048993469648,251.36020858764547
MT-ND6,-0.005247515045733507,0.003519921542089233,-0.00876743658782274,-67.07787422069624
MT-RNR1,-0.011265133140965763,0.03906134989510311,-0.050326483036068875,-346.74556799560713
MT-RNR2,-0.012426323424637828,0.080406280039647,-0.09283260346428483,-647.0641177761755
MT-TF,0.03039432057349241,0.015221789351310546,0.015172531222181861,50.08103179837427
MT-TL1,0.009357382639223458,0.008741189603225404,0.0006161930359980543,93.41489965992038
MT-TV,0.021831470069902353,0.02149337441658667,0.000338095653315682,98.45133812687313
MT1E,0.017676135782642925,0.015907991260061104,0.0017681445225818213,89.99699626477157
MT2A,0.05950450453500092,0.0588833003392016,0.0006212041957993229,98.95603836944156
MTATP6P1,-0.012673748423810405,0.03000879547040432,-0.042682543894214726,-236.77916325075728
MTCH1,0.0023983666336696587,0.004647103280515387,-0.002248736646845728,193.7611712603345
MTDH,0.007162135758489578,0.005975461757490844,0.0011866740009987336,83.43128305558689
MTPN,0.0009609782513296073,0.001926921482094242,-0.0009659432307646346,200.51665887632294
MX1,0.006094868333835757,0.0035416853636352687,0.002553182970200488,58.10930063859701
MX2,0.0018222947484148634,0.0011215585500427266,0.0007007361983721367,61.54649520986233
MXRA7,0.010819144981220507,0.011070613412662005,-0.000251468431441499,102.32429116975499
MYDGF,0.000715270884320625,0.003800253885583937,-0.003084983001263312,531.3027510120833
MYH9,0.016038201603778224,0.01481363685458754,0.001224564749190685,92.36470036077982
MYL12A,-0.0015819091247805863,0.004099304101401899,-0.005681213226182485,-259.13651025753325
MYL12B,0.028817951234716747,0.03640890376105101,-0.007590952526334265,126.3410554917919
MYL6,0.024124194204142434,0.02554863684649054,-0.0014244426423481082,105.90462268001271
MYL9,0.002621697093406863,0.0038605932464983693,-0.0012388961530915062,147.25550317033674
MZT2B,-0.002582260554890677,0.003174016509626218,-0.005756277064516895,-122.91619850734209
N4BP2L2,0.0030438660809074484,-0.0046537724607267905,0.007697638541634239,-152.89018429284482
NAA38,0.0026636807211728748,0.004113817466716874,-0.0014501367455439992,154.4410872525846
NACA,-0.035897560403026545,-0.022299857708242644,-0.013597702694783899,62.12081672926868
NAP1L1,-0.03570711539383667,-0.019019215718997586,-0.016687899674839086,53.26449787170557
NBL1,0.00841711079879176,0.009542727568768863,-0.0011256167699771032,113.37295892717344
NCAM2,-0.15287933815531263,-0.0033696732839688225,-0.14950966487134382,2.2041391103783536
NCL,-0.0011440550271759565,0.005852573020280679,-0.006996628047456635,-511.56394415113647
NCOA3,0.0007278490304935749,-0.0006389664596175805,0.0013668154901111554,-87.78832324393966
NCOA4,-0.002330317410249546,-0.00014016912073006602,-0.00219014828951948,6.015022679466476
NCOR2,0.002998087522038489,0.003904596998153879,-0.0009065094761153905,130.23625792948926
NDFIP1,-0.0015262093270857237,0.0016664768121528823,-0.003192686139238606,-109.19057973095981
NDUFA1,0.007660330379888967,0.012498100470235151,-0.004837770090346184,163.1535436519424
NDUFA11,-0.0018380436744085665,0.0015904227868884287,-0.003428466461296995,-86.5280193845331
NDUFA13,0.0011628533205151209,0.0026774582844153287,-0.0015146049639002078,230.24901225111248
NDUFA2,0.0010066813594761211,0.0013292675264984493,-0.0003225861670223282,132.04451577311443
NDUFA4,0.010069846771903194,0.014572271506582506,-0.004502424734679313,144.71194881775105
NDUFA6,0.00899962195055989,0.009009705142467397,-1.0083191907506059e-05,100.11204017194166
NDUFAB1,0.00564382513378309,0.0052121344234912085,0.0004316907102918818,92.35109699434437
NDUFB1,-0.0007949276331233637,5.68142084641397e-05,-0.0008517418415875034,-7.147091898278844
NDUFB10,0.0014137977971435947,0.003063759769881028,-0.0016499619727374333,216.70423988996018
NDUFB11,-0.0032652292148124826,0.0012497055383338049,-0.0045149347531462875,-38.27313355719726
NDUFB2,0.007336442932206503,0.008982359537680708,-0.0016459166054742047,122.43480417804027
NDUFB3,0.00610490902689121,0.007707076394112949,-0.0016021673672217394,126.24391879001689
NDUFB4,0.0006006864273746249,0.002652116091427507,-0.002051429664052882,441.5142361412946
NDUFB8,-0.00255296176345162,-0.0005715224432719722,-0.0019814393201796478,22.386643288353458
NDUFB9,0.0052569339793440435,0.008119235831341965,-0.002862301851997921,154.44812248441204
NDUFC1,-0.004383007575524707,0.0009979768146642204,-0.005380984390188928,-22.76922404234605
NDUFS2,0.0045609256096898945,0.005896051900100625,-0.001335126290410731,129.27314331929014
NDUFS5,0.014951158338357626,0.021209834256194562,-0.006258675917836937,141.86080955199387
NDUFS6,0.008515207358053735,0.015491827979891785,-0.006976620621838051,181.93130629096802
NEAT1,0.029186112775249094,0.0160449395074943,0.013141173267754793,54.97456831970102
NEDD8,4.309553148442802e-05,0.00223084980583131,-0.002187754274346882,5176.522319111895
NFIC,0.006297393743617824,0.0029581685494874804,0.0033392251941303432,46.97448928750049
NFKBIA,0.022207814449656568,0.014482378810149826,0.007725435639506742,65.21298546950796
NHP2,0.0033702823423641787,0.006367326404163894,-0.002997044061799715,188.9256079268823
NNMT,0.007141921552188856,0.009024952798021952,-0.001883031245833095,126.36589091707377
NONO,-0.0068980815354007805,-0.004219637016593255,-0.002678444518807526,61.171167591136516
NOP10,0.0036227939551758265,0.004556281269938644,-0.0009334873147628174,125.76705510478065
NOP53,-0.035755565083926154,-0.023319606133673922,-0.012435958950252231,65.21951500119685
NORAD,0.009981698538848107,0.011256724181888268,-0.0012750256430401601,112.7736340471298
NOTCH3,0.010080690410068427,0.00969651882737248,0.00038417158269594644,96.18903500585395
NPC2,-0.0083924475552207,0.003417851719367272,-0.011810299274587972,-40.725327109624
NPM1,-0.020385672829677317,-0.005680902693243152,-0.014704770136434165,27.86713365169353
NPTN,0.008177455120065102,0.008362038212862624,-0.00018458309279752207,102.257219270389
NR3C1,0.0021395643042020724,-0.0013635492276939584,0.003503113531896031,-63.73022886089322
NRDC,0.006469582242762348,0.0052880508371592775,0.001181531405603071,81.7371298289797
NUCB1,0.0038197220861468394,0.005519147285726597,-0.0016994251995797577,144.49080747898233
NUCKS1,-0.000348267711886219,0.0026742130846641905,-0.0030224807965504095,-767.861330061476
NUFIP2,0.0013734208334748414,0.0012288689691597127,0.00014455186431512883,89.47504939550076
NUMA1,0.006135863726740546,0.005905725689493738,0.00023013803724680878,96.24929679836517
NUTF2,0.009565631702718512,0.01011917307448591,-0.0005535413717673973,105.78677278166673
OAS2,-0.001408766589619007,-0.00020743742286172956,-0.0012013291667572774,14.724754575406978
OAZ1,0.00877591792591509,0.004875742464733841,0.00390017546118125,55.55820491821011
OCIAD2,0.006115023463542385,0.009677971270436464,-0.003562947806894079,158.2654805518946
ODC1,0.0009753984533929208,0.00044970321519636645,0.0005256952381965543,46.104565127417935
OGA,-0.0041635117274850305,-0.002033245667931412,-0.002130266059553618,48.83487308343897
OIP5-AS1,0.002073308146265088,-0.0006676789835676077,0.0027409871298326957,-32.20355762216929
OS9,0.005706212780805023,0.006028869004562444,-0.0003226562237574218,105.65447234710201
OST4,-0.001172811857485195,0.003951516707957573,-0.005124328565442768,-336.9267357537315
OSTC,-0.00038515930485540236,0.0009304195287509302,-0.0013155788336063326,-241.56745456278955
P4HB,0.008554733775527524,0.007916343525217032,0.0006383902503104914,92.53757899355406
PA2G4,0.0014852451823161264,0.00314114229591515,-0.0016558971135990236,211.48981550755
PABPC1,-0.039182211171645366,-0.004512657266311761,-0.034669553905333605,11.517107205979723
PABPC4,0.005054972268714593,0.0049294116205542745,0.00012556064816031853,97.5160962022004
PACS1,0.0011988145316956453,0.0011357998545146139,6.301467718103143e-05,94.74358413958319
PAFAH1B1,0.00531987997436119,0.0025346075882994837,0.002785272386061707,47.6440746880542
PAIP2,-0.00573541848074167,-0.0017276425377759103,-0.00400777594296576,30.12234492700002
PAK2,0.00047692145890489363,0.0035951038214625066,-0.003118182362557613,753.8146490027056
PALLD,0.011693871035828926,0.007932502778184452,0.0037613682576444745,67.83470378525644
PAPOLA,-0.0016711108355869535,-0.00032607221039972385,-0.0013450386251872297,19.512303041539173
PARK7,-0.005844586685689049,-0.0019862120729757862,-0.0038583746127132624,33.983790125642074
PARP1,-5.1383225550514795e-05,0.0031703306302998603,-0.003221713855850375,-6169.972002211328
PARP14,-0.0005080620292166483,-0.000575367778042474,6.730574882582571e-05,113.24754556635547
PCBP1,-0.0078430303081472,-0.003324907072477204,-0.004518123235669995,42.39314323474372
PCBP2,-0.00794273980812107,-0.0038653126262431885,-0.004077427181877883,48.66472677716437
PCNA,0.0020516390072040785,0.0044435755190700785,-0.002391936511866,216.5866170153233
PDCD5,0.0036137698136311266,0.007108973637560087,-0.0034952038239289608,196.7190497509018
PDE7A,0.004375883655119517,-0.0005949610998017369,0.004970844754921254,-13.596364681809323
PDIA3,0.011907012096704396,0.013672397002887592,-0.001765384906183196,114.82643077747286
PDIA4,0.0022868785718227545,0.006123549233440975,-0.00383667066161822,267.76888414150494
PDIA6,0.007366965906634445,0.01202857027591845,-0.004661604369284005,163.2771269524394
PDLIM1,0.004490497799611822,0.004682874906616952,-0.00019237710700513002,104.28409311372472
PDPN,0.027406968346723258,0.02145308715375119,0.0059538811929720666,78.27603141781312
PEA15,0.00023309296802340304,0.002869667405844408,-0.0026365744378210047,1231.1256878226745
PEBP1,-0.0018350321316100368,-0.0004901429435498371,-0.0013448891880601997,26.710319405676625
PERP,0.07565157675362533,0.07209578744700565,0.003555789306619672,95.29978163151863
PFN1,-0.03755924772527715,-0.010053497712729405,-0.027505750012547743,26.767036939250147
PGAM1,0.004716630210639433,0.006010466597231725,-0.0012938363865922916,127.43137216213705
PGK1,0.004992970407668264,0.0036272765961274525,0.0013656938115408116,72.64766862140095
PHB2,-0.007269108668354592,-0.00282560126323298,-0.004443507405121612,38.871358128596704
PHIP,0.002457880646987366,-0.0009366454253128729,0.003394526072300239,-38.10784817647362
PICALM,0.004327467779108245,0.0012955234761452845,0.0030319443029629602,29.93721830581142
PIM2,-0.02013864021182088,-0.008920822060846963,-0.011217818150973917,44.29704273484494
PKM,0.022502668780234984,0.01885447356056205,0.0036481952196729317,83.78772200176856
PLEKHB2,0.0003599238735101887,0.0015801821104272427,-0.001220258236917054,439.03231397694736
PLP2,0.009190455473213349,0.01274698172983594,-0.0035565262566225908,138.69804132111298
PLS3,0.016016408707201977,0.014757328940431155,0.0012590797667708226,92.13881345195281
PLSCR1,0.001695275846053953,0.004204800759509381,-0.0025095249134554276,248.030476532582
PLTP,0.008592453317724126,0.00813860578359796,0.0004538475341261667,94.71806808435036
PMEPA1,0.027809424890943384,0.016047910908852492,0.011761513982090892,57.70673421613537
PNISR,-0.0039438089880607305,-0.0015232263194801775,-0.0024205826685805534,38.62322754706196
PNRC1,-0.015265668287699225,-0.0058344990353736475,-0.009431169252325578,38.219742008117464
POLR1D,-0.0015059333327660926,0.00032463265269572173,-0.0018305659854618143,-21.556907310062506
POLR2E,0.0006360167787102882,0.001847843614243123,-0.0012118268355328348,290.53378402849233
POLR2F,0.005749574622057187,0.006958141280890406,-0.001208566658833218,121.02010563001954
POLR2G,0.0004927549646744547,0.002920178832562099,-0.0024274238678876443,592.6229144117007
POLR2L,0.0011210341182558898,0.003120389289877308,-0.001999355171621418,278.3491812659569
POMP,0.006356923751742913,0.009091065857368326,-0.002734142105625413,143.01045934168675
POSTN,0.028671979891306293,0.01783455038243232,0.010837429508873975,62.20201900964635
PPA1,-0.003972521601424504,-0.0015674514620128703,-0.0024050701394116338,39.457342697665865
PPDPF,0.03796277132448183,0.038698638924423864,-0.0007358675999420377,101.93839273126902
PPFIBP1,0.0354873834999279,0.02869996842217709,0.006787415077750807,80.87372353680401
PPIA,0.06721899871466612,0.07100743912335489,-0.003788440408688769,105.6359667372763
PPIB,0.0031183558767702334,0.007187962276429455,-0.0040696063996592214,230.50487373731775
PPP1CA,0.0002901077063236265,0.0018902081261249382,-0.0016001004198013117,651.5539177081829
PPP1CB,0.007392882851878293,0.007321517247086965,7.136560479132734e-05,99.03467150472706
PPP1CC,-0.0034169800259153615,-0.0005364920882706221,-0.0028804879376447393,15.700767467228708
PPP1R14B,0.02879944737254357,0.025812629174867343,0.00298681819767623,89.62890447500823
PPP1R18,-0.010881066567018564,-0.008009969390046211,-0.002871097176972353,73.61382582039437
PPP2CA,0.0005611261410134447,0.002850053999189657,-0.0022889278581762124,507.91681065547954
PPP2R1A,0.0027911031796786297,0.00238612407916527,0.0004049791005133594,85.49035723716996
PPP2R5C,-0.006134799761386138,-0.0032380804179571723,-0.002896719343428966,52.78216965349719
PPT1,0.001170219596312431,0.00435242814077782,-0.003182208544465389,371.932597479404
PRDX1,0.015122006248535304,0.02104815895216121,-0.005926152703625904,139.18893172127807
PRDX5,0.016327261575680988,0.015931886706239556,0.00039537486944143257,97.57843734168911
PRDX6,0.0035255970350204805,0.00744210620168483,-0.003916509166664349,211.08782789867524
PRELID1,0.0013532802949095188,0.0017813850558989824,-0.00042810476098946356,131.63459651336214
PRKAR1A,-0.0018793056215355083,0.00018644727921804036,-0.0020657529007535487,-9.921072819741871
PRKCSH,0.0033357939063308117,0.004711621150064011,-0.0013758272437331992,141.2443718756754
PRKDC,0.002318700439913139,0.002717166202035618,-0.00039846576212247903,117.18487456436615
PRMT2,0.0018809234281739046,0.0005183036420588695,0.001362619786115035,27.55580765784096
PRNP,0.01594021414006216,0.014787589403890179,0.0011526247361719835,92.76907621162303
PRPF8,-0.0044275615385828675,0.00047806421798074483,-0.004905625756563612,-10.797460719964587
PRR13,-0.00424589060749234,-0.0024714454420411078,-0.0017744451654512316,58.20793964121381
PRRC2B,0.0005634102478277312,0.0010078227032317062,-0.000444412455403975,178.87901526772708
PRRC2C,-0.0006487463949362752,9.36427328450673e-05,-0.0007423891277813425,-14.434412826951526
PSAP,-0.007394417872411399,0.006256140832810418,-0.013650558705221817,-84.60626570959838
PSMA3,0.004200702553176625,0.005405111588383021,-0.001204409035206396,128.67160956910902
PSMA4,-0.00047294148112811147,0.0023345890816594403,-0.0028075305627875517,-493.63170176799133
PSMA5,0.0014327899898353062,0.0027495629662323716,-0.0013167729763970653,191.90272026875505
PSMA7,0.005651183588118814,0.008871326851379126,-0.003220143263260312,156.9817492751504
PSMB1,0.0070940218222291795,0.0070902365880720596,3.7852341571197653e-06,99.94664191551739
PSMB2,0.013185637830335523,0.014992910112681883,-0.00180727228234636,113.70636980630897
PSMB4,0.0014836864217490616,0.004158051299693097,-0.0026743648779440354,280.2513549184691
PSMB7,0.002573303387547143,0.004422940935010054,-0.0018496375474629108,171.87794320769825
PSMB8,-0.005861328469219252,-0.0015994759878076113,-0.004261852481411641,27.288625713560574
PSMB9,-0.00908133713745727,-0.0036492539176424966,-0.005432083219814772,40.18410353460647
PSMD11,0.008077123052696603,0.006493635700213059,0.001583487352483544,80.3954038813995
PSMD2,0.00960026431665362,0.00840236228847119,0.0011979020281824308,87.52219742424774
PSME1,-0.009870931898876174,-0.006390864907143337,-0.0034800669917328386,64.744291345693
PSME2,-0.004665224119775541,-0.0021741122933100917,-0.0024911118264654493,46.60252621292491
PTBP1,0.0004311896711312428,0.004040121763704398,-0.0036089320925731553,936.9709049627701
PTBP3,0.0005554834404137544,0.0025761714819997226,-0.0020206880415859683,463.7710676092972
PTDSS1,-4.70448684325225e-06,0.002623450874217494,-0.002628155361060746,-55764.86791498562
PTEN,-0.00035214632107019274,-3.481393066586281e-05,-0.00031733239040432993,9.886211663396423
PTGES3,0.0038066222372032583,0.0026269348833295484,0.0011796873538737099,69.0096027300983
PTHLH,0.14245190222607043,0.1056520327969333,0.03679986942913712,74.16681079432978
PTK2,0.014122324414649352,0.00865644609057179,0.005465878324077563,61.296184936753725
PTMA,-0.017710231554655932,-0.0002378941426289978,-0.017472337412026934,1.343258228413488
PTMS,0.011037740349679845,0.01129149583227839,-0.00025375548259854585,102.29898035793083
PTP4A2,-0.011782854260712638,-0.005859897137075741,-0.005922957123636898,49.732407848022795
PTPRF,0.020854592947711758,0.022619550394782566,-0.0017649574470708083,108.46315941766902
PUF60,0.005707659164653211,0.006154617164646799,-0.00044695799999358826,107.8308460105947
PUM1,0.008125724635760159,0.0011081680108400225,0.007017556624920136,13.637774604902715
PUM2,-0.002058870112541752,-0.0018379639124515045,-0.00022090620009024742,89.2705130476866
QKI,-0.0008682855734707228,0.0007652270945165242,-0.001633512667987247,-88.1308083304607
R3HDM4,0.004289134501352714,0.004538798034951266,-0.00024966353359855245,105.82083712972425
RAB10,0.00607051678270982,0.0056631545608779345,0.0004073622218318855,93.28949681858809
RAB11A,0.002617132519279264,0.003906015517251723,-0.0012888829979724589,149.24790733666808
RAB11B,0.0013647399778987327,0.002532388160570052,-0.0011676481826713193,185.55828960686912
RAB14,0.0031989979167580725,0.0022497453319455787,0.0009492525848124937,70.32656445820743
RAB1A,0.006770901432743699,0.005290071923989335,0.0014808295087543636,78.12950722346723
RAB2A,0.008922731417062381,0.008031755469769978,0.0008909759472924023,90.01453808652532
RAB31,0.006101961831978573,0.004722035411998777,0.0013799264199797958,77.38552849105004
RAB5B,0.0016423863995998563,0.0038112116594872106,-0.0021688252598873544,232.0532890686234
RAB5C,0.002837630787628346,0.004163432542972769,-0.001325801755344423,146.72213739450262
RAB7A,0.004571176264175729,0.005638013387303018,-0.001066837123127289,123.33835016356913
RABGAP1L,0.0041056029526839784,-0.00212450141121214,0.006230104363896118,-51.7463923252315
RAC1,0.03395405806583149,0.03064094333465686,0.003313114731174624,90.24236005972827
RAC2,-0.029402514456683487,-0.020183842140343133,-0.009218672316340352,68.64665323123458
RACK1,-0.06594990617547526,-0.031795468997323426,-0.034154437178151836,48.21154546107176
RAD21,-0.0007457677016496642,0.0023823373855514805,-0.0031281050872011447,-319.44764841406607
RAD23A,0.007208306015050264,0.006177628729192275,0.0010306772858579886,85.70153259717287
RAD23B,0.004702727939195343,0.0038484758152763747,0.0008542521239189684,81.8349661097951
RALA,0.013771060543564514,0.010462353760914438,0.003308706782650077,75.97347878775902
RALY,0.002607405205397535,0.002770329364327449,-0.00016292415892991402,106.2485170541444
RAN,0.010489752756186596,0.015919297369064077,-0.005429544612877481,151.76046317846024
RAP1A,-0.005016102570211953,-0.004127855164146244,-0.0008882474060657092,82.29208048215457
RAP1B,0.009728749539839928,0.008987217520747572,0.000741532019092355,92.37793083216164
RBBP4,-0.003286706940887562,0.0007303064645875568,-0.004017013405475119,-22.2200055472649
RBIS,0.003353301406328087,0.004380108159471818,-0.0010268067531437313,130.62077125563547
RBM3,-0.008718055096119785,-0.0014863006052200237,-0.00723175449089976,17.048534206689556
RBM39,0.004095979758594902,0.003716070877902499,0.00037990888069240234,90.7248350069306
RBM8A,0.0022313174749700416,0.004916469667060037,-0.0026851521920899955,220.339316220613
RBMS1,0.0017940731134117663,0.00326224166781594,-0.0014681685544041738,181.83437695090228
RBMX,-0.00021977031789826865,-0.00016373058959544967,-5.603972830281898e-05,74.50077479127108
RBPJ,0.00022903322140201251,-0.00024126563188419953,0.00047029885328621205,-105.34088915455456
RBX1,0.005267498891893768,0.0066187356296055775,-0.0013512367377118092,125.65234023667756
REEP5,0.0031922072275095484,0.00625653990465415,-0.003064332677144602,195.994165126156
RELA,0.0048202951780478434,0.003942040486954795,0.0008782546910930486,81.78006411116237
RER1,0.005145253133623954,0.0038513807123899957,0.001293872421233958,74.85308521016059
RERE,0.0009066283132474705,-0.0014677514058372304,0.002374379719084701,-161.89119448298075
RFTN1,-0.0040036533761090435,-0.0019435849594834599,-0.002060068416625584,48.54528544057767
RHOA,-0.007775834203463899,-0.0029771731952850985,-0.004798661008178801,38.287508676031926
RHOB,0.004863455778282573,0.0066590631569152315,-0.0017956073786326585,136.92040105825203
RHOC,0.009274354666494915,0.008204686620281516,0.0010696680462133987,88.46638839381735
RHOG,-0.0009568486062249072,-0.0023849565085079824,0.0014281079022830752,249.2511869685891
RNASE1,0.008853375470143377,0.005245348694436172,0.003608026775707205,59.24687947693271
RNASEK,-6.334543123255858e-05,0.0019943829418079886,-0.0020577283730405472,-3148.4242872797845
RNF145,0.005836336221433255,0.002970757081624455,0.0028655791398088,50.901061366456254
RNF149,0.005646893811994391,0.005692636967788054,-4.5743155793662854e-05,100.81005872107072
RNF187,0.013455726960662688,0.011577987687141399,0.0018777392735212885,86.04505517233824
RNF213,-0.006371183218157709,-0.004072795304480349,-0.00229838791367736,63.925257915562476
RNPS1,0.004309568569030429,0.003788989596558174,0.000520578972472255,87.92039239813334
ROMO1,0.01156807409953864,0.006829253062230547,0.004738821037308094,59.035350253357315
RPL10,-0.11483754711005614,-0.08015527609079541,-0.03468227101926073,69.79884028172205
RPL10A,-0.07121959049092669,-0.05337967185720073,-0.01783991863372596,74.9508267167041
RPL11,-0.12414182695881402,-0.06993491827984308,-0.05420690867897095,56.33469394891785
RPL12,-0.0693705970651474,-0.03343490577115206,-0.03593569129399533,48.197517659755235
RPL13,-0.10247991282587934,-0.06496135288061136,-0.037518559945267975,63.38935220503683
RPL13A,-0.1349380759614125,-0.09046558861192097,-0.044472487349491524,67.0422991934396
RPL14,-0.04540764854779726,-0.02650487874495246,-0.0189027698028448,58.370956419495585
RPL15,-0.08972584834832263,-0.06144519125240629,-0.028280657095916345,68.4810368288426
RPL18,-0.045609652457041364,-0.03680436436257674,-0.008805288094464628,80.6942442660397
RPL18A,-0.05356647047140897,-0.02791433222423989,-0.02565213824716908,52.11157647420344
RPL19,-0.1316445656709486,-0.07357732760712751,-0.05806723806382109,55.89089624180712
RPL21,-0.10824259314338415,-0.09474721437434817,-0.013495378769035971,87.53228430959776
RPL22,-0.026800749229490772,-0.014947962064816132,-0.011852787164674642,55.77441860605831
RPL22L1,0.0017059022186598335,0.0003539384708016297,0.0013519637478582038,20.747875636136154
RPL23,-0.20069862713624204,-0.08123188519507593,-0.11946674194116609,40.47455946967319
RPL23A,-0.13968810681327232,-0.08206635948036506,-0.05762174733290727,58.74971130510562
RPL24,-0.0499691116575892,-0.031312342531750845,-0.01865676912583836,62.66339643241425
RPL26,-0.06242897522364696,-0.045046353174634776,-0.01738262204901218,72.15616308494526
RPL27,-0.10873482341269872,-0.05592360655490917,-0.05281121685778954,51.43118349735423
RPL27A,-0.15872677113298994,-0.0861097681344336,-0.07261700299855633,54.250311727368384
RPL28,-0.03861176345098002,-0.03363834571093537,-0.004973417740044644,87.11942347217914
RPL29,-0.08685009889196374,-0.04807189098493125,-0.038778207907032486,55.35041594452272
RPL3,-0.09960110977639347,-0.0714936471147865,-0.02810746266160698,71.77997039921664
RPL30,-0.15203728439876213,-0.07793986466769173,-0.0740974197310704,51.26365218630958
RPL31,-0.15235767255358862,-0.0942186295161658,-0.0581390430374228,61.84042322058075
RPL32,-0.16501415916037576,-0.10336106834703797,-0.0616530908133378,62.63769659098301
RPL34,-0.25691570897783855,-0.17040992499316973,-0.08650578398466882,66.32911847670212
RPL35,-0.025442847669215327,-0.017221732175238945,-0.008221115493976383,67.68791134994078
RPL35A,-0.09288391349826633,-0.051725336137599824,-0.0411585773606665,55.68815329746552
RPL36,-0.014458217778807209,-0.022020647131338875,0.007562429352531666,152.30540491385213
RPL36AL,-0.014910986769281568,-0.005247955740545087,-0.009663031028736481,35.195227664989346
RPL37,-0.0950463775900135,-0.04069013881271416,-0.054356238777299344,42.81082545642377
RPL37A,-0.1155477187665716,-0.06653922061656575,-0.049008498150005846,57.58592322448845
RPL38,-0.07502822781702811,-0.0370543902810037,-0.037973837536024416,49.38726577864602
RPL39,-0.15237801296444659,-0.06371873124461812,-0.08865928171982847,41.81622401093077
RPL4,-0.04816447244420041,-0.028701878446702186,-0.019462593997498227,59.5913896491941
RPL41,-0.10643551996693323,-0.05251826962285106,-0.05391725034408218,49.342803642211855
RPL5,-0.07879131908514628,-0.04131354019876706,-0.03747777888637922,52.4341268536466
RPL6,-0.04325742536112823,-0.026011946166343686,-0.017245479194784544,60.13290423363571
RPL7,-0.08465853096302572,-0.04416358177746631,-0.04049494918555941,52.16672351278405
RPL7A,-0.08905040543228057,-0.05227797226634244,-0.03677243316593813,58.70604632574956
RPL8,-0.015152017799829179,-0.007561279588706046,-0.007590738211123133,49.90278977095243
RPL9,-0.06542464830091596,-0.05121447927000025,-0.014210169030915716,78.2800987090415
RPLP0,-0.042803518563498726,-0.01755935362498661,-0.025244164938512115,41.02315467112226
RPLP1,-0.11862964603404037,-0.05560030922539268,-0.0630293368086477,46.868814907732556
RPLP2,-0.1650993863788094,-0.09952707993185937,-0.06557230644695003,60.283131339750234
RPN1,0.002008898263960535,0.007588859506232393,-0.0055799612422718576,377.7622611545786
RPN2,0.0055991259945943036,0.008853839903218513,-0.003254713908624209,158.12896355192728
RPS10,-0.027707992607883314,-0.017946498733490766,-0.009761493874392546,64.77011520634207
RPS11,-0.11257333360100824,-0.07281040422256796,-0.03976292937844029,64.67819855155808
RPS12,-0.1534171718766449,-0.10962040279492546,-0.04379676908171942,71.45249873532134
RPS13,-0.14271630044163272,-0.09165791304195554,-0.05105838739967717,64.22385723167008
RPS14,-0.08798565204748098,-0.0704931607070664,-0.017492491340414567,80.11892742355897
RPS15,-0.025459703982821883,-0.018876202850925956,-0.006583501131895927,74.14148594839149
RPS15A,-0.09700926759714659,-0.06071005250303455,-0.03629921509411205,62.58170379674144
RPS16,-0.10748575940866462,-0.061090992170336,-0.046394767238328624,56.83635907345261
RPS17,-0.027638467658403852,-0.014684992278357404,-0.012953475380046448,53.1324401188075
RPS18,-0.16550229031849573,-0.08097414301059719,-0.08452814730789852,48.92629754837169
RPS19,-0.0973130306659176,-0.06260054874387004,-0.034712481922047546,64.32905060657507
RPS2,-0.06950380190360488,-0.015935265768435687,-0.05356853613516919,22.92718575386189
RPS20,-0.11687418513907191,-0.0400378785007538,-0.07683630663831811,34.2572471868887
RPS21,-0.09963219530650139,-0.05780167309763841,-0.04183052220886298,58.015055193576195
RPS23,-0.1293964608469385,-0.09195362034073412,-0.0374428405062044,71.06347402306848
RPS24,-0.09625938476604572,-0.05167325530182361,-0.04458612946422211,53.68126487345959
RPS25,-0.08091248481514246,-0.041718403223471714,-0.03919408159167075,51.55990860839844
RPS26,-0.05048774733639544,-0.03311269819332859,-0.017375049143066847,65.58561223320498
RPS27,-0.18959757759814883,-0.11885316354713842,-0.07074441405101041,62.687068607515194
RPS27A,-0.1678414101055428,-0.12892216452222932,-0.03891924558331347,76.81189310859573
RPS27L,-0.003185550547924349,-0.0008101015580453553,-0.0023754489898789935,25.43050395396186
RPS28,-0.12094674248919807,-0.07382169426544395,-0.04712504822375411,61.03652958825003
RPS29,-0.30477985821181786,-0.2025068612827643,-0.10227299692905353,66.4436496791152
RPS3,-0.12074408117713842,-0.0849803547635124,-0.03576372641362601,70.38055524961212
RPS3A,-0.11394633371953805,-0.0814828672960822,-0.03246346642345586,71.50986314016926
RPS4X,-0.1160842882777493,-0.08533534153408727,-0.030748946743662034,73.51153442049754
RPS4Y1,-0.013277997475775127,-0.005567782450850336,-0.0077102150249247926,41.93239576230079
RPS5,-0.058848300055519435,-0.039761918121113175,-0.01908638193440626,67.56680835912076
RPS6,-0.1907362585954618,-0.13824293691758682,-0.052493321677874995,72.47858269611463
RPS7,-0.03988187028368169,-0.020115334071623577,-0.019766536212058115,50.43728874433978
RPS8,-0.1173825843946194,-0.05554838595914392,-0.061834198435475475,47.32251061401078
RPS9,-0.061699023432647174,-0.04154235794944866,-0.02015666548319851,67.33065717773923
RPSA,-0.05122099111754175,-0.02691762400352952,-0.024303367114012226,52.55193899266622
RRBP1,0.007775370462309825,0.007181291483815083,0.0005940789784947421,92.35947687155912
RSL1D1,-0.005343447179822386,-0.0008177199666098587,-0.004525727213212527,15.303229153226878
RTL8C,0.006173818103757642,0.006732177041093313,-0.0005583589373356713,109.04398101712505
RTN3,0.005333169015434878,0.0067031002074209286,-0.0013699311919860503,125.68700125612547
RTN4,0.010272105613238559,0.009849292893478875,0.0004228127197596834,95.88387487746652
RTRAF,0.002488754137376972,0.004341329688042722,-0.0018525755506657504,174.43786924723213
RUNX1,0.014064232346279862,0.006326427250701985,0.007737805095577876,44.98238577788707
RUNX3,0.00106739285876044,3.530473699866511e-05,0.001032088121761775,3.307567284988621
S100A10,0.05330437098857376,0.04719939934469953,0.00610497164387423,88.54695866276542
S100A11,0.09103769183199509,0.08071098076656258,0.010326711065432504,88.65666422596712
S100A16,0.02955255898940766,0.027645270717395663,0.0019072882720119959,93.54611466067756
S100A2,0.1844596610068015,0.15876002798344718,0.025699633023354308,86.06761343749477
S100A4,-0.02275806098210016,-0.009608425718142783,-0.013149635263957377,42.21987859906023
S100A6,0.04325725741752727,0.054283694877454394,-0.011026437459927122,125.49037576168516
S100A7,0.02138948993610136,0.026268643476666513,-0.004879153540565152,122.81098593347042
S100A8,0.09528212270166382,0.08354662389710339,0.011735498804560426,87.68342006684168
S100A9,0.09158270282055239,0.08238244089254133,0.009200261928011065,89.95414893351848
SAMHD1,-0.007473419310092488,-0.005933646431636132,-0.0015397728784563567,79.39667487441835
SAP18,-0.0036815956875053055,0.00013508050949256108,-0.0038166761969978666,-3.669075068481876
SAR1A,-0.0003210542897423322,0.0009355976038931948,-0.001256651893635527,-291.4141420269062
SARAF,-0.021088709531795494,-0.01127552248380824,-0.009813187047987254,53.46710507254183
SAT1,-0.0001775012797275953,-0.00026417833270515716,8.667705297756186e-05,148.8317904584023
SCAF11,0.001961324471457741,-4.6858046119538626e-05,0.0020081825175772795,-2.3891022011626513
SCARB2,0.006820623797695502,0.00588790342131861,0.0009327203763768923,86.32499894376183
SDC1,0.040952899515192154,0.03724006911111284,0.003712830404079312,90.9339010228031
SDCBP,0.0033710792533243935,0.0021092465157560103,0.001261832737568383,62.56887949685474
SDF2L1,0.0036613787967249836,0.004071224819279925,-0.00040984602255494164,111.19376183970746
SEC11A,-0.0005751937310739662,0.0007254173415877059,-0.0013006110726616722,-126.11704585744553
SEC11C,-0.005850669922189761,0.003428897117462692,-0.009279567039652454,-58.606914474152056
SEC31A,0.0031744303401160336,0.001165638329219836,0.0020087920108961977,36.71960649094694
SEC61B,-0.0016524669992994947,0.001179049893380113,-0.002831516892679608,-71.35088893635576
SEC61G,0.0217351546594705,0.01699256300502343,0.004742591654447069,78.18008784041196
SEC62,-0.0004096494121750558,0.00035133830674459725,-0.000760987718919653,-85.76560744446024
SELENOF,0.0019054800859700934,0.0032420919198966848,-0.0013366118339265913,170.1456731963752
SELENOK,0.00043481098339731453,0.0012574658774271088,-0.0008226548940297942,289.1982782040448
SELENOM,0.008807997263445303,0.008401468090702543,0.00040652917274276056,95.384544742879
SELENOP,-0.022544463341042487,-0.009451260386025432,-0.013093202955017053,41.92275612442408
SELENOT,-0.00033048637992466167,0.002417366212517139,-0.0027478525924418008,-731.4571369229216
SELENOW,0.010450767514091958,0.014226617927427755,-0.0037758504133357964,136.12988623318228
SEM1,0.005145656045724173,0.007822991426506153,-0.00267733538078198,152.03098219141046
SEPTIN2,-0.001487153182463731,0.00217880283460478,-0.003665956017068511,-146.50829923217523
SEPTIN7,0.0035742051785352773,0.003509231405244686,6.497377329059135e-05,98.18214763716453
SEPTIN9,-0.005157939608536996,-0.006377315309048509,0.0012193757005115123,123.64075179347394
SERBP1,0.013017532855049179,0.014327679523423478,-0.001310146668374299,110.06447752398893
SERF2,0.0009883320971029123,0.01566875401825123,-0.014680421921148318,1585.3733845314634
SERP1,-0.008232789920194033,-0.0012016754831445887,-0.007031114437049445,14.596212156428587
SERPINB1,0.0014578746082467334,0.00013757309660022542,0.001320301511646508,9.436552075330631
SERPINB5,0.045700201198008536,0.037940013052867226,0.00776018814514131,83.01935671679391
SERPINE1,0.02203423432364429,0.013179336177727806,0.008854898145916487,59.81299819247836
SERPING1,0.0011980361324494477,0.00558816741449211,-0.004390131282042662,466.44397970425223
SERPINH1,0.00703425151003496,0.007178888472484393,-0.00014463696244943367,102.05618127590542
SET,-0.0007720741488187639,0.0061440652019228905,-0.0069161393507416544,-795.7869346257756
SF1,0.002293827311481697,0.00029430599262998333,0.0019995213188517135,12.830346519846627
SF3A1,-0.0012825191659087947,-5.59278865671798e-05,-0.001226591279341615,4.360783686811357
SF3B1,0.0009355982327404575,0.0008568391182168667,7.875911452359077e-05,91.58195133685773
SF3B2,0.0007907981621951755,0.0014223145918731365,-0.000631516429677961,179.85810537608427
SF3B5,-0.0002495865903303649,0.001608480484222886,-0.0018580670745532509,-644.4578941896772
SFN,0.126503788444152,0.09676381585797175,0.02973997258618026,76.49084430439042
SFPQ,0.0026611125700582443,0.006344299596720105,-0.0036831870266618607,238.40778733314716
SGPL1,-0.0013668197822357766,0.0015933672220233017,-0.0029601870042590783,-116.57478496667278
SH3BGRL3,0.0049836217444205865,0.004167951443679473,0.0008156703007411132,83.63298134224779
SHANK2,0.0216438481482346,0.017452182885654713,0.004191665262579884,80.63345651904426
SHC1,0.009902924237364087,0.010968325015833075,-0.0010654007784689885,110.75844622186641
SHISA5,0.0058338171387826,0.006909375395343203,-0.0010755582565606034,118.43661244385612
SIVA1,-8.184297769065017e-05,0.0020108105475355313,-0.0020926535252261814,-2456.912742270921
SKI,-0.00041277048018950515,0.0015940679056120496,-0.0020068383858015547,-386.1874775735427
SKIL,0.011364245987108577,0.006863347374712402,0.004500898612396174,60.39421693703283
SLC20A1,0.00308502971694317,0.0011694333524581981,0.001915596364484972,37.906712730694274
SLC25A3,-0.005718500902661359,0.0005614038984441258,-0.006279904801105485,-9.817326393755598
SLC25A39,0.015232311807353627,0.014604162323367208,0.0006281494839864184,95.87620387548021
SLC25A5,-0.0009363856554458518,0.008465954478619557,-0.009402340134065408,-904.109800207113
SLC2A1,0.06480609495471865,0.036704184711266116,0.02810191024345253,56.63693320344651
SLC2A4RG,0.0093041206905532,0.009407341755941084,-0.00010322106538788366,101.10941236491792
SLC35E2B,-0.07632071714245914,-0.02343338250731096,-0.05288733463514818,30.7038290318611
SLC38A1,-9.045843151259808e-06,0.002705050721957816,-0.002714096565109076,-29903.798647902553
SLC38A2,0.04730286390427804,0.04503712481656225,0.0022657390877157905,95.21014395174734
SLFN5,-0.005730316157967653,-0.003337540840979405,-0.002392775316988248,58.24357241334336
SLIRP,0.003924328648736277,0.006804012223162828,-0.0028796835744265515,173.38028570450834
SMCHD1,0.001032732156080345,-0.0014004485771193331,0.002433180733199678,-135.60617521919986
SMIM14,-0.0045316776868894685,-0.003544585600240698,-0.00098709208664877,78.21795469910599
SND1,0.00032339112159518696,0.0013914850522714316,-0.0010680939306762446,430.2792993844953
SNHG1,0.009480952804440047,0.006656494676599964,0.0028244581278400833,70.20913207671117
SNHG14,-0.0049102970668458415,-0.0024175957351435283,-0.002492701331702313,49.235223495275925
SNHG16,0.001663688122784954,0.004197549584753107,-0.002533861461968153,252.30387398129403
SNHG25,0.003301421055618234,0.0028764791296244825,0.0004249419259937517,87.12851469610028
SNHG29,-0.028016082153318383,-0.00715196037472004,-0.020864121778598345,25.5280532644816
SNHG32,-0.01297436029128813,-0.007556804259984243,-0.005417556031303887,58.24413759388504
SNHG5,-0.022401402712144566,-0.017276087527568477,-0.005125315184576091,77.12056137539334
SNHG6,-0.015082229119826368,-0.007648298511407189,-0.00743393060841918,50.710663859051884
SNHG8,-0.015303520104832206,-0.009181267844422945,-0.006122252260409262,59.994483501373566
SNRNP200,0.0025831081260546543,0.002946884338829352,-0.00036377621277469793,114.08288755338772
SNRPB,0.00901310974923463,0.011418486940491714,-0.0024053771912570846,126.68753913111226
SNRPD1,0.003789509366880997,0.004824464263998511,-0.0010349548971175142,127.31105261706603
SNRPD2,-0.008776248572788688,0.0030067501904946174,-0.011782998763283306,-34.26008465413384
SNRPD3,0.0010733710130858805,0.004893507097659393,-0.0038201360845735123,455.9008057792467
SNRPE,0.0038034661555284488,0.005803970080797513,-0.0020005039252690643,152.59686410936703
SNRPF,0.0016482457800517988,0.004081054354382566,-0.002432808574330767,247.59986670521383
SNRPG,0.009063988249241439,0.010812516220074826,-0.0017485279708333867,119.29093377829258
SNU13,0.006688672136681707,0.008090230181090311,-0.0014015580444086042,120.95420459798356
SNX3,-0.006033453631455979,-0.0026384391561734004,-0.003395014475282579,43.730163805646065
SNX5,-0.0007802403286672156,0.0024245464097209547,-0.0032047867383881703,-310.74353896350067
SNX6,0.004882476275540292,0.0074605966896408105,-0.0025781204141005183,152.8035420677026
SOD1,-0.0031612700234882624,0.0020203198534908887,-0.005181589876979151,-63.90848736361954
SOD2,0.004617042314340035,0.005370743452686816,-0.0007537011383467806,116.3243281528061
SON,0.0020667277114139767,-0.0003803524213528099,0.0024470801327667866,-18.403605818619774
SP100,-4.523257500926479e-05,-0.0006594546348846929,0.0006142220598754281,1457.919728756587
SPARC,0.010109891457812454,0.02119422747461739,-0.011084336016804936,209.63852641800102
SPATS2L,0.012526018986298314,0.011960431536045863,0.0005655874502524512,95.48469908219744
SPCS1,-0.0012997585366303732,-0.0006379263495479115,-0.0006618321870824616,49.08037389788852
SPCS2,-0.0031123119257714035,0.0001524942892342819,-0.0032648062150056854,-4.89971098242299
SPCS3,-0.0072325183261057096,-0.0016036629839500365,-0.005628855342155673,22.17295431055639
SPP1,0.043446804695445665,0.02491206728541473,0.01853473741003094,57.339239237600715
SPTAN1,0.0035475996666556224,0.0016118043550563286,0.001935795311599294,45.433659558768696
SPTBN1,-0.0006524346070328644,0.0015858575527907329,-0.0022382921598235973,-243.06766313376292
SQSTM1,0.0025953074390266547,0.0036788806850388826,-0.001083573246012228,141.75124803012207
SRGN,-0.015062856696713204,-0.013132574054734846,-0.001930282641978357,87.18514900032505
SRI,0.0010858177019741604,0.0008438307746914011,0.00024198692728275923,77.71385317785895
SRM,0.004495379627246974,0.004881017540473603,-0.00038563791322662885,108.57853941609818
SRP14,-0.003059558113109419,0.0020627637433377564,-0.005122321856447175,-67.42031584559041
SRP72,0.001093046826052374,0.001043615950920113,4.943087513226087e-05,95.47769830586448
SRP9,-0.00028247174608622347,0.003947221439479603,-0.004229693185565826,-1397.3862852374368
SRPRA,0.0017372496977018832,0.000774689331879375,0.0009625603658225082,44.59286036452738
SRRM2,0.003179331127196988,0.00294861614408715,0.00023071498310983781,92.74328549372444
SRSF11,0.00484053518680568,0.006279427357119675,-0.001438892170313994,129.725890108931
SRSF2,0.008866771355288709,0.008950810937977385,-8.403958268867644e-05,100.94780365164767
SRSF3,-0.001251278476534624,0.0013697306076555851,-0.002621009084190209,-109.46648834310733
SRSF4,0.0021496676220148217,0.0016011114166391872,0.0005485562053756342,74.48181292038586
SRSF5,-0.002151877032636818,-0.00012379978400358423,-0.002028077248633234,5.753106805173029
SRSF6,0.005410990960729041,0.005276952017881749,0.00013403894284729227,97.52283927620473
SRSF7,0.003667737530014288,0.00233948202730195,0.0013282555027123379,63.78542652404128
SRSF9,-0.0017670892775558432,0.0021039829052391257,-0.003871072182794969,-119.06489004048841
SSBP1,0.00013413091362692899,0.0026590661565652745,-0.0025249352429383455,1982.4409486698846
SSH2,-0.0001986097100167331,-0.002351292870635042,0.002152683160618309,1183.876090668952
SSR1,-0.0035988688891095645,0.0015556315154129875,-0.005154500404522552,-43.2255679033054
SSR2,-0.007150697655201206,-0.0013582667216028967,-0.005792430933598309,18.994883955342928
SSR3,-0.004935891063325414,0.001141067077003042,-0.006076958140328456,-23.11775244557932
SSR4,-0.013488835821001827,0.00517755306446963,-0.018666388885471456,-38.383987567024064
SSRP1,0.0028626252987562764,0.005711964950961572,-0.002849339652205295,199.5358929246956
SSU72,0.004713713098338727,0.0061979048516672955,-0.0014841917533285677,131.4866798713661
ST13,-0.0016338868879326508,0.0007976140238483862,-0.002431500911781037,-48.81696705808096
STAG2,-0.003333580640592051,-0.0016126793114091176,-0.0017209013291829335,48.37679016286531
STARD7,-0.0005000958590961895,0.0015946597423418438,-0.0020947556014380333,-318.8708151320892
STAT1,0.001467562606932224,0.004738737061247547,-0.0032711744543153227,322.8984602676235
STAT2,0.0033676751931023905,0.00241488042588007,0.0009527947672223207,71.70764065448422
STAT3,0.003570779624877686,0.0008024544899009321,0.002768325134976754,22.47280913978049
STAT6,0.0006772968807921592,0.0005532293001480554,0.00012406758064410382,81.68195009269853
STAU1,0.007370868302537089,0.006939557779625413,0.00043131052291167665,94.14844350477382
STK17B,-0.014492756798228618,-0.014646785389652799,0.0001540285914241802,101.06279704799164
STK24,0.001770526658003602,0.0019089575882132491,-0.000138430930209647,107.81863009991265
STK4,-0.010135458806390071,-0.00583976155769116,-0.004295697248698911,57.61714066667987
STMN1,0.00689400418336944,0.008906103564859883,-0.0020120993814904437,129.1862222298077
STMP1,0.005129806075568354,0.0065242279828382575,-0.0013944219072699036,127.18274115489656
STOM,0.010421241334438608,0.009893101396654658,0.0005281399377839491,94.93208226510762
STT3B,-0.0018538910486916244,-0.001961587968516508,0.0001076969198248838,105.80923673486048
SUB1,0.005238478952084614,0.005814409363443601,-0.0005759304113589872,110.99422974926338
SULF1,0.00865130541639145,0.005528623244796676,0.003122682171594774,63.90507534645241
SUMO1,0.003742053596081192,0.005663968429032376,-0.0019219148329511835,151.35989593959528
SUMO2,0.0030046166520573663,0.004307573272688733,-0.0013029566206313667,143.36515341280514
SUMO3,0.0001411359464683925,0.00276136852845699,-0.0026202325819885976,1956.5309884221454
SUN2,-0.0026907385349041386,0.0009270294054250579,-0.0036177679403291965,-34.45260077854739
SURF4,0.0011662393552808307,0.003980594360077317,-0.0028143550047964867,341.3188160777501
SYNCRIP,-0.00015025504027814038,0.0014892196513595205,-0.001639474691637661,-991.1279173083269
SYNGR2,0.007712635842034302,0.010866051388422726,-0.003153415546388424,140.88635339428487
SYPL1,0.01030676700087472,0.011435724919250635,-0.0011289579183759147,110.95356010551227
TACSTD2,0.040265067893186644,0.04396265174602718,-0.0036975838528405408,109.18310596830315
TAF10,-0.002158398724501366,-0.0012448253460041459,-0.0009135733784972203,57.673558266752856
TAGLN,0.013195821530968472,0.00832230830513153,0.004873513225836942,63.06775433117529
TAGLN2,0.0569216035428107,0.05595928166159109,0.0009623218812196164,98.30939077375807
TAOK3,-0.00222922244650903,-0.002664022003085205,0.0004347995565761751,119.50453878019543
TAP1,0.0017479242543060843,0.003124834983923159,-0.0013769107296170747,178.77405020412058
TAPBP,-0.005025270746375372,-0.0005681919653133024,-0.00445707878106207,11.306693589059414
TARDBP,0.0007305111161678927,0.0028847223068843983,-0.0021542111907165056,394.89095279166224
TAX1BP1,0.003940352488699377,0.004422424964737999,-0.0004820724760386219,112.23424750504346
TAX1BP3,0.010299800445328905,0.010394768165391288,-9.496772006238271e-05,100.92203456335362
TBCA,3.1359518380937035e-05,0.0040988979960302815,-0.0040675384776493444,13070.666284600651
TBL1XR1,-0.0017484746421854258,0.0018400517612665373,-0.003588526403451963,-105.23754344910881
TCF4,-0.0013189548855796459,-0.0052729067677646105,0.003953951882184965,399.7791604105782
TCP1,0.0031901200889049106,0.006630837388890414,-0.0034407172999855037,207.85541622561982
TES,5.2306364662710846e-05,0.0014214947791859884,-0.0013691884145232776,2717.632525892916
TFRC,0.016281560332526906,0.01361676810965781,0.0026647922228690947,83.63306606710515
TGFBI,0.06958359447113258,0.059719437434129746,0.009864157037002828,85.82401913558077
TGM2,-0.002272788081833861,0.0005243167260403055,-0.0027971048078741663,-23.069318702923074
TGOLN2,0.001374504059690178,-0.0018640435298715734,0.0032385475895617515,-135.61571657283724
THBS1,0.00428461907501616,0.004294415911201959,-9.796836185798621e-06,100.22865127597747
THRAP3,0.001502835564496352,0.0013954415268502074,0.00010739403764614448,92.85390629665224
TIMM8B,-0.0003132769940250449,0.0025714293371311234,-0.0028847063311561684,-820.8165253671806
TIMP1,0.01795420021772822,0.008897298403240203,0.009056901814488018,49.55552625761013
TIMP2,0.003152013947403662,0.004480690093695077,-0.0013286761462914147,142.15324451168294
TIMP3,0.016838759324052092,0.010766801871637276,0.0060719574524148185,63.94058887852994
TKT,0.00028623120116276013,0.0029225651652434012,-0.002636333964080641,1021.0505190807407
TKTL1,0.028635698524684738,0.024411308780143262,0.004224389744541475,85.24782016090882
TLE5,-0.01150910324439543,-0.0023770070816253683,-0.009132096162770062,20.653277941379972
TLN1,-0.001499211308311252,-0.0021842454407790574,0.0006850341324678053,145.6929672735356
TM4SF1,0.018614991804917772,0.02108541162486232,-0.0024704198199445478,113.27113031170877
TM7SF3,0.014726170450824767,0.01607375381456301,-0.0013475833637382442,109.15094231890254
TM9SF2,0.0012186352849938434,0.0020795077160169102,-0.0008608724310230668,170.64233586732357
TM9SF3,0.00397671929240621,0.0034852874473902725,0.0004914318450159374,87.64227975672418
TMA7,-0.01635907150341593,-0.005811117545742515,-0.010547953957673417,35.52229443174142
TMBIM6,0.014417907878418982,0.009153747701462359,0.005264160176956623,63.48873760779034
TMED10,0.009430373620925072,0.013170714987231673,-0.0037403413663066004,139.6627060247873
TMED2,0.010289216098742952,0.01129784286173653,-0.0010086267629935788,109.80275614112918
TMED9,0.012346957516431032,0.014366419942312055,-0.002019462425881023,116.35595184638458
TMEM123,-0.008612194713474668,-0.0045064295024322175,-0.004105765211042451,52.326145104237405
TMEM147,0.005292260894069053,0.007597562219376288,-0.002305301325307235,143.5598579029002
TMEM176B,-0.006099247027727325,-0.001627907514673458,-0.004471339513053867,26.69030303696425
TMEM219,0.0009641111164912014,0.003332845984169897,-0.0023687348676786958,345.6910647705734
TMEM230,0.0022337506344925996,0.0023654600220243387,-0.00013170938753173905,105.89633352523511
TMEM248,-0.0008584556103897268,-0.00035690215336206706,-0.0005015534570276597,41.57491069340656
TMEM258,0.0067850076774495505,0.011514546792779027,-0.0047295391153294765,169.70572975250172
TMEM50A,0.00253497124727094,0.00301767309107125,-0.0004827018438003103,119.04170882884648
TMEM59,0.004554779346184056,0.010582521328410328,-0.006027741982226271,232.33883628800257
TMEM9B,0.0003704413809236673,0.0006999706374553757,-0.0003295292565317084,188.95584389358777
TMPO,-0.0027358861876665246,-0.0017742534678320035,-0.0009616327198345208,64.85114314441893
TMSB10,0.00557091177831823,0.008218839133289864,-0.002647927354971634,147.53131013988164
TMSB4X,-0.1463518456055711,-0.09684629602461556,-0.049505549580955543,66.17360759878859
TNC,0.042947913550488805,0.04520471985023686,-0.002256806299748056,105.25475189171877
TNFAIP8,-0.006108640297400805,-0.005963506097915085,-0.0001451341994857196,97.62411613027088
TNFSF10,0.02129959589883016,0.02357158848630394,-0.002271992587473778,110.66683423603621
TOMM20,0.0031617807974807038,0.006347031478517968,-0.003185250681037264,200.74229951599622
TOMM22,0.000467396994359829,0.0034639746645998863,-0.0029965776702400573,741.1204407388893
TOMM7,-0.029652657082422026,-0.014735311970419683,-0.014917345112002342,49.69305762199204
TOP1,0.0009532405080207742,0.0015734035963129492,-0.0006201630882921751,165.05840688409558
TOP2B,-0.005379964111106191,-0.0035423825086456392,-0.0018375816024605524,65.84398028479187
TP63,0.018842658187309052,0.017292693667091272,0.00154996452021778,91.77417270530485
TPI1,0.016118974282118906,0.01283351464068502,0.003285459641433885,79.617439770479
TPM1,0.012592196623740814,0.010996653828755464,0.00159554279498535,87.32911466791126
TPM3,0.0020363504439907527,0.0052003348615910685,-0.0031639844176003158,255.37524137543213
TPM4,0.012956572183342927,0.01023226993007202,0.002724302253270908,78.97358796199745
TPP1,-0.00369013720011272,-0.002236977788576896,-0.001453159411535824,60.62045033199754
TPT1,-0.28439692476574485,-0.1730757775324704,-0.11132114723327446,60.857119912612035
TRA2A,0.004326866478731654,0.0037678574699847095,0.0005590090087469442,87.08051169374637
TRA2B,-0.00032187423872981,0.0022830256626884234,-0.0026048999014182334,-709.2912038247514
TRAC,-0.06369068545377458,-0.04261713659273615,-0.02107354886103843,66.91266751033291
TRAM1,-0.0031488908261248436,0.0022417536698939302,-0.005390644496018774,-71.19185115263986
TRAPPC1,9.461925507673534e-05,0.0019415007956039257,-0.0018468815405271904,2051.9087727221977
TRIM22,-0.009733455719585999,-0.00641132558667158,-0.003322130132914419,65.86895519307174
TRIM28,0.006143020216977217,0.005396736091505163,0.0007462841254720541,87.85151116042921
TRIM56,0.00398646317915869,-0.0014133594723334537,0.0053998226514921435,-35.45397031941811
TRIP12,0.0023584748994855175,-8.400328599370357e-05,0.002442478185479221,-3.561762985564452
TRIR,0.003533152487664598,0.0016832946503839395,0.0018498578372806583,47.64285312510222
TRMT112,0.009469419927731587,0.013449916951160656,-0.003980497023429069,142.03527833602584
TRPM3,-0.14017284879370967,-0.024176607557110076,-0.1159962412365996,17.247710783627173
TSPAN14,-0.000831166471634349,-0.0006290330631780875,-0.00020213340845626153,75.68075525727113
TSPO,0.013675052256643318,0.012845568809101024,0.0008294834475422937,93.93433069230626
TSTD1,0.0006748912881412686,0.0025912083434733845,-0.001916317055332116,383.9445535902356
TUBA1A,0.006343053583365861,0.010679245607539755,-0.004336192024173894,168.36127059599818
TUBA1B,0.01827929317691088,0.03778036607208676,-0.019501072895175883,206.68395493436404
TUBA1C,0.042515083548796725,0.04828955564323183,-0.0057744720944351005,113.58217275477642
TUBB,0.004878012128921702,0.008563611553451448,-0.0036855994245297468,175.5553558933946
TUBB4B,0.014708443362695911,0.014658907175599872,4.9536187096040166e-05,99.66321257882615
TUBB6,0.022408191985839047,0.021076742028972216,0.0013314499568668314,94.05819997566851
TUFM,0.0015069433112971922,0.0025841571254796936,-0.0010772138141825014,171.4833667668112
TXN,0.019758899892846224,0.020136238440014685,-0.0003773385471684605,101.90971435259449
TXNIP,-0.03430431249037402,-0.02256231010867825,-0.011742002381695774,65.77106046072008
TXNL4A,0.0006884751117639497,0.0046243581979334755,-0.003935883086169526,671.6812443786612
TYMP,0.014518819199112895,0.008231199197817509,0.0062876200012953855,56.69331014412273
TYROBP,0.002003922883043978,0.0005497687612522652,0.001454154121791713,27.43462664676802
U2AF2,0.0012278616924329892,0.0025582161467743066,-0.0013303544543413173,208.34725625369418
UBA1,0.006523477892206461,0.005253667030371384,0.0012698108618350765,80.5347564164798
UBA52,-0.06313869686950829,-0.03802691824912515,-0.02511177862038314,60.22759438275574
UBALD2,0.003631446949388582,0.007128267421593164,-0.0034968204722045817,196.2927593584517
UBB,-0.018247152477361167,-0.004661410123029848,-0.01358574235433132,25.545959178086306
UBC,-0.002359745038852291,0.008735268513358388,-0.011095013552210679,-370.1784883339328
UBE2A,0.0033574823083467715,0.004661609265794164,-0.0013041269574473927,138.84240742550767
UBE2D2,0.002720397252064309,0.0041132611475436735,-0.0013928638954793645,151.20075365546055
UBE2D3,-0.0052548063209582815,-0.002040617403629612,-0.0032141889173286694,38.833351392815544
UBE2E1,-0.0028555299231091255,-0.001488076437947331,-0.0013674534851617944,52.11209400765448
UBE2I,0.001710300790882465,0.0038702146176120365,-0.0021599138267295714,226.2885358086702
UBE2J1,-0.003059792024002389,-0.0012016020337603317,-0.0018581899902420573,39.27070939248234
UBE2K,0.004623650067019551,0.002498939053134982,0.0021247110138845698,54.04688972809358
UBE2L3,0.004845065420926789,0.004555445155418543,0.00028962026550824677,94.02236625624663
UBE2L6,-0.0023942526697044524,0.002936040044577926,-0.005330292714282378,-122.62866328725248
UBE2N,-0.004928040303589126,4.6166919314325015e-05,-0.0049742072229034505,-0.9368210580725431
UBE2Q1,0.0014533030611375074,0.0035528764357629448,-0.0020995733746254374,244.469067104427
UBE2R2,-0.002077330958742521,0.0010404284867043005,-0.0031177594454468217,-50.08486887106844
UBL5,0.010423155691027978,0.013073279196363712,-0.0026501235053357345,125.4253470243844
UBXN1,-0.0010097227661860888,-0.0006330770048217724,-0.00037664576136431626,62.69810150097163
UFC1,-0.0005175949520813124,0.002139651643731722,-0.002657246595813034,-413.3834062963562
UGCG,-0.0007936454711544561,-0.0009590881051612075,0.00016544263400675136,120.84591168473432
UHMK1,0.0007682639623426692,0.0019099819980311502,-0.001141718035688481,248.61012511989205
UQCR10,0.004741653141519114,0.007551275674710733,-0.0028096225331916184,159.25407129825362
UQCR11,-0.0018073711414378787,0.0014149741281363403,-0.003222345269574219,-78.28907387614026
UQCRB,-0.015775305167781313,-0.006596255983919078,-0.009179049183862236,41.81380907540818
UQCRH,0.013211836715726427,0.016278147367740026,-0.0030663106520135977,123.20881432302052
UQCRQ,0.012811441895721542,0.01877463411638315,-0.00596319222066161,146.5458319929863
USF2,-0.0014367926879030692,0.00020469602235552702,-0.0016414887102585963,-14.246733302510828
USP10,0.0011138407535055536,7.535577435975604e-05,0.0010384849791457975,6.76539928374782
USP22,0.00029035998552739235,0.0018706623731436214,-0.001580302387616229,644.2562565037546
USP34,0.0023169275108409033,0.00018735286102820187,0.0021295746498127014,8.086263387679496
USP7,0.0011594817877469451,0.0023833354840775743,-0.0012238536963306292,205.55178263806704
USP9X,0.0012806817165201736,0.001301256988176088,-2.0575271655914423e-05,101.60658744405447
UXT,-0.007831076176517024,-0.004601446144293404,-0.0032296300322236203,58.75879688275435
VAMP2,-0.005050221542458343,-0.003822916513661536,-0.0012273050287968062,75.69799624672743
VAMP8,0.0010855608781186604,0.0051574098925690134,-0.004071849014450353,475.0917241515835
VAPA,0.011160505985916237,0.009248560566363199,0.001911945419553038,82.86864930706747
VCAN,0.011337515509622583,0.0038165390295970907,0.007520976480025492,33.66292223686793
VCL,0.013643280884726813,0.005073788945394295,0.008569491939332518,37.188920966028256
VCP,0.0008913460349001316,0.0006806808383961155,0.00021066519650401615,76.365497993423
VDAC1,0.0046209860623397,0.006115166560425942,-0.001494180498086242,132.3346679243111
VDAC2,0.0028572078055334456,0.0036391907121588033,-0.0007819829066253579,127.36877958652225
VDAC3,0.0038219155775667145,0.004387201850661163,-0.0005652862730944491,114.79065305399413
VEGFB,0.004593515658471622,0.0036073097158761526,0.0009862059425954695,78.53047609021093
VIM,-0.03177499192914458,-0.01306837652728549,-0.01870661540185909,41.12786733802108
VKORC1,0.01381297896102215,0.009434357159307915,0.004378621801714235,68.300669869476
VMA21,0.001041888929408528,0.0027095268558801487,-0.0016676379264716208,260.05908877622164
VMP1,0.046101129397631016,0.041255386507761865,0.004845742889869151,89.48888464732893
VOPP1,-0.0041544976824275945,-0.0005574479167637599,-0.0035970497656638346,13.41793784412528
VPS13C,-0.002719614759682907,-0.0023845613095831203,-0.0003350534500997867,87.6801135562725
WAC,0.0023672308673221595,0.0004893652016261566,0.001877865665696003,20.67247467838794
WASF2,0.0028043739411246693,0.0015867500825001326,0.0012176238586245366,56.58125898373527
WDR1,-0.002206760841819428,-0.0005100611707244311,-0.0016966996710949967,23.113568133821715
WDR82,-0.0044249331936921646,-0.0018655941555338746,-0.00255933903815829,42.160956422874776
WIPF1,-0.01105438417547711,-0.010102495525784478,-0.0009518886496926327,91.38903954682262
WNK1,-0.0028368373245567847,-0.001992778719273413,-0.0008440586052833716,70.24649252966087
WSB1,0.0055907021415321796,0.002721507558275643,0.0028691945832565366,48.6791728369523
WTAP,0.0009146534311467016,0.0016139026859306564,-0.0006992492547839548,176.44963993709678
WWOX,0.009055980721780713,-0.0006182965191478254,0.00967427724092854,-6.827493765095464
XBP1,-0.02073466349986999,4.65452777620402e-05,-0.02078120877763203,-0.224480507061675
XPO1,0.001873668071037304,0.00199373704677957,-0.00012006897574226599,106.40823087067888
XRCC5,-0.002541024380470225,0.000932546829231661,-0.003473571209701886,-36.699641152561085
XRCC6,0.0073908226697196235,0.009094809233290618,-0.0017039865635709952,123.0554383418272
YBX1,-0.007249256076438972,0.0176408240382858,-0.024890080114724773,-243.34668071142886
YKT6,0.010422135360449626,0.012794783627778758,-0.002372648267329133,122.76547161662246
YPEL3,-0.004121303845558824,-0.004674625690864089,0.0005533218453052653,113.42589301930582
YTHDF1,0.008015073475753377,0.006624192260270001,0.0013908812154833766,82.64668165936382
YWHAB,0.010571704190881529,0.0021726000875231,0.008399104103358429,20.55108663934283
YWHAE,0.01512005660240852,0.0164431472096344,-0.0013230906072258784,108.75056649599526
YWHAG,0.008558974067788916,0.009012113900762344,-0.00045313983297342816,105.2943241723186
YWHAH,0.0058915063011903395,0.006777037080381872,-0.0008855307791915323,115.03063450874382
YWHAQ,0.014372981900714931,0.013455147542264567,0.0009178343584503648,93.61416882877512
YWHAZ,0.032656755289032655,0.03203167403467809,0.0006250812543545632,98.08590520147453
YY1,0.0005375975079553385,0.0016566627720517061,-0.0011190652640963676,308.1604262550516
ZC3HAV1,-0.0003150054051385652,-0.0023562551926912165,0.0020412497875526513,748.0046863496651
ZFAS1,-0.00952862972627445,-0.0052032329249692205,-0.00432539680130523,54.60630829868131
ZFP36,0.001630368375122587,0.0004983218939766335,0.0011320464811459534,30.564987740219436
ZFP36L1,-0.008321036581612986,0.003087769162609994,-0.01140880574422298,-37.107986875493914
ZFP36L2,-0.004033249444862071,-0.0004911725085975363,-0.0035420769362645346,12.178084081143002
ZNF207,0.004033337930923324,0.003717695581595286,0.00031564234932803794,92.1741655488862
ZNF248,-0.007908509240424801,-0.0015735485811965047,-0.006334960659228296,19.896905135461186
ZNF706,0.004970666864409156,0.005101888267112219,-0.00013122140270306317,102.63991545365133
ZRANB2,0.004776065222434027,0.0019642294663987222,0.002811835756035305,41.12652099415199
ZYX,0.004657502033309271,0.002551072318693761,0.0021064297146155104,54.77340214666875
