gene,mean_bulge,mean_dent,lfc
PTHLH,1.030711,0.80084085,0.2298702
KRT17,0.74740094,0.59233665,0.15506428
SLC2A1,0.44202283,0.30439883,0.137624
FTH1,1.422321,1.2858529,0.13646805
AMTN,0.88595057,0.76421845,0.121732116
EGLN3,0.28915453,0.19304612,0.09610841
TGFBI,0.59131294,0.51015294,0.08116001
NDUFA4L2,0.19758464,0.116791055,0.08079359
MT2A,0.55829936,0.49026948,0.06802988
SFN,0.83531106,0.7691869,0.06612414
ACTB,1.522035,1.4568383,0.06519675
LAMC2,0.4740112,0.40938193,0.06462929
SERPINE1,0.17785563,0.11762602,0.060229607
GAPDH,0.36063787,0.3033325,0.057305366
FSCN1,0.29734427,0.24019106,0.05715321
HSPA2,0.43348536,0.37947562,0.054009736
KRT14,0.5683984,0.51895773,0.049440682
ITGA6,0.2512845,0.20449786,0.04678665
S100A10,0.45041892,0.40389064,0.04652828
LGALS1,0.43021792,0.38415042,0.046067506
TIMP3,0.13914551,0.09451793,0.044627577
SDC1,0.33797088,0.29511943,0.042851448
LDHA,0.35969794,0.31732947,0.04236847
TMSB10,0.52774304,0.48583657,0.041906476
KRT16,0.2485613,0.2086892,0.039872095
H3-3B,0.56224895,0.5232899,0.038959026
ERO1A,0.12379594,0.08665191,0.037144035
IGFL1,0.13570012,0.09870916,0.036990963
S100A2,1.2533454,1.2165899,0.036755443
ATP1B1,0.23664938,0.20046863,0.03618075
GJB6,0.105262116,0.069601834,0.03566028
JUN,0.20349215,0.16852596,0.034966186
COL17A1,0.17591058,0.14125004,0.034660533
GJB2,0.12364214,0.089019544,0.034622595
ACTG1,0.63533145,0.60129064,0.03404081
SPP1,0.14345722,0.10949663,0.03396059
TKTL1,0.23388809,0.20060857,0.033279523
PPFIBP1,0.26576728,0.23345584,0.03231144
S100A6,0.5571539,0.5249574,0.032196462
SLC38A2,0.42705116,0.39486247,0.032188684
TAGLN2,0.58889896,0.556879,0.032019973
PERP,0.59507364,0.563601,0.031472623
COL7A1,0.15119539,0.11973207,0.031463325
DSG3,0.23382504,0.20393543,0.029889613
EGFR,0.15443222,0.12505771,0.02937451
IVNS1ABP,0.18587527,0.15681095,0.029064313
VMP1,0.37918124,0.35019657,0.028984666
ENO1,0.295332,0.26673928,0.028592736
CA12,0.108439535,0.080147415,0.02829212
PDPN,0.20557913,0.17816585,0.027413279
PTK2,0.11509792,0.08779823,0.027299687
COL1A1,0.57056123,0.5432884,0.02727282
VEGFA,0.08329041,0.056636836,0.026653577
CXCL14,0.1513783,0.1247906,0.026587702
TRPM3,0.85454005,0.8280318,0.026508272
DSG2,0.15163854,0.12532167,0.026316866
FAM177A1,0.24107692,0.21476161,0.026315302
MMP12,0.11129921,0.08527083,0.02602838
AHNAK,0.25565034,0.2303075,0.025342837
HIF1A,0.22055657,0.19523256,0.025324017
SDC4,0.14311525,0.11783309,0.02528216
S100A9,0.62610286,0.6011867,0.024916172
RAC1,0.3625996,0.3377937,0.024805903
SEMA4B,0.097011596,0.0723927,0.024618894
MT-RNR2,2.363429,2.3394082,0.02402091
MAF,0.098385826,0.074432276,0.02395355
PYGL,0.09130917,0.06763392,0.023675248
MYL12A,0.21710277,0.1935326,0.023570165
GUK1,0.17964317,0.15609194,0.023551226
ITGB1,0.1733204,0.15002358,0.023296818
ITGA5,0.07223953,0.048955984,0.023283549
PKM,0.25992188,0.23684733,0.023074552
LAMB3,0.18218425,0.15934928,0.022834972
CITED4,0.07666229,0.05403909,0.022623196
IFI27,0.36101344,0.33851537,0.022498071
COL5A1,0.13149334,0.109103575,0.02238977
CTSB,0.2016568,0.17937927,0.022277534
IL24,0.22591753,0.20368005,0.02223748
SHANK2,0.16257696,0.14061947,0.021957487
PLAU,0.109888054,0.08824306,0.021644995
PPP1R14B,0.250524,0.22888629,0.021637723
C4orf3,0.097057216,0.075696565,0.02136065
S100A7,0.15352724,0.13246486,0.021062389
DDIT4,0.04076683,0.019864973,0.020901859
DSC2,0.24513309,0.22443496,0.02069813
PLIN2,0.07127701,0.050681,0.020596009
FN1,0.16805057,0.1476042,0.020446375
NDRG1,0.04814869,0.027741179,0.020407513
CD44,0.22281562,0.20252655,0.020289063
MACF1,0.1520064,0.1318412,0.020165205
MXRA7,0.12383436,0.10370561,0.02012875
NFKBIA,0.20711008,0.1872229,0.01988718
CLTB,0.16593938,0.14617734,0.01976204
ENSG00000290977,0.068107456,0.048470445,0.019637011
PMEPA1,0.17638803,0.15677087,0.019617155
CAV1,0.11673912,0.0972011,0.019538015
PLEKHG3,0.13279216,0.11325931,0.019532852
LMNA,0.1716994,0.1521736,0.019525811
PDLIM7,0.10736759,0.08789796,0.019469634
IER3,0.07062331,0.051442098,0.01918121
MYL12B,0.41361576,0.39446345,0.019152313
IGFBP3,0.051991012,0.032952387,0.019038625
VAPA,0.1591811,0.14064908,0.018532023
PGF,0.04115555,0.022730444,0.018425107
HK2,0.050209917,0.031842213,0.018367704
ANXA1,0.17290266,0.15464577,0.018256888
ENSG00000254687,0.5044525,0.4862282,0.018224329
DDX17,0.17400126,0.15592234,0.018078923
DST,0.11970272,0.10169669,0.018006027
SH3BGRL3,0.1747682,0.15699835,0.017769843
PGK1,0.1454731,0.12770595,0.017767146
S100A16,0.236023,0.21839511,0.01762788
MYH9,0.2925904,0.27510113,0.017489284
S100A8,0.5833359,0.5658594,0.0174765
LAMTOR3,0.06253644,0.045089822,0.017446619
GJB3,0.10055629,0.083123416,0.017432876
ARF6,0.16375701,0.14662643,0.017130584
YWHAZ,0.45727727,0.44036418,0.016913086
VKORC1,0.11206892,0.095343,0.01672592
MIR31HG,0.09271344,0.076096684,0.016616754
GJA1,0.10799654,0.09159574,0.0164008
FGFR3,0.07554422,0.059242934,0.01630129
PLEC,0.093689635,0.07747951,0.016210124
RNF187,0.1341291,0.11801704,0.016112067
TPI1,0.19965394,0.18354428,0.01610966
NADSYN1,0.12356115,0.10758312,0.01597803
CAV2,0.092593715,0.076660536,0.015933178
ETS2,0.11357498,0.097661406,0.015913576
FRMD6,0.07168327,0.055775784,0.015907489
ITGB4,0.15130512,0.13542038,0.015884742
PPP4R1,0.10123557,0.085453495,0.015782073
SERINC2,0.08699523,0.07143614,0.015559092
MKNK2,0.0813203,0.06579098,0.01552932
SLC16A1,0.065700136,0.050175022,0.015525114
TMSB4X,0.82107836,0.80564505,0.015433311
YWHAE,0.21432103,0.19892083,0.015400201
CAPN2,0.11010179,0.09473496,0.01536683
PPP1CB,0.11740972,0.102155514,0.015254207
CA9,0.04310279,0.027858453,0.015244337
CCNL2,0.09304393,0.07792278,0.0151211545
NEAT1,0.20552723,0.19042392,0.01510331
DAAM1,0.074511506,0.059494767,0.015016738
P4HA2,0.08838044,0.07337278,0.01500766
NREP,0.08629816,0.07132234,0.014975823
TP63,0.16175191,0.14680457,0.01494734
CAP1,0.16512738,0.1502075,0.014919877
LOXL2,0.057557315,0.04264084,0.014916476
CMIP,0.13194457,0.11705048,0.014894091
BNIP3,0.041904602,0.027043303,0.014861299
DUSP6,0.08935867,0.07477254,0.014586136
TNNT1,0.09307632,0.07849418,0.014582135
S100A14,0.14274056,0.12818567,0.014554888
PTPRF,0.19778481,0.18335041,0.014434397
PKP1,0.15812042,0.14378443,0.01433599
H2AZ1,0.1845902,0.17027892,0.014311284
BGN,0.09877722,0.084520936,0.014256284
PLAUR,0.08028686,0.06606275,0.014224112
ACKR3,0.09064427,0.07642835,0.014215924
GNAS,0.24181558,0.22761258,0.014202997
MT-TV,0.25239062,0.23827876,0.014111862
PDGFA,0.07020743,0.05627376,0.0139336735
SEC61G,0.19902584,0.18525937,0.013766468
FOS,0.11304086,0.099279225,0.013761632
MT1X,0.0911634,0.07751293,0.0136504695
CAMK2N1,0.072325155,0.058687914,0.013637241
NECTIN4,0.04905691,0.035504375,0.013552535
PRNP,0.14606273,0.13253851,0.013524219
FHL2,0.062005,0.048545063,0.013459936
TMEM59,0.1433261,0.12989749,0.013428614
UPP1,0.057493556,0.044182558,0.013310999
TTYH3,0.067853376,0.05459106,0.013262317
CDKN1A,0.0869525,0.07375762,0.013194881
LPCAT1,0.08608913,0.07291683,0.013172299
PFKFB3,0.061179034,0.048015453,0.0131635815
ITGA3,0.07851021,0.06541219,0.013098016
KTN1,0.08691338,0.07388629,0.013027087
TPPP3,0.06252713,0.04974847,0.012778658
ZBTB1,0.09762014,0.08487292,0.012747221
SUN1,0.08473941,0.0720401,0.012699306
EIF4A2,0.17509773,0.16241206,0.012685671
PURB,0.08890964,0.076239906,0.012669735
H19,0.0813184,0.06866225,0.012656152
DYNLT3,0.07456732,0.061967473,0.0125998445
PRKY,0.06230152,0.049921848,0.012379672
S100A11,0.6943206,0.6820426,0.01227802
EIF4E,0.05262798,0.040373817,0.012254164
NET1,0.06214286,0.049956143,0.012186717
RHOC,0.08851698,0.07633116,0.012185819
P4HA1,0.041645423,0.029484568,0.012160854
LIMA1,0.097980045,0.08581985,0.012160197
OCIAD2,0.124045566,0.111967556,0.01207801
FGFR1OP2,0.1089672,0.09689036,0.01207684
RAB7A,0.123562776,0.111514226,0.01204855
CD59,0.1397063,0.12766054,0.012045756
CLIC1,0.12534343,0.113309525,0.012033902
KLF6,0.1165249,0.1044928,0.012032099
MALL,0.043527026,0.031528544,0.011998482
CALML5,0.066259585,0.05437871,0.011880875
MXD1,0.053927664,0.042066135,0.011861529
GRINA,0.11242832,0.10058382,0.011844501
PGAM1,0.1136505,0.10199102,0.011659481
WSB1,0.065732956,0.054166343,0.011566613
SLC6A8,0.03786597,0.026349602,0.011516368
LRRFIP1,0.08632021,0.07482196,0.01149825
SLC35E2B,0.67454016,0.66305596,0.011484206
GDI1,0.096801996,0.08532909,0.011472903
CTTN,0.16121735,0.14981042,0.011406928
HCFC1R1,0.069786936,0.058415838,0.011371098
FAM89B,0.0793114,0.06794319,0.011368208
ANKRD17,0.07151841,0.060233705,0.011284709
GOLGA8A,0.061507702,0.050232403,0.011275299
DSC3,0.29770872,0.28647336,0.011235356
TAX1BP3,0.10117841,0.08996794,0.011210471
LYPD3,0.1083694,0.09716068,0.0112087205
RPL12,0.30215588,0.29094872,0.011207163
TNFRSF12A,0.09458337,0.08351843,0.011064939
HYCC1,0.07635012,0.06535237,0.01099775
ACTN1,0.23057207,0.21965614,0.010915935
ISG15,0.123558685,0.11266212,0.0108965635
PPP2R2C,0.051338192,0.04048312,0.010855071
VEGFB,0.069582164,0.05888292,0.010699246
APP,0.3254832,0.3148048,0.0106784105
POSTN,0.09424688,0.08361915,0.010627732
GNB1,0.15592171,0.1453219,0.010599807
LAMA5,0.066593744,0.055996343,0.0105974
BZW1,0.111758925,0.10124815,0.0105107725
KRT6C,0.15908477,0.14860842,0.010476351
MAP4K4,0.09117976,0.08075769,0.010422066
ELL2,0.06829615,0.057891577,0.010404572
CALD1,0.09306243,0.08270001,0.010362424
KRAS,0.11459217,0.1042775,0.010314673
FBLIM1,0.057325326,0.04710882,0.010216504
APLP2,0.10897707,0.09876805,0.010209024
STOM,0.122213244,0.11201725,0.010195993
CCDC91,0.10413155,0.09401448,0.010117069
RAB31,0.05945518,0.049404662,0.010050517
MAP3K20,0.07945791,0.06942047,0.010037437
FAM83A,0.050551992,0.04052286,0.010029133
TPBG,0.04214249,0.032121904,0.010020588
KLHL42,0.1168697,0.10685006,0.010019645
ENO2,0.027253667,0.017292734,0.009960933
ITGB6,0.15687375,0.1469696,0.009904146
ZFP36L1,0.20046666,0.19064933,0.009817332
PPDPF,0.40270498,0.39289212,0.009812862
FLNA,0.2346774,0.22486904,0.0098083615
AKAP13,0.08438755,0.07459492,0.009792626
CALML3,0.10768953,0.09790868,0.009780847
ITPRID2,0.052904278,0.04314245,0.009761829
SLC2A4RG,0.109831475,0.10007069,0.009760782
FLNB,0.079649426,0.06993128,0.009718142
LY6E,0.16404878,0.15436848,0.009680301
JUP,0.24276443,0.23310508,0.00965935
RNF149,0.08547322,0.07586455,0.009608664
TMED4,0.07206452,0.062459376,0.009605143
AK4,0.056980275,0.047437027,0.0095432475
GSDME,0.069597185,0.060055427,0.009541757
RTN4,0.12725215,0.117723286,0.00952886
MSANTD3,0.041473746,0.031950675,0.009523071
ARF1,0.24867757,0.23917441,0.009503156
RHOB,0.082540125,0.07305133,0.009488791
MARCKSL1,0.10524115,0.095769204,0.009471945
LY6K,0.08462231,0.07515495,0.009467356
EIF1,0.39289013,0.38344443,0.009445697
MIR205HG,0.5089967,0.49958947,0.009407252
LAMC1,0.08191332,0.07257828,0.009335041
CD9,0.1022421,0.09295633,0.00928577
NBL1,0.08933684,0.08008241,0.009254433
C7orf50,0.095283814,0.08604596,0.009237856
EIF3B,0.115346655,0.10615679,0.0091898665
RAP1B,0.16060029,0.1514447,0.009155586
CIB1,0.08340082,0.07426458,0.009136245
CLCA2,0.26574817,0.25663027,0.009117901
CCM2,0.063126266,0.05401817,0.009108096
CSNK1E,0.09435744,0.08527175,0.009085685
YWHAQ,0.20539033,0.1963153,0.009075031
CRIP2,0.052329104,0.043279752,0.009049352
TNKS1BP1,0.06326886,0.05440226,0.008866604
SYT7,0.03164985,0.022790449,0.008859402
SUMO2,0.11987327,0.111058675,0.008814596
CAB39,0.054956853,0.046171237,0.008785617
MARCHF6,0.08983962,0.08106823,0.00877139
FAM83H,0.09950938,0.09074915,0.008760229
DIP2B,0.072861165,0.064164385,0.00869678
CDC42SE1,0.12265323,0.114013895,0.008639336
SHC1,0.10777365,0.09918606,0.008587584
ATL3,0.08464061,0.07606987,0.008570738
TMED10,0.1847214,0.17617871,0.008542687
BSG,0.10747202,0.09894762,0.0085243955
ACADVL,0.071865365,0.06334409,0.008521274
GOLGA7B,0.034880266,0.026367009,0.008513257
SOX4,0.07781287,0.069329105,0.0084837675
UBA6,0.049242444,0.040759627,0.008482818
TPM4,0.13102272,0.12255011,0.008472614
RAI14,0.0589847,0.050524063,0.008460637
B4GALT1,0.092300825,0.08387739,0.008423433
TNS4,0.046725024,0.038317017,0.008408006
LRAT,0.03134329,0.022975545,0.008367743
MT1E,0.13852043,0.130153,0.008367434
TUBA4A,0.07160067,0.06324449,0.008356176
RBMS1,0.06803745,0.059692603,0.008344848
TMBIM6,0.23017314,0.22183527,0.00833787
RAB22A,0.0633078,0.054974508,0.008333292
CDCP1,0.045207564,0.036905244,0.00830232
LGALS3,0.073435254,0.06513691,0.008298345
PRSS23,0.07107377,0.062780775,0.008292995
TRIO,0.058051616,0.049780495,0.0082711205
TES,0.056045245,0.04777546,0.008269787
SUGCT,0.04973483,0.041498866,0.008235965
SQSTM1,0.08450773,0.07627886,0.008228876
PLS3,0.13628419,0.12806965,0.008214533
GALNT2,0.09370628,0.085521765,0.008184515
CD151,0.055938218,0.047761817,0.008176401
BRI3,0.093720555,0.08556925,0.008151308
PPP1R13L,0.071326666,0.06320214,0.008124523
IRF6,0.1282348,0.12014191,0.008092895
ANGPTL4,0.029478353,0.021393646,0.008084707
RALA,0.11128953,0.10323565,0.008053884
NIBAN2,0.048623692,0.040577147,0.008046545
RNF11,0.04446458,0.036419608,0.008044973
SNAI2,0.04272676,0.03468182,0.0080449395
HELZ2,0.05406304,0.046030246,0.008032795
SPHK1,0.037455503,0.029438155,0.008017348
CLSTN1,0.10311403,0.095102124,0.008011907
FMNL2,0.05510641,0.047122866,0.007983543
TMBIM1,0.06728802,0.059324093,0.007963926
MFAP2,0.04851384,0.04055402,0.00795982
PTGFRN,0.08614665,0.07819647,0.007950179
PLP2,0.1602044,0.15225779,0.00794661
EXT1,0.05900222,0.051065937,0.007936284
ADH5,0.04788757,0.039984744,0.007902827
ZNF706,0.0815716,0.07366928,0.007902324
FKBP9,0.0916909,0.08379051,0.007900387
COX6B2,0.06468812,0.05684014,0.007847976
ULK1,0.05051935,0.042680163,0.007839188
CCDC92,0.059663735,0.05182629,0.007837445
F11R,0.07140123,0.063583314,0.007817917
KLF4,0.031226823,0.023409832,0.007816991
ANXA2,0.69476557,0.6870054,0.007760167
PLXNB2,0.06685499,0.059096318,0.0077586733
CSTB,0.21757631,0.2098297,0.007746607
COL27A1,0.16786811,0.16014594,0.007722169
GPBP1L1,0.06859874,0.060909215,0.0076895244
SDC2,0.09621623,0.08856941,0.0076468214
TENM2,0.0609828,0.053347148,0.007635653
PDGFC,0.031141017,0.023510953,0.007630063
TMEM134,0.061061278,0.053458124,0.0076031536
SKIL,0.10179013,0.094209015,0.007581115
P4HB,0.1002321,0.09265316,0.007578939
PPFIA1,0.12546824,0.11789703,0.0075712055
STARD10,0.05544917,0.04790572,0.0075434484
SPOCK1,0.02910587,0.021573218,0.0075326525
RHOD,0.04190227,0.034394477,0.0075077936
IL13RA1,0.043086782,0.03559627,0.007490512
PTPN12,0.04527568,0.037842356,0.007433325
IL1RN,0.029323654,0.02190316,0.007420495
ZYX,0.08255602,0.07514366,0.007412359
TAX1BP1,0.081003256,0.07361518,0.0073880777
CHSY1,0.04782461,0.04043831,0.0073863007
SIPA1L2,0.059193287,0.05182213,0.0073711574
PPP1R14C,0.05424128,0.046877515,0.0073637664
PTTG1IP,0.0504467,0.043086838,0.0073598623
BNC1,0.050394636,0.043036077,0.0073585585
PKP3,0.05363366,0.04630642,0.00732724
NECTIN1,0.056394696,0.04908568,0.007309016
RNASE1,0.048095103,0.040807713,0.0072873905
MGAT1,0.056073494,0.04878677,0.0072867237
COL1A2,0.26601735,0.2587369,0.007280439
TYMP,0.086933024,0.079656206,0.007276818
SEPTIN7,0.086941145,0.07966547,0.007275678
RTL8C,0.074267864,0.066999115,0.007268749
RIMS2,0.040898755,0.033637002,0.007261753
SERPINE2,0.060828462,0.053572085,0.0072563775
CHMP1B,0.046497364,0.039251436,0.007245928
DNAJB2,0.03174819,0.0245092,0.0072389897
COL6A2,0.048313197,0.04110902,0.007204175
ARL8A,0.043385584,0.036192205,0.007193379
SNHG16,0.077785194,0.07061296,0.0071722344
GRB10,0.03514233,0.027980596,0.0071617328
EFNA1,0.078088954,0.070932694,0.0071562603
CCDC85B,0.04671235,0.039566204,0.007146146
FNDC3B,0.07270659,0.065576635,0.0071299523
LEPROT,0.063527495,0.056402974,0.007124521
BHLHE40,0.06306106,0.055936806,0.0071242526
IL1RAP,0.042367507,0.03528602,0.0070814863
CALM1,0.1341899,0.12711169,0.0070782155
LGALS3BP,0.08173811,0.0746613,0.0070768073
ENAH,0.25767356,0.25061202,0.007061541
CALM2,0.16062999,0.15356974,0.0070602447
IRF2BP2,0.29919934,0.29214105,0.0070582926
TMEM54,0.055612594,0.048565574,0.00704702
EZR,0.08056773,0.073537886,0.0070298463
PSMG3,0.10276222,0.09577994,0.006982282
TRA2A,0.07281156,0.06585737,0.0069541857
PLIN3,0.056192964,0.049274977,0.006917987
DSTN,0.15115616,0.14424221,0.006913945
SDCBP,0.0778219,0.07091445,0.0069074556
ENSG00000257042,0.026602201,0.019715479,0.0068867225
MAN2A1,0.04852943,0.041645322,0.006884109
PAFAH1B1,0.067700714,0.060818955,0.0068817586
HBB,0.044647023,0.03777121,0.006875813
ARPC2,0.2491672,0.24230538,0.006861821
DUSP7,0.042025223,0.03516435,0.0068608746
SERPING1,0.0746894,0.067844525,0.006844878
FSTL3,0.03715578,0.03031436,0.006841421
RPL36AL,0.08637004,0.07958883,0.006781213
LTBP1,0.06363829,0.056862917,0.0067753755
TUFT1,0.04116548,0.03439118,0.006774299
LDLRAD4,0.049794648,0.043033592,0.0067610554
CREG2,0.027935296,0.02118546,0.0067498367
PXN,0.07217086,0.06543412,0.0067367405
ARF5,0.12842003,0.12169641,0.0067236125
KLHL24,0.03879358,0.032071516,0.006722063
KDM5B,0.044214047,0.0374984,0.006715648
LAMP2,0.1045069,0.09781121,0.006695695
UBE2Q2,0.05953531,0.05284215,0.0066931583
ARRDC3,0.0402005,0.03352692,0.006673582
IFNGR2,0.05266707,0.045994263,0.006672807
AHNAK2,0.02992832,0.023272019,0.0066563003
HP1BP3,0.082736,0.076079845,0.006656155
FHOD1,0.037696563,0.031042337,0.0066542253
CELSR1,0.043332517,0.036684558,0.0066479594
MAFK,0.03033382,0.023688989,0.006644832
TANC2,0.03924809,0.03260436,0.006643731
CD63,0.21256162,0.20592853,0.006633088
CARHSP1,0.046461277,0.03983047,0.006630808
GNG12,0.077356555,0.070743814,0.0066127405
TSC22D1,0.04735451,0.04074303,0.0066114776
RAP1GDS1,0.04382295,0.037222143,0.0066008084
NAV1,0.07239205,0.06579556,0.0065964833
SPATS2L,0.11162967,0.105049945,0.006579727
SOX15,0.033748526,0.027171396,0.0065771304
ZDHHC4,0.047038775,0.040493403,0.0065453723
FOSL1,0.027178071,0.020652287,0.0065257847
PAM,0.054154918,0.047629617,0.0065253004
MAFB,0.053678274,0.047156267,0.0065220073
STX16,0.050881837,0.044391416,0.0064904206
TRAF4,0.054490782,0.048009653,0.0064811297
SMYD3,0.045346063,0.038869593,0.0064764693
KDM7A,0.025962157,0.019494336,0.006467821
PNP,0.059046295,0.05260841,0.006437883
TMEM79,0.03089204,0.024458593,0.006433448
ITGB5,0.05402507,0.047600407,0.0064246617
PJA2,0.037247747,0.030827908,0.0064198393
SERINC3,0.066014886,0.059611898,0.006402988
WAC,0.06629584,0.059906915,0.006388925
ANO6,0.034191623,0.027834285,0.0063573383
TNFAIP1,0.05336184,0.047007766,0.006354075
LDAF1,0.033741284,0.02739738,0.006343905
NEK7,0.03919736,0.032857176,0.0063401833
CLDND1,0.05828337,0.051945444,0.006337926
MAP7D1,0.089244224,0.082925856,0.006318368
GNA12,0.05801721,0.051701687,0.006315522
RNF145,0.069128044,0.06282829,0.0062997565
DVL1,0.032701556,0.026409103,0.006292453
RXRA,0.03990868,0.03361697,0.00629171
GJB5,0.034910604,0.028633673,0.0062769316
ITGA2,0.048036624,0.04176658,0.0062700436
PSMC6,0.044699352,0.038460255,0.0062390976
MEX3D,0.041698806,0.035473842,0.006224964
ARHGAP5,0.032318827,0.026095593,0.0062232334
ITM2B,0.2467065,0.2404914,0.0062150955
L1CAM,0.036004595,0.029803159,0.0062014367
TMX1,0.057787552,0.05159314,0.0061944127
VDAC1,0.08498055,0.07878993,0.0061906204
BEST1,0.028737528,0.022549916,0.006187612
LAMA3,0.05991086,0.05373286,0.006177999
LTB4R,0.026695669,0.020520298,0.006175371
HPS4,0.030532992,0.024397923,0.006135069
EHBP1L1,0.0374451,0.031310495,0.006134603
BPGM,0.03051245,0.024417192,0.0060952585
IL4R,0.06327164,0.05717786,0.0060937814
CTSL,0.04192349,0.035839826,0.0060836636
KIF5B,0.07760409,0.07153214,0.006071955
BTG1,0.055834603,0.049796574,0.0060380287
DYNC1I2,0.076805346,0.07078213,0.0060232133
TPST2,0.0443015,0.038287275,0.006014224
STK17A,0.049870584,0.04386758,0.0060030036
TUG1,0.063261256,0.057260435,0.0060008205
CD55,0.036287643,0.03028903,0.0059986133
KIAA1191,0.055658516,0.049679317,0.005979199
LINC02574,0.043863874,0.037885457,0.0059784167
SDR16C5,0.042923268,0.036963854,0.005959414
TGFB1,0.03203955,0.026082667,0.0059568826
COL4A1,0.053693473,0.047753267,0.0059402063
MXI1,0.026759794,0.020832406,0.0059273876
IFITM2,0.11817888,0.11225678,0.0059221014
PCBP1,0.112867385,0.10695032,0.005917065
AP3S1,0.077685855,0.07177181,0.0059140474
CCN2,0.03594638,0.030034719,0.0059116613
PGBD5,0.063674554,0.057783008,0.0058915466
DYNLL1,0.19341592,0.18752544,0.0058904886
COX20,0.06392426,0.05804595,0.0058783107
FTL,0.6820413,0.67618656,0.005854726
KDELR2,0.13211793,0.12627055,0.0058473796
SNHG29,0.15050265,0.1446781,0.005824551
VOPP1,0.059307694,0.053483948,0.0058237463
SMTN,0.028889878,0.023066487,0.0058233906
SEC23A,0.05660693,0.050785296,0.005821634
CKAP4,0.11497723,0.10918066,0.005796574
METRNL,0.03109303,0.02531142,0.0057816096
SELENOW,0.1555603,0.14978202,0.005778283
CHMP4B,0.0657645,0.060011104,0.005753398
RAB1A,0.07868413,0.072932355,0.0057517737
SLC44A1,0.05628265,0.050544176,0.0057384744
CBX3,0.11819647,0.1124916,0.0057048723
DRAP1,0.091337934,0.085640214,0.0056977198
JOSD1,0.04981972,0.044129208,0.0056905113
BMPR2,0.061268087,0.055584908,0.00568318
JUND,0.16644508,0.16076198,0.0056830943
TBC1D9B,0.05196541,0.04628903,0.0056763813
KMT2E,0.04982499,0.044154227,0.0056707636
LPP,0.04755592,0.04189268,0.0056632385
YWHAG,0.10675351,0.1010942,0.005659312
MET,0.027652703,0.021994822,0.0056578815
GRSF1,0.049264252,0.043610185,0.005654067
ERGIC3,0.07508969,0.06944159,0.0056481063
NINJ1,0.025169685,0.019531867,0.005637819
RBM39,0.097951636,0.09233626,0.005615376
CMPK1,0.07640946,0.070827454,0.005582005
EPN1,0.062831104,0.057263214,0.0055678897
TMEM184B,0.051201753,0.04564107,0.005560685
DHRS7,0.049883004,0.044326536,0.005556468
SMS,0.03408571,0.028529618,0.0055560917
DGKA,0.053113025,0.04756017,0.0055528544
CAPZA2,0.043080095,0.037590556,0.0054895394
EXOC6B,0.032570913,0.027090454,0.005480459
SNX6,0.09156467,0.08608865,0.0054760203
ARHGAP21,0.061493807,0.056021366,0.0054724403
PROM2,0.05266563,0.047211017,0.005454611
PATJ,0.043078452,0.037625182,0.00545327
FADD,0.09129913,0.08586108,0.005438052
NFIL3,0.029490422,0.024062421,0.0054280013
TGFA,0.025488773,0.020090679,0.0053980947
IQANK1,0.03878926,0.033395134,0.005394127
TLE5,0.11741657,0.11202588,0.005390689
TUBA1A,0.11332032,0.107941315,0.0053790063
SLC25A37,0.05179864,0.046421,0.005377643
BAIAP2L1,0.029419012,0.024064755,0.0053542573
OSBPL3,0.061623923,0.05627539,0.0053485334
SLC16A3,0.04240181,0.037065957,0.0053358525
PRRX2,0.034878112,0.029544387,0.0053337254
ZNF185,0.027561683,0.022241756,0.005319927
MAP1LC3B,0.04127617,0.035967145,0.0053090267
PFKP,0.030800367,0.025495242,0.0053051244
ADAM9,0.026395576,0.021090519,0.0053050574
TMEM65,0.03935018,0.034050297,0.005299885
SPPL3,0.05037649,0.04507666,0.005299829
WIPI2,0.06128596,0.05599353,0.0052924305
RAB10,0.09150717,0.08621939,0.005287774
NMB,0.032152746,0.026866227,0.0052865185
ARL4C,0.038990665,0.033730373,0.0052602924
HOOK3,0.036920942,0.031668693,0.0052522495
BACE2,0.044859886,0.039609715,0.005250171
PSMA3-AS1,0.04205238,0.036814675,0.005237706
XAF1,0.04959539,0.04436035,0.0052350387
TXN,0.22466154,0.2194442,0.0052173436
YKT6,0.11387802,0.10866889,0.0052091256
RAB12,0.07196884,0.06677537,0.005193472
AP2M1,0.13682678,0.13165098,0.005175799
NPEPPS,0.056504246,0.051331084,0.0051731616
CREB5,0.027261196,0.022089904,0.0051712915
STK24,0.06402202,0.058857847,0.0051641725
CLK1,0.03098735,0.025832841,0.005154509
PPP1R14B-AS1,0.03502386,0.029875932,0.0051479284
DDX3X,0.08430325,0.07916704,0.005136214
KLF5,0.060503405,0.05537234,0.005131066
THBS1,0.053772334,0.048648678,0.0051236562
TRAPPC1,0.064562276,0.059446603,0.005115673
PAK2,0.08628673,0.08118472,0.0051020086
OSMR,0.06300836,0.05791247,0.0050958917
PDLIM4,0.030240014,0.02514737,0.005092645
CDK2AP2,0.15096086,0.14588024,0.0050806254
OPN3,0.057001986,0.05192753,0.0050744563
SLC3A2,0.05260977,0.047538195,0.0050715767
TMEM50A,0.06200319,0.05693621,0.0050669834
PUM2,0.043316647,0.03825168,0.005064968
PPP2R5E,0.048379183,0.04331858,0.005060602
GLI3,0.05287767,0.047823347,0.005054321
PPM1A,0.041765165,0.036717933,0.005047232
LRRC8C,0.023857493,0.018815296,0.005042197
KBTBD2,0.036173258,0.03113631,0.0050369482
ARL8B,0.046550173,0.04152032,0.0050298534
NAMPT,0.053518247,0.048490703,0.0050275438
YPEL5,0.034689207,0.029668843,0.0050203633
LNPK,0.024355168,0.019339792,0.005015375
RAB4A,0.058865972,0.053853545,0.0050124265
SRPK2,0.042297665,0.03728585,0.0050118156
ARGLU1,0.048276287,0.04326715,0.005009137
COL4A5,0.026025502,0.021021156,0.0050043464
GPR153,0.028209385,0.023217283,0.0049921013
LYST,0.02577786,0.020791804,0.004986055
DLG1,0.038039017,0.033053756,0.0049852617
GMFB,0.030902207,0.02592449,0.004977716
UBE2D3,0.083470315,0.07850019,0.004970126
TAGLN,0.08952017,0.08457358,0.0049465895
STK38L,0.07251126,0.06756592,0.004945345
TAF7,0.03585091,0.030911015,0.0049398933
EIF4EBP1,0.029117117,0.024178363,0.0049387533
VIM,0.18353526,0.17859827,0.004936993
CXADR,0.07977022,0.074843645,0.004926577
STUB1,0.056080025,0.051164474,0.0049155504
TMEM30B,0.050992336,0.046080425,0.0049119107
CAPRIN2,0.033201545,0.028293274,0.004908271
RAP2B,0.04257984,0.037678607,0.004901234
IGFBP5,0.032449055,0.027564758,0.004884297
COMT,0.073272206,0.068394415,0.004877791
NIPSNAP2,0.04352919,0.038657483,0.0048717074
GOLGA7,0.04595466,0.041098036,0.0048566237
POLR1D,0.04996706,0.045111172,0.00485589
TRIOBP,0.045666594,0.040813196,0.0048533976
RAPGEF5,0.029463353,0.024612507,0.004850846
FOSL2,0.10146987,0.09662162,0.0048482493
SOCS3,0.042900413,0.038052525,0.004847888
RAD23B,0.059984747,0.055154566,0.0048301816
TLCD3A,0.033517096,0.028691007,0.0048260894
GIPC1,0.0473795,0.04256647,0.0048130304
PPP2R5B,0.027429363,0.022624789,0.004804574
LINC02315,0.025957482,0.021162905,0.004794577
RALB,0.023923228,0.019129999,0.0047932286
CTNNBIP1,0.028419167,0.02363033,0.0047888365
SMIM3,0.058031525,0.0532434,0.004788127
DNAJB6,0.059576746,0.054791626,0.0047851205
CAST,0.062983386,0.05820376,0.0047796257
DVL3,0.06066483,0.055888284,0.004776545
XIAP,0.0308513,0.026081482,0.004769819
SEPTIN10,0.03484793,0.030081619,0.0047663115
SUMO1,0.078461125,0.07369631,0.0047648177
C5orf24,0.04748726,0.04272599,0.0047612675
NR3C1,0.029632928,0.024872253,0.004760675
VDAC2,0.058528505,0.05377165,0.0047568567
MINK1,0.056677908,0.05193987,0.0047380365
IGF1R,0.04629391,0.04156139,0.0047325194
BCAR1,0.024780536,0.020056281,0.004724255
METAP1,0.031037584,0.02632035,0.0047172345
KLF10,0.03515319,0.03043612,0.0047170706
MAPK1,0.049979486,0.045263544,0.004715942
GLG1,0.06280279,0.058087897,0.004714895
WASF2,0.052707013,0.047996975,0.0047100373
SNHG15,0.049819056,0.045131918,0.004687138
MIDEAS,0.028746812,0.024061445,0.0046853665
MTMR3,0.034563478,0.029879488,0.00468399
C1GALT1,0.024869382,0.020187575,0.004681807
KANK1,0.030335672,0.025659662,0.0046760105
ARL4D,0.042604383,0.037936416,0.0046679676
KIAA0930,0.06434956,0.059688542,0.00466102
INHBA,0.11822255,0.11356273,0.0046598166
BCL3,0.03773556,0.033078354,0.004657205
PDE7A,0.047169153,0.042520996,0.0046481565
CRK,0.03287514,0.028233547,0.0046415925
OS9,0.07247703,0.06784194,0.004635088
PITPNM1,0.037472278,0.032841165,0.0046311133
GRK2,0.06678679,0.06215992,0.00462687
TM2D1,0.045755416,0.041134767,0.004620649
CCNL1,0.03918386,0.03456541,0.0046184473
PDLIM1,0.07125536,0.066640146,0.0046152174
KIAA0319L,0.0384534,0.033845346,0.0046080537
DLGAP4,0.044934556,0.04032678,0.0046077743
ZNRF2,0.03532539,0.03071888,0.0046065096
PLEKHA1,0.031681452,0.027080525,0.0046009272
MTPN,0.10107166,0.09647074,0.00460092
NPTN,0.09201816,0.08741996,0.0045982003
RRAS,0.04738241,0.042788632,0.0045937784
SELENOF,0.066894256,0.06230575,0.004588507
MMP14,0.037637014,0.033053916,0.004583098
BLOC1S2,0.03936985,0.034791816,0.0045780353
EXOC5,0.029749803,0.02517337,0.0045764334
RAB18,0.053644124,0.049078688,0.0045654364
LRRC8A,0.04433698,0.03977763,0.0045593493
NCOA3,0.04129828,0.036753733,0.0045445487
FLOT1,0.043562848,0.039019015,0.0045438334
ZC3H12A,0.04837779,0.043835014,0.0045427755
KCMF1,0.06894121,0.06439897,0.0045422465
TSC22D2,0.031474676,0.026943173,0.0045315027
CYB5R3,0.12158265,0.11706794,0.004514709
JUNB,0.23100877,0.22649486,0.0045139045
OST4,0.20268683,0.19817525,0.00451158
R3HDM4,0.067462355,0.062957086,0.004505269
GNGT1,0.035605084,0.031100405,0.004504679
ATP13A3,0.031569906,0.027070062,0.0044998433
BCL10,0.028907603,0.024420913,0.0044866893
KRT10,0.075368635,0.0708843,0.004484333
METTL26,0.040089786,0.03560563,0.0044841543
ZFP36L2,0.09390883,0.089430936,0.004477896
PGM1,0.047905676,0.043430272,0.0044754036
JKAMP,0.031131627,0.026657607,0.0044740196
TGIF1,0.046866078,0.04239333,0.0044727474
CAPNS1,0.09587969,0.09140764,0.004472047
SMAD3,0.032019146,0.027550956,0.0044681896
ENSG00000280011,0.20958544,0.20512035,0.0044650882
ZFAND5,0.036383126,0.031925112,0.004458014
ENSG00000283213,0.18356583,0.17911786,0.004447967
SPTSSA,0.095973276,0.09153835,0.0044349283
PDCD10,0.038656786,0.034226574,0.004430212
TGFBR1,0.046745975,0.042319555,0.0044264197
TPM1,0.09720512,0.09278355,0.0044215694
SULF1,0.038966805,0.03455757,0.004409235
RPL28,0.23950826,0.23511596,0.004392296
SRP9,0.08147783,0.07708761,0.0043902174
RETREG2,0.04745624,0.043067247,0.0043889917
NOTCH3,0.082824074,0.078455985,0.004368089
PAIP1,0.038269565,0.033906523,0.0043630414
H1-0,0.117281444,0.11291911,0.0043623373
TMEM230,0.05950904,0.05515857,0.0043504685
COL4A2,0.094493926,0.090152,0.0043419227
RBFOX2,0.036418807,0.032078713,0.0043400936
CTNNA1,0.05060423,0.046264797,0.004339434
S100A3,0.0321458,0.027823793,0.0043220054
YBX3,0.06790471,0.06358983,0.004314877
KCNJ15,0.026205365,0.021897184,0.004308181
NME4,0.043747123,0.039443716,0.004303407
ITGAV,0.07887354,0.07457205,0.0043014884
NEURL1B,0.034583885,0.030284258,0.0042996276
PTMS,0.10901369,0.10473742,0.004276268
PHLDB2,0.029279608,0.025006311,0.0042732973
MAST4,0.047847934,0.043578815,0.0042691194
RUNX1,0.09778339,0.09351507,0.0042683184
DARS1,0.029001828,0.024746107,0.0042557213
SDK2,0.03039102,0.026138263,0.004252758
MPRIP,0.032734226,0.028484011,0.0042502154
GNA15,0.04490392,0.040659886,0.0042440332
CHRAC1,0.05121277,0.04696911,0.0042436607
TMEM259,0.050141085,0.045899525,0.0042415597
PPP2CB,0.05481465,0.050574422,0.0042402297
RHEB,0.053389028,0.04915092,0.0042381063
EMP1,0.031754144,0.02751633,0.004237814
CCNY,0.04221458,0.0379791,0.00423548
SH3GLB1,0.05558356,0.051348694,0.0042348653
SH3PXD2A,0.030645592,0.026418297,0.0042272955
RND3,0.03918446,0.03496112,0.0042233393
RABGAP1,0.032215897,0.027994031,0.004221866
ZDHHC8,0.029610086,0.025393581,0.004216505
ZBTB25,0.0516417,0.047428466,0.0042132325
TIA1,0.038850088,0.03464343,0.0042066574
ENSG00000291105,0.029052686,0.024846183,0.004206503
ALKBH5,0.04846166,0.044260703,0.0042009577
JAK1,0.06809692,0.063898675,0.0041982457
CD276,0.05717114,0.05297514,0.0041959994
BLCAP,0.041601162,0.037422687,0.0041784756
CTNND1,0.09169588,0.08751766,0.004178226
DUSP14,0.032278,0.028100487,0.0041775145
RUFY3,0.029259903,0.025087792,0.004172111
GNG4,0.03083492,0.026669493,0.0041654278
ADAM17,0.04878869,0.04463158,0.0041571073
VPS13B,0.035082225,0.030926436,0.0041557886
QKI,0.041519355,0.03736375,0.004155606
LAD1,0.092097186,0.087947436,0.00414975
PFKL,0.029766623,0.02561823,0.004148392
ACTR10,0.061263725,0.057121385,0.0041423403
ECM1,0.048294224,0.044162467,0.0041317567
STAU1,0.08418753,0.08006381,0.0041237175
ANXA5,0.07528549,0.071161896,0.004123591
NUMA1,0.07708333,0.07297001,0.0041133165
MYO10,0.038342677,0.03423544,0.004107237
MARVELD1,0.049524046,0.04541945,0.0041045956
CDC42EP1,0.047020808,0.04292121,0.0040995963
SPIN1,0.040342167,0.03624937,0.0040927976
MYO1D,0.053578,0.049487025,0.004090976
BICD2,0.046989184,0.042914353,0.0040748306
COL16A1,0.03955132,0.035476696,0.0040746257
CEBPB,0.12378326,0.11971254,0.0040707216
CFAP20DC,0.024038076,0.0199681,0.0040699765
USP22,0.071684994,0.0676192,0.0040657967
ELOVL1,0.061520398,0.057455283,0.004065115
ZNF385A,0.037317246,0.03325336,0.0040638857
NDFIP2,0.037274145,0.03321087,0.0040632747
MAP3K2,0.048878033,0.044816013,0.0040620193
PHLDA1,0.055445924,0.05138921,0.0040567145
ENOSF1,0.030368712,0.026312316,0.004056396
UBE2L3,0.074771285,0.07071708,0.0040542036
KLF7,0.03185148,0.027802594,0.0040488876
UBXN6,0.061228286,0.057182312,0.0040459745
RBM17,0.07640592,0.07236429,0.004041627
ATP6V1D,0.0398026,0.03576252,0.004040081
MARCHF7,0.037591893,0.03355924,0.004032653
ASPH,0.043323886,0.039295543,0.0040283427
PDS5A,0.040455457,0.03643127,0.0040241852
ZBTB7A,0.05214125,0.048123002,0.004018247
AGPAT2,0.033632874,0.029614858,0.004018016
EXOC3,0.035584632,0.03157247,0.0040121637
PLOD1,0.032847185,0.028845035,0.00400215
SPINT1,0.055477068,0.05147523,0.004001837
MAPK12,0.02391144,0.019916888,0.0039945524
TMOD3,0.033466067,0.029473254,0.0039928127
HAPSTR1,0.033721317,0.02973012,0.003991196
MAPK1IP1L,0.056648094,0.05266084,0.0039872527
STX3,0.025261212,0.021276053,0.003985159
FAM162A,0.02919906,0.025215784,0.003983276
DNAJB1,0.11165941,0.107682586,0.003976822
MDFI,0.024269817,0.020304216,0.0039656013
KIAA1522,0.03711193,0.033146344,0.0039655864
SELENOM,0.08264602,0.078681104,0.003964916
MARK3,0.04595127,0.041990947,0.0039603226
RNF217,0.026531884,0.02257637,0.003955515
KIF13A,0.031251997,0.027299039,0.0039529577
AGO2,0.04633498,0.042385764,0.003949214
GPCPD1,0.037256416,0.033313178,0.0039432384
MYO1E,0.040840566,0.03690192,0.003938645
CDK13,0.0477031,0.04376465,0.0039384477
PFDN2,0.05873341,0.05479714,0.003936272
NUMB,0.035696592,0.031766646,0.0039299466
NAPRT,0.022942735,0.01901508,0.0039276555
ADIPOR1,0.05335411,0.049426567,0.0039275438
SLC44A5,0.034386992,0.03046602,0.0039209723
TAOK1,0.037980974,0.034061622,0.003919352
MFSD10,0.031264495,0.027350303,0.0039141923
EHD2,0.038980763,0.03506993,0.003910832
ARL15,0.029900543,0.026000312,0.0039002318
SP100,0.043307696,0.039408207,0.0038994886
ACVR1,0.03590014,0.032002833,0.0038973056
NCKAP1,0.09057003,0.08667702,0.0038930103
RAPGEF1,0.031906027,0.028014934,0.0038910937
KMT5B,0.027066609,0.02317628,0.003890328
PHC2,0.0265652,0.022677315,0.0038878843
UGCG,0.031033777,0.027146453,0.0038873237
MORF4L1,0.1432593,0.13937326,0.003886044
RNASEK,0.07380626,0.069928646,0.0038776174
MBNL2,0.031842895,0.027971888,0.003871007
FBXO11,0.031353194,0.027490493,0.0038627014
CYSTM1,0.03009536,0.026234196,0.0038611628
NF1,0.043151848,0.039302785,0.003849063
BASP1,0.14300956,0.13916479,0.0038447678
MED13L,0.038903195,0.035059884,0.0038433112
MRTFA,0.04620946,0.042366274,0.0038431846
C14orf119,0.036277507,0.03243926,0.0038382448
MRPL32,0.043467287,0.039634146,0.0038331412
JAG1,0.18824008,0.18440953,0.003830552
FRYL,0.03420207,0.030372698,0.0038293712
JPT2,0.044060294,0.04023477,0.003825523
FAM107B,0.032184526,0.028365565,0.0038189609
KIAA2013,0.045003273,0.04119041,0.0038128644
PDLIM5,0.037727278,0.03392763,0.003799647
TPD52L2,0.07059548,0.06680134,0.003794141
SF3B1,0.05892933,0.055143364,0.0037859678
ERGIC2,0.15690571,0.15312384,0.00378187
EPAS1,0.042653367,0.0388715,0.0037818663
TOR1AIP2,0.045093488,0.04132255,0.0037709363
ANXA4,0.05409953,0.05033207,0.0037674606
TRAF7,0.041729167,0.03797073,0.003758438
ACAP2,0.03222366,0.028465359,0.003758302
MTSS1,0.04734204,0.04358386,0.003758181
CRIP1,0.060506675,0.056760162,0.0037465133
MYADM,0.035649236,0.031910967,0.0037382692
ATMIN,0.034718823,0.030982591,0.0037362315
KCNK1,0.025029635,0.021296307,0.0037333276
YPEL3,0.041978486,0.038248897,0.0037295893
VCAN,0.037856508,0.034128606,0.0037279017
CHIC2,0.028585896,0.024861472,0.0037244242
AUP1,0.04594284,0.042218942,0.003723897
SDF4,0.03666498,0.032952692,0.003712289
PPARD,0.024793142,0.021085821,0.0037073214
KIAA1958,0.44970724,0.4460017,0.0037055314
IMPDH1,0.03110592,0.027406894,0.003699027
UBE2G1,0.037552774,0.033869117,0.0036836565
MAPK11,0.025578467,0.021905154,0.0036733132
PSMD11,0.085790105,0.0821176,0.003672503
WDR45B,0.0319816,0.0283111,0.0036704987
ZFR,0.03845269,0.034782458,0.0036702305
CPNE2,0.024730135,0.021060739,0.003669396
MAP3K13,0.032020763,0.028358532,0.0036622304
SOS2,0.027138097,0.023476178,0.0036619194
WSB2,0.034299478,0.030639963,0.0036595147
DDT,0.06254609,0.058887422,0.0036586672
MT-TL1,0.10573453,0.102082476,0.003652051
EPS15,0.042968992,0.039317496,0.003651496
HERPUD2,0.039128706,0.03547871,0.0036499947
MAP3K1,0.030089734,0.026440697,0.0036490373
SLC22A23,0.023597881,0.019953815,0.003644066
PAIP2,0.04600338,0.042360283,0.0036430955
COL5A2,0.037458763,0.033820923,0.003637839
TMC6,0.03264111,0.029005812,0.0036352966
ESYT2,0.02692655,0.023292573,0.003633976
SMYD2,0.026120516,0.022487428,0.0036330875
HSF1,0.034432895,0.030802213,0.0036306828
SESN3,0.038824104,0.03519436,0.003629744
RIOK3,0.043826252,0.040210254,0.0036159977
EIF4E2,0.04206613,0.038451646,0.0036144853
ATF4,0.1079278,0.10431574,0.0036120564
RTL8A,0.061812274,0.058202546,0.003609728
C11orf68,0.030389104,0.026779575,0.0036095288
CA2,0.050499696,0.046892885,0.0036068112
CSRP2,0.024859698,0.021253908,0.0036057904
GNAI2,0.062479693,0.058878798,0.0036008954
CASK,0.05018104,0.046581477,0.0035995618
MAGEA10,0.031488623,0.02789169,0.0035969336
EPPK1,0.05974224,0.05614972,0.0035925172
SOD2,0.06987244,0.0662821,0.003590338
WIPF2,0.04240485,0.038818393,0.0035864562
ZNF12,0.025599545,0.02201346,0.0035860855
VAMP8,0.11421198,0.11063054,0.0035814345
MBOAT2,0.026528122,0.02294736,0.003580762
CDA,0.03142006,0.027842252,0.003577808
BMP1,0.030833473,0.02726706,0.0035664141
TAF13,0.03211658,0.028556723,0.0035598576
ERP44,0.03384269,0.030286724,0.0035559665
SRRM2,0.06398613,0.060443085,0.0035430454
RHOT2,0.025419382,0.021878092,0.0035412908
CAMK2D,0.024377793,0.020838147,0.003539646
UBE2M,0.045299303,0.041761566,0.0035377368
ACTN4,0.10432302,0.10078792,0.0035350993
CSNK2A1,0.056935176,0.053401902,0.003533274
CERS6,0.028821176,0.025295675,0.0035255011
NOP10,0.07927065,0.075749904,0.0035207495
AMIGO2,0.03353822,0.030018168,0.003520051
BPNT2,0.060586836,0.057067446,0.0035193898
ZFP36,0.06877736,0.0652603,0.0035170615
RRAGC,0.056688096,0.053181108,0.0035069883
NEDD8,0.069138125,0.06563131,0.003506817
YEATS2,0.031002143,0.02749571,0.0035064332
STK3,0.031441994,0.027942495,0.0034994986
KIFC3,0.028327562,0.02482955,0.0034980122
ARPC1A,0.06170736,0.0582218,0.0034855604
CTBP1,0.045322534,0.041841477,0.0034810565
MED10,0.03394005,0.030459065,0.0034809858
TP53I13,0.029652592,0.02617507,0.0034775212
ATP6V1G1,0.08473798,0.08126493,0.003473051
NCS1,0.023337837,0.019869618,0.0034682192
MIDN,0.05260468,0.049137134,0.003467545
RRAGA,0.03851902,0.035054468,0.0034645535
YTHDF2,0.040978797,0.03752311,0.0034556873
DYNLRB1,0.03242758,0.02897297,0.0034546088
C1orf43,0.078518935,0.07506939,0.0034495443
PPP1R12A,0.030340796,0.026891924,0.003448872
GIT1,0.059943303,0.056499813,0.0034434907
FHIP2B,0.024750182,0.021308336,0.003441846
C5orf15,0.035248708,0.03180818,0.003440529
PLEKHM2,0.026008753,0.022570075,0.0034386776
TENT4A,0.026423456,0.022985263,0.0034381934
MMP28,0.034577128,0.031149145,0.0034279823
CHD9,0.035006106,0.031589378,0.0034167282
LIMS1,0.03383063,0.030417625,0.0034130067
MALSU1,0.043941077,0.040531676,0.0034094006
WWTR1,0.02485761,0.021448543,0.0034090672
WDR26,0.049847838,0.046440188,0.0034076497
WDR1,0.059927117,0.056527328,0.0033997893
PNRC1,0.032570265,0.029180732,0.0033895336
FRMD8,0.037976086,0.034588635,0.0033874512
MAZ,0.10480395,0.10142251,0.0033814386
RELA,0.06533648,0.061960883,0.0033755973
TOX2,0.024435716,0.021064218,0.0033714976
DDAH2,0.025477773,0.022113476,0.0033642966
HDAC7,0.035297967,0.031941906,0.0033560619
RHBDF1,0.030234871,0.026881726,0.003353145
BIRC6,0.03104498,0.027697714,0.0033472665
KMT2C,0.027001595,0.023654813,0.0033467822
REEP3,0.04120363,0.037858065,0.003345564
EHBP1,0.03048113,0.027137164,0.0033439659
TCEAL9,0.04143279,0.038094692,0.0033380985
PNISR,0.04196334,0.03862925,0.00333409
SRSF5,0.07224398,0.06891676,0.0033272207
METRN,0.025181973,0.021877259,0.0033047143
GSK3A,0.05501651,0.05171228,0.003304232
NORAD,0.17093958,0.1676417,0.0032978803
MEF2A,0.036127996,0.032842945,0.0032850504
PNN,0.06639147,0.06310717,0.0032842979
GPHN,0.026446,0.02316201,0.0032839905
SPINT2,0.10064612,0.09736369,0.0032824352
CSNK1A1,0.025372986,0.022090988,0.0032819975
DDR1,0.044553433,0.04127603,0.0032774024
GNB2,0.05413225,0.05085676,0.0032754876
LTBP4,0.027552707,0.024281051,0.003271656
EIF4G3,0.041161373,0.037905384,0.0032559894
FEM1B,0.03204324,0.02878726,0.00325598
CNBP,0.06231393,0.05906711,0.0032468177
CES2,0.025627557,0.022381382,0.0032461751
PUM1,0.061326887,0.058085,0.0032418892
ADAM10,0.042772256,0.03954158,0.003230676
UBE2F,0.027410833,0.024183223,0.0032276101
ITPR3,0.045837354,0.042611375,0.0032259785
CHMP4C,0.029725198,0.026505677,0.0032195207
DBN1,0.037283003,0.03406649,0.0032165125
ARAP1,0.028455628,0.02524008,0.0032155477
SMIM12,0.043948676,0.040736604,0.003212072
RNF216,0.03510514,0.031896047,0.0032090917
GREM1,0.025957482,0.02275081,0.0032066721
RALGAPA1,0.027584948,0.024379125,0.0032058228
UBE2D2,0.11479467,0.11158994,0.0032047331
PLD3,0.039453633,0.036252253,0.0032013804
UFM1,0.03434792,0.031147745,0.003200177
DLST,0.03578885,0.032590073,0.0031987764
SNHG26,0.027003966,0.023806646,0.0031973198
ACTR3,0.10607631,0.10288168,0.0031946301
GPC1,0.077382416,0.07419048,0.003191933
PTP4A2,0.07875976,0.07557649,0.003183268
FOXJ3,0.03449067,0.031310577,0.003180094
LSM12,0.028607214,0.025428154,0.0031790603
PRDM2,0.027579349,0.024404606,0.0031747427
CELSR2,0.039404687,0.036231197,0.0031734891
MAP2K1,0.038368877,0.035199217,0.0031696595
EMC4,0.049115926,0.045947857,0.0031680688
CCT6A,0.108737044,0.10556972,0.0031673238
PIM1,0.028404035,0.025239462,0.0031645726
B3GNT5,0.022081945,0.01892026,0.0031616855
GNAQ,0.026302319,0.023143493,0.0031588264
HDHD5,0.023675323,0.020518089,0.0031572338
CCDC71L,0.027020728,0.02387203,0.0031486973
SYNE2,0.0474821,0.044334173,0.0031479262
ANKH,0.025167895,0.022020187,0.0031477083
RHBDD2,0.04383986,0.040699482,0.0031403787
PPP1R2,0.030489657,0.027352357,0.0031372998
GAS2L1,0.040640872,0.037509907,0.003130965
NRBP2,0.02348863,0.020360261,0.0031283684
PPP6R3,0.041545104,0.038419276,0.0031258278
CERS2,0.07494256,0.0718188,0.0031237602
CLIC4,0.07374917,0.07063029,0.00311888
SH3BP4,0.030006297,0.026887821,0.003118476
RTRAF,0.066951156,0.063833535,0.003117621
GET4,0.029519198,0.026402768,0.0031164307
PACS1,0.04663465,0.043520093,0.0031145588
THBS2,0.025946492,0.022835154,0.0031113382
APPL2,0.024560206,0.021451272,0.0031089336
IMP3,0.06309955,0.059992347,0.0031072013
CDK16,0.042258743,0.03915422,0.0031045228
MANBAL,0.031016914,0.02791606,0.0031008534
RAP2C,0.024490349,0.021391964,0.0030983854
TMEM106B,0.036975905,0.033884108,0.0030917972
BRK1,0.07737543,0.07428569,0.0030897334
TUBB6,0.17909952,0.17601134,0.0030881763
B3GALT6,0.027738137,0.024653224,0.003084913
RREB1,0.024149591,0.021065952,0.0030836388
ARPC5L,0.04982091,0.046739116,0.0030817948
TUBB4B,0.13625927,0.13318372,0.003075555
PDCD6IP,0.035549846,0.03247522,0.0030746274
PARP6,0.029626092,0.026552018,0.0030740742
NCSTN,0.047403384,0.044329897,0.0030734874
RNF19B,0.051293384,0.048221685,0.0030716993
LRFN4,0.022924336,0.019859191,0.0030651446
FAT1,0.035297856,0.032232985,0.0030648708
TSPO,0.13265142,0.12958717,0.003064245
IFFO2,0.032708406,0.029644186,0.0030642208
STMP1,0.08385356,0.08079038,0.0030631796
FAM20C,0.030553136,0.02749424,0.0030588955
TMED9,0.1418821,0.1388248,0.003057301
CAMK1D,0.03684587,0.03379164,0.0030542314
ACBD3,0.044471405,0.04141939,0.0030520149
GNPTG,0.030968245,0.027919397,0.0030488484
TNFRSF1A,0.033308856,0.030262262,0.0030465946
DEDD,0.030857453,0.02781476,0.0030426923
MAP4K5,0.026300317,0.023259256,0.0030410606
NABP1,0.02957669,0.026540779,0.0030359123
SRP54,0.07211062,0.06908367,0.0030269548
SRSF9,0.06167886,0.058652807,0.0030260533
SH3GL1,0.027767427,0.02474326,0.0030241664
AKT1,0.035302788,0.032285508,0.0030172803
C1orf52,0.028793909,0.025777714,0.0030161943
NIPBL,0.028882632,0.02587069,0.003011942
CERCAM,0.025833214,0.022829117,0.0030040964
GOLGA3,0.035660483,0.0326575,0.0030029826
RARG,0.032537296,0.029536745,0.0030005518
ELK3,0.024334969,0.0213352,0.0029997695
TXNDC17,0.07941794,0.07642787,0.002990067
TFG,0.06178146,0.058794674,0.002986785
XPR1,0.037152126,0.03416793,0.002984196
CLN8,0.026826484,0.023851486,0.0029749982
ATP6V1E1,0.05792338,0.05495034,0.0029730387
TRAPPC3,0.06034661,0.057376884,0.002969727
CDC42BPA,0.02669054,0.023724787,0.002965754
PIAS3,0.03214017,0.029174827,0.0029653423
CTDSP1,0.051766403,0.04880221,0.0029641949
TNFAIP8,0.026476119,0.023512423,0.0029636957
COL18A1,0.035902157,0.032940745,0.002961412
MAP4,0.071118,0.06815826,0.0029597357
GANAB,0.12091536,0.11795709,0.002958268
SFT2D1,0.03138204,0.028423972,0.0029580668
MARK2,0.03680909,0.03385244,0.0029566512
CTDNEP1,0.073917665,0.07096557,0.0029520914
PPP4C,0.05125711,0.048305742,0.0029513687
FAM89A,0.027190808,0.024242157,0.002948651
IQGAP1,0.10052779,0.09758356,0.002944231
ARID4B,0.041051984,0.038109552,0.0029424317
RO60,0.032241687,0.029302256,0.002939431
NUDCD3,0.045215756,0.042285457,0.0029302984
EPSTI1,0.031859033,0.02893416,0.0029248726
COL6A3,0.08607879,0.083154224,0.002924569
TBC1D22A,0.030425519,0.027503628,0.0029218905
AKIRIN1,0.033383384,0.030466339,0.0029170457
WDFY2,0.024869053,0.021953704,0.0029153489
MLF1,0.026540706,0.023627391,0.0029133148
SLC20A1,0.043185085,0.040275294,0.0029097907
UIMC1,0.031317186,0.028409027,0.002908159
HMOX2,0.026306702,0.023399448,0.0029072538
CLIP1,0.056094453,0.0531903,0.0029041544
YTHDF1,0.07809563,0.075193234,0.002902396
LMAN1,0.051265467,0.04836537,0.0029000975
PTK6,0.024625558,0.021726469,0.0028990898
LRCH3,0.026454648,0.023564769,0.002889879
VAT1,0.028282814,0.025395608,0.0028872062
GLTP,0.03378785,0.030902416,0.0028854348
PKN2,0.02363463,0.02075132,0.0028833095
GID8,0.05356147,0.050683483,0.002877988
HEBP2,0.08386697,0.08098929,0.0028776824
ABL2,0.029049069,0.026171902,0.0028771665
MLX,0.026075596,0.023199743,0.0028758533
SREK1IP1,0.030441556,0.027565755,0.0028758012
TNRC18,0.03697342,0.034099303,0.0028741173
EML2,0.023764864,0.020891152,0.0028737113
FBH1,0.041147955,0.03827454,0.0028734133
RAB21,0.04179504,0.038926534,0.002868507
LARP6,0.0371725,0.03430798,0.002864521
HSBP1,0.07462369,0.07176853,0.0028551593
PLCB1,0.02537036,0.022532642,0.0028377175
ABI1,0.035906266,0.03307002,0.002836246
STARD3NL,0.02747603,0.024640542,0.002835488
BLVRA,0.04518576,0.04236032,0.002825439
NCBP2,0.03358058,0.030756883,0.0028236955
UBE2E2,0.025681982,0.022863789,0.0028181933
CTSD,0.12006059,0.117248006,0.0028125867
WNK1,0.046929054,0.04412338,0.0028056726
MICALL1,0.03611541,0.03330995,0.0028054602
FAM210B,0.03755619,0.034751255,0.002804935
FBRSL1,0.03220225,0.0294006,0.0028016511
IRX2,0.040181175,0.03738093,0.0028002448
TMEM30A,0.04016459,0.03736626,0.00279833
KLHL9,0.028893681,0.026099592,0.0027940888
CYTH3,0.02656053,0.023769008,0.002791522
POLDIP2,0.04591637,0.043125488,0.0027908832
NBEAL1,0.031283755,0.028497003,0.0027867518
TSPAN1,0.03239661,0.029611716,0.0027848948
TRIM29,0.060337573,0.057561584,0.0027759895
ADD1,0.039008196,0.036234114,0.0027740821
SETD5,0.023828259,0.021055395,0.002772864
ATP2B4,0.03730305,0.034540974,0.0027620755
ATP9A,0.03546686,0.032705702,0.002761159
SHARPIN,0.035362795,0.032605637,0.0027571581
FGD5-AS1,0.026319105,0.023562906,0.0027561989
AHCYL1,0.039007816,0.036252525,0.0027552918
PDZK1IP1,0.0324037,0.029654305,0.0027493946
CDH13,0.05058973,0.047842134,0.0027475953
SMIM19,0.07381397,0.07106672,0.0027472451
NEMF,0.024091909,0.021350075,0.0027418341
CD81,0.11786215,0.11512337,0.0027387813
RBM25,0.04546481,0.042728897,0.0027359128
ARFGAP3,0.02666299,0.023927368,0.0027356222
ELOC,0.076702215,0.073979646,0.0027225688
TRABD,0.046695244,0.043973096,0.0027221479
OPTN,0.04395961,0.04123776,0.0027218498
UBE2K,0.052186072,0.049468245,0.0027178265
TFRC,0.12563762,0.122926116,0.0027115047
PRRC2C,0.06477488,0.062063858,0.0027110204
RAB38,0.047032315,0.044323266,0.0027090497
ATXN7L3B,0.029489255,0.026783701,0.0027055535
PARD3,0.03427928,0.031574864,0.0027044155
ATXN7L3,0.025745872,0.023042493,0.0027033798
VTI1B,0.04913471,0.046437863,0.0026968457
LRRC41,0.04228799,0.03959236,0.0026956312
APH1A,0.0901867,0.08749454,0.002692163
MSL1,0.040395964,0.037704118,0.0026918463
PAWR,0.0408543,0.03817049,0.002683811
VEZT,0.025090976,0.022407651,0.0026833247
HBP1,0.026480267,0.023797205,0.002683062
HEXIM1,0.02723789,0.024561081,0.0026768092
NRBP1,0.059089668,0.056414515,0.0026751533
UBE2E3,0.054290112,0.051615506,0.0026746057
RYK,0.033648655,0.030977396,0.0026712585
HOMER2,0.028916014,0.02624719,0.002668824
TMEM43,0.03791352,0.035246164,0.0026673563
PAX8-AS1,0.027049715,0.024382882,0.0026668329
MAGEF1,0.02347707,0.020818513,0.0026585571
IGF2BP2,0.02354348,0.020885108,0.0026583727
HTATIP2,0.039543573,0.036885295,0.0026582778
MLXIP,0.03223756,0.02957961,0.00265795
DCTN4,0.0302502,0.027593218,0.0026569813
RNF130,0.03227367,0.029620409,0.0026532598
EIF2AK2,0.047200177,0.044547293,0.0026528835
LRP10,0.030857543,0.028205473,0.0026520696
RAB14,0.058786068,0.05613459,0.002651479
ARL6IP6,0.023557628,0.020907745,0.0026498828
DCBLD2,0.025187058,0.022538595,0.0026484635
ZMYM2,0.02492859,0.022281623,0.0026469678
PCNP,0.025008785,0.02236544,0.002643345
VASP,0.034573372,0.031937286,0.0026360862
WWP1,0.031749994,0.029119635,0.0026303586
CD46,0.07431414,0.07168453,0.002629608
ETFRF1,0.029442456,0.026814928,0.0026275273
SYPL1,0.13427988,0.1316558,0.0026240796
CPSF6,0.04856471,0.045940924,0.0026237853
MKLN1,0.026879322,0.024257535,0.0026217867
TPD52,0.034435622,0.03181752,0.0026181042
TMEM245,0.025448477,0.022836884,0.0026115924
FBXO7,0.060634512,0.058024794,0.0026097186
NDEL1,0.033881523,0.031272437,0.0026090853
B3GALNT2,0.040508766,0.037905466,0.0026033
CHMP3,0.059338942,0.056736723,0.0026022196
CTHRC1,0.032061383,0.029459776,0.0026016068
MEAF6,0.06106175,0.058463838,0.0025979131
FZD6,0.047733665,0.045137968,0.0025956966
ZNRF1,0.023357593,0.020761963,0.0025956295
ZDHHC12,0.023750355,0.021157222,0.0025931336
USP24,0.0416156,0.039023492,0.0025921091
SRSF11,0.08815169,0.085562654,0.0025890395
CIRBP,0.08032021,0.0777389,0.0025813058
RNF14,0.02741792,0.024839018,0.002578903
ZMIZ1,0.035675917,0.033097696,0.0025782213
C9orf78,0.059835132,0.057259336,0.002575796
MT1M,0.02693798,0.024367942,0.0025700387
EIF5,0.071928814,0.06935937,0.0025694445
POLR2H,0.04296407,0.040400263,0.002563808
RER1,0.057773177,0.055214904,0.0025582723
TMPRSS11D,0.026653975,0.024095898,0.0025580768
TOR1AIP1,0.02401509,0.021458702,0.0025563873
ENSG00000253154,0.04916833,0.04661398,0.0025543496
CNIH1,0.051065855,0.04851222,0.0025536343
DDX41,0.031524826,0.028973285,0.0025515407
ZNF598,0.03631745,0.033767972,0.002549477
VAMP3,0.048228815,0.045681372,0.002547443
TIMMDC1,0.03364317,0.031101497,0.0025416743
MYO1C,0.051386025,0.04885187,0.0025341548
TEAD2,0.056518637,0.053984884,0.0025337525
MFSD5,0.026114175,0.02358498,0.0025291946
PYCR2,0.031301744,0.02878303,0.0025187135
OGA,0.043010853,0.040493503,0.00251735
UBE2I,0.0905591,0.08804847,0.0025106296
C1orf198,0.023231698,0.02072437,0.002507329
SEMA3C,0.033295523,0.030788766,0.0025067572
HMG20B,0.07108651,0.06858026,0.0025062487
REEP4,0.033137795,0.030633947,0.0025038477
RAB25,0.025205864,0.022702629,0.002503235
NTPCR,0.03779315,0.035291024,0.0025021248
CDC34,0.03499982,0.032507934,0.0024918877
SPINK6,0.025741838,0.023250828,0.0024910104
CAPG,0.100942396,0.09845246,0.0024899393
TWSG1,0.022745498,0.020256171,0.0024893265
SS18,0.049291816,0.0468039,0.0024879165
ATXN1,0.028962877,0.026478315,0.0024845619
PCNX1,0.027237775,0.024753978,0.0024837963
TMEM33,0.035929363,0.033446968,0.0024823956
RSRP1,0.022935243,0.020454152,0.0024810918
UBQLN1,0.04534546,0.04286649,0.0024789684
RAB11B,0.052098982,0.049624067,0.0024749152
UGDH,0.02733629,0.024861803,0.0024744868
GLIS2,0.03680139,0.03432717,0.0024742186
SERPINH1,0.06413193,0.06166256,0.002469372
IGSF9,0.037187617,0.03472612,0.0024614967
SAP30BP,0.024999905,0.022542275,0.00245763
GPNMB,0.031409964,0.028955689,0.0024542753
DYNC1H1,0.047315706,0.04486939,0.0024463162
B4GALT3,0.030459609,0.028015822,0.0024437867
WDR33,0.023782017,0.02133955,0.002442466
MIR4435-2HG,0.02458624,0.022144038,0.0024422016
PSEN1,0.031097213,0.028663492,0.002433721
KLF13,0.036377296,0.033943962,0.0024333335
ARID1A,0.046264865,0.043832622,0.002432242
EPCAM,0.025037142,0.022607094,0.0024300478
ODC1,0.042683765,0.04025381,0.0024299547
VEZF1,0.025003627,0.022576023,0.002427604
TIMM9,0.024343679,0.021917237,0.0024264418
TPM2,0.023725154,0.02129952,0.0024256334
PEDS1,0.047374636,0.044950277,0.0024243593
IGF2R,0.0379702,0.03554832,0.002421882
MYO18A,0.026743032,0.024323167,0.0024198648
ANKLE2,0.04763434,0.04521453,0.0024198107
NIPAL4,0.030000687,0.027586427,0.00241426
CDCA4,0.02307174,0.020658372,0.0024133679
TRIM56,0.030510234,0.02810089,0.0024093445
MBD6,0.02345238,0.021046093,0.002406288
ZNF644,0.026947126,0.024540944,0.0024061818
IARS2,0.03696686,0.03456823,0.0023986287
PSMD2,0.09064293,0.08824517,0.0023977607
SCO2,0.07871753,0.07632409,0.0023934394
AFDN,0.04006764,0.03767607,0.0023915693
PCGF2,0.030377572,0.027986566,0.0023910068
SIRPA,0.04152263,0.03913315,0.0023894794
PRKAR1B,0.022732235,0.020342853,0.0023893826
PCNX4,0.025707437,0.02331885,0.0023885872
FURIN,0.037891444,0.035505563,0.0023858808
TRAPPC8,0.026846536,0.024461033,0.0023855027
ANKFY1,0.02318868,0.020806067,0.0023826137
VPS41,0.030643303,0.028260766,0.0023825374
TRAPPC6B,0.024768706,0.022391,0.0023777056
SIAH1,0.042218853,0.03984227,0.0023765825
CSRP1,0.03295064,0.030576495,0.0023741443
FERMT1,0.04566988,0.04329892,0.002370961
KLHDC2,0.030994935,0.028626623,0.0023683123
MED21,0.042616144,0.040248368,0.002367776
GPI,0.07925159,0.07689549,0.002356097
C1D,0.023029514,0.02067522,0.002354294
NUFIP2,0.050414752,0.048061,0.002353754
UBE2R2,0.052359004,0.050005656,0.0023533478
SEM1,0.10480661,0.102455445,0.0023511648
CRKL,0.03430996,0.03195924,0.0023507215
SMG1,0.028769808,0.026423559,0.0023462493
CHMP2A,0.034916468,0.032572642,0.002343826
AFTPH,0.024961801,0.02261925,0.002342552
INTS15,0.026796618,0.024455888,0.0023407303
MGAT4B,0.043991864,0.041651987,0.0023398772
CUX1,0.046337582,0.04400061,0.0023369715
DBNL,0.04677832,0.044441395,0.0023369268
THRAP3,0.055627897,0.053292416,0.0023354813
VPS28,0.039471153,0.037137847,0.0023333058
USP34,0.040671777,0.0383391,0.0023326762
TM2D3,0.027429698,0.025097078,0.0023326203
GNA13,0.026361594,0.024030186,0.0023314077
BCL7C,0.037751794,0.03542278,0.0023290142
SZRD1,0.027843464,0.025514528,0.002328936
RBCK1,0.052635767,0.050308313,0.0023274533
TBCA,0.09482077,0.09249573,0.0023250356
DUOX1,0.033599276,0.031277284,0.002321992
IFI44,0.029662827,0.027341375,0.002321452
BLOC1S6,0.029436002,0.02711528,0.0023207217
MCUB,0.030746821,0.028427592,0.0023192298
ARHGAP23,0.059618913,0.057303373,0.0023155399
UBE3C,0.031115921,0.028807942,0.0023079794
ARL2BP,0.04155351,0.0392472,0.0023063086
ADAMTS4,0.05006158,0.04775666,0.002304919
TMEM127,0.05105657,0.048752476,0.0023040958
WDR43,0.037367318,0.035064653,0.0023026653
NFE2L1,0.06400815,0.061706703,0.0023014434
RAB3GAP2,0.026787477,0.024487901,0.0022995751
AFF4,0.029084228,0.026788274,0.0022959542
YIPF4,0.033359703,0.031065,0.0022947025
TLK1,0.023207668,0.020913955,0.0022937134
PITPNA,0.040089525,0.03779796,0.002291564
LIMK2,0.04198142,0.03969077,0.0022906512
SBNO2,0.0313389,0.029058559,0.0022803415
ARIH1,0.034427725,0.03215153,0.0022761934
VWA1,0.02246192,0.020189341,0.002272578
FLRT3,0.02708558,0.024813091,0.0022724885
CYFIP1,0.0637404,0.061469216,0.0022711866
MCC,0.030915648,0.028647223,0.0022684243
GLUD1,0.037669893,0.03540168,0.0022682138
MED13,0.025784366,0.023518732,0.002265634
TCF12,0.026322966,0.024057822,0.0022651441
GNAI3,0.08001235,0.07774797,0.0022643805
FBXO45,0.03942519,0.037163027,0.002262164
MFSD14B,0.028349312,0.026087226,0.0022620857
RABGAP1L,0.039486926,0.037227888,0.0022590384
FAM91A1,0.033826463,0.031567898,0.0022585653
LAMP1,0.12200831,0.119753525,0.002254784
AURKAIP1,0.051050443,0.048796434,0.0022540092
CEBPG,0.031034779,0.028782573,0.0022522062
EIF4A3,0.051620238,0.049368966,0.0022512712
BTF3L4,0.05745728,0.055206146,0.0022511333
ATP1A1,0.07406388,0.07181401,0.0022498742
DELEC1,0.036428943,0.034187578,0.0022413656
DLEU1,0.027137857,0.02489724,0.0022406168
COPS8,0.03329372,0.031053636,0.002240084
MTAP,0.034108326,0.031870104,0.0022382215
FAM222B,0.024915941,0.022683727,0.0022322144
CD109,0.035047933,0.03281976,0.0022281744
GNPAT,0.030403053,0.028175168,0.0022278856
PRKCSH,0.064734496,0.06250842,0.002226077
LBH,0.030539377,0.028315585,0.0022237916
VAMP2,0.03724092,0.035020754,0.002220165
HPCAL1,0.0302763,0.028058035,0.002218265
LHFPL2,0.029983541,0.027766652,0.0022168886
OSBPL9,0.03193808,0.029729217,0.0022088625
C1orf122,0.06467709,0.062469654,0.0022074357
ZDHHC3,0.028262686,0.02605735,0.0022053365
CPNE1,0.07001906,0.06781443,0.0022046268
GPAT4,0.031818904,0.029614337,0.0022045672
PAQR4,0.023436703,0.021233696,0.0022030063
EMC7,0.042661354,0.040459044,0.0022023097
CIZ1,0.03588371,0.03368251,0.0022011995
NT5C,0.02490621,0.022707278,0.0021989327
YAP1,0.028415227,0.02621634,0.002198888
RAP2A,0.023499731,0.021301366,0.0021983646
CIAO1,0.0483097,0.046113633,0.002196066
PPP3R1,0.02482178,0.02262602,0.0021957606
MRPL36,0.043466017,0.041270692,0.0021953247
MT1F,0.041927315,0.039735924,0.0021913908
RAB1B,0.045045093,0.04285377,0.0021913238
SLCO2A1,0.057867926,0.05567676,0.0021911673
GLO1,0.07149976,0.069309406,0.0021903515
LGALS8,0.029979428,0.027791137,0.0021882914
ZDHHC5,0.05321823,0.051034097,0.002184134
GABARAPL2,0.037428673,0.035250694,0.0021779798
XRN2,0.024647381,0.022472436,0.0021749455
ITFG1,0.030644001,0.028470267,0.0021737348
PPCS,0.05526324,0.05309168,0.0021715611
MAPK6,0.06619654,0.0640286,0.0021679401
GRB2,0.0648568,0.06269539,0.002161406
ZFAND3,0.027358517,0.02519996,0.0021585561
RNF121,0.071317896,0.06916055,0.0021573454
CNOT2,0.026018549,0.023861298,0.0021572504
RBBP6,0.027417533,0.025261752,0.0021557808
SLC52A2,0.03382098,0.031666998,0.0021539815
PARVB,0.033145957,0.030992033,0.0021539237
SEC62,0.049916964,0.04776779,0.0021491759
MORF4L2,0.09432689,0.09217959,0.002147302
MT-ND6,0.07748352,0.07533764,0.002145879
FBXO28,0.022530742,0.020391917,0.0021388251
FAT2,0.10787143,0.10573448,0.0021369457
PNMA1,0.023307633,0.021177445,0.002130188
HES1,0.027602816,0.025474446,0.00212837
AOPEP,0.03988655,0.03776375,0.0021228008
NCOR1,0.023742318,0.021620786,0.0021215323
ZNF623,0.02402462,0.021907575,0.0021170452
CORO1C,0.042571835,0.040455267,0.0021165684
PYGB,0.023797648,0.0216814,0.002116248
NMD3,0.029426169,0.027310383,0.002115786
FYTTD1,0.046129245,0.044018332,0.0021109134
SCAMP1,0.04042213,0.038315985,0.002106145
RALBP1,0.037277207,0.03517118,0.0021060258
ZNF655,0.030812413,0.02870859,0.0021038223
THOC2,0.024617387,0.022515839,0.002101548
HRAS,0.023533477,0.021440124,0.0020933524
RHOT1,0.026741179,0.02464858,0.002092598
SPAG9,0.029598976,0.027507378,0.0020915978
MALAT1,0.27582937,0.27373892,0.002090454
DENND2B,0.052926533,0.050837245,0.002089288
GALNS,0.023379615,0.021290898,0.0020887163
DAGLB,0.025205275,0.02311865,0.0020866245
SRC,0.024130136,0.022046266,0.0020838697
METTL9,0.0244156,0.022333981,0.0020816177
EMP3,0.024862517,0.02278142,0.0020810962
POLD4,0.022939509,0.020861844,0.0020776652
NAGK,0.023304056,0.021226425,0.0020776317
RBM34,0.03372763,0.031650394,0.0020772368
MIR23AHG,0.029913193,0.027839199,0.002073994
STK25,0.039295036,0.037222877,0.0020721592
DUSP22,0.031698074,0.029626226,0.0020718481
CAPN1,0.084316045,0.082248025,0.0020680204
HELZ,0.023412924,0.02135006,0.0020628646
SARS1,0.033594046,0.03153218,0.0020618662
DNAJB9,0.033313964,0.031254012,0.0020599514
ZBTB4,0.02884313,0.026784942,0.0020581894
TADA3,0.03286412,0.030815333,0.0020487867
MAF1,0.034416877,0.032369174,0.0020477027
PRXL2A,0.051575884,0.04952858,0.002047304
NTAN1,0.028795263,0.026749091,0.0020461716
UBE2Z,0.02772055,0.02567729,0.0020432603
SOX9,0.056931373,0.054895543,0.0020358302
KPNA6,0.023344493,0.021310257,0.0020342357
EEA1,0.02534557,0.023312299,0.002033271
NCK2,0.028897228,0.02686476,0.002032468
B4GALT5,0.030201118,0.028169595,0.0020315237
PRRC2B,0.058330923,0.056300435,0.002030488
CHST15,0.022583123,0.020557052,0.0020260718
DYNLT1,0.0631509,0.061125286,0.0020256117
PMVK,0.02489467,0.022870036,0.0020246338
PHF20L1,0.02461913,0.022595566,0.0020235647
UNC50,0.03396466,0.031941783,0.0020228773
SNX10,0.025976958,0.023955802,0.0020211563
SP3,0.02840473,0.026385538,0.0020191912
RAB6A,0.042874962,0.04085889,0.0020160712
SUN2,0.062178195,0.060162403,0.0020157918
AGRN,0.032469347,0.03045566,0.002013687
BRWD1,0.02579803,0.02378641,0.0020116195
GGNBP2,0.03460961,0.032598037,0.002011571
ENSG00000248973,0.030240767,0.02823722,0.0020035468
SENP5,0.036336415,0.034333672,0.0020027421
RNF141,0.026352491,0.024350427,0.0020020641
SDF2,0.04139582,0.03939552,0.002000302
RPS4Y1,0.11930098,0.11730413,0.001996845
TNIP1,0.02315399,0.021157434,0.0019965563
LINC00511,0.032046314,0.030051403,0.0019949116
RNF19A,0.02928147,0.027287355,0.0019941162
CERT1,0.023776572,0.021783644,0.0019929279
KPNA4,0.05680821,0.05481655,0.0019916594
ZNFX1,0.03201432,0.030022813,0.0019915085
DAP,0.04586485,0.043874335,0.0019905157
IQCG,0.02351538,0.021527946,0.001987435
MACROH2A1,0.097004935,0.09502241,0.001982525
CHMP1A,0.028652301,0.026670096,0.0019822046
NSUN2,0.05903467,0.057052493,0.0019821785
RAPH1,0.023330983,0.021350514,0.0019804686
AIDA,0.051703967,0.04972373,0.0019802377
MS4A19P,0.08207062,0.08009267,0.0019779503
ENSG00000287587,0.03369803,0.031720176,0.0019778535
FAM110A,0.022611178,0.020633759,0.0019774195
MTX2,0.030424414,0.028448422,0.0019759927
ACTR1B,0.036474317,0.03450049,0.0019738264
TUT4,0.03220023,0.030226624,0.0019736048
CHMP5,0.027354183,0.025380798,0.001973385
PIM3,0.04301128,0.041039366,0.0019719154
TSPAN17,0.034595802,0.032625925,0.0019698776
MYO6,0.029990325,0.028020695,0.00196963
MEMO1,0.033327986,0.031360418,0.001967568
SHTN1,0.022666872,0.020700602,0.0019662697
CREB1,0.030566435,0.028601488,0.0019649472
HNRNPA0,0.06492875,0.06296423,0.001964517
AGO4,0.022423675,0.020461882,0.0019617938
DR1,0.061416745,0.05945688,0.001959864
YIF1A,0.04584795,0.043888494,0.0019594543
CLASP1,0.034932118,0.03297877,0.0019533485
RHOQ,0.027754493,0.02580363,0.0019508637
EFHD2,0.058212336,0.0562621,0.0019502379
FKBP8,0.028322337,0.026376072,0.0019462649
RAP1A,0.038037203,0.036091626,0.0019455776
TMEM87B,0.02553961,0.02359832,0.0019412898
TMEM41A,0.035282116,0.033341423,0.0019406937
RSRC2,0.032670364,0.030743405,0.0019269586
GOLGA8B,0.027509362,0.025582854,0.0019265078
KIF1B,0.03073397,0.028809065,0.0019249059
ECPAS,0.054111958,0.052188575,0.0019233823
UBR5,0.03364513,0.031724267,0.001920864
UBE2A,0.063220404,0.06130017,0.0019202344
ZNF131,0.028670056,0.026753068,0.0019169878
PAFAH1B2,0.03216235,0.030246045,0.0019163042
PICALM,0.042327303,0.040411312,0.0019159913
ACTR2,0.05531529,0.053401187,0.0019141026
SLK,0.026421534,0.024512984,0.00190855
LMAN2,0.079072796,0.077171244,0.0019015521
SVBP,0.029126523,0.02722756,0.001898963
SNX13,0.046022885,0.044125006,0.001897879
TRPC4AP,0.033961784,0.032068294,0.0018934906
SLC39A9,0.028886406,0.026994033,0.001892373
ZFC3H1,0.02347177,0.021580053,0.0018917173
SERPINB5,0.30787295,0.3059816,0.0018913448
PARD6G,0.029784346,0.02789539,0.0018889569
ASH1L,0.029122869,0.027234754,0.001888115
RETREG3,0.02827634,0.026391465,0.001884874
MRFAP1,0.044897135,0.04301285,0.0018842854
EP300,0.04475356,0.04287922,0.0018743388
SLC4A2,0.032682173,0.030812146,0.0018700268
PTBP3,0.061977267,0.060110487,0.0018667802
UBE2H,0.044008344,0.042143226,0.0018651187
GPR87,0.029394377,0.027531274,0.0018631034
LPGAT1,0.031715523,0.02985387,0.0018616542
MDM2,0.025134366,0.02327299,0.0018613767
CPD,0.030244013,0.028385445,0.0018585678
TNFRSF21,0.063799165,0.06194149,0.0018576756
INPPL1,0.026241366,0.024383908,0.0018574577
SLC15A4,0.02512947,0.023275472,0.0018539969
JARID2,0.027598882,0.02574516,0.0018537212
MBD1,0.030837797,0.028985985,0.001851812
EIF5A,0.104177065,0.10233211,0.0018449575
ZMIZ2,0.046671867,0.044827156,0.0018447116
TCF3,0.054256216,0.05241307,0.001843147
SEZ6L2,0.024291666,0.022451274,0.0018403921
ATP2A2,0.09573612,0.093897484,0.0018386394
CDK2AP1,0.05155799,0.04972869,0.0018293001
SRRM1,0.03270388,0.030880116,0.0018237643
PANK2,0.028931614,0.027107988,0.0018236265
HEXB,0.03470078,0.032878768,0.0018220134
CELF1,0.051418953,0.049597126,0.0018218271
SLC25A24,0.024608895,0.022787688,0.0018212069
ARHGEF12,0.025816493,0.02399592,0.0018205736
STYX,0.024294013,0.022477526,0.0018164869
CCZ1B,0.034811374,0.032995425,0.0018159486
CUL4A,0.023957605,0.022142181,0.0018154234
C8orf82,0.029021,0.027208224,0.0018127766
PITX1,0.03947092,0.03766128,0.001809638
MAST2,0.024499258,0.022690576,0.0018086825
TMEM179B,0.059238408,0.057433046,0.0018053614
ASAP2,0.025468674,0.023664176,0.0018044971
EWSR1,0.0536394,0.05183814,0.0018012598
PPP1CA,0.06495084,0.063150264,0.0018005744
KLHL7,0.0278735,0.026073474,0.0018000249
KIF1C,0.033150375,0.031352278,0.001798097
ATRAID,0.061709676,0.059913136,0.0017965399
IFITM3,0.21330503,0.21151504,0.0017899871
NUP50-DT,0.022927238,0.02113728,0.0017899573
AMOTL1,0.02323752,0.021451635,0.0017858855
CST3,0.17459817,0.1728157,0.0017824769
ZFYVE9,0.03173914,0.029957172,0.0017819703
GOLPH3,0.05148158,0.04969963,0.0017819479
COPS5,0.033075117,0.03129319,0.0017819256
CAMTA1,0.047214914,0.045437984,0.00177693
NCOR2,0.062561706,0.060785804,0.0017759018
SPTLC1,0.048048917,0.046273477,0.0017754398
GABARAP,0.024194885,0.022419916,0.0017749686
BCAS3,0.028543029,0.026772434,0.0017705951
LTBR,0.024368744,0.02259828,0.0017704647
USP7,0.059986334,0.05821846,0.0017678738
C12orf75,0.07950623,0.07773845,0.0017677844
RNF10,0.030660676,0.028897686,0.0017629899
SMIM26,0.02410868,0.02234806,0.0017606206
TRIP10,0.023984216,0.02222524,0.0017589759
INTS1,0.023140594,0.02138354,0.0017570537
RNF126,0.039782763,0.038027573,0.0017551892
EXOC7,0.022699408,0.02094834,0.001751069
UBA1,0.085224286,0.08347438,0.001749903
IST1,0.03749359,0.035746694,0.0017468967
TMED2,0.14606753,0.14432558,0.0017419457
CCZ1,0.030138642,0.028400611,0.0017380305
ANTXR1,0.02579058,0.024053458,0.0017371215
ADK,0.025144251,0.023407655,0.0017365962
PTPRA,0.030489054,0.028752802,0.0017362516
CAPZB,0.09643301,0.094697624,0.0017353892
RBX1,0.105927,0.10419489,0.001732111
PUS7,0.02700406,0.025275031,0.0017290283
CLK2,0.026699182,0.024973147,0.001726035
FCHSD2,0.024310531,0.022586951,0.0017235801
BAZ1A,0.13376711,0.13205108,0.0017160326
SLAIN2,0.03929305,0.037577085,0.0017159656
PNPLA2,0.037939403,0.03622437,0.0017150342
MYLK,0.023478992,0.021765305,0.0017136876
NXT1,0.033772375,0.032059245,0.0017131306
DNAAF5,0.03330566,0.03159622,0.0017094389
CFAP251,0.03921171,0.037505887,0.0017058216
UBALD2,0.08028454,0.07858643,0.001698114
DHX15,0.041770034,0.04007418,0.0016958527
LTBP3,0.048871424,0.047179416,0.0016920082
AGTRAP,0.028866993,0.027176436,0.0016905572
FCF1,0.024939649,0.023249779,0.0016898699
AUTS2,0.023684382,0.021995084,0.0016892981
POGZ,0.029520757,0.02783183,0.0016889274
UGP2,0.023148935,0.021461274,0.0016876608
RFTN1,0.027909204,0.026223661,0.001685543
SMOC1,0.04127673,0.03959371,0.0016830191
RIC8A,0.024131311,0.02245549,0.0016758218
TRIP12,0.043839443,0.042165145,0.0016742982
GYS1,0.024968758,0.02329456,0.0016741976
KDM2A,0.052793305,0.051119644,0.0016736612
BTBD1,0.025670318,0.024001377,0.0016689412
PRELID3B,0.03605592,0.034389134,0.0016667843
TNPO2,0.033008568,0.031342354,0.0016662143
PIP5K1A,0.023355495,0.021689637,0.0016658586
BCL2L1,0.030819057,0.02915371,0.0016653463
GNAL,0.026045693,0.02438198,0.0016637128
C11orf58,0.033649594,0.031989634,0.0016599596
RTKN,0.02283191,0.02117211,0.0016597994
WTAP,0.078593194,0.076933734,0.0016594604
AEBP1,0.03959588,0.037938498,0.0016573817
CCDC50,0.029900864,0.028244158,0.0016567055
APMAP,0.07438297,0.072726615,0.0016563535
ENSG00000263244,0.026284631,0.024634665,0.0016499665
NDUFB4,0.07394144,0.0722925,0.0016489401
PPP1R12C,0.025415832,0.023766957,0.001648875
RIN2,0.03155143,0.02990354,0.0016478878
MYL9,0.032666862,0.031021563,0.0016452987
GSK3B,0.03584967,0.034206185,0.0016434863
ZZZ3,0.026038049,0.024396174,0.0016418751
YME1L1,0.043211535,0.04157275,0.001638785
PITPNB,0.047021594,0.045389775,0.0016318187
WDR72,0.032475807,0.030844416,0.0016313903
UBE2Q1,0.058346342,0.056716148,0.0016301945
AKR1B10,0.034710098,0.033080872,0.0016292259
UHMK1,0.060963783,0.059335794,0.0016279891
COPZ1,0.07157689,0.06995035,0.0016265437
CHASERR,0.02889491,0.027272819,0.001622092
BCL2L13,0.03239426,0.030786455,0.0016078055
CD164,0.04392181,0.042316776,0.0016050339
NFATC2IP,0.030084824,0.02848074,0.0016040839
IAH1,0.032637637,0.031034628,0.0016030092
TMEM9,0.03227967,0.030677719,0.0016019512
PHACTR4,0.040645074,0.03904369,0.0016013831
LFNG,0.022518385,0.020921763,0.0015966222
MAVS,0.024289781,0.0226936,0.0015961807
DENR,0.044824176,0.043229666,0.0015945099
RBPJ,0.029885266,0.028293045,0.0015922207
GGA1,0.023330787,0.021738706,0.001592081
IRF2BPL,0.03101598,0.029426169,0.0015898105
SSH1,0.023221329,0.021633098,0.001588231
ENSG00000260877,0.039743334,0.038157057,0.001586277
MARK1,0.02773717,0.026152484,0.0015846863
CDIPT,0.040838145,0.039254215,0.0015839301
TMEM219,0.074440375,0.072856955,0.0015834197
ACP5,0.038475588,0.03689267,0.0015829168
ODF2L,0.026643379,0.02506121,0.001582168
PSMF1,0.04809355,0.046511814,0.0015817359
PSMD9,0.026020806,0.024443971,0.0015768353
GINM1,0.02564384,0.024070706,0.0015731342
S100A13,0.03461611,0.033043966,0.0015721433
NRAS,0.027027618,0.025459148,0.0015684702
DUSP1,0.02558652,0.024018738,0.001567781
DCAF6,0.024202703,0.022636376,0.0015663262
RNF114,0.032574907,0.031008719,0.0015661884
SETX,0.024041364,0.022477321,0.0015640426
ATP11B,0.026844135,0.025280919,0.0015632156
SKI,0.04680231,0.045246117,0.0015561916
SRSF7,0.060842283,0.059289776,0.0015525073
YWHAB,0.18552513,0.18397988,0.0015452504
MYO19,0.022553276,0.021011911,0.0015413649
TMEM256,0.029725837,0.028185965,0.0015398711
PPP3CA,0.030657206,0.02911804,0.0015391652
TRIM16,0.024842147,0.023305243,0.0015369039
MRPL55,0.027304236,0.02576737,0.0015368666
C11orf80,0.029045992,0.027509281,0.0015367102
WDR5,0.022590963,0.021058898,0.0015320648
MKNK1,0.025758652,0.02422779,0.0015308615
TUBB2A,0.04643079,0.04490023,0.0015305579
PHF14,0.037118804,0.035588477,0.0015303269
ATP6V1B2,0.029357782,0.02782761,0.0015301723
CEP170B,0.025705805,0.024176871,0.0015289336
SCP2,0.054758172,0.05323102,0.001527153
PGM2,0.0251197,0.023603875,0.0015158243
MRPL37,0.048710477,0.047195684,0.0015147924
HTRA1,0.03768486,0.03617048,0.0015143827
RNF135,0.024653718,0.023140775,0.0015129428
SUZ12,0.026112193,0.024603002,0.0015091915
PPIG,0.032326207,0.030821363,0.001504844
RALY,0.052078042,0.050573878,0.0015041642
CARM1,0.028880991,0.027381048,0.0014999434
SLC20A2,0.047247693,0.04574978,0.0014979132
PTPA,0.029784577,0.028287983,0.0014965944
BAD,0.026746199,0.025250392,0.0014958065
TSG101,0.029489636,0.028001085,0.0014885515
TNPO3,0.02587496,0.02438763,0.0014873296
BRD2,0.045683168,0.044196703,0.0014864653
CHPF,0.029535608,0.028051425,0.0014841836
TMED7,0.028343111,0.026859341,0.0014837701
TMCC1,0.02533949,0.023858998,0.0014804918
IFI6,0.07822806,0.07674773,0.001480326
IGSF8,0.0334396,0.031960703,0.0014788955
BEX3,0.037456118,0.03597839,0.0014777258
YWHAH,0.08479311,0.08331554,0.0014775768
RPS19BP1,0.04705158,0.045575485,0.0014760941
TSR3,0.041429177,0.039957423,0.0014717542
TXNDC9,0.022393083,0.020922352,0.0014707316
CREBZF,0.02515136,0.02368078,0.0014705807
STRN4,0.04633013,0.04486587,0.0014642626
SEC11A,0.042552724,0.041094888,0.0014578365
FAM114A1,0.023007333,0.021551412,0.0014559217
C11orf24,0.03022259,0.028766964,0.0014556255
BNIP2,0.029390702,0.027937142,0.0014535598
SLC9A3R1,0.03212368,0.030670164,0.001453517
ZDHHC9,0.030321212,0.028874686,0.0014465265
KAT6A,0.04274181,0.04129676,0.0014450476
SPPL2A,0.031658255,0.030216413,0.001441842
UBXN4,0.02551603,0.024075214,0.0014408156
RTCA,0.030976612,0.029536752,0.0014398601
VPS35,0.03935156,0.037913688,0.0014378726
ESYT1,0.028744183,0.027313871,0.0014303122
ATP6V0E1,0.11718878,0.115762755,0.0014260262
HDGFL3,0.024124306,0.022702338,0.0014219675
ADRM1,0.023405917,0.021995088,0.0014108289
HNRNPC,0.1446635,0.14325315,0.0014103502
PRKAR2A,0.028827107,0.027418256,0.0014088508
ANKIB1,0.024011726,0.022606473,0.0014052521
SPG7,0.025937572,0.02453466,0.0014029127
MSC-AS1,0.024581898,0.02318314,0.0013987571
PPIC,0.037958317,0.036560785,0.0013975315
CANT1,0.027448632,0.026051978,0.0013966542
EMC6,0.0434155,0.042020522,0.0013949797
EVI5,0.0235825,0.022187794,0.0013947058
RBM5,0.030463453,0.029071644,0.0013918094
ABL1,0.03646416,0.035072662,0.0013914965
CHD3,0.024865653,0.023479795,0.0013858583
ATG12,0.023885429,0.022499714,0.0013857149
CYTH2,0.02774922,0.026371835,0.0013773851
PDAP1,0.036195416,0.034822382,0.001373034
YES1,0.03456225,0.03319081,0.0013714395
NXF1,0.023529071,0.022159023,0.0013700482
BPTF,0.029813355,0.028447067,0.0013662875
RASGEF1A,0.022690529,0.021328112,0.0013624169
PIGT,0.045203537,0.043842155,0.0013613813
RC3H2,0.022222538,0.020866955,0.0013555828
EAPP,0.038881272,0.037526533,0.0013547391
SPON2,0.032935556,0.031582415,0.0013531409
DAB2IP,0.025942422,0.024589632,0.0013527907
SLBP,0.024091238,0.022738483,0.0013527554
ERGIC1,0.045209967,0.043863554,0.001346413
MCMBP,0.023210037,0.021865202,0.0013448354
SENP2,0.022936858,0.021592349,0.0013445094
PSMB5,0.042165298,0.04082165,0.0013436489
TRIM47,0.059268612,0.05793678,0.0013318323
KHDC4,0.03149986,0.03016811,0.0013317484
TAOK3,0.031058736,0.029727217,0.0013315193
TMEM165,0.03253472,0.031206476,0.001328243
RAB3IP,0.024408588,0.023081247,0.0013273414
SRP68,0.032528374,0.031203728,0.0013246462
NFE2L2,0.034395978,0.033074573,0.0013214052
TMCO1,0.04275106,0.041430503,0.0013205558
RNF220,0.05802635,0.056705844,0.0013205074
WDR75,0.029864844,0.028546767,0.0013180766
SBNO1,0.023442889,0.022125792,0.0013170969
RARS1,0.024709472,0.023395324,0.0013141483
NAA30,0.026310993,0.024997063,0.0013139304
DPM1,0.025866125,0.024552628,0.0013134964
SPEN,0.030951988,0.029643593,0.0013083946
MALT1,0.027098402,0.025792342,0.0013060607
GNPNAT1,0.029511426,0.028205398,0.0013060272
ANAPC16,0.03549338,0.03418849,0.001304891
RRP7A,0.0358641,0.034560557,0.0013035424
BRMS1,0.027106065,0.02580374,0.0013023261
CUL3,0.03208471,0.030783677,0.0013010334
FLII,0.031862862,0.030565094,0.0012977682
EIF3E,0.10007874,0.098781385,0.0012973547
ADSS2,0.03405358,0.032762285,0.0012912937
TRIP6,0.03307449,0.031784873,0.0012896173
FNTA,0.04487852,0.04358972,0.0012888014
METTL5,0.04043478,0.039146546,0.0012882352
DAD1,0.043995157,0.04270725,0.0012879074
RNF34,0.02368168,0.022400225,0.0012814552
MUC20-OT1,0.029778255,0.0284984,0.0012798551
TMEM11,0.024204854,0.022930957,0.0012738965
PSMA7,0.12694423,0.12567092,0.0012733042
RALGAPB,0.025021782,0.023748683,0.0012730993
GOLGB1,0.024857443,0.023585515,0.0012719277
CAPN15,0.031540506,0.03026869,0.001271816
MFSD1,0.026449848,0.025178662,0.0012711864
ATP6AP1,0.06538146,0.06411427,0.0012671873
SNRPB,0.13508622,0.13382319,0.0012630373
YTHDF3,0.036977217,0.0357145,0.001262717
RANBP2,0.038741123,0.037480023,0.0012611002
HSPA1A,0.065857455,0.06460013,0.0012573227
TTL,0.046290003,0.045034133,0.0012558699
TM9SF3,0.069517896,0.06826993,0.0012479648
FUBP1,0.027306737,0.026060518,0.0012462195
PSMD5,0.024158817,0.022913894,0.0012449231
ARL2,0.023186505,0.021944845,0.0012416597
PINK1,0.026039962,0.024798483,0.0012414791
BRD9,0.030732647,0.029491458,0.0012411885
KLF16,0.033539876,0.032299273,0.0012406036
MYOF,0.025511418,0.024271658,0.0012397598
AGPS,0.025259126,0.024019664,0.0012394618
HIPK3,0.038138885,0.036900923,0.0012379624
NCLN,0.024476362,0.023238659,0.0012377035
RPL22L1,0.036944672,0.035710547,0.0012341253
TSKU,0.02167926,0.020448886,0.001230374
TFAP2C,0.0563951,0.05516725,0.0012278482
ICE1,0.02870118,0.027473543,0.0012276378
RNF44,0.024826603,0.023599548,0.0012270547
ZRANB2,0.05261979,0.051395275,0.0012245141
FAF2,0.02813367,0.026911717,0.001221953
COP1,0.041300047,0.040082365,0.0012176819
SURF4,0.056249384,0.055032074,0.0012173094
COA6,0.030724054,0.0295107,0.001213355
SUCO,0.027130138,0.02591962,0.0012105182
ATG101,0.024042195,0.022832517,0.0012096781
RAB34,0.038487542,0.03727791,0.0012096316
PRMT2,0.04549839,0.0442897,0.0012086891
NT5DC2,0.02878827,0.02758047,0.0012078006
ABHD17A,0.023340194,0.022133194,0.0012069996
DGCR2,0.031316124,0.030111892,0.0012042318
MAPKAP1,0.030598028,0.029394047,0.0012039803
ZFAND6,0.034253348,0.033050228,0.0012031198
ST14,0.03816883,0.0369692,0.0011996292
SLC29A1,0.023891553,0.022693153,0.0011983998
MESD,0.037413105,0.036220714,0.0011923909
ESRP1,0.027193297,0.026001323,0.0011919737
CCNQ,0.026799586,0.025608335,0.001191251
RUFY1,0.038135245,0.036945138,0.0011901073
ARFGEF2,0.025857072,0.024669137,0.0011879355
OSBPL8,0.025395839,0.024208235,0.0011876039
SELENOK,0.038652197,0.037464608,0.001187589
DMWD,0.025236186,0.024051018,0.0011851676
GOSR1,0.02584044,0.024655893,0.0011845473
SERPINB6,0.023944022,0.022759872,0.0011841506
C2orf69,0.03126532,0.030081963,0.0011833552
RPL6,0.11942083,0.11823866,0.0011821687
KCTD15,0.025531093,0.024350444,0.0011806488
GPBP1,0.028980654,0.02780049,0.0011801645
PGRMC2,0.030314075,0.029135153,0.0011789221
BAK1,0.031627513,0.030449064,0.001178449
STAT6,0.04937421,0.048196204,0.0011780076
KAZN,0.022953406,0.02177655,0.0011768565
SNX1,0.023206642,0.022031723,0.0011749193
RPS7,0.17070271,0.16952781,0.001174897
BTBD2,0.037570216,0.036398813,0.0011714026
MZT2B,0.08447434,0.083303235,0.0011711046
FTX,0.02810141,0.026930561,0.0011708494
DERL1,0.048030872,0.046861097,0.0011697747
SMAD5,0.022921108,0.02175255,0.0011685584
ACIN1,0.026428923,0.025262559,0.0011663642
AKIRIN2,0.027915146,0.02675383,0.0011613164
GRN,0.23406044,0.232902,0.0011584312
GTSF1,0.038199563,0.037043076,0.0011564866
SFXN1,0.022060694,0.020907927,0.0011527669
TIAL1,0.029571008,0.028424306,0.0011467021
ESRRA,0.029863274,0.028720994,0.0011422802
AFF1,0.03104131,0.029899398,0.0011419114
ADGRG1,0.03788723,0.036745533,0.0011416972
ENSG00000230021,0.031800296,0.030660527,0.0011397693
FIBP,0.064144716,0.06300836,0.0011363551
SRP19,0.03542324,0.034287855,0.0011353865
HDLBP,0.08123188,0.08009656,0.0011353195
SLC24A3,0.033185285,0.032050226,0.0011350587
MID1IP1,0.025465146,0.024337249,0.0011278968
MMADHC,0.03470876,0.033581205,0.001127556
GARS1,0.05376544,0.052638546,0.0011268929
AAK1,0.03295042,0.031825468,0.001124952
ARFGEF1,0.028270198,0.027146192,0.0011240058
SEPTIN2,0.08910391,0.087980494,0.0011234134
CXXC1,0.026382275,0.025260419,0.0011218563
PLXNA1,0.046387475,0.04526816,0.0011193156
SMC6,0.021732934,0.020614542,0.0011183918
DHX33,0.022705335,0.021587119,0.0011182167
SON,0.06933004,0.06821344,0.0011165962
MED8,0.037821136,0.03670478,0.0011163577
TMEM131,0.031447824,0.030332763,0.0011150613
NAA20,0.051133633,0.05002006,0.0011135712
PDXK,0.03969838,0.038585324,0.0011130571
PLPP1,0.03147289,0.030360233,0.0011126585
PPP4R3B,0.03149196,0.030380823,0.0011111386
TMEM185B,0.023895651,0.02278506,0.001110591
UQCRC1,0.024416491,0.023307163,0.0011093281
ISCA1,0.026461635,0.025353035,0.0011085998
IPO8,0.039266217,0.038164508,0.0011017099
CAMKK2,0.023699384,0.02259815,0.0011012349
NEDD4L,0.027462278,0.026363181,0.0010990966
C6orf62,0.06585723,0.06475845,0.0010987818
AMZ2,0.04086356,0.039769866,0.0010936931
HSPH1,0.105523005,0.10443146,0.0010915473
ESD,0.024111072,0.023020547,0.0010905247
ARID1B,0.046200026,0.04511224,0.0010877848
NDFIP1,0.07030727,0.06922035,0.0010869205
ROCK2,0.024866968,0.023784557,0.001082411
PPP6C,0.02988077,0.028799744,0.0010810252
KXD1,0.021494726,0.020417815,0.0010769106
CMTM6,0.049014345,0.047938414,0.0010759309
PTGES3,0.092893235,0.09181813,0.0010751039
COA3,0.035854865,0.034780566,0.0010742992
SUMF2,0.05364506,0.052573264,0.0010717958
FBXO25,0.032727603,0.031656142,0.0010714605
MRPL14,0.03413132,0.03306109,0.0010702275
BTBD6,0.03234101,0.03127232,0.0010686927
MTCH2,0.02906918,0.028007941,0.0010612383
MMP9,0.029904444,0.02884325,0.0010611936
MKRN1,0.028396877,0.02733681,0.0010600667
NFIA,0.04283245,0.04177666,0.0010557882
POLE4,0.03898564,0.03793175,0.0010538884
NUP50,0.03929436,0.038241692,0.0010526665
ANXA7,0.024481233,0.02343287,0.0010483637
PTEN,0.038070135,0.03702291,0.0010472238
SF3A3,0.034747217,0.03370303,0.0010441877
LAMTOR5,0.07912439,0.078081764,0.0010426268
ARL6IP1,0.089475065,0.08843305,0.0010420159
RTF2,0.039239552,0.0381985,0.001041051
EIF4EBP2,0.035105936,0.03406732,0.0010386147
ELF4,0.028343532,0.02730496,0.0010385718
EIF4H,0.05981176,0.058776118,0.0010356419
EMILIN2,0.024641061,0.023606231,0.0010348298
ADNP,0.05078156,0.04974696,0.0010345988
TIMP2,0.054673795,0.05363976,0.0010340363
EPHX1,0.03297372,0.03194641,0.0010273121
CYTH1,0.024888977,0.023861945,0.0010270327
TMEM138,0.034878183,0.033851624,0.0010265596
BOD1,0.02839095,0.027367325,0.0010236241
SAMD4B,0.032901026,0.03187906,0.0010219663
SVIL,0.043780304,0.042758487,0.0010218173
LAMTOR1,0.08875798,0.08773845,0.00101953
EMD,0.050259616,0.049240395,0.0010192208
ZNF638,0.02751389,0.026494712,0.001019178
LARP4B,0.025321461,0.024302421,0.0010190401
RTF1,0.031277537,0.030259792,0.0010177456
PRKRA,0.035834786,0.034818456,0.00101633
RANGAP1,0.039532833,0.038518257,0.0010145754
ENTR1,0.027336428,0.026327694,0.0010087341
EIF2S1,0.03540091,0.034392774,0.0010081343
TSNAX,0.026684577,0.025682164,0.0010024123
SF3B6,0.038476266,0.037481755,0.000994511
LYPLA2,0.039081044,0.038087156,0.0009938888
TWF1,0.02663089,0.025637116,0.0009937733
CYC1,0.047375824,0.046389356,0.000986468
METTL17,0.040023502,0.03903816,0.000985343
ZNF207,0.08779284,0.08680764,0.0009852052
ATP6V1F,0.058417886,0.05743497,0.0009829178
SMCHD1,0.033295922,0.032314688,0.000981234
STING1,0.036941666,0.035963085,0.0009785816
RNF139,0.03259668,0.031618726,0.0009779558
CEP350,0.02646675,0.025491484,0.0009752661
MAP3K7,0.021643186,0.02067171,0.0009714756
TCFL5,0.021720132,0.020749064,0.0009710677
YIPF1,0.022326065,0.021356475,0.0009695906
RPS6KB2,0.031686008,0.030716456,0.0009695515
DDX56,0.024857907,0.023889616,0.0009682905
CTSA,0.035927325,0.034960724,0.0009666011
N4BP1,0.041187253,0.04022164,0.0009656139
POMGNT1,0.031534977,0.030572165,0.00096281245
MFF,0.037647154,0.036684733,0.0009624213
ITGB1BP1,0.037448213,0.036486134,0.0009620786
ATP6V1C1,0.025190629,0.02423135,0.000959279
COMMD5,0.02471775,0.023761593,0.0009561572
SCAF11,0.058509607,0.057553522,0.0009560846
ZNF593,0.022646196,0.021690309,0.00095588714
MRPL57,0.021814605,0.020858796,0.0009558089
SPTAN1,0.061759185,0.06080721,0.0009519756
ATXN10,0.056838345,0.055891503,0.00094684213
BROX,0.023644594,0.02269931,0.00094528496
TMEM181,0.023661826,0.022717044,0.00094478205
HR,0.04457899,0.04363445,0.00094454363
PYGO2,0.02702159,0.026078038,0.0009435527
ZMYM4,0.027658165,0.026716677,0.00094148703
NCOA6,0.025930788,0.02499152,0.0009392686
CIAO2B,0.025873855,0.024937285,0.00093656965
FAF1,0.04658008,0.045647006,0.00093307346
DYNC1LI2,0.056051135,0.055118803,0.0009323321
COMMD4,0.023422476,0.022492273,0.0009302031
TPR,0.02753731,0.026607629,0.0009296816
FOXK2,0.03145392,0.030524733,0.0009291861
TMEM70,0.03240511,0.031477053,0.0009280555
CAND1,0.041420266,0.040492475,0.000927791
NAP1L4,0.030119928,0.02919351,0.00092641823
MRPL42,0.022408431,0.021486254,0.000922177
MOB4,0.035112612,0.034192618,0.00091999397
TFCP2,0.02600402,0.025085175,0.0009188447
TMEM14A,0.038565025,0.03764639,0.00091863424
TLE3,0.026848681,0.025931593,0.00091708824
GFUS,0.051305868,0.05039116,0.0009147078
BRD4,0.05250421,0.051591873,0.0009123385
ASCC2,0.026891032,0.025981218,0.0009098146
NEK9,0.022750124,0.021844506,0.0009056181
DGUOK,0.038297344,0.037392974,0.0009043701
RAB3GAP1,0.025966225,0.025062611,0.00090361387
XPO6,0.027547734,0.026644839,0.0009028949
IER5L,0.02782384,0.026922967,0.00090087205
ERICH1,0.028767107,0.027869673,0.0008974336
SEPTIN9,0.08605156,0.08515694,0.000894621
LMF2,0.026846709,0.025955489,0.0008912198
MCRIP1,0.026058005,0.025167923,0.00089008175
RNF181,0.02974337,0.028857186,0.00088618323
KLC1,0.03196582,0.031079916,0.000885902
MIEN1,0.024915447,0.024030987,0.0008844603
PNRC2,0.0298855,0.029001642,0.00088385865
NUMBL,0.022221113,0.021339323,0.00088178925
ARMC1,0.022705402,0.02183211,0.00087329186
TCEA1,0.03091823,0.030045254,0.0008729752
CYB561A3,0.027366934,0.02649416,0.00087277405
TPP1,0.043737166,0.042866725,0.00087044016
HES4,0.027974688,0.027104504,0.0008701831
TBRG4,0.038217217,0.037350725,0.00086649135
ZC3H3,0.042834133,0.04197044,0.00086369365
BCLAF1,0.033587486,0.032723993,0.0008634925
KLHL5,0.026436869,0.025573583,0.00086328574
TTC19,0.024566043,0.023704575,0.0008614678
SMIM14,0.022976438,0.022115123,0.00086131506
RAB5B,0.061247114,0.060387813,0.00085930154
GTF2H5,0.03345186,0.032593913,0.00085794553
TMEM238,0.04764429,0.046786577,0.00085771456
SREK1,0.02263172,0.021774553,0.00085716695
VBP1,0.033071328,0.032214455,0.00085687265
WASHC5,0.027720176,0.026863439,0.0008567367
TMED5,0.035629816,0.03477427,0.00085554644
UTP6,0.023762202,0.022907287,0.000854915
COL6A1,0.075855866,0.07500167,0.00085419416
PFDN4,0.023456825,0.02260323,0.0008535944
IP6K2,0.022506809,0.02165466,0.000852149
SETBP1,0.02697656,0.026124995,0.0008515641
ENSG00000285108,0.022729065,0.021878432,0.0008506328
RANBP1,0.066797264,0.06594665,0.00085061044
PRR14L,0.026477069,0.025627324,0.0008497443
ATF6,0.024951862,0.024111,0.00084086135
PSME4,0.028711103,0.02787266,0.00083844364
GM2A,0.038235817,0.037397984,0.0008378327
GTF2A2,0.040233195,0.039396513,0.0008366816
MZT2A,0.034140967,0.03330811,0.0008328557
DNAJA4,0.025335167,0.024502913,0.00083225407
CAVIN1,0.105961874,0.10513199,0.0008298829
IL15RA,0.026263246,0.02543494,0.0008283071
ARMC10,0.025532348,0.024706068,0.00082628056
SPSB3,0.024055779,0.023231663,0.00082411617
PPHLN1,0.034509774,0.033686817,0.0008229576
NSFL1C,0.037376527,0.03655459,0.0008219369
NUP133,0.030535255,0.029716507,0.000818748
SLC25A36,0.027120106,0.026303038,0.0008170679
TTC3,0.033262916,0.032445945,0.00081697106
YIPF3,0.039448965,0.03863351,0.00081545487
IMP4,0.026719198,0.025905099,0.00081409886
MRPL17,0.023865376,0.023053922,0.0008114539
SELENOS,0.046549574,0.045745805,0.00080376863
RPL5,0.1973848,0.19658472,0.00080008805
RNH1,0.035952784,0.035157293,0.00079549104
CTNNB1,0.087097235,0.086304575,0.0007926598
CDH1,0.038363047,0.037570763,0.00079228356
SLFN5,0.032616507,0.031830095,0.0007864125
FBRS,0.024746032,0.02395971,0.0007863231
SNHG17,0.026617462,0.025832936,0.00078452565
BTG2,0.0262188,0.025435947,0.000782853
PKP4,0.028440828,0.027658474,0.0007823538
POLR2K,0.048882708,0.04810095,0.0007817596
SBDS,0.03465634,0.03387635,0.0007799901
MX2,0.044231728,0.043452777,0.00077895075
NUP153,0.028011482,0.027234705,0.00077677704
SARAF,0.054982983,0.05420735,0.0007756315
PPIE,0.040129613,0.039354693,0.00077492
CNOT6,0.029642018,0.028868757,0.00077326037
BECN1,0.043976508,0.04320875,0.00076775625
UBP1,0.030335125,0.029568812,0.0007663127
CBX4,0.02516749,0.024405852,0.00076163746
EIF2AK1,0.095399894,0.09463884,0.00076105446
ETFA,0.02388559,0.023124656,0.0007609334
PRAME,0.022221753,0.021463333,0.0007584207
CCDC47,0.03385812,0.033100385,0.0007577352
PSMG2,0.032842834,0.0320853,0.00075753406
MIER1,0.0328732,0.032119974,0.0007532239
PPP2R2A,0.034202375,0.03345465,0.00074772537
HCP5,0.023648368,0.022902474,0.0007458944
B4GALT2,0.05253727,0.051796194,0.0007410757
CSNK1D,0.029601038,0.028865352,0.00073568523
AGAP3,0.032248043,0.03151295,0.0007350929
ORC2,0.022577854,0.021848317,0.00072953664
CDC25B,0.057713937,0.056984663,0.000729274
RPS6KA4,0.02678243,0.026054371,0.00072805956
SAR1A,0.03597485,0.035247345,0.0007275045
SLC39A4,0.026159812,0.025432553,0.0007272586
WDR36,0.023020817,0.02229689,0.00072392635
ENSG00000291186,0.027312463,0.026590094,0.0007223692
UBC,0.22601016,0.22529429,0.0007158667
SUPT5H,0.038678046,0.03796253,0.0007155165
NUP42,0.02816762,0.027453959,0.0007136613
NIFK,0.034152407,0.03344008,0.00071232766
CFDP1,0.022259021,0.021551382,0.0007076394
CTBP2,0.026973445,0.02626642,0.0007070247
IFI27L2,0.031985752,0.03128217,0.0007035807
OCIAD1,0.045610275,0.04491215,0.00069812685
LRRC58,0.02756435,0.026868584,0.0006957669
NCOA4,0.03152153,0.03083128,0.0006902497
YY1,0.05795521,0.057269335,0.0006858744
CDC37,0.058071364,0.057387616,0.00068374723
RUBCN,0.023995815,0.023314303,0.00068151206
EIF1AX,0.030971132,0.030292315,0.0006788168
ERBIN,0.030623404,0.029945692,0.00067771226
MRPS35,0.12012343,0.11944654,0.0006768927
ITPR2,0.04925614,0.048579447,0.00067669153
SLC30A9,0.0269901,0.026315385,0.00067471527
DYRK1A,0.025500035,0.024827883,0.00067215227
RAE1,0.028063437,0.027391873,0.00067156367
NCBP2AS2,0.03818739,0.03751596,0.0006714277
SAMD9,0.021759158,0.021089101,0.0006700568
ZDHHC7,0.025147693,0.02447813,0.0006695632
TCERG1,0.030038262,0.029373262,0.0006649997
DNAJC5,0.03192905,0.03126602,0.0006630309
PRDX3,0.023782467,0.02312284,0.00065962784
CPSF7,0.03525675,0.034597505,0.000659246
LUC7L3,0.05205419,0.05139576,0.00065843016
UQCR10,0.10345872,0.10280247,0.00065624714
LARP4,0.029242905,0.028586898,0.00065600686
DROSHA,0.03658598,0.03593587,0.00065010786
VPS72,0.02378715,0.023137541,0.0006496087
COX7A2L,0.044577185,0.043928873,0.00064831227
HACD3,0.041087374,0.040440388,0.00064698607
PRKCA,0.028705131,0.028060371,0.0006447602
DCTN2,0.04815417,0.047510162,0.00064400956
SNAP29,0.022268279,0.021629507,0.0006387718
ANP32A,0.037484583,0.036847692,0.00063689053
RASAL2,0.041989245,0.04135293,0.0006363131
ADAM15,0.02789602,0.027262788,0.0006332323
CHST11,0.032309245,0.031676088,0.0006331578
GPR176,0.023291912,0.022658937,0.00063297525
RSL24D1,0.028698966,0.028066881,0.0006320849
C5orf22,0.022860182,0.022228109,0.00063207373
HPRT1,0.02583639,0.025205476,0.0006309133
DNAJC15,0.03767377,0.03704543,0.000628341
IFNGR1,0.049947415,0.049319733,0.0006276816
RING1,0.025503503,0.024876505,0.000626998
NSMAF,0.025740707,0.02511734,0.0006233677
RABAC1,0.0323389,0.03171673,0.0006221682
PATL1,0.038332105,0.03771408,0.00061802566
VDAC3,0.06207181,0.061455354,0.0006164573
TRIM8,0.023704302,0.023087904,0.0006163977
BAZ2A,0.025151564,0.02453883,0.0006127339
RAB5IF,0.034212444,0.03360015,0.00061229244
PHIP,0.03826812,0.037657104,0.00061101466
ACP1,0.039439503,0.038829662,0.0006098412
AP3B1,0.022825632,0.022215977,0.00060965493
SMIM22,0.023990396,0.023381157,0.00060923956
SPG21,0.051441148,0.050833274,0.00060787424
PTPN11,0.032558966,0.03195331,0.0006056577
GNG5,0.052084997,0.05148123,0.000603769
AIMP2,0.0480484,0.047445852,0.0006025471
GTF3C3,0.023609329,0.023007367,0.0006019622
STAT3,0.04189973,0.041301664,0.00059806556
EIF5B,0.06012584,0.0595357,0.00059013814
MIR4458HG,0.047900304,0.047317557,0.00058274716
KIF3B,0.025332298,0.024755223,0.0005770754
PSMD10,0.023233784,0.022656841,0.00057694316
PSMD14,0.046762332,0.04618665,0.000575684
IDH2,0.024295859,0.023720304,0.0005755555
DESI1,0.021736847,0.021162,0.0005748477
ISG20L2,0.021230094,0.020656826,0.00057326816
OPA1,0.03914343,0.038572162,0.0005712658
GSN,0.062004607,0.06143601,0.0005685985
ZC3H15,0.024629094,0.024060518,0.00056857616
PRPF19,0.04307586,0.042508297,0.0005675629
RPL36A,0.021916261,0.021351052,0.0005652085
RNF4,0.025062567,0.024498755,0.0005638115
GPR107,0.025691435,0.02512918,0.00056225434
MTDH,0.10183637,0.10127438,0.00056198984
DTD1,0.030275596,0.029715639,0.0005599577
ELP5,0.032294057,0.031734377,0.00055968016
THOC3,0.023826227,0.02326689,0.00055933744
SNAPIN,0.023549844,0.022990556,0.00055928715
DIDO1,0.02366539,0.023106158,0.0005592331
SERINC5,0.03041086,0.029853465,0.0005573947
GDE1,0.023448393,0.022891186,0.0005572066
VPS4A,0.027278928,0.026725153,0.0005537756
RHBDF2,0.022209711,0.021656241,0.0005534701
BOP1,0.027168743,0.026616726,0.00055201724
BBLN,0.025865657,0.025316335,0.000549322
SBF1,0.022895485,0.022346396,0.00054908916
OSTC,0.05536854,0.054820858,0.000547681
PMPCB,0.021310663,0.020764638,0.0005460251
ATP6AP2,0.07153318,0.070987955,0.00054522604
PRKAR1A,0.101765275,0.10122682,0.00053845346
TOP1,0.046114653,0.045576405,0.00053824857
PCYT1A,0.033482164,0.03294423,0.00053793564
ADO,0.021947514,0.021412816,0.00053469837
AFG3L2,0.04004912,0.03951676,0.0005323626
ZCRB1,0.022344045,0.021812787,0.00053125806
ANKRD11,0.022978883,0.022447655,0.00053122826
ORMDL2,0.038786255,0.03825545,0.00053080544
EHD4,0.027820041,0.027292535,0.0005275067
NAXE,0.050280064,0.049754053,0.000526011
TTLL12,0.025505412,0.024979614,0.00052579865
MTHFD1L,0.025938114,0.02541331,0.000524804
CHURC1,0.023940662,0.02341609,0.00052457117
PSMD13,0.03144767,0.030924985,0.00052268617
MRPL27,0.0256408,0.025119368,0.0005214326
WBP2,0.035545886,0.035025604,0.0005202815
FAM172A,0.025218686,0.024698552,0.00052013434
R3HDM2,0.024872229,0.0243526,0.0005196277
KRT80,0.03159857,0.031079378,0.0005191937
VCL,0.064049296,0.063530274,0.00051902235
COA1,0.024187436,0.023672087,0.0005153492
NAE1,0.022012882,0.021499075,0.00051380694
BLVRB,0.023058988,0.0225477,0.00051128864
TMEM132A,0.023930352,0.023422731,0.0005076211
YARS1,0.02862374,0.028116835,0.000506904
TMEM106C,0.024559645,0.024053542,0.00050610304
DPY30,0.029386614,0.028881669,0.0005049445
NPDC1,0.028878279,0.02838417,0.00049410947
POLR2J,0.041791495,0.04129898,0.0004925132
RHOG,0.035369586,0.0348777,0.00049188733
VPS26A,0.023611372,0.023121232,0.00049014017
MLF2,0.06883279,0.06834963,0.0004831627
SCOC,0.022466768,0.021984667,0.000482101
NUDC,0.035786793,0.035305277,0.00048151612
WIZ,0.024858518,0.0243811,0.0004774183
GRIN2D,0.022862017,0.022385005,0.00047701225
NDUFC2,0.022074556,0.021600893,0.0004736632
NADK,0.022960098,0.02248644,0.00047365762
PHPT1,0.033080626,0.032610044,0.0004705824
PITHD1,0.028705502,0.028237011,0.00046849065
ASXL1,0.025440775,0.024974287,0.0004664883
SMAD4,0.02265289,0.02218946,0.00046342984
MRPL51,0.059150644,0.058691353,0.00045929104
ENSG00000223393,0.021618005,0.02116141,0.0004565958
RPF1,0.023231488,0.022775892,0.00045559555
GLUL,0.04576538,0.045318592,0.00044678897
PIGX,0.03906779,0.038621277,0.0004465133
CCDC6,0.027621482,0.02717584,0.00044564158
EMC10,0.06881876,0.06837609,0.00044267625
BSDC1,0.02900091,0.02855836,0.0004425496
NDUFA10,0.029205233,0.028767176,0.0004380569
ADPRS,0.022163182,0.021725345,0.0004378371
MYO9B,0.022695063,0.022258462,0.0004366003
CDH3,0.18033014,0.17990111,0.00042903423
OTUB1,0.052333023,0.05190651,0.0004265122
RPL7L1,0.024191918,0.023766927,0.00042499043
CAMSAP2,0.02584023,0.02541561,0.00042461976
TTC1,0.025177998,0.024757992,0.000420006
CSK,0.024531925,0.024116669,0.00041525625
ALG2,0.0223171,0.021905635,0.00041146576
ZNF532,0.04049174,0.04008303,0.00040871277
ABHD12,0.029503955,0.029096913,0.00040704198
SLC1A4,0.046438765,0.04603213,0.00040663406
DESI2,0.041032743,0.04062626,0.00040648133
VPS29,0.03907093,0.038664952,0.0004059784
LRPAP1,0.032253493,0.03184856,0.0004049316
DDX42,0.0222574,0.021855593,0.00040180795
RAI1,0.026110722,0.025709543,0.00040117837
IRF9,0.03302769,0.032632463,0.00039522722
LTO1,0.09502678,0.09463166,0.00039512664
ZNF248,0.04650104,0.046106257,0.0003947839
NUP107,0.04312188,0.042731088,0.00039079413
DNAJC8,0.03192061,0.031533133,0.00038747862
SSU72,0.11451154,0.114124924,0.00038661808
EI24,0.052182812,0.051797487,0.0003853254
KCND3,0.029521752,0.02914062,0.0003811326
TRIB1,0.029066829,0.028687494,0.00037933514
ADAR,0.09931953,0.09894199,0.00037754327
DNPEP,0.023977036,0.023599895,0.00037714094
NECTIN2,0.027622418,0.027245628,0.00037679076
ORMDL1,0.033029966,0.032662667,0.00036729872
EIF2B5,0.02373739,0.023371987,0.00036540255
NT5C3A,0.026866311,0.026503073,0.00036323816
EIF3D,0.09896211,0.09860064,0.00036147237
RBM15B,0.027379086,0.027019648,0.00035943836
RNF7,0.058751944,0.058393132,0.0003588125
PNPT1,0.02232137,0.021964988,0.00035638176
MMGT1,0.030658497,0.030304955,0.00035354123
MIB2,0.06368882,0.063337006,0.00035181642
ABLIM1,0.022218337,0.02186669,0.00035164692
KDELR1,0.10110504,0.1007607,0.00034434348
DERL2,0.024660368,0.024317151,0.00034321658
ANAPC7,0.02694371,0.026600981,0.00034272857
SNRNP70,0.037423752,0.03708371,0.00034004077
UFD1,0.02752734,0.02718866,0.00033867918
MIF,0.025141189,0.02480301,0.00033817813
FUNDC2,0.025088726,0.024753975,0.00033475086
TMED3,0.044412278,0.044078544,0.00033373386
RPS17,0.12097082,0.120640986,0.0003298372
CREBBP,0.035316765,0.034992237,0.00032452866
AGO3,0.026454302,0.026132058,0.0003222432
IL17RA,0.023406113,0.02308767,0.0003184434
SLC66A2,0.024003558,0.023686152,0.0003174059
SCRIB,0.036103077,0.035787728,0.00031534955
POP7,0.022609884,0.022302806,0.00030707754
INAVA,0.055586565,0.05527957,0.00030699372
IER5,0.04305947,0.042753324,0.00030614436
DRG1,0.024002215,0.02370281,0.0002994053
MMP2,0.02907446,0.028777398,0.0002970621
PPIF,0.03505847,0.034761976,0.00029649213
N4BP2L2,0.040716764,0.04042412,0.0002926439
PSME3,0.042501837,0.04220985,0.00029198825
CNOT11,0.03794625,0.037656996,0.0002892539
RPL39L,0.059801366,0.059516985,0.0002843812
TSPAN14,0.030821243,0.030539481,0.00028176233
CAPRIN1,0.032095756,0.03181402,0.00028173625
SP1,0.023435744,0.023154011,0.00028173253
PIAS1,0.023949627,0.023668818,0.00028080866
XPOT,0.023477249,0.023198765,0.00027848408
TARS1,0.02879435,0.028528228,0.0002661217
NIP7,0.021914123,0.02164856,0.0002655629
DDA1,0.022642363,0.0223769,0.00026546232
GNG2,0.025813023,0.025552342,0.0002606809
NPLOC4,0.025988644,0.02572879,0.0002598539
MEN1,0.023233414,0.02297464,0.00025877357
SNRPB2,0.03564693,0.035394453,0.00025247782
TTC17,0.026811695,0.02656194,0.00024975464
CDC27,0.021942904,0.021698264,0.0002446398
NDUFS4,0.027219009,0.026974816,0.00024419278
USP48,0.022696204,0.022456331,0.0002398733
MRPS23,0.02561116,0.025374673,0.00023648702
AHCTF1,0.021889815,0.021656996,0.00023281947
GNA11,0.02423029,0.02399772,0.00023256987
SOWAHC,0.056434628,0.056204803,0.00022982433
PALMD,0.022102512,0.021872867,0.00022964552
CHTOP,0.049469195,0.04924088,0.00022831559
PSMD7,0.04639739,0.046169546,0.0002278462
DPP7,0.02453139,0.024306307,0.0002250839
NUP85,0.026728308,0.026503788,0.00022451952
LSM8,0.032440126,0.032216575,0.00022355095
OOEP,0.025517961,0.025294568,0.00022339262
GHITM,0.041954625,0.041733876,0.00022074953
EFCAB14,0.03737242,0.03715214,0.00022028014
HNRNPH2,0.036672108,0.03645382,0.00021828711
MOB1A,0.051874034,0.051656302,0.00021773204
SMARCD1,0.03156251,0.031345636,0.00021687523
RNF167,0.031899508,0.031684082,0.00021542609
JPT1,0.14715849,0.14694397,0.00021451712
MEA1,0.02436272,0.02415388,0.00020883977
TBC1D10B,0.021481866,0.021276327,0.00020553917
KRT6A,1.2976183,1.2974133,0.00020492077
C19orf33,0.035060395,0.03485753,0.00020286441
HGSNAT,0.0698635,0.06966743,0.00019606948
TMEM50B,0.028851079,0.028655516,0.00019556284
UBQLN2,0.03007247,0.029877424,0.00019504502
POLR2L,0.04864201,0.04844959,0.0001924187
MTA2,0.0377811,0.037589032,0.00019206852
ITPA,0.026998477,0.026806802,0.0001916755
HMGN1,0.16018124,0.15999,0.0001912415
PGRMC1,0.04846426,0.048278198,0.00018606335
GPAA1,0.07906197,0.07888094,0.00018102676
LETM1,0.022713784,0.022532891,0.00018089265
CPNE3,0.05046128,0.050280403,0.00018087775
WWOX,0.027616043,0.027437449,0.00017859414
BMP2K,0.02271613,0.022537606,0.00017852336
BCL11B,0.037481863,0.037306245,0.00017561764
SUB1,0.16650797,0.16633372,0.00017425418
POLD2,0.040504348,0.040332776,0.00017157197
MRPL13,0.03786965,0.037701327,0.00016832352
TSN,0.03858801,0.038423114,0.00016489625
RABGGTB,0.047431704,0.047268447,0.00016325712
CBFA2T2,0.026025804,0.025862789,0.00016301498
TFAP2A,0.03685585,0.036693186,0.0001626648
INTS13,0.050817557,0.05065523,0.0001623258
NFATC3,0.023538027,0.023376519,0.0001615081
PPP2R5A,0.02744967,0.027288496,0.00016117282
HUWE1,0.028831707,0.028670644,0.00016106293
MAPK9,0.032384317,0.03222328,0.00016103685
CNOT7,0.025595289,0.025439313,0.00015597604
TRA2B,0.06746789,0.06731281,0.00015508384
CASP8,0.02563324,0.025483932,0.00014930777
AMFR,0.02146686,0.02131906,0.00014780089
FXR1,0.026980437,0.02683402,0.00014641695
SSR2,0.075399786,0.07525516,0.00014462322
PHF20,0.025373226,0.025229461,0.00014376454
SLC25A39,0.1379967,0.13785452,0.00014218688
ZFP91,0.059407067,0.05926532,0.0001417473
TMEM237,0.036642905,0.03650283,0.00014007464
RPS6KA1,0.03027657,0.030136907,0.000139663
PRDX4,0.032638166,0.032504655,0.00013351068
ENY2,0.048653126,0.04852264,0.00013048574
SLC7A5,0.053219073,0.053095326,0.0001237467
WIPF1,0.023463083,0.02334335,0.00011973269
CRELD2,0.041656036,0.041537523,0.00011851266
TNPO1,0.02997272,0.029855879,0.00011684187
TXNL1,0.025972858,0.02585778,0.00011507794
GOLM2,0.02208726,0.021976208,0.000111050904
UBE2V2,0.026922258,0.026812965,0.00010929257
DBNDD2,0.04964502,0.049536712,0.00010830909
ME2,0.024913078,0.024807282,0.00010579638
USP36,0.022740038,0.02263506,0.00010497868
THBD,0.05388124,0.053777084,0.00010415539
TMEM248,0.03550579,0.035401713,0.00010407716
UTP11,0.030624814,0.030521298,0.000103516504
DUS1L,0.023716472,0.023613404,0.00010306761
MFSD14A,0.02472404,0.024621833,0.000102207065
NENF,0.04018289,0.04008082,0.00010206923
RSL1D1,0.034918994,0.03481813,0.000100862235
COPS3,0.023202829,0.023102138,0.00010069087
MRPL18,0.030270636,0.03017309,9.754673e-05
DDX21,0.04387642,0.043783143,9.3277544e-05
UBE3A,0.024413876,0.024327721,8.615479e-05
TERF2IP,0.025950518,0.025866281,8.4236264e-05
CSDE1,0.0918485,0.091765,8.349866e-05
SUSD6,0.02676111,0.026679296,8.1814826e-05
NDN,0.024972681,0.024892053,8.062832e-05
TMEM87A,0.062277608,0.06219941,7.819757e-05
EMC8,0.030952912,0.030876242,7.66702e-05
PRCC,0.03404971,0.033974234,7.547438e-05
NAP1L1,0.079452015,0.07937874,7.327646e-05
CASC3,0.031155989,0.03108507,7.091835e-05
ANAPC11,0.043826804,0.04375617,7.063523e-05
EXT2,0.030775437,0.030705065,7.03726e-05
POLR2F,0.070643954,0.070574135,6.981939e-05
YRDC,0.026343463,0.026274994,6.846897e-05
AK2,0.06873384,0.06866543,6.841123e-05
SCAMP2,0.02859425,0.028527364,6.6885725e-05
COMMD2,0.022506302,0.022440206,6.609596e-05
GNPTAB,0.025735226,0.025670461,6.476417e-05
CS,0.034860265,0.034795552,6.471202e-05
TRAPPC2L,0.022144489,0.022080591,6.389804e-05
DNAJC21,0.04752634,0.047463406,6.2935054e-05
SMARCA4,0.027866812,0.027803969,6.2843785e-05
AZIN1,0.05166259,0.05160003,6.25588e-05
PCBP2,0.1326875,0.13262673,6.0766935e-05
OAT,0.03489616,0.034839753,5.6408346e-05
ZHX1,0.022956261,0.022900328,5.593337e-05
SUGT1,0.022176526,0.02212103,5.549565e-05
SEC16A,0.035022803,0.034970343,5.2459538e-05
ARHGDIA,0.03552277,0.03547184,5.0928444e-05
UPF2,0.022362681,0.022312196,5.0485134e-05
NRIP1,0.029976241,0.029926784,4.9456954e-05
UBE2G2,0.026840357,0.026795125,4.5232475e-05
HMGN4,0.047760986,0.047720034,4.0952116e-05
BRIX1,0.024995277,0.024958627,3.6649406e-05
NOMO1,0.023911865,0.023879785,3.2080337e-05
OGDH,0.05207543,0.052051995,2.3435801e-05
SCARB2,0.06979184,0.06977077,2.1070242e-05
MAGED2,0.022802744,0.022786174,1.6570091e-05
ACTA2,0.08271143,0.08269506,1.6368926e-05
LAMTOR2,0.041047767,0.041032214,1.5553087e-05
LARS1,0.028781543,0.028767103,1.4439225e-05
DCAF15,0.02693781,0.026928646,9.164214e-06
TXN2,0.033251055,0.033241905,9.149313e-06
TIPRL,0.027605282,0.027606545,-1.2628734e-06
PARL,0.023705872,0.023709733,-3.8612634e-06
PAPOLA,0.06441476,0.06442652,-1.1757016e-05
NDUFS2,0.07617062,0.0761888,-1.8179417e-05
LSM1,0.031682625,0.031700924,-1.8298626e-05
ELK4,0.027130391,0.027154824,-2.4432316e-05
FASTKD2,0.04217832,0.042208187,-2.9865652e-05
PRPF4,0.024460036,0.024493068,-3.303215e-05
DYM,0.022769717,0.02280334,-3.3622608e-05
SLC39A1,0.028834999,0.028869484,-3.4485012e-05
ERLEC1,0.025725195,0.0257661,-4.090555e-05
ELAVL1,0.022751382,0.022797575,-4.61936e-05
OAZ2,0.025314637,0.025361788,-4.7151e-05
DPP9,0.023546778,0.023595985,-4.920736e-05
E2F4,0.021456933,0.021507945,-5.1012263e-05
DDX6,0.028334118,0.028386246,-5.2127987e-05
RAB8A,0.023446266,0.02349941,-5.314499e-05
MAP2K2,0.048887376,0.04894623,-5.885586e-05
UQCR11,0.037749227,0.037809372,-6.0144812e-05
CNP,0.029654369,0.029718796,-6.442703e-05
UBE2J2,0.031455003,0.03151945,-6.444752e-05
TXLNA,0.02730551,0.027371118,-6.560795e-05
PTPN2,0.028914932,0.028982,-6.7068264e-05
RAD1,0.028695004,0.028763281,-6.827712e-05
FXYD5,0.059708424,0.059778087,-6.966293e-05
UBTF,0.025684705,0.02575583,-7.1125105e-05
SERPINB1,0.039543867,0.039618045,-7.417798e-05
DCTN5,0.02408284,0.024161467,-7.862784e-05
VPS37C,0.02881671,0.028896006,-7.929653e-05
ZNF22,0.023459036,0.023539826,-8.079037e-05
FAM3C,0.022000251,0.022083169,-8.291751e-05
SMAD2,0.05416017,0.054243337,-8.3167106e-05
VPS25,0.03627358,0.036360446,-8.686632e-05
CDC16,0.022386605,0.02248054,-9.393506e-05
AGPAT3,0.027184572,0.027278615,-9.404309e-05
MCM3AP,0.027066464,0.027162047,-9.55835e-05
APEX1,0.03184932,0.03194759,-9.826943e-05
ARPC4,0.041272093,0.04137525,-0.000103157014
DDX18,0.03309704,0.033201996,-0.00010495633
LSM14A,0.03384978,0.033958644,-0.00010886416
ARPC1B,0.10819854,0.10831612,-0.00011758506
BCL9L,0.027364891,0.027485352,-0.00012046099
OXCT1,0.022398729,0.022519201,-0.00012047216
PSMD12,0.025091369,0.025224777,-0.00013340823
KYNU,0.029777318,0.029913062,-0.00013574399
GTF3C2,0.027615404,0.027753929,-0.00013852492
OIP5-AS1,0.04903622,0.049175464,-0.0001392439
FOXN3,0.031630594,0.03177734,-0.00014674664
OSBP,0.030880503,0.03102751,-0.0001470074
MRPL9,0.028329987,0.028478194,-0.00014820695
TALDO1,0.024014238,0.024163386,-0.00014914759
C1QBP,0.033114374,0.03326762,-0.00015324727
RNPS1,0.081223965,0.081379,-0.00015503168
PDIA3,0.14283715,0.1429955,-0.00015835464
PABPC4,0.09487049,0.095029645,-0.00015915185
ARPC3,0.105749995,0.105912745,-0.00016275048
PANK3,0.03641934,0.036583334,-0.00016399473
LBR,0.02798109,0.028145185,-0.00016409531
ERF,0.041876853,0.04204203,-0.00016517565
SCAF1,0.024870655,0.025037527,-0.00016687252
SRI,0.045132253,0.04530003,-0.0001677759
DCAF8,0.028918376,0.029086411,-0.0001680348
DCTN1,0.021705005,0.021877166,-0.00017216057
UBE2E1,0.026898118,0.027074886,-0.00017676875
MTATP6P1,0.439603,0.43978077,-0.00017777085
MED31,0.022968117,0.023148883,-0.00018076599
TASOR,0.028633012,0.028814558,-0.00018154643
PSMD3,0.033034977,0.03321829,-0.00018331409
APOBEC3C,0.03592278,0.03611091,-0.00018813089
PHLDA3,0.023803167,0.023993421,-0.0001902543
MRPS6,0.029657489,0.02984789,-0.00019040145
KHDRBS1,0.054380894,0.054574415,-0.00019352138
TXNDC15,0.025421571,0.025620535,-0.00019896403
SSH2,0.034828797,0.03502815,-0.00019935146
COPS2,0.027851583,0.028052663,-0.00020108
KANSL1,0.026679084,0.026880495,-0.00020141155
RBM22,0.025107523,0.025318682,-0.00021115877
CDC42EP4,0.055523384,0.0557353,-0.00021191686
PCMT1,0.050494045,0.050711565,-0.0002175197
GNL2,0.029011877,0.029230034,-0.00021815673
PPP4R3A,0.024432018,0.024650514,-0.00021849573
SEPHS1,0.02931511,0.029536897,-0.00022178702
CMSS1,0.023034,0.023257136,-0.00022313558
ZNHIT1,0.032546192,0.032774236,-0.00022804365
MGST3,0.10366316,0.10389232,-0.00022915751
MRPL41,0.06548372,0.06571622,-0.00023250282
SNX7,0.022714522,0.022947405,-0.0002328828
ATN1,0.038874663,0.03910758,-0.00023291633
TRADD,0.02327008,0.023506867,-0.0002367869
MYL6,0.39707717,0.39731485,-0.00023767352
FMR1,0.0285226,0.028761372,-0.00023877248
GNS,0.033860825,0.03410045,-0.00023962557
PPP1R18,0.054681286,0.054921743,-0.00024045631
AP2B1,0.045129552,0.045373056,-0.0002435036
TOP1MT,0.030145152,0.030389369,-0.000244217
IFNAR1,0.025951765,0.026196685,-0.0002449192
ZNF146,0.025754511,0.026000101,-0.00024558976
NDUFV1,0.05033103,0.05057893,-0.00024789944
FOXK1,0.03434668,0.03459624,-0.0002495572
BLTP2,0.028519658,0.02877542,-0.00025576167
RNF168,0.024678648,0.024935264,-0.00025661662
DCAF13,0.029208882,0.029465651,-0.00025676936
SF3B4,0.04556721,0.04582911,-0.00026189908
MBP,0.037356168,0.037626747,-0.000270579
TSEN54,0.021992233,0.022263642,-0.00027140975
HNRNPF,0.08056851,0.08084275,-0.00027424097
MMP13,0.0507439,0.051024985,-0.00028108433
SRSF6,0.071990944,0.07227288,-0.00028193742
TARBP1,0.034453228,0.03473834,-0.00028511137
NOP58,0.04740876,0.04769551,-0.0002867505
TGOLN2,0.034468025,0.034754902,-0.00028687716
ARHGEF18,0.023831073,0.024118964,-0.00028789043
PITRM1,0.02490849,0.025196671,-0.000288181
ACOX1,0.03496201,0.035250656,-0.00028864667
NCOA7,0.025480613,0.025769984,-0.00028937124
HSPB11,0.036953297,0.037243858,-0.00029056147
DAG1,0.02952119,0.029816462,-0.0002952721
UBE2J1,0.02781503,0.028113471,-0.00029844046
RSU1,0.028475225,0.02877492,-0.00029969588
USB1,0.026098946,0.026402269,-0.00030332245
PSMD1,0.037557106,0.0378664,-0.00030929223
IL20RB,0.02237516,0.022687294,-0.00031213276
CLPTM1L,0.099073306,0.099388674,-0.00031536818
RAB5C,0.06023821,0.060553644,-0.00031543523
TFDP1,0.046749577,0.047066282,-0.00031670555
DCAF7,0.025246274,0.025565017,-0.0003187433
UBAC1,0.030303907,0.030625459,-0.00032155216
ARHGEF1,0.030435117,0.030757062,-0.00032194518
PCYOX1,0.03470737,0.035031803,-0.0003244318
NDUFA8,0.028836895,0.02916443,-0.00032753497
TCF4,0.029465036,0.029796805,-0.00033176877
MBNL1,0.03688869,0.037221484,-0.00033279508
TMEM183A,0.035854056,0.036187306,-0.00033324957
FKBP1A,0.1668213,0.16715854,-0.00033724308
GGPS1,0.026653506,0.026995404,-0.00034189783
GTF3A,0.031386457,0.031729516,-0.00034305826
CNN2,0.086144626,0.086488865,-0.00034423918
ARPP19,0.04438964,0.044734307,-0.00034466758
PET100,0.026831448,0.02717723,-0.00034578145
GPN1,0.029322559,0.029668635,-0.00034607574
IFIH1,0.024480125,0.02482843,-0.00034830533
SCAMP3,0.031016117,0.031376015,-0.00035989843
ALG3,0.023364529,0.023730509,-0.00036597997
AAMP,0.0462498,0.046618037,-0.0003682375
NLRC5,0.026553337,0.026930148,-0.00037681125
SRSF3,0.08317772,0.08356679,-0.00038906932
PPP2R1A,0.047359247,0.047749925,-0.00039067864
USP5,0.022199223,0.022590447,-0.0003912244
SF3B2,0.045673266,0.0460651,-0.00039183348
HSPG2,0.04088619,0.041280363,-0.00039417297
CMAS,0.021549381,0.021944068,-0.00039468706
THOC7,0.025237415,0.025632657,-0.00039524212
ETF1,0.0512602,0.051655687,-0.000395488
MTFR1,0.021507006,0.021903696,-0.0003966894
OLA1,0.0491265,0.04952487,-0.00039837137
PDE6D,0.023992341,0.024395337,-0.00040299632
DCTD,0.03759907,0.038002647,-0.0004035756
TLN1,0.03683171,0.037236318,-0.0004046075
SLC35E1,0.028149907,0.02855695,-0.00040704384
PTPN14,0.030126145,0.030533474,-0.00040732883
NDUFB5,0.021280168,0.021693975,-0.0004138071
MED24,0.02709316,0.02751146,-0.0004182998
CEBPD,0.03044577,0.030864513,-0.00041874312
PABPC1,0.3400053,0.34042427,-0.00041896105
ERI3,0.030369455,0.030789062,-0.0004196074
MYC,0.029673098,0.030095074,-0.00042197667
MCAM,0.03946043,0.039886013,-0.0004255809
SEC61B,0.05061441,0.051048577,-0.00043416768
RAC2,0.04313643,0.043571565,-0.00043513626
NSD1,0.029012848,0.029454587,-0.00044173934
PARP9,0.023708813,0.024156267,-0.00044745393
RTN3,0.09185986,0.092307426,-0.00044756383
MAPKAPK2,0.08596638,0.08641453,-0.00044815242
ILRUN,0.022703761,0.02315507,-0.0004513096
PRPF3,0.026557269,0.027010053,-0.00045278482
DYNLL2,0.0314158,0.031871274,-0.00045547262
SMDT1,0.02204801,0.022509484,-0.00046147406
ATP6V0D1,0.0450779,0.045542475,-0.0004645735
GFM1,0.028979199,0.029449428,-0.0004702285
IARS1,0.02695855,0.027433397,-0.00047484785
FAR1,0.026391085,0.02686637,-0.00047528557
RPL9,0.16251521,0.16299573,-0.00048051775
TM9SF2,0.07936987,0.07985152,-0.00048165023
CISD2,0.028138636,0.028620934,-0.00048229843
TCF20,0.0359899,0.036475204,-0.00048530474
PRPF40A,0.04392655,0.04441243,-0.00048588216
CSNK1G2,0.03278076,0.033267066,-0.00048630685
NRDC,0.06647006,0.06697429,-0.00050423294
ANP32B,0.08552709,0.086034864,-0.00050777197
IER3IP1,0.04114231,0.041650593,-0.00050828233
FARSB,0.02635193,0.026863847,-0.00051191635
SIN3B,0.02575984,0.026277058,-0.00051721744
SHFL,0.027131384,0.027649997,-0.00051861256
WBP1L,0.030298376,0.030822061,-0.00052368455
ECHS1,0.021900078,0.022432163,-0.0005320851
SAT1,0.106209464,0.1067433,-0.0005338341
NSD2,0.02896824,0.029504742,-0.00053650327
XPO7,0.022281675,0.022819102,-0.00053742714
TIMP1,0.10324159,0.103780545,-0.00053895265
CALCOCO2,0.022737386,0.023277216,-0.00053982995
AP1G1,0.02682156,0.027361564,-0.00054000504
SGPL1,0.03991235,0.040453207,-0.0005408563
BAG6,0.027740775,0.028286027,-0.0005452521
CWC15,0.03673782,0.037283827,-0.00054600835
PDCD6,0.024618382,0.025170473,-0.00055209175
PLOD3,0.021809058,0.02236206,-0.0005530026
MTLN,0.023655018,0.02421094,-0.00055592135
UBA2,0.03592251,0.03648235,-0.00055984035
DNM1L,0.022033459,0.022593845,-0.0005603861
UROD,0.022041196,0.022604251,-0.0005630553
IRF3,0.031266496,0.031836685,-0.0005701892
COPB1,0.026446614,0.027024148,-0.0005775336
MED19,0.023086917,0.023667403,-0.0005804859
ATP5F1C,0.091377504,0.091958426,-0.00058092177
WDR82,0.03244015,0.033021852,-0.0005817041
LRRC59,0.03017114,0.030753186,-0.0005820468
PALLD,0.081946395,0.082528464,-0.00058206916
BTG3,0.029370261,0.029957708,-0.0005874466
ECHDC2,0.023268374,0.023856321,-0.00058794767
SLC35B1,0.028937368,0.029526081,-0.0005887132
ARHGAP1,0.039802704,0.04039501,-0.00059230626
EPRS1,0.025360346,0.02595406,-0.0005937144
RPS15,0.22912511,0.22971934,-0.0005942285
DEGS1,0.04383347,0.044431668,-0.00059819594
VMA21,0.06344109,0.06404125,-0.00060015917
SDHB,0.0402937,0.040894926,-0.0006012246
MPZL1,0.05028998,0.05089303,-0.00060305
NOL11,0.025007933,0.025614526,-0.00060659274
ST13,0.06751188,0.068119004,-0.00060712546
UBXN1,0.03571303,0.036320936,-0.0006079078
ETV6,0.029059919,0.029668633,-0.0006087143
COX17,0.048668582,0.049278166,-0.00060958415
GALNT1,0.022525175,0.023134891,-0.0006097164
MRPL52,0.0349098,0.035524763,-0.0006149635
C8orf33,0.021210434,0.021827793,-0.00061735883
SDCCAG8,0.0544908,0.055121712,-0.00063091144
PEA15,0.08435493,0.08499203,-0.00063709915
STK17B,0.04062204,0.04126103,-0.00063898787
PTPN1,0.033435915,0.034075305,-0.0006393902
NDUFS1,0.03251309,0.03315619,-0.0006431006
CHD4,0.030233445,0.030878482,-0.00064503774
NASP,0.028107448,0.028757343,-0.0006498955
TARDBP,0.059171986,0.059824005,-0.00065201893
BAX,0.041049793,0.0417023,-0.00065250695
MYO1B,0.06870306,0.06935641,-0.00065334886
ARHGAP35,0.023992091,0.02464705,-0.0006549582
SNX3,0.02831809,0.028982235,-0.00066414475
ATP6V1A,0.031834856,0.03250404,-0.0006691851
SREBF1,0.025950188,0.026624415,-0.00067422725
STAG2,0.03476552,0.035442416,-0.0006768964
TDG,0.022018807,0.022696907,-0.0006780997
ARL1,0.02838267,0.029063672,-0.0006810017
MRPL21,0.03450671,0.035191935,-0.0006852262
NDUFA5,0.030996492,0.031683728,-0.00068723597
VPS4B,0.03864199,0.039330862,-0.00068887323
HDDC2,0.021309588,0.022000752,-0.0006911643
CAPZA1,0.12797414,0.12867011,-0.00069597363
XRN1,0.021972964,0.022669487,-0.0006965231
TJP1,0.02729828,0.02799736,-0.0006990805
GFPT1,0.025586085,0.02628838,-0.00070229545
KDSR,0.07058622,0.071292445,-0.00070622563
LANCL1,0.021435166,0.022142122,-0.0007069558
SDHC,0.037010726,0.037722442,-0.0007117167
SYNPO,0.03911315,0.03983012,-0.00071696937
CUL4B,0.02618466,0.026904508,-0.000719849
SPCS1,0.057298493,0.05802234,-0.00072384626
ATL2,0.030525345,0.03125358,-0.00072823465
GART,0.022894133,0.023622477,-0.00072834454
HADHB,0.040398642,0.041128736,-0.00073009357
NF2,0.022559347,0.023292243,-0.00073289685
ACAA2,0.026398167,0.027133351,-0.0007351842
EDF1,0.059742015,0.060479768,-0.00073775277
RAB11A,0.05845461,0.059194192,-0.0007395819
OTUD6B-AS1,0.02709219,0.027835209,-0.00074301846
FKBP4,0.02943242,0.030175835,-0.0007434152
HDAC1,0.06768896,0.06843372,-0.00074476004
SRSF4,0.042815797,0.043562032,-0.00074623525
HSPB8,0.02288058,0.023626989,-0.0007464085
MBOAT7,0.03675175,0.0374989,-0.00074714795
PWP1,0.027947098,0.028694453,-0.0007473547
SSB,0.034200426,0.03495152,-0.00075109303
SNHG14,0.025114749,0.025868693,-0.00075394474
MPC2,0.026691077,0.027448589,-0.0007575117
BAZ1B,0.027897215,0.028655045,-0.0007578302
HNRNPDL,0.10135368,0.10212181,-0.00076812506
UBE4B,0.027132068,0.027900496,-0.00076842867
EML4,0.02341772,0.024186421,-0.0007687006
SLCO3A1,0.023378057,0.02414701,-0.0007689521
NDUFB6,0.023799632,0.024568934,-0.00076930225
PPP2CA,0.05934001,0.0601133,-0.0007732883
KMT5A,0.027926017,0.028701575,-0.0007755589
GATAD2A,0.033834945,0.03461518,-0.000780236
ICMT,0.04016958,0.04095121,-0.00078162923
PSMB6,0.04840512,0.049188156,-0.0007830374
PDP1,0.024604565,0.025387764,-0.00078319944
MRPS7,0.03414007,0.034925476,-0.0007854067
RBM12,0.026315598,0.027103884,-0.0007882863
SEPHS2,0.025108645,0.025897056,-0.0007884111
SSBP3,0.041522473,0.042311676,-0.00078920275
CDC123,0.06518205,0.06597822,-0.00079616904
STRAP,0.024711462,0.025514875,-0.00080341287
HYPK,0.041042008,0.041845728,-0.0008037202
ARPC5,0.10454132,0.10534731,-0.00080599636
CNIH4,0.09023306,0.09103928,-0.0008062199
MXRA5,0.032342184,0.03316006,-0.0008178763
HNRNPH3,0.0274224,0.02824378,-0.00082137994
IFIT3,0.02496246,0.025789555,-0.00082709454
UQCC3,0.021557499,0.022384718,-0.00082721934
PGAM5,0.025525542,0.026354475,-0.00082893297
BCL11A,0.027061315,0.027892847,-0.00083153136
AHSA1,0.032491513,0.03332619,-0.00083467737
HAT1,0.0399189,0.040760264,-0.00084136426
LAMTOR4,0.03349573,0.034338165,-0.0008424334
CSNK2A2,0.030827273,0.031671144,-0.0008438714
DAZAP1,0.047927145,0.048771832,-0.0008446872
CBFB,0.03934061,0.04018964,-0.0008490272
PON2,0.028457705,0.02931413,-0.0008564256
VTA1,0.024622576,0.025487643,-0.0008650664
M6PR,0.029232625,0.030098034,-0.00086540915
GCN1,0.036770027,0.037636027,-0.0008659996
CSNK2B,0.028961943,0.029830247,-0.0008683037
HLA-C,0.28680488,0.28767398,-0.0008690953
PSENEN,0.03769296,0.038564987,-0.0008720271
TCOF1,0.024821963,0.025695056,-0.00087309256
NIPA2,0.025312819,0.026187586,-0.0008747671
MMD,0.025558185,0.026436958,-0.00087877363
COMMD7,0.025090797,0.025972594,-0.0008817967
ADPGK,0.022272488,0.023157543,-0.00088505447
CACUL1,0.02683677,0.027725391,-0.00088862143
MTHFD2,0.033010196,0.033908468,-0.0008982718
RDH11,0.04137746,0.042275988,-0.00089852884
FEM1A,0.022042515,0.022944571,-0.0009020567
MAGEA4,0.09913053,0.100038216,-0.0009076819
DUSP23,0.027872508,0.028780743,-0.0009082351
AGO1,0.025288085,0.026198683,-0.0009105988
TMEM205,0.033622947,0.034534797,-0.0009118505
ZMAT2,0.033701066,0.03462003,-0.0009189658
IMPA2,0.07960596,0.08052744,-0.00092148036
LSM3,0.034385245,0.03530708,-0.00092183426
MAT2A,0.12694484,0.12786914,-0.0009243041
RPRD2,0.025244575,0.026174188,-0.00092961267
OAS1,0.038141638,0.039073512,-0.0009318739
ZFAS1,0.10533551,0.106267974,-0.0009324625
IPO5,0.022646058,0.023578767,-0.0009327084
ROCK1,0.029074345,0.030007176,-0.0009328313
PRPF38B,0.024190232,0.025126966,-0.00093673356
PFN1,0.32137656,0.32231858,-0.0009420216
SIVA1,0.04859838,0.04954691,-0.0009485297
SELENON,0.031697683,0.03265356,-0.00095587596
RAD23A,0.07349111,0.07445244,-0.00096132606
STIP1,0.038947273,0.039908756,-0.0009614825
ATXN2L,0.060557082,0.06152036,-0.0009632781
CNOT9,0.026723368,0.027687863,-0.0009644944
NUCB1,0.06367506,0.06464364,-0.0009685755
GORASP2,0.040165335,0.04113469,-0.00096935406
USP9X,0.040801413,0.041780323,-0.0009789094
TMEM167A,0.048495974,0.049479432,-0.000983458
UBE2B,0.059347086,0.0603335,-0.0009864159
TINAGL1,0.03382237,0.034811232,-0.0009888634
PSMC5,0.03528367,0.03627388,-0.000990212
DDB1,0.066913255,0.067904465,-0.0009912103
PRKD2,0.024736796,0.025732737,-0.0009959415
RBBP7,0.024833526,0.025833398,-0.0009998716
SELENOT,0.071783595,0.072785184,-0.001001589
GSTO1,0.0546725,0.055683278,-0.0010107793
SET,0.19759202,0.19860578,-0.0010137558
DNAJC7,0.031085677,0.032102,-0.0010163225
CAMLG,0.03674661,0.03776782,-0.0010212101
GNL3,0.02406898,0.025090974,-0.0010219943
SHMT2,0.027604798,0.02863088,-0.0010260828
MT-TS1,0.02464819,0.025676452,-0.0010282621
FAM20B,0.029374745,0.030403081,-0.0010283366
ARF4,0.074455075,0.07548385,-0.0010287762
CHP1,0.024194924,0.025225028,-0.0010301042
GSPT1,0.04947261,0.050508633,-0.0010360219
TPST1,0.023716075,0.024756338,-0.0010402631
URI1,0.024418207,0.025462022,-0.0010438152
USF2,0.04372915,0.044777352,-0.0010482036
SLC7A1,0.02245836,0.023515182,-0.001056822
NEFL,0.08464443,0.08570231,-0.0010578781
PSMD4,0.049291253,0.05035269,-0.0010614358
KCNC2,0.10548574,0.10654884,-0.001063101
GADD45A,0.04512738,0.04619143,-0.001064051
DNM2,0.021297824,0.02237424,-0.001076417
VPS36,0.026195899,0.027272902,-0.0010770038
TM4SF1,0.16352317,0.1646023,-0.0010791272
SF3A1,0.043084826,0.044171147,-0.0010863207
SNHG32,0.022278469,0.023367027,-0.0010885578
SLC38A1,0.06896935,0.07006758,-0.0010982305
PSMA1,0.02527032,0.026370022,-0.001099702
OAZ1,0.25925678,0.26035655,-0.0010997653
RPA1,0.02499725,0.026097907,-0.0011006575
DDOST,0.04366802,0.044782605,-0.0011145845
C22orf39,0.024757732,0.02587748,-0.0011197478
CRNDE,0.037601244,0.038722225,-0.0011209808
ZBTB8OS,0.022366783,0.02349355,-0.0011267681
CNOT1,0.039292157,0.040419865,-0.0011277087
NDUFA12,0.041545425,0.04267912,-0.0011336952
CACYBP,0.02937726,0.030516542,-0.0011392832
RERE,0.026558073,0.027699247,-0.0011411738
CTDSP2,0.043060828,0.044209167,-0.0011483394
EIF3H,0.074981004,0.07613125,-0.001150243
GOT2,0.02400837,0.025164055,-0.0011556856
IPO7,0.036944807,0.038108416,-0.0011636093
TMX2,0.0416338,0.04279906,-0.0011652596
GRK6,0.027089803,0.028256847,-0.001167044
MYCBP,0.037235968,0.03840498,-0.001169011
RRS1,0.02109191,0.022261344,-0.0011694338
TCF25,0.032295648,0.03346529,-0.0011696406
EIF2S2,0.08408497,0.08525597,-0.0011710003
EBNA1BP2,0.054320026,0.055494573,-0.0011745468
TOMM20,0.09642734,0.097617134,-0.0011897981
CIC,0.046737097,0.04792863,-0.0011915341
EMC1,0.020935979,0.022129834,-0.001193855
STARD7,0.06241787,0.06361241,-0.0011945404
TOMM70,0.028961342,0.030157723,-0.0011963807
MYDGF,0.046344448,0.047548138,-0.0012036897
CCNI,0.07381224,0.07501704,-0.0012048036
RB1,0.02912886,0.030360157,-0.001231296
ACO2,0.046205655,0.047437623,-0.0012319684
HAX1,0.031040542,0.03227743,-0.0012368895
ADI1,0.026440846,0.02768322,-0.001242375
AK3,0.025983267,0.027231846,-0.0012485795
TOMM22,0.07074603,0.072000325,-0.0012542978
CLPTM1,0.029073358,0.030333742,-0.0012603849
PIGS,0.040898435,0.042160284,-0.001261849
HADHA,0.030531108,0.031800088,-0.0012689792
MRPS36,0.023079878,0.024352789,-0.0012729112
MAGOH,0.062005468,0.06328552,-0.0012800545
CHCHD10,0.032199327,0.033479534,-0.0012802072
CALU,0.07587559,0.07715861,-0.0012830198
CLTA,0.05035464,0.051639173,-0.0012845322
MAGT1,0.022751708,0.024040014,-0.001288306
TIMM17A,0.03582347,0.03711449,-0.001291018
RBBP4,0.066089965,0.06738327,-0.0012933016
TOP2B,0.021674318,0.02297084,-0.0012965221
RAB32,0.03702684,0.038324647,-0.0012978055
COA4,0.021269355,0.02257372,-0.0013043657
STK4,0.027250255,0.028556883,-0.0013066288
LPCAT2,0.02285696,0.024164975,-0.0013080146
EXOSC6,0.035650298,0.036960542,-0.0013102442
GFPT2,0.026675137,0.0279868,-0.0013116635
MFN2,0.038702574,0.040018238,-0.0013156645
DDX5,0.14990923,0.15123047,-0.0013212413
MARS1,0.02843798,0.029767778,-0.0013297983
PIP4K2C,0.03128811,0.032629278,-0.0013411678
PSMA3,0.07043087,0.07177241,-0.0013415441
LSM5,0.07919757,0.08054043,-0.0013428628
MAT2B,0.02981682,0.03116259,-0.0013457704
SMAD1,0.024400948,0.025747113,-0.0013461653
UBE2N,0.04953216,0.050881,-0.0013488382
XRCC5,0.053890526,0.05523999,-0.0013494641
PSMC1,0.024973404,0.02632711,-0.0013537072
NDUFC1,0.054265276,0.05562097,-0.0013556927
ICAM1,0.022053473,0.023412155,-0.0013586823
PTPRK,0.022560634,0.023926975,-0.0013663415
IPO9,0.034432024,0.03580495,-0.0013729259
SND1,0.040292896,0.041666605,-0.0013737082
MRC2,0.027297145,0.028676549,-0.0013794042
NLRP2,0.037364352,0.038743906,-0.0013795532
NADK2,0.03226045,0.03364491,-0.0013844594
FIS1,0.046466865,0.047852717,-0.0013858527
VPS13C,0.029904712,0.03129486,-0.001390148
COPS6,0.032204214,0.03359916,-0.0013949461
NMT1,0.031834837,0.033235334,-0.0014004968
SF3B5,0.048625056,0.050030828,-0.0014057718
EFR3A,0.051362235,0.052771423,-0.0014091879
MRPS16,0.028807765,0.030226743,-0.001418978
NR2F6,0.045338403,0.04675943,-0.0014210269
PSMC2,0.039479,0.040900674,-0.0014216751
LRRC47,0.033515472,0.034939803,-0.0014243312
PCBD1,0.022025833,0.023455542,-0.0014297087
PGP,0.026959185,0.028389378,-0.001430193
KCTD1,0.021285912,0.022721784,-0.0014358722
ENSG00000287929,0.037962645,0.039403535,-0.0014408901
PSMA5,0.05154493,0.052985962,-0.0014410317
DHX9,0.025381554,0.02682609,-0.0014445353
PSMC4,0.02594586,0.027392697,-0.0014468357
MVP,0.037341353,0.03879099,-0.0014496371
CKAP5,0.023457443,0.024908036,-0.0014505927
HNRNPH1,0.17481232,0.17626673,-0.0014544129
POLR2E,0.040280905,0.041736476,-0.0014555715
HMGB3,0.022892073,0.024348387,-0.0014563147
STT3B,0.025941709,0.027399061,-0.0014573522
ENTREP3,0.021501081,0.022958525,-0.0014574435
ILF3,0.038626622,0.04008612,-0.001459498
SAP18,0.053935207,0.05540161,-0.0014664009
HDGF,0.14200765,0.14348064,-0.0014729947
ABCF2,0.022625215,0.02410102,-0.0014758054
CREG1,0.029331325,0.030810433,-0.0014791079
USP14,0.06257994,0.06405945,-0.001479514
COX14,0.023924956,0.025409352,-0.0014843959
MRPL4,0.024384497,0.025870262,-0.001485765
NUDT5,0.04849035,0.0499766,-0.0014862493
SLC25A28,0.02164008,0.02313047,-0.0014903918
MGST1,0.021702994,0.023206566,-0.0015035719
CHCHD7,0.023519894,0.025023483,-0.0015035886
AP2S1,0.08951001,0.09101424,-0.001504235
PLK2,0.06189915,0.06340805,-0.0015088953
LITAF,0.047939267,0.04945689,-0.0015176237
DDX23,0.025209399,0.026740286,-0.0015308876
EIF4G2,0.18880777,0.1903405,-0.0015327334
HM13,0.033359278,0.034897707,-0.0015384294
LARP1,0.05497009,0.05650864,-0.0015385523
SLC25A1,0.026498629,0.028044512,-0.0015458837
MFSD6,0.025831508,0.027377406,-0.0015458986
CDK2,0.04521029,0.046771966,-0.0015616752
ID3,0.026450079,0.028013656,-0.001563577
MDK,0.03459444,0.03615905,-0.0015646107
H1-10,0.06653692,0.06810534,-0.0015684217
MAD2L2,0.051468875,0.05303774,-0.001568865
IGFBP4,0.07809658,0.079670094,-0.0015735105
CBX6,0.028107123,0.029684177,-0.0015770532
DAZAP2,0.12531997,0.12689738,-0.0015774071
PRR13,0.044393525,0.04598315,-0.0015896261
TPD52L1,0.04424197,0.045835506,-0.0015935376
PHB1,0.034411214,0.036005743,-0.0015945286
IL6ST,0.03541246,0.037017304,-0.0016048439
UGGT1,0.023279252,0.024885021,-0.0016057696
LEPROTL1,0.02293009,0.024538817,-0.0016087275
EIF6,0.08029888,0.08191577,-0.0016168952
OAS2,0.033656172,0.035276968,-0.0016207956
BIRC2,0.026704116,0.028329436,-0.00162532
ZC3HAV1,0.040286858,0.041917536,-0.0016306788
PRELID1,0.04676797,0.048401885,-0.001633916
STT3A,0.023090553,0.02472573,-0.0016351771
U2AF2,0.06606847,0.0677078,-0.0016393289
PIH1D1,0.02829266,0.029939521,-0.0016468614
NDUFB10,0.05633097,0.05797833,-0.0016473569
PHB2,0.041919153,0.04357155,-0.0016523972
COPG1,0.057703342,0.059355788,-0.0016524456
NOP16,0.031961247,0.033619177,-0.0016579293
RAD21,0.06134713,0.06300743,-0.0016602986
NUDT1,0.047504116,0.04917171,-0.0016675927
AKR1B1,0.024146216,0.02581557,-0.0016693547
ROMO1,0.09621622,0.097888544,-0.0016723275
KIF2C,0.02198058,0.023655055,-0.0016744751
EID1,0.054984573,0.05666423,-0.0016796552
USP10,0.035745222,0.037427295,-0.0016820729
LAPTM4A,0.21174365,0.21343,-0.0016863495
RPA2,0.027810026,0.02949909,-0.0016890634
MX1,0.07675736,0.07845297,-0.0016956106
BANF1,0.13923852,0.14093529,-0.0016967654
DLD,0.029454686,0.031152004,-0.0016973186
SRSF10,0.03929552,0.040992886,-0.0016973652
RPL3,0.34995386,0.35165226,-0.0016984046
TCP1,0.092556834,0.09425793,-0.0017010942
FAM32A,0.028943462,0.030646529,-0.0017030668
CDV3,0.051963244,0.053667106,-0.0017038621
TECR,0.033249326,0.034973424,-0.0017240979
SAMD1,0.038420122,0.040146314,-0.0017261915
LGMN,0.025901072,0.027631287,-0.0017302148
NACA,0.1363288,0.13806231,-0.0017335117
MT1H,0.027466726,0.02920348,-0.0017367546
MBD3,0.022386823,0.024132174,-0.0017453507
TMEM208,0.029560672,0.0313096,-0.0017489288
CYRIB,0.07045197,0.07220799,-0.0017560199
UBQLN4,0.022716686,0.024478298,-0.0017616116
EIF3J,0.03744256,0.039206427,-0.0017638654
MAPRE1,0.06512713,0.066892594,-0.0017654672
DNASE2,0.023416176,0.025185674,-0.001769498
DNAJA1,0.048606433,0.050378397,-0.0017719641
KPNB1,0.07465063,0.07642536,-0.0017747283
APOE,0.05442116,0.056209475,-0.0017883144
TSPAN3,0.033535164,0.035324153,-0.0017889887
DAP3,0.036891118,0.03868218,-0.0017910637
MICOS10,0.02891097,0.030706577,-0.0017956067
ATP5PD,0.07837129,0.080169864,-0.0017985776
PSMB3,0.033392046,0.03519189,-0.0017998442
NUB1,0.023023315,0.02482875,-0.0018054359
RPL36,0.4396448,0.44145346,-0.0018086433
PPIH,0.04327803,0.045087647,-0.0018096156
PSMB7,0.071036585,0.07285222,-0.001815632
PPIAP22,0.024131678,0.025950383,-0.0018187054
RTCB,0.030877186,0.03270376,-0.001826575
TMEM123,0.026935464,0.028764775,-0.0018293113
PRPS1,0.033145506,0.034979794,-0.0018342882
BRI3BP,0.021415547,0.023268247,-0.0018527005
SLTM,0.031936284,0.03378945,-0.0018531643
UBAP2L,0.048004698,0.049864292,-0.0018595941
TRAM1,0.07241945,0.074300185,-0.0018807352
TMEM9B,0.044219784,0.04610102,-0.0018812343
C20orf27,0.024293877,0.026177498,-0.0018836204
UQCRFS1,0.024075067,0.025961176,-0.0018861089
MCCC2,0.022645345,0.024535904,-0.0018905587
SNHG6,0.08982023,0.09171108,-0.001890853
TGM2,0.02527477,0.027173152,-0.0018983819
KDM1A,0.027669912,0.029569007,-0.0018990953
PLEKHB2,0.041275635,0.043178983,-0.0019033477
TRMT112,0.19371648,0.19562061,-0.00190413
ITPRIPL2,0.031478472,0.033385467,-0.0019069947
LMO4,0.04367093,0.045578785,-0.0019078553
ATP5F1B,0.10260384,0.10451334,-0.0019095019
CD68,0.02885034,0.030760376,-0.0019100364
DCTPP1,0.034115504,0.0360258,-0.0019102953
NDUFB8,0.02798702,0.029898398,-0.0019113775
API5,0.0344417,0.036354244,-0.0019125454
IQGAP3,0.025932593,0.02784861,-0.0019160174
UTP4,0.02391128,0.02583171,-0.00192043
CALM3,0.046151157,0.048080724,-0.0019295663
MRPL3,0.03019905,0.03213078,-0.0019317307
ATP2C1,0.024720639,0.026655225,-0.0019345861
EFTUD2,0.02802586,0.029961655,-0.001935795
ABRACL,0.025333978,0.027271658,-0.00193768
SIPA1L3,0.029839233,0.031789485,-0.0019502528
EIF4G1,0.07594619,0.07789952,-0.0019533336
SPCS2,0.039669022,0.04162399,-0.001954969
NDUFAF3,0.022705507,0.02466063,-0.0019551236
XPO1,0.051940817,0.053899202,-0.001958385
MAX,0.03439928,0.03635941,-0.0019601323
C19orf53,0.04210565,0.044069555,-0.001963906
CDC42SE2,0.025954016,0.027926575,-0.0019725598
HNRNPUL2,0.05003615,0.05201814,-0.0019819885
SNF8,0.029507011,0.03148903,-0.0019820184
ATOX1,0.04873792,0.05072,-0.001982078
VCP,0.04460502,0.046591327,-0.0019863062
FBLN1,0.02299395,0.024983209,-0.0019892585
UQCRC2,0.024944423,0.026940353,-0.0019959304
PML,0.034192942,0.0361947,-0.0020017587
NFYC,0.031783964,0.03378919,-0.002005227
ERP29,0.031112386,0.033119716,-0.0020073298
MRPL53,0.026786024,0.02879568,-0.0020096563
APRT,0.03952618,0.04153843,-0.002012249
NDUFA6,0.09708364,0.099096395,-0.002012752
MT-RNR1,0.78384334,0.7858565,-0.0020131469
RUSC1,0.07020253,0.072220206,-0.0020176768
RAB2A,0.094780825,0.096799284,-0.0020184591
SMARCC1,0.026630389,0.02864999,-0.002019601
RUNX3,0.038132902,0.040154595,-0.0020216927
HSPA9,0.057915006,0.05995256,-0.002037555
PRRC2A,0.032575876,0.03461448,-0.0020386055
NDUFA2,0.048315383,0.05035772,-0.0020423383
SEC61A1,0.032407083,0.034455024,-0.002047941
SNRPD3,0.07177392,0.073826715,-0.0020527989
LSR,0.05669325,0.058747895,-0.0020546466
BCAP31,0.117396384,0.119451225,-0.0020548403
HNRNPR,0.051332954,0.053392325,-0.0020593703
PUF60,0.06706435,0.06912928,-0.0020649284
CDYL2,0.14364316,0.14571227,-0.0020691156
HEATR1,0.028560929,0.030632017,-0.0020710882
SNX5,0.049241398,0.051326647,-0.0020852499
LPCAT3,0.023644282,0.025737364,-0.0020930823
ETHE1,0.027537514,0.029634416,-0.0020969026
MCM4,0.03744452,0.039542396,-0.0020978749
NDUFB7,0.03424918,0.036356464,-0.002107285
EIF3F,0.024946472,0.027058784,-0.0021123122
CCT7,0.052771892,0.054884512,-0.0021126196
LCE3D,0.02793345,0.030047799,-0.002114348
EIF3A,0.03626917,0.038389463,-0.0021202937
MRPS33,0.028011462,0.030133039,-0.002121577
ACTL6A,0.029903246,0.032032095,-0.0021288488
MRPL15,0.021672238,0.0238094,-0.0021371618
RHOA,0.13607645,0.13821383,-0.0021373779
NOL7,0.024605734,0.026748084,-0.0021423493
CLDN7,0.059638716,0.061784532,-0.0021458156
CTSZ,0.06059852,0.06274627,-0.0021477528
SRRT,0.03105923,0.03320921,-0.0021499787
COPE,0.025114242,0.027267506,-0.0021532644
POGK,0.028612213,0.030768288,-0.002156075
MRPL20,0.047319796,0.04948308,-0.0021632835
CKLF,0.022051152,0.02421715,-0.0021659974
NIT2,0.03788175,0.040051922,-0.0021701716
NUTF2,0.13359806,0.13577318,-0.0021751225
EIF3M,0.030917967,0.033098698,-0.002180731
MRPS34,0.04234201,0.044529554,-0.0021875426
AP1B1,0.026076684,0.028266495,-0.0021898113
SRPRA,0.03293165,0.035121657,-0.0021900088
PARP1,0.0606126,0.062802956,-0.0021903552
LENG8,0.052774925,0.054965585,-0.0021906607
RBM8A,0.08493568,0.087128095,-0.0021924153
IMMT,0.027927762,0.030126253,-0.0021984912
NDUFS8,0.0416756,0.043875396,-0.002199795
AKT2,0.038495746,0.040717706,-0.0022219606
MYD88,0.028879449,0.031104371,-0.0022249222
MTCH1,0.07778336,0.08000991,-0.0022265464
MLEC,0.028366677,0.030610152,-0.0022434741
POLR2I,0.032045648,0.034291863,-0.002246216
MTND2P28,0.021648308,0.023904491,-0.002256183
LRPPRC,0.03511613,0.037377708,-0.002261579
HMGA1,0.05250932,0.054771394,-0.0022620745
NDUFS7,0.021313636,0.023583328,-0.0022696927
POLE3,0.04222804,0.044498682,-0.0022706427
UBB,0.08201867,0.084290594,-0.0022719204
ECT2,0.027001489,0.029290797,-0.0022893082
CHCHD2,0.37750825,0.37979823,-0.0022899806
ANP32E,0.028387098,0.03067955,-0.0022924524
MAGED1,0.02635259,0.028645696,-0.0022931062
FAM120A,0.08964229,0.09194631,-0.002304025
SNRPC,0.030909158,0.03321493,-0.0023057722
EIF2S3,0.044810332,0.0471233,-0.0023129694
UXT,0.024326108,0.026641782,-0.002315674
TSPEAR,0.02821129,0.030536525,-0.002325235
SIGMAR1,0.0284845,0.030810535,-0.0023260359
DNAJB11,0.03060765,0.03293483,-0.0023271795
FUS,0.08770155,0.09003346,-0.002331905
SEC31A,0.052919354,0.055255577,-0.0023362227
PA2G4,0.055188626,0.057525728,-0.0023371018
DPYSL2,0.028124744,0.030472495,-0.0023477506
STIM1,0.025062812,0.027413035,-0.0023502223
COX7B,0.031141093,0.03349682,-0.0023557264
RBP1,0.058201287,0.060565013,-0.0023637265
HSPA4,0.039930917,0.042299762,-0.002368845
NAB1,0.03562972,0.03799949,-0.002369769
SLC44A2,0.021888053,0.024263548,-0.0023754947
LY6D,0.17630859,0.17868426,-0.0023756772
ENSA,0.08813779,0.090516634,-0.0023788437
GSTP1,0.53971756,0.5421055,-0.002387941
AGFG1,0.0712151,0.07361059,-0.0023954883
PPM1G,0.045612644,0.048012935,-0.0024002902
CENPW,0.03006776,0.03247254,-0.0024047792
TRIM25,0.0319415,0.03434782,-0.0024063215
SFT2D2,0.03148536,0.033893246,-0.002407886
HYOU1,0.03865267,0.041071497,-0.0024188273
IRAK1,0.0632353,0.06565806,-0.002422765
CD2AP,0.035483867,0.037910514,-0.0024266466
PSMD8,0.047235496,0.049667157,-0.002431661
LTBP2,0.06004667,0.062483456,-0.002436787
TNFSF10,0.1930787,0.1955179,-0.0024392009
NOLC1,0.031859364,0.034302894,-0.0024435297
REEP5,0.07179127,0.07424614,-0.0024548694
KPNA2,0.028899044,0.031369243,-0.002470199
CCNB1,0.021682652,0.024159413,-0.0024767611
NIBAN1,0.026558328,0.029036148,-0.002477819
CD14,0.025692875,0.028172469,-0.0024795942
HCFC1,0.022246731,0.024730828,-0.0024840962
CTPS1,0.04197165,0.04445885,-0.0024872012
RNF213,0.049377095,0.051889233,-0.0025121383
RASIP1,0.026514895,0.029029565,-0.0025146697
SSR3,0.051185094,0.05370106,-0.002515968
PTTG1,0.03413396,0.036653474,-0.0025195144
KHSRP,0.07550935,0.078044675,-0.0025353283
COX5B,0.08701133,0.08954942,-0.0025380924
SLC1A5,0.046624605,0.04916301,-0.0025384054
DEK,0.056842852,0.059389256,-0.0025464036
TUFM,0.055010382,0.057574168,-0.0025637858
ID1,0.059920367,0.062496882,-0.002576515
TBCB,0.0481771,0.05075532,-0.0025782175
METAP2,0.0412983,0.04388435,-0.0025860518
HIVEP3,0.024000736,0.026595363,-0.0025946274
TMEM109,0.05072069,0.053336874,-0.002616182
TAF10,0.025261793,0.027881995,-0.0026202016
RBMX,0.043502092,0.04612408,-0.002621986
ISCU,0.051817995,0.054440435,-0.0026224405
MRPS27,0.028363569,0.03098882,-0.0026252512
NAA38,0.057503417,0.06013151,-0.0026280917
RPA3,0.052080803,0.05471187,-0.0026310682
SMC4,0.026158124,0.0288141,-0.0026559755
ANAPC5,0.073423184,0.07608437,-0.0026611835
HNRNPK,0.18034314,0.18302016,-0.0026770234
PRPF8,0.05459033,0.057268716,-0.0026783869
DDX11,0.034137104,0.036815565,-0.0026784614
RPS27L,0.06084614,0.063533194,-0.0026870556
SERP1,0.08687399,0.08956136,-0.0026873648
PRSS21,0.031117724,0.03382095,-0.0027032252
AHCY,0.020349193,0.023067283,-0.0027180891
PPA2,0.029926943,0.032657698,-0.0027307551
PPIB,0.10877996,0.11151474,-0.0027347803
EIF3I,0.06761846,0.070360966,-0.0027425066
LSM7,0.03214239,0.034890454,-0.0027480647
ZMPSTE24,0.06641526,0.06916929,-0.0027540326
SPTBN1,0.07798882,0.08074752,-0.0027587041
SULF2,0.052569296,0.055345446,-0.0027761497
RRM1,0.021644736,0.02442681,-0.0027820747
GABRE,0.040682822,0.04347263,-0.0027898066
TMEM176B,0.032978225,0.035771836,-0.00279361
DTX3L,0.023978764,0.026776316,-0.0027975515
FAM174C,0.0387049,0.041502625,-0.0027977265
ACSL3,0.035162654,0.0379682,-0.002805546
NAA50,0.04323843,0.04604555,-0.002807118
NUP62,0.035653856,0.03847598,-0.0028221235
NUP205,0.030994525,0.033835027,-0.0028405022
CDK1,0.030700153,0.033552706,-0.0028525535
U2SURP,0.041989874,0.044861116,-0.0028712414
NDUFA11,0.035802286,0.038675617,-0.0028733313
HNRNPU,0.14293344,0.14580898,-0.0028755367
TIMM10,0.03197073,0.034853112,-0.0028823838
CCT4,0.08395159,0.08683586,-0.0028842688
MDH2,0.0603171,0.063203156,-0.002886057
PLTP,0.08175874,0.0846555,-0.0028967634
ASAH1,0.03237889,0.03527786,-0.0028989688
TOPBP1,0.02320517,0.0261138,-0.0029086303
AKR1A1,0.05172289,0.0546396,-0.0029167086
NOP56,0.053302344,0.056227967,-0.0029256232
NFIC,0.049785256,0.052711997,-0.0029267408
PARP14,0.031066386,0.033995997,-0.0029296111
CYB5B,0.035762634,0.038693674,-0.0029310398
RNPEP,0.044106223,0.04703753,-0.002931308
DNAJC9,0.025518145,0.028460816,-0.0029426701
CKS2,0.071018115,0.07397146,-0.002953343
BZW2,0.051417075,0.05437554,-0.0029584654
CYCS,0.122549504,0.12552367,-0.0029741675
SLC30A1,0.03612209,0.03910836,-0.0029862672
SMARCD2,0.02102233,0.024017926,-0.0029955972
CRTAP,0.0492055,0.05220194,-0.002996441
PRDX5,0.16180861,0.16481188,-0.0030032694
RFC4,0.03616326,0.039168794,-0.0030055344
HMGN3,0.034329776,0.03737031,-0.0030405335
SRD5A1,0.031986322,0.03502738,-0.0030410588
EIF3G,0.032239158,0.03528465,-0.0030454919
PSMG1,0.028070586,0.03111688,-0.0030462947
ARL6IP5,0.023503833,0.02655021,-0.0030463766
MCTS1,0.03691448,0.03997447,-0.0030599907
RPRD1A,0.024044042,0.027126804,-0.0030827615
NRARP,0.037675407,0.040760733,-0.0030853264
SEC13,0.029846892,0.032935873,-0.003088981
BIRC5,0.030067356,0.0331839,-0.0031165425
TACSTD2,0.34084675,0.34396398,-0.0031172335
TRIM28,0.06936587,0.072485335,-0.0031194687
AARS1,0.029707113,0.03282877,-0.0031216573
MT-TA,0.036149878,0.039286263,-0.0031363852
ATP5IF1,0.09059667,0.09374246,-0.0031457916
SRSF1,0.027573377,0.030719418,-0.0031460412
COMMD6,0.06426341,0.06741049,-0.0031470805
MRPL33,0.057868794,0.061036028,-0.0031672344
LAP3,0.022047995,0.025220525,-0.0031725299
NEFM,0.024326527,0.02750051,-0.0031739827
CD24,0.10657738,0.109768234,-0.0031908527
HIGD2A,0.045257293,0.048448864,-0.0031915717
DKC1,0.03846202,0.041669007,-0.003206987
SYNCRIP,0.055542905,0.05875768,-0.0032147765
NDUFB9,0.08500278,0.088217676,-0.0032148957
SEC23B,0.025965258,0.029187316,-0.0032220576
VSNL1,0.024030484,0.027274894,-0.0032444093
MBD2,0.08704352,0.09029907,-0.0032555535
SNRNP200,0.054731082,0.05800887,-0.003277786
DNAJC10,0.037914675,0.041204218,-0.003289543
SKA2,0.02461039,0.027901618,-0.003291227
CAPNS2,0.026302725,0.029602632,-0.0032999068
MCL1,0.1841607,0.18746072,-0.003300026
SF3B3,0.041371055,0.044671178,-0.003300123
PDCD2,0.0442064,0.04750831,-0.003301911
LASP1,0.058019664,0.061322495,-0.0033028312
SRSF2,0.14550878,0.14881583,-0.0033070445
UFC1,0.052010834,0.055330303,-0.0033194683
PRKACA,0.0400846,0.043416265,-0.003331665
POMP,0.12796508,0.13130078,-0.0033356994
MDH1,0.06189988,0.06525432,-0.0033544414
LGALS7B,0.020286964,0.02364285,-0.003355885
ARF3,0.06837955,0.07173626,-0.00335671
SPARC,0.20295958,0.20633185,-0.003372267
SAE1,0.028065752,0.031443678,-0.0033779256
MT-ATP8,0.104504555,0.107892424,-0.0033878684
DSP,0.23508549,0.23848666,-0.0034011751
CENPF,0.01961566,0.023029542,-0.003413882
SNRPE,0.08738817,0.090808816,-0.0034206435
REX1BD,0.022933625,0.02635857,-0.0034249462
PTDSS1,0.052784435,0.05621123,-0.003426794
MRPS12,0.03252033,0.03594839,-0.0034280568
NUCKS1,0.09460348,0.09803236,-0.0034288839
ATP5MK,0.07774276,0.0811903,-0.00344754
FSTL1,0.039324496,0.042783838,-0.0034593418
FH,0.028896376,0.0323567,-0.0034603253
NARS1,0.03908581,0.04256986,-0.0034840517
CCT8,0.04259638,0.046095803,-0.0034994222
TMEM258,0.1752042,0.17872278,-0.0035185814
MRPS15,0.048556365,0.052085012,-0.0035286471
MARCKS,0.105930336,0.10947743,-0.0035470948
HES2,0.03648915,0.04005923,-0.0035700798
CIAO2A,0.03315607,0.036734182,-0.0035781115
TBL1XR1,0.06728211,0.07086691,-0.0035848022
PLSCR1,0.056234792,0.059827067,-0.003592275
USP1,0.04266828,0.04626927,-0.0036009923
DNPH1,0.03075808,0.03436157,-0.003603492
COPA,0.06055986,0.064187475,-0.0036276132
RPL4,0.11613843,0.11977181,-0.00363338
POMK,0.03635148,0.03998531,-0.0036338307
COPRS,0.04354688,0.047183875,-0.0036369935
CDKN2AIPNL,0.025607778,0.029272342,-0.0036645643
IFI16,0.060900297,0.064588085,-0.0036877878
SLC39A6,0.066959955,0.07064939,-0.003689438
NDUFAF8,0.032956533,0.036646217,-0.003689684
LRP8,0.021098567,0.024796072,-0.0036975052
SSBP1,0.06285216,0.06655698,-0.0037048236
MRPS21,0.05639756,0.060110874,-0.0037133135
PSMA4,0.05714695,0.06086433,-0.0037173778
PARK7,0.05906745,0.06278617,-0.003718719
ANLN,0.028624984,0.03235806,-0.003733078
CBX5,0.023580292,0.027313959,-0.0037336666
IER2,0.06460018,0.0684097,-0.0038095266
MT-TP,0.02516603,0.028977113,-0.0038110837
NDUFAB1,0.06850637,0.07231787,-0.003811501
MCM3,0.031046737,0.034859676,-0.003812939
SHISA5,0.12132041,0.12513956,-0.0038191527
ATP5PF,0.08135484,0.085185274,-0.003830433
RPS10,0.053985827,0.05783397,-0.003848143
UBE2T,0.021373827,0.025226524,-0.003852697
TMPO,0.031844947,0.03570216,-0.003857214
TIMM8B,0.03582625,0.03971997,-0.0038937181
PPT1,0.070593454,0.07450802,-0.003914565
SNHG19,0.027591817,0.031507764,-0.003915947
MRPL34,0.028889215,0.032860994,-0.0039717797
ATP5PO,0.052865203,0.05684153,-0.0039763264
GPX4,0.09017096,0.09414749,-0.0039765313
SNU13,0.12500699,0.12902929,-0.0040223002
SUMO3,0.07479055,0.07881663,-0.0040260777
ITGB8,0.027179735,0.031212687,-0.0040329527
UBE2S,0.054481763,0.058527634,-0.00404587
PSME1,0.034016702,0.038063455,-0.004046753
CFLAR,0.03868849,0.042761452,-0.004072964
STAT2,0.05005095,0.054126337,-0.0040753856
ATP6V0B,0.12059873,0.12468049,-0.004081756
SDF2L1,0.04183649,0.04594607,-0.00410958
GGCT,0.052098505,0.05621546,-0.004116956
TXNIP,0.049592096,0.0537266,-0.0041345023
COX8A,0.15007448,0.15422055,-0.0041460693
UNG,0.025920613,0.030068329,-0.004147716
TRIR,0.12034951,0.12449947,-0.0041499585
CDK4,0.06695694,0.07112651,-0.004169576
PKMYT1,0.022506371,0.026711037,-0.0042046662
FAM83D,0.02046951,0.024675982,-0.004206471
NDUFA13,0.035161138,0.039368346,-0.0042072088
RCC2,0.050350167,0.05457055,-0.0042203814
MYBL2,0.020649124,0.02488338,-0.004234256
S100A4,0.060287572,0.06452817,-0.004240595
DNMT1,0.019991241,0.024256535,-0.0042652935
CLTC,0.12090234,0.12517145,-0.0042691156
TPGS2,0.029615384,0.03389066,-0.0042752773
GNB4,0.030044839,0.034331568,-0.004286729
NONO,0.050102353,0.054391574,-0.004289221
AP3D1,0.053173706,0.057484243,-0.004310537
LIPA,0.026225578,0.030536463,-0.0043108854
BUB3,0.04873679,0.053048044,-0.004311256
PPA1,0.026841456,0.031162955,-0.004321499
TIMM13,0.04609236,0.050421007,-0.0043286458
HSD17B12,0.023657024,0.028009601,-0.004352577
MCM7,0.040580425,0.04496632,-0.004385896
PDIA4,0.079400115,0.08379074,-0.004390627
NNMT,0.085075326,0.0894811,-0.004405774
POLR2B,0.028774083,0.033233613,-0.00445953
CSE1L,0.04677534,0.05126673,-0.004491389
RPN1,0.09582606,0.100331746,-0.0045056865
RPL8,0.45667496,0.46118292,-0.004507959
CNDP2,0.037133444,0.041660573,-0.0045271292
RUVBL1,0.024795262,0.029347261,-0.0045519993
MCM5,0.023534907,0.028103957,-0.00456905
SERF2,0.2852695,0.28984427,-0.0045747757
SRP14,0.13331293,0.13789274,-0.0045798123
SNHG1,0.10127622,0.10586718,-0.0045909584
C12orf57,0.054813728,0.059404686,-0.0045909584
NME1,0.035626717,0.04024168,-0.004614964
PSMB4,0.09598446,0.10061701,-0.0046325475
HMGB2,0.027194096,0.03183077,-0.0046366733
SRM,0.065679416,0.07032582,-0.0046464056
SRPRB,0.035606727,0.040263556,-0.004656829
GSTK1,0.03747626,0.04215372,-0.0046774596
ELOB,0.08012038,0.08482197,-0.004701592
PPP2R5C,0.059367567,0.06407316,-0.004705593
RPL37,0.67202145,0.6767358,-0.00471437
CUTA,0.035877295,0.040594455,-0.00471716
RRBP1,0.06747906,0.072221905,-0.004742846
RPL14,0.08994803,0.09469388,-0.0047458485
NSDHL,0.021684295,0.026444754,-0.004760459
DPM3,0.035043932,0.039824057,-0.004780125
PSMB9,0.025158053,0.029971397,-0.0048133433
TK1,0.029478248,0.034303863,-0.0048256144
FKBP11,0.02066634,0.025537984,-0.004871644
NDC1,0.036606174,0.041489743,-0.0048835687
DHTKD1,0.033462487,0.038384702,-0.004922215
RBM3,0.11416762,0.11909045,-0.0049228296
GAL,0.030719751,0.035657685,-0.0049379338
RBIS,0.08025849,0.08520063,-0.0049421415
YBX1,0.26530793,0.27025342,-0.004945487
LAPTM4B,0.12941195,0.13436802,-0.0049560666
TRIP13,0.029506158,0.03446546,-0.0049593
SPCS3,0.051393922,0.0563637,-0.0049697794
NDUFB11,0.046357904,0.05135082,-0.004992917
COL3A1,0.24494278,0.24993612,-0.0049933344
GDI2,0.23017532,0.23518677,-0.005011454
PPP1CC,0.0644858,0.069529764,-0.005043961
HNRNPL,0.10882112,0.11388824,-0.005067125
SNHG12,0.04118533,0.046263255,-0.0050779246
ALYREF,0.050099604,0.055198886,-0.0050992817
SSRP1,0.06815061,0.07326029,-0.0051096827
CHID1,0.045054838,0.05017358,-0.0051187426
JTB,0.089382194,0.094515935,-0.0051337406
NHP2,0.07409242,0.07923355,-0.0051411316
HNRNPAB,0.12786566,0.13301574,-0.0051500797
SSR1,0.06294992,0.06810158,-0.0051516593
OAS3,0.048149098,0.05332058,-0.0051714815
BCL2L12,0.027773583,0.032965966,-0.0051923823
TYROBP,0.04266457,0.04786419,-0.0051996224
NDUFA3,0.02737585,0.032589808,-0.0052139573
ATP5PB,0.09766271,0.102881715,-0.005219005
HNRNPD,0.07061325,0.075871386,-0.0052581355
MCM2,0.022756241,0.028072499,-0.0053162575
COPS9,0.07773787,0.08306134,-0.0053234696
MT1G,0.101010755,0.106342435,-0.00533168
CNN3,0.121684685,0.12701866,-0.005333975
RPL13,0.28151906,0.28685987,-0.0053408146
APOL6,0.02483007,0.030175436,-0.005345367
HLA-A,0.3697039,0.3750515,-0.0053476095
ITM2C,0.026753748,0.0321385,-0.0053847525
PRMT1,0.034518793,0.039909765,-0.005390972
POLR2G,0.050100148,0.055504877,-0.0054047294
TFCP2L1,0.02515618,0.030569024,-0.005412845
COLGALT1,0.04260116,0.048027568,-0.005426407
LUM,0.034116793,0.03956127,-0.0054444782
ECH1,0.033883862,0.039332077,-0.0054482147
RPL26,0.1527435,0.1582393,-0.0054958016
TKT,0.04111843,0.046638314,-0.005519882
RPN2,0.11357838,0.119101696,-0.0055233166
NOP53,0.039716963,0.045242887,-0.0055259243
BTF3,0.13312054,0.13867663,-0.0055560917
AHR,0.050695222,0.056275684,-0.0055804625
ENSG00000237550,0.07160833,0.077216305,-0.0056079775
SLC25A3,0.09357969,0.09919337,-0.0056136847
UQCRB,0.10011853,0.10575577,-0.005637236
CYB5A,0.038053147,0.043751296,-0.005698148
FLOT2,0.061553244,0.06725602,-0.005702775
PAICS,0.038029235,0.043773454,-0.005744219
COTL1,0.034607895,0.040371317,-0.0057634227
PDCD5,0.07537472,0.08116402,-0.005789295
ERH,0.15344499,0.1592369,-0.0057919025
SRP72,0.04041262,0.0462071,-0.0057944804
TSPAN13,0.020413768,0.026235562,-0.0058217943
COPB2,0.047955777,0.053787638,-0.00583186
PSME2,0.047206383,0.053046387,-0.0058400035
A2M,0.022752259,0.02863728,-0.0058850218
COX6A1,0.14925541,0.15514623,-0.0058908165
APOC1,0.03347336,0.039404828,-0.005931467
PSMB8,0.032867987,0.038801905,-0.005933918
FASN,0.026129164,0.03209748,-0.0059683174
TOP2A,0.033198107,0.039177798,-0.0059796907
COX7A2,0.15761349,0.16360396,-0.0059904754
UBE2C,0.04182579,0.047851536,-0.0060257465
MANF,0.07794772,0.0839958,-0.006048076
EIF4B,0.06912481,0.075185336,-0.006060526
CCT2,0.13323753,0.13933374,-0.006096214
BST2,0.1020804,0.10820352,-0.0061231256
ILF2,0.07991771,0.08604682,-0.006129116
EEF1D,0.15354998,0.15973462,-0.0061846375
SF1,0.102221355,0.10841409,-0.0061927363
COX4I1,0.118669614,0.124877244,-0.00620763
COX5A,0.061925273,0.06818238,-0.0062571056
FCER1G,0.038687516,0.044969667,-0.0062821507
MAL2,0.10517016,0.11152096,-0.0063508004
NPC2,0.17280413,0.17916855,-0.00636442
TRIM22,0.022741182,0.029180592,-0.00643941
HNRNPUL1,0.09233008,0.09877083,-0.006440744
HERPUD1,0.03935971,0.045823306,-0.0064635947
CCT3,0.09537562,0.101864815,-0.006489195
ANO1,0.14249192,0.14900757,-0.006515652
HLA-E,0.20376648,0.21028762,-0.0065211356
TSEN34,0.047629874,0.054159246,-0.006529372
SAMHD1,0.029249864,0.035789743,-0.0065398794
TPX2,0.02927814,0.035865366,-0.006587226
LCP1,0.022849359,0.029444287,-0.006594928
TSTD1,0.047797836,0.054458577,-0.006660741
SNHG8,0.038339794,0.04502227,-0.006682478
C1QA,0.03377853,0.040468268,-0.0066897385
C1R,0.04410248,0.0508033,-0.006700821
ATP5MC2,0.12618598,0.13288854,-0.006702557
RAN,0.24761383,0.25436974,-0.0067559034
CLDN1,0.096545435,0.103301935,-0.0067564994
SOD1,0.08711122,0.09391019,-0.0067989677
SYNGR2,0.14722857,0.1540788,-0.0068502277
TAPBP,0.062336005,0.06919267,-0.006856665
UBE2L6,0.047630712,0.054493986,-0.0068632737
SERBP1,0.2062218,0.21308586,-0.006864056
DMKN,0.05830232,0.06516639,-0.006864071
TXNL4A,0.060242623,0.067232676,-0.0069900528
TPM3,0.23528033,0.24227302,-0.006992683
LAPTM5,0.047730763,0.054740444,-0.0070096813
GGH,0.049106114,0.05612375,-0.007017635
LSM4,0.055944923,0.0629842,-0.007039275
ELOVL5,0.04165863,0.04873125,-0.00707262
CPT1A,0.06620394,0.07329166,-0.0070877224
HNRNPM,0.06779068,0.07489452,-0.007103838
SNHG9,0.034603707,0.04175001,-0.0071463026
HLA-F,0.10153657,0.10868879,-0.0071522146
CTSH,0.029557947,0.03672407,-0.007166121
IL32,0.067281604,0.07445661,-0.007175006
CKS1B,0.10070393,0.10788823,-0.007184297
HNRNPA3,0.12238048,0.12956698,-0.007186502
SFPQ,0.088916376,0.09610928,-0.0071929023
G3BP1,0.10463641,0.111855544,-0.0072191358
KARS1,0.04650528,0.053750213,-0.0072449334
RPLP0,0.2685775,0.27585357,-0.007276088
MT-TN,0.03757459,0.04485757,-0.00728298
SLIRP,0.081895284,0.08920343,-0.007308148
HSP90B1,0.18310009,0.19044228,-0.0073421896
RPS25,0.10288666,0.11023276,-0.007346101
PRKDC,0.051324878,0.05868984,-0.0073649622
XBP1,0.09240791,0.099774696,-0.007366784
HSPD1,0.105160445,0.112641685,-0.0074812397
SRGN,0.035460442,0.0430013,-0.0075408593
C1S,0.045820527,0.053390138,-0.007569611
CSKMT,0.04702531,0.054609526,-0.007584214
C1QB,0.04561819,0.053324148,-0.0077059567
C1QC,0.059532944,0.067256115,-0.0077231713
SNRPG,0.1434075,0.15115857,-0.0077510774
ATP5MG,0.063742206,0.07154703,-0.007804826
GAS5,0.153957,0.16176252,-0.0078055263
SLPI,0.09369167,0.101555094,-0.007863425
ENSG00000254682,0.029626746,0.03749137,-0.007864624
SNRPF,0.06529994,0.073166735,-0.007866792
TMEM97,0.019592602,0.027490966,-0.007898364
PCNA,0.06373002,0.071655,-0.007924981
ERG28,0.02513131,0.033079468,-0.007948158
PSMB1,0.12601419,0.13396794,-0.007953748
DUT,0.114280365,0.12238097,-0.0081006065
ATP5MJ,0.089512795,0.097634465,-0.008121669
ATP5ME,0.09313077,0.101261385,-0.008130617
SNRPD1,0.062472716,0.07063476,-0.008162044
TAP1,0.05481257,0.06298498,-0.0081724115
RPL7A,0.3071924,0.31537846,-0.008186072
NDUFB3,0.08849187,0.09672755,-0.008235678
HSPE1,0.08988089,0.098211445,-0.008330554
RPL35,0.23608612,0.24443409,-0.008347973
EMP2,0.04703751,0.055410575,-0.008373067
NDUFA1,0.15711768,0.1654995,-0.008381814
EIF3K,0.067596756,0.07599368,-0.008396924
RPS15A,0.29545784,0.30387518,-0.008417338
MSN,0.13196026,0.14056037,-0.008600116
PTBP1,0.09736874,0.10600574,-0.008637004
RPL22,0.064896636,0.07353483,-0.008638196
PIM2,0.027937373,0.03661583,-0.008678457
UQCRH,0.22461165,0.23331654,-0.008704886
SEC11C,0.06150062,0.070240505,-0.008739885
RPS26,0.113300174,0.12206672,-0.008766547
HLA-DQB1,0.025084564,0.033880778,-0.008796213
TMEM147,0.06800342,0.07680108,-0.008797653
PDIA6,0.13690878,0.14570661,-0.008797824
PSAP,0.2402409,0.24905348,-0.0088125765
SGK1,0.05169916,0.060543556,-0.008844394
FBL,0.053056378,0.0619181,-0.008861721
COX6B1,0.0863702,0.0952455,-0.008875303
RPL10,0.4271013,0.43597946,-0.008878142
CCT5,0.11678695,0.12576427,-0.008977316
RPL15,0.27561983,0.28463233,-0.0090124905
HMGCR,0.026929,0.03594815,-0.0090191495
SNHG5,0.1086554,0.117692664,-0.009037264
MTHFD1,0.096908174,0.10602021,-0.009112038
H2AZ2,0.19354615,0.20283973,-0.009293586
COX7C,0.12178198,0.13117288,-0.009390898
NDUFS5,0.22018747,0.22968496,-0.0094974935
ATP5MC1,0.046020728,0.05554435,-0.009523623
HLA-DQA1,0.023364484,0.032967642,-0.009603158
PSMB2,0.14748171,0.15712346,-0.009641752
SLC25A5,0.12793012,0.1375971,-0.009666979
RPL7,0.36473575,0.37459263,-0.00985688
NDUFB1,0.07687593,0.0868012,-0.009925269
TMA7,0.14675076,0.15672107,-0.009970307
RPL18,0.2604014,0.27037463,-0.009973228
ACLY,0.06582382,0.07588068,-0.010056853
CD47,0.0908955,0.10106884,-0.010173343
RPSA,0.120559655,0.13073878,-0.010179125
PRDX6,0.08128661,0.09147208,-0.010185473
HLA-DRB5,0.03286312,0.043086633,-0.010223512
TOMM7,0.29098517,0.30121148,-0.010226309
IGFBP7,0.1080272,0.11827332,-0.01024612
MGP,0.029374423,0.039874896,-0.010500474
RPS9,0.20167133,0.2122084,-0.010537073
RPL24,0.12385209,0.13449347,-0.010641381
SELENOP,0.04610426,0.05689628,-0.010792021
SQLE,0.034160186,0.0449745,-0.010814313
RACK1,0.26594937,0.27679524,-0.01084587
KRT6B,0.43639216,0.44735295,-0.010960788
SREBF2,0.05501849,0.06605116,-0.011032674
TM7SF3,0.12706597,0.1382377,-0.011171728
ATP5F1A,0.08254711,0.093780436,-0.011233322
NDUFB2,0.116939835,0.12823863,-0.011298798
STMN1,0.116545364,0.12786397,-0.011318609
RPL18A,0.1365245,0.147872,-0.0113475025
RDH10,0.048375696,0.05973157,-0.011355873
BMAL2,0.1858343,0.19722879,-0.011394486
PEBP1,0.075676,0.08707863,-0.011402629
HLA-DRB1,0.04813912,0.05969055,-0.011551429
FDFT1,0.026851641,0.038453728,-0.011602087
SNHG3,0.062858425,0.07458624,-0.011727817
EEF1B2,0.19011173,0.20188308,-0.011771351
UBL5,0.17248616,0.1843127,-0.011826545
IDH1,0.039407972,0.051414322,-0.01200635
RPS8,0.6689293,0.68095785,-0.012028575
LDHB,0.028710574,0.04076193,-0.012051355
ATP5MC3,0.18066216,0.19274373,-0.012081578
EEF2,0.1740782,0.1863711,-0.012292907
HMGB1,0.1410496,0.15338339,-0.012333795
MT-TF,0.13380344,0.14618857,-0.01238513
XRCC6,0.13960165,0.15232432,-0.012722671
SSR4,0.11975192,0.13259378,-0.012841858
HSPA8,0.12591855,0.13882749,-0.012908936
HMGN2,0.24013391,0.25315005,-0.0130161345
RPL37A,0.7879567,0.8009799,-0.013023198
RPS6,0.4022415,0.41548997,-0.013248473
TRAC,0.021220442,0.03450157,-0.013281129
ATP1B3,0.109082736,0.1223968,-0.013314061
MT-ND4L,0.18302442,0.19647111,-0.013446689
DEFB1,0.119870715,0.13336055,-0.013489835
RPS20,0.9966013,1.0103046,-0.013703287
IGHA1,0.0306157,0.044359904,-0.013744203
SNRPD2,0.13255575,0.14630444,-0.0137486905
INO80C,0.027934896,0.041723073,-0.013788177
ACAT2,0.019396897,0.033197958,-0.013801061
HSP90AA1,0.2478893,0.26174068,-0.013851389
RPS5,0.35272512,0.36667114,-0.013946027
HSP90AB1,0.27348632,0.28763855,-0.014152229
ATP5MF,0.123065546,0.13725877,-0.014193222
PTMA,0.29385903,0.3081868,-0.0143277645
RPL29,0.24126387,0.2556846,-0.014420748
CTSC,0.19062695,0.20510955,-0.0144826025
CCND1,0.24491392,0.25945652,-0.014542595
RPL10A,0.23384255,0.24842526,-0.0145827085
DBI,0.09255608,0.10715501,-0.014598928
HSPB1,0.7143404,0.7291517,-0.014811337
HINT1,0.21788265,0.23278579,-0.014903143
KRT5,0.6087045,0.6240977,-0.015393198
RPS18,0.49864691,0.5142257,-0.015578806
CALR,0.2913211,0.30693248,-0.01561138
NCL,0.120905235,0.13653599,-0.015630752
NDUFS6,0.15927202,0.17490467,-0.01563266
RPL23A,0.43537772,0.45102286,-0.015645146
NDUFA4,0.17731309,0.19312236,-0.015809268
GLS,0.13468729,0.15083402,-0.016146734
JCHAIN,0.03330954,0.049696054,-0.016386513
LDLR,0.055796295,0.07232499,-0.016528696
HNRNPA1,0.13705309,0.15376759,-0.016714498
TNC,0.3761525,0.3928796,-0.01672712
UQCRQ,0.17469448,0.19166501,-0.01697053
HLA-B,0.3362648,0.35337704,-0.017112255
GABRB3,0.1537776,0.17095517,-0.017177567
UBA52,0.16016938,0.17773242,-0.017563045
RPS3,0.27194452,0.28971553,-0.017771006
CANX,0.23026858,0.24807106,-0.017802477
FABP5,1.499195,1.517081,-0.017886043
HSPA5,0.32914695,0.34709594,-0.017948985
RPS3A,0.19476275,0.21278635,-0.018023595
RPL27,0.4631565,0.48175216,-0.018595666
FAU,0.17914574,0.19777519,-0.018629447
MSMO1,0.047177702,0.06608009,-0.018902391
RPL41,1.081662,1.1006775,-0.019015431
MT-ND5,0.6301174,0.6494404,-0.019322991
PRDX1,0.24120568,0.26063693,-0.019431248
TUBA1C,0.40588483,0.42533523,-0.019450396
STAT1,0.14084736,0.1605553,-0.019707948
NPM1,0.24811135,0.2681105,-0.019999161
SCD,0.04034289,0.060529094,-0.020186204
KLHDC7B,0.1044733,0.12483496,-0.020361662
RPLP2,0.3771671,0.39880663,-0.021639526
RPL11,0.4030626,0.42471346,-0.02165085
FDPS,0.047414947,0.070395395,-0.022980448
RPS11,0.5255235,0.54866225,-0.023138762
RPS2,0.35541686,0.37880403,-0.023387164
TUBB,0.23483278,0.25838372,-0.023550943
ATP5F1E,0.45044446,0.47436714,-0.023922682
HNRNPA2B1,0.29833713,0.32260144,-0.024264306
CFL1,0.64669424,0.6711783,-0.024484038
SNHG25,0.11007816,0.13488597,-0.024807803
RPL19,0.27843603,0.303408,-0.024971962
RPL30,0.57719874,0.6022753,-0.025076568
RPL23,0.80945045,0.83566767,-0.026217222
RPS24,0.44301727,0.46926463,-0.026247352
MT-CO2,2.3461242,2.3726263,-0.026502132
HLA-DPB1,0.06406534,0.0905925,-0.026527166
RPL31,0.7046506,0.73120874,-0.02655816
RPS23,0.35979414,0.38645682,-0.026662678
MT-ATP6,1.6583314,1.685094,-0.026762605
RPL13A,0.3276218,0.3546464,-0.027024627
LYZ,0.052087482,0.07924637,-0.02715889
RPL35A,0.67295235,0.70028496,-0.027332604
RPS4X,0.2465762,0.2748034,-0.028227195
COX6C,0.30198154,0.33064294,-0.0286614
RPS27,0.41216138,0.44094414,-0.028782755
RPL32,0.32520962,0.35442892,-0.0292193
RPS14,0.3794296,0.41054198,-0.031112373
B2M,1.2000446,1.2312998,-0.031255126
PPIA,0.92764515,0.96009654,-0.03245139
RPS13,0.31992808,0.3532092,-0.033281118
NCAM2,0.18627353,0.22032571,-0.03405218
HMGCS1,0.05293049,0.08789023,-0.03495974
RPS16,0.40642014,0.4417482,-0.03532806
RPL21,0.26070905,0.29608783,-0.035378784
RPS28,0.5532828,0.5895898,-0.036306977
RPL38,0.52768034,0.5642465,-0.03656614
ENSG00000240040,0.08269864,0.119327895,-0.036629252
RPL27A,0.3917582,0.42922834,-0.037470132
DHCR24,0.07815458,0.115968995,-0.037814416
IGHG4,0.0699324,0.108389355,-0.038456954
EEF1A1,0.7527191,0.79368573,-0.04096663
MT-CO1,1.6635381,1.7067897,-0.043251634
HLA-DPA1,0.10520216,0.14940755,-0.04420539
CD74,0.28542134,0.33005747,-0.04463613
BCYRN1,0.2094202,0.25429502,-0.044874817
RPS21,0.56085944,0.6057796,-0.044920146
RPL39,0.7018366,0.74696946,-0.045132875
TPT1,0.5961879,0.64163196,-0.04544407
IGLC3,0.09681958,0.14441404,-0.047594458
MT-ND2,2.1451387,2.1932566,-0.048117876
TUBA1B,0.47434056,0.5252384,-0.050897837
RPS19,0.64468515,0.69645023,-0.051765084
HLA-DRA,0.13580629,0.18810277,-0.052296475
MT-ND1,1.0876919,1.1454421,-0.057750225
MT-CO3,2.4632332,2.5234199,-0.060186625
RPLP1,0.8222495,0.88455915,-0.062309682
MT-CYB,2.1609166,2.2246065,-0.06368995
RPL34,0.6037971,0.66850865,-0.06471157
IGLC2,0.1636063,0.22870038,-0.06509408
RPS12,0.54553586,0.61130226,-0.065766394
IGHG1,0.16436358,0.23177414,-0.06741056
RPS27A,0.6339875,0.7023351,-0.06834763
IGHGP,0.13554288,0.20520322,-0.069660336
MT-ND4,2.3714828,2.4430852,-0.071602345
MT-ND3,2.005273,2.0994513,-0.0941782
RPS29,0.7340609,0.85097444,-0.11691356
DHCR7,0.212043,0.3298305,-0.117787495
IGHG3,0.45988932,0.58571744,-0.12582812
IGKC,1.5478505,1.8281726,-0.28032207
