interface,gene,mean_bulge,mean_dent,lfc,p_geomnull,null_sd
l3,SMESG000017804.1,4.16811,3.4156222,0.75248766,0.5572139303482587,1.1056761325972562
l3,SMESG000027140.1,2.8349752,2.4314127,0.40356255,0.6666666666666666,0.717822721516672
l3,SMESG000003087.1,2.7177885,2.351771,0.36601734,0.7313432835820896,0.7242921162679559
l3,SMESG000049723.1,3.2589784,2.9930105,0.26596785,0.8706467661691543,0.83209700428779
l3,SMESG000017801.1,1.2910258,1.0520736,0.23895216,0.5472636815920398,0.3431757441287434
l3,SMESG000002883.1,0.9568296,0.806038,0.15079159,0.6567164179104478,0.2521531113414495
l3,SMESG000014167.1,0.6720348,0.5340485,0.1379863,,
l3,SMESG000032522.1,0.54009813,0.45857963,0.0815185,,
l3,SMESG000049924.1,0.5729013,0.5009609,0.07194042,,
l3,SMESG000066414.1,0.79515415,0.7250426,0.07011157,,
l3,SMESG000037978.1,0.6042048,0.54230034,0.06190443,,
l3,SMESG000050216.1,0.69732684,0.64052093,0.05680591,,
l3,SMESG000078545.1,0.4423302,0.3956893,0.046640903,,
l3,SMESG000053020.1,0.2756717,0.22993053,0.045741156,,
l3,SMESG000014166.1,0.16927163,0.13146949,0.037802145,,
l3,SMESG000021912.1,0.2676983,0.2348177,0.03288059,,
l3,SMESG000022839.1,0.37083045,0.34121034,0.029620111,,
l3,SMESG000019926.1,0.11345727,0.08492244,0.02853483,,
l3,SMESG000025410.1,0.12763965,0.102067195,0.025572456,,
l3,SMESG000019984.1,0.44141558,0.4164393,0.024976283,,
l3,SMESG000027142.1,0.11260772,0.0882072,0.024400517,,
l3,SMESG000053011.1,0.08051802,0.057843376,0.022674646,,
l3,SMESG000017013.1,0.26926666,0.24795651,0.02131015,,
l3,SMESG000058074.1,0.17247392,0.15294021,0.019533709,,
l3,SMESG000031795.1,0.19770133,0.1788976,0.01880373,,
l3,SMESG000035061.1,0.15868367,0.14012182,0.018561855,,
l3,SMESG000045673.1,0.10162807,0.08356049,0.018067583,,
l3,SMESG000007145.1,0.14587408,0.12802461,0.017849475,,
l3,SMESG000073666.1,0.23776503,0.22119816,0.016566873,,
l3,SMESG000020955.1,0.18528362,0.17008479,0.015198827,,
l3,SMESG000027124.1,0.08058339,0.065935045,0.014648348,,
l3,SMESG000020470.1,0.083459064,0.07018116,0.013277903,,
l3,SMESG000031796.1,0.40566474,0.3924044,0.013260335,,
l3,SMESG000056430.1,0.15306333,0.14084293,0.012220398,,
l3,SMESG000008043.1,0.20266862,0.19195607,0.010712549,,
l3,SMESG000066416.1,0.12587506,0.115366414,0.010508642,,
l3,SMESG000066413.1,0.087445825,0.07755182,0.009894006,,
l3,SMESG000002840.1,0.10273911,0.093735196,0.009003915,,
l3,SMESG000070985.1,0.14593942,0.13707756,0.00886187,,
l3,SMESG000073667.1,0.77927446,0.77070886,0.008565605,,
l3,SMESG000036036.1,0.13214919,0.1244996,0.007649593,,
l3,SMESG000053202.1,0.15633094,0.14973566,0.0065952837,,
l3,SMESG000030981.1,0.19861649,0.19411922,0.0044972748,,
l3,SMESG000001797.1,0.12842394,0.12626222,0.0021617264,,
l3,SMESG000079004.1,0.14607021,0.14492883,0.0011413842,,
l3,SMESG000020952.1,0.10215089,0.10110588,0.0010450035,,
l3,SMESG000005324.1,0.12195362,0.12201601,-6.239116e-05,,
l3,SMESG000016088.1,0.14855368,0.15021636,-0.0016626716,,
l3,SMESG000073691.1,0.16018714,0.16191317,-0.0017260313,,
l3,SMESG000039746.1,0.13848878,0.14076275,-0.002273962,,
l3,SMESG000020910.1,0.09470018,0.09734042,-0.00264024,,
l3,SMESG000066595.1,0.103261895,0.106233224,-0.0029713288,,
l3,SMESG000061639.1,0.08816469,0.09253355,-0.004368864,,
l3,SMESG000014240.1,0.097772054,0.10246777,-0.0046957135,,
l3,SMESG000035333.1,0.07267542,0.07763199,-0.004956566,,
l3,SMESG000013910.1,0.12012376,0.12578142,-0.005657658,,
l3,SMESG000003701.1,0.16345489,0.16936377,-0.0059088767,,
l3,SMESG000034030.1,0.08509288,0.09157215,-0.0064792708,,
l3,SMESG000067728.1,0.06868863,0.07651041,-0.007821776,,
l3,SMESG000004912.1,0.23449698,0.24242859,-0.007931605,,
l3,SMESG000000989.1,0.066008955,0.07426711,-0.0082581565,,
l3,SMESG000028261.1,0.19345345,0.20269144,-0.00923799,,
l3,SMESG000002838.1,0.08855678,0.0978212,-0.009264417,,
l3,SMESG000035316.1,0.24005225,0.24963896,-0.009586707,,
l3,SMESG000017203.1,0.38592765,0.3955292,-0.009601563,,
l3,SMESG000000219.1,0.10652964,0.11624782,-0.00971818,,
l3,SMESG000068025.1,0.07770769,0.087646395,-0.009938702,,
l3,SMESG000042389.1,0.13515557,0.14556953,-0.01041396,,
l3,SMESG000024603.1,0.124829225,0.13571559,-0.010886364,,
l3,SMESG000052600.1,0.057512775,0.06857893,-0.011066154,,
l3,SMESG000045477.1,0.070191726,0.08211845,-0.0119267255,,
l3,SMESG000005010.1,0.064898014,0.07835308,-0.013455063,,
l3,SMESG000033382.1,0.07679273,0.090530634,-0.013737902,,
l3,SMESG000035327.1,0.3607003,0.37445885,-0.01375854,,
l3,SMESG000063568.1,0.12371833,0.13763846,-0.013920136,,
l3,SMESG000040291.1,0.19554475,0.2096615,-0.014116749,,
l3,SMESG000076166.1,0.09809875,0.11264246,-0.014543712,,
l3,SMESG000038005.1,0.22077233,0.23545864,-0.014686316,,
l3,SMESG000013795.1,0.07561633,0.09093129,-0.015314959,,
l3,SMESG000008042.1,0.09424276,0.11031926,-0.016076498,,
l3,SMESG000013697.1,0.06496337,0.08139748,-0.01643411,,
l3,SMESG000071344.1,0.35011256,0.36716866,-0.017056108,,
l3,SMESG000064135.1,0.07973384,0.096939914,-0.017206073,,
l3,SMESG000036870.1,0.11208508,0.12930673,-0.017221652,,
l3,SMESG000017012.1,0.06796984,0.08524309,-0.017273255,,
l3,SMESG000020135.1,0.057382066,0.07482795,-0.01744588,,
l3,SMESG000016195.1,0.069734275,0.087566346,-0.01783207,,
l3,SMESG000038055.1,0.67282134,0.69083375,-0.018012404,,
l3,SMESG000035313.1,0.5809384,0.59934264,-0.018404245,,
l3,SMESG000024670.1,0.058754522,0.07731154,-0.018557016,,
l3,SMESG000013909.1,0.22083771,0.23946421,-0.018626496,,
l3,SMESG000065264.1,0.07326352,0.09189262,-0.018629104,,
l3,SMESG000038052.1,0.7476433,0.76670355,-0.019060254,,
l3,SMESG000019381.1,0.053918183,0.073786475,-0.019868292,,
l3,SMESG000022030.1,0.06372158,0.08364068,-0.019919097,,
l3,SMESG000031958.1,0.14149511,0.16207346,-0.020578355,,
l3,SMESG000028264.1,0.08280558,0.1042305,-0.02142492,,
l3,SMESG000062685.1,0.064636596,0.08652494,-0.021888345,,
l3,SMESG000014588.1,0.053199276,0.07514843,-0.021949157,,
l3,SMESG000034921.1,0.8838355,0.90586334,-0.02202785,,
l3,SMESG000023253.1,0.11639855,0.13859984,-0.022201292,,
l3,SMESG000074196.1,0.06888457,0.09141193,-0.022527367,,
l3,SMESG000024479.1,0.057185978,0.079715036,-0.022529058,,
l3,SMESG000042474.1,0.06463659,0.08740619,-0.0227696,,
l3,SMESG000016219.1,0.06764291,0.091011435,-0.023368523,,
l3,SMESG000055438.1,0.04274238,0.066175535,-0.023433156,,
l3,SMESG000014241.1,0.77535063,0.79883015,-0.023479521,,
l3,SMESG000060068.1,0.053395327,0.07715135,-0.023756023,,
l3,SMESG000016993.1,0.3761237,0.40001538,-0.023891687,,
l3,SMESG000045132.1,0.22312516,0.24795668,-0.024831519,,
l3,SMESG000031786.1,0.05176144,0.07691099,-0.025149547,,
l3,SMESG000016192.1,0.04993145,0.07554907,-0.025617622,,
l3,SMESG000051108.1,0.06849248,0.094135925,-0.025643446,,
l3,SMESG000045474.1,0.0631987,0.08884823,-0.025649533,,
l3,SMESG000051918.1,0.06502865,0.09077104,-0.02574239,,
l3,SMESG000027217.1,0.04829764,0.07410697,-0.025809329,,
l3,SMESG000040933.1,0.14286757,0.16928393,-0.026416361,,
l3,SMESG000056697.1,0.059604153,0.08604422,-0.02644007,,
l3,SMESG000004344.1,0.05169608,0.078272976,-0.026576895,,
l3,SMESG000077471.1,0.07443995,0.101105995,-0.026666045,,
l3,SMESG000009490.1,0.056467067,0.083560616,-0.027093548,,
l3,SMESG000035878.1,0.054441065,0.08179811,-0.027357042,,
l3,SMESG000053168.1,0.09581139,0.12337832,-0.027566932,,
l3,SMESG000016646.1,0.050192922,0.07851334,-0.028320417,,
l3,SMESG000032489.1,0.06117264,0.089569345,-0.028396703,,
l3,SMESG000033840.1,0.04777474,0.076510444,-0.028735705,,
l3,SMESG000079498.1,0.062152997,0.09093131,-0.028778315,,
l3,SMESG000052978.1,0.054114264,0.08307993,-0.028965663,,
l3,SMESG000067672.1,0.05006226,0.07915424,-0.029091977,,
l3,SMESG000078548.1,0.06855794,0.09766109,-0.029103152,,
l3,SMESG000042333.1,0.8043009,0.8335154,-0.029214501,,
l3,SMESG000040062.1,0.05672852,0.08604426,-0.02931574,,
l3,SMESG000043630.1,0.062479746,0.09189269,-0.029412944,,
l3,SMESG000079158.1,0.057708785,0.087165825,-0.02945704,,
l3,SMESG000028017.1,0.057251345,0.086845405,-0.02959406,,
l3,SMESG000078177.1,0.06332939,0.09293418,-0.029604785,,
l3,SMESG000056380.1,0.0523497,0.0820385,-0.029688798,,
l3,SMESG000067659.1,0.050389044,0.080355994,-0.02996695,,
l3,SMESG000071551.1,0.034638226,0.06513407,-0.030495845,,
l3,SMESG000002945.1,0.0584931,0.089008585,-0.030515485,,
l3,SMESG000068390.1,0.06078052,0.09141198,-0.030631457,,
l3,SMESG000004952.1,0.041892733,0.07322574,-0.031333003,,
l3,SMESG000043601.1,0.08489689,0.11672863,-0.03183174,,
l3,SMESG000052592.1,0.41984713,0.4517702,-0.031923056,,
l3,SMESG000060121.1,0.040781703,0.07274509,-0.03196339,,
l3,SMESG000069969.1,0.044049516,0.07619001,-0.032140493,,
l3,SMESG000011963.1,0.047709413,0.08003555,-0.03232614,,
l3,SMESG000037574.1,0.04574879,0.0781128,-0.032364015,,
l3,SMESG000027311.1,0.12156155,0.15398176,-0.03242021,,
l3,SMESG000061029.1,0.061368786,0.093895644,-0.03252686,,
l3,SMESG000010552.1,0.05045434,0.082999825,-0.032545485,,
l3,SMESG000075570.1,0.039670657,0.072264366,-0.03259371,,
l3,SMESG000068141.1,0.112803906,0.14540957,-0.032605663,,
l3,SMESG000062092.1,0.047186535,0.08003555,-0.032849018,,
l3,SMESG000049241.1,0.07692346,0.11015911,-0.033235647,,
l3,SMESG000003375.1,0.07149896,0.1052721,-0.03377314,,
l3,SMESG000016354.1,0.04457237,0.078353204,-0.033780836,,
l3,SMESG000071275.1,0.07679271,0.11063988,-0.033847168,,
l3,SMESG000068863.1,0.113718815,0.14757279,-0.03385397,,
l3,SMESG000051914.1,0.12130001,0.15518355,-0.03388354,,
l3,SMESG000041071.1,0.046467632,0.080676496,-0.034208864,,
l3,SMESG000024727.1,0.047709372,0.08195833,-0.03424896,,
l3,SMESG000018217.1,0.04522589,0.07955486,-0.034328975,,
l3,SMESG000029726.1,0.0441802,0.0786736,-0.0344934,,
l3,SMESG000067681.1,0.056271147,0.091091566,-0.03482042,,
l3,SMESG000026870.1,0.09254342,0.1274641,-0.034920678,,
l3,SMESG000056439.1,0.09123638,0.1261819,-0.034945518,,
l3,SMESG000049854.1,0.08365517,0.11865141,-0.03499624,,
l3,SMESG000035335.1,0.3964502,0.43158144,-0.035131246,,
l3,SMESG000002830.1,0.06411365,0.09934346,-0.03522981,,
l3,SMESG000037994.1,1.4935528,1.5288378,-0.035284996,,
l3,SMESG000077560.1,0.049408667,0.08476242,-0.03535375,,
l3,SMESG000019746.1,0.04555267,0.08099692,-0.035444252,,
l3,SMESG000072805.1,0.042938467,0.07867365,-0.035735186,,
l3,SMESG000001074.1,0.046794422,0.08259935,-0.035804927,,
l3,SMESG000077527.1,0.05496391,0.09093132,-0.03596741,,
l3,SMESG000017332.1,0.4815438,0.51754457,-0.03600076,,
l3,SMESG000009754.1,0.06947287,0.105512425,-0.036039554,,
l3,SMESG000000425.1,0.08862225,0.12474025,-0.036118,,
l3,SMESG000072494.1,0.039670635,0.075789414,-0.03611878,,
l3,SMESG000025689.1,0.043592002,0.07971513,-0.03612313,,
l3,SMESG000075482.1,0.04777479,0.08396128,-0.036186486,,
l3,SMESG000024918.1,0.03862494,0.07482803,-0.03620309,,
l3,SMESG000074424.1,0.10816364,0.1445285,-0.036364853,,
l3,SMESG000036948.1,0.047055874,0.08372092,-0.03666505,,
l3,SMESG000023255.1,0.057120636,0.09389563,-0.036774993,,
l3,SMESG000036946.1,0.108098224,0.14508922,-0.036991,,
l3,SMESG000054316.1,0.062087655,0.09926335,-0.037175693,,
l3,SMESG000049264.1,0.061826166,0.09902307,-0.0371969,,
l3,SMESG000012408.1,0.0743093,0.11168133,-0.03737203,,
l3,SMESG000040051.1,0.03352717,0.070982516,-0.037455346,,
l3,SMESG000076223.1,0.059930902,0.09750085,-0.03756995,,
l3,SMESG000061866.1,0.045748696,0.083560646,-0.03781195,,
l3,SMESG000048843.1,0.11391482,0.15189889,-0.037984073,,
l3,SMESG000023842.1,2.0716584,2.110223,-0.038564682,,
l3,SMESG000014678.1,0.4627867,0.50136155,-0.038574845,,
l3,SMESG000071423.1,0.056009594,0.09469679,-0.038687196,,
l3,SMESG000005024.1,0.063590884,0.10238791,-0.03879703,,
l3,SMESG000074506.1,0.07600851,0.114805944,-0.03879743,,
l3,SMESG000047496.1,0.045225956,0.08420174,-0.038975783,,
l3,SMESG000004048.1,0.049212568,0.0882074,-0.038994834,,
l3,SMESG000028481.1,0.08084481,0.11993325,-0.039088435,,
l3,SMESG000016216.1,0.03561859,0.07482804,-0.039209455,,
l3,SMESG000013847.1,0.036533564,0.07578948,-0.039255917,,
l3,SMESG000064093.1,0.084700875,0.12401926,-0.039318383,,
l3,SMESG000027166.1,0.05136934,0.09077113,-0.039401792,,
l3,SMESG000059546.1,0.036141414,0.07578946,-0.039648045,,
l3,SMESG000053355.1,0.040062796,0.079795256,-0.03973246,,
l3,SMESG000077296.1,0.039343845,0.079314545,-0.0399707,,
l3,SMESG000040772.1,0.06398313,0.10399026,-0.04000713,,
l3,SMESG000014187.1,0.03960528,0.07963503,-0.040029753,,
l3,SMESG000012168.1,0.042088818,0.08219873,-0.040109914,,
l3,SMESG000062534.1,0.04646765,0.086685196,-0.040217545,,
l3,SMESG000002154.1,0.03561858,0.075869605,-0.040251024,,
l3,SMESG000080471.1,0.07829617,0.1185713,-0.040275127,,
l3,SMESG000039980.1,0.04502983,0.08548352,-0.04045369,,
l3,SMESG000051516.1,0.16391237,0.2043741,-0.040461734,,
l3,SMESG000076415.1,0.044506967,0.08500279,-0.04049582,,
l3,SMESG000080697.1,0.039539944,0.080115736,-0.04057579,,
l3,SMESG000073757.1,0.03503035,0.07562925,-0.0405989,,
l3,SMESG000008328.1,0.08626931,0.1269033,-0.040633984,,
l3,SMESG000062742.1,0.041958068,0.08259929,-0.040641222,,
l3,SMESG000008512.1,0.03548785,0.076270156,-0.040782306,,
l3,SMESG000014107.1,0.08130228,0.1224168,-0.041114524,,
l3,SMESG000020571.1,0.040193472,0.08139755,-0.041204076,,
l3,SMESG000009918.1,0.041696683,0.083080016,-0.041383334,,
l3,SMESG000023450.1,0.051565487,0.093014464,-0.041448977,,
l3,SMESG000009654.1,0.09182473,0.1333124,-0.04148767,,
l3,SMESG000038232.1,0.042677026,0.08420165,-0.041524623,,
l3,SMESG000054248.1,0.051565394,0.09333485,-0.04176946,,
l3,SMESG000012999.1,0.06058449,0.10238794,-0.041803453,,
l3,SMESG000037963.1,0.039343875,0.081317455,-0.04197358,,
l3,SMESG000068340.1,0.041043103,0.083079986,-0.042036884,,
l3,SMESG000063817.1,0.03633751,0.07843327,-0.042095758,,
l3,SMESG000022336.1,0.040389564,0.08251919,-0.042129625,,
l3,SMESG000047012.1,0.09273965,0.13491462,-0.042174973,,
l3,SMESG000035330.1,0.2041721,0.2465948,-0.042422697,,
l3,SMESG000062792.1,0.4377549,0.48029137,-0.042536467,,
l3,SMESG000016307.1,0.045225922,0.08780685,-0.04258093,,
l3,SMESG000023170.1,0.068754055,0.111360975,-0.04260692,,
l3,SMESG000023446.1,0.07097633,0.11360426,-0.04262793,,
l3,SMESG000034920.1,0.04751332,0.09021034,-0.04269702,,
l3,SMESG000034043.1,0.055356055,0.09806171,-0.042705655,,
l3,SMESG000020522.1,0.056793816,0.09966397,-0.042870156,,
l3,SMESG000060455.1,0.049931504,0.092934236,-0.043002732,,
l3,SMESG000035607.1,0.045879435,0.08892847,-0.043049034,,
l3,SMESG000038461.1,0.040193494,0.083320335,-0.04312684,,
l3,SMESG000038975.1,0.05078112,0.09413603,-0.04335491,,
l3,SMESG000075633.1,0.038755633,0.08211859,-0.04336296,,
l3,SMESG000020510.1,0.04274237,0.08612441,-0.04338204,,
l3,SMESG000032625.1,0.042742345,0.08612441,-0.043382067,,
l3,SMESG000030651.1,0.038494248,0.08187828,-0.043384034,,
l3,SMESG000080160.1,0.039736006,0.08324023,-0.043504227,,
l3,SMESG000014221.1,0.050389007,0.0939758,-0.04358679,,
l3,SMESG000026993.1,0.04333056,0.08692557,-0.043595012,,
l3,SMESG000043383.1,0.04516049,0.08876824,-0.043607745,,
l3,SMESG000035312.1,0.70921826,0.75292337,-0.043705106,,
l3,SMESG000046166.1,0.051238738,0.09501742,-0.04377868,,
l3,SMESG000059828.1,0.048820432,0.09261381,-0.043793377,,
l3,SMESG000050221.1,0.046010133,0.08980975,-0.04379962,,
l3,SMESG000016883.1,0.09300114,0.13683735,-0.043836206,,
l3,SMESG000008737.1,0.24416995,0.2880947,-0.04392475,,
l3,SMESG000025475.1,0.03986672,0.08380104,-0.04393432,,
l3,SMESG000071278.1,0.124371536,0.16848263,-0.044111095,,
l3,SMESG000012977.1,0.08659618,0.13074881,-0.044152625,,
l3,SMESG000005130.1,0.06326403,0.10743525,-0.04417122,,
l3,SMESG000004507.1,0.03372325,0.07795264,-0.04422939,,
l3,SMESG000020934.1,0.04293845,0.08724602,-0.044307575,,
l3,SMESG000068770.1,0.058297116,0.102628306,-0.04433119,,
l3,SMESG000021642.1,0.03908244,0.08348057,-0.044398125,,
l3,SMESG000066940.1,0.04025882,0.084682316,-0.044423494,,
l3,SMESG000014341.1,0.072413854,0.116888866,-0.04447501,,
l3,SMESG000080328.1,0.05176143,0.09629912,-0.04453769,,
l3,SMESG000080856.1,0.0621532,0.10679443,-0.04464123,,
l3,SMESG000002073.1,0.033853956,0.07851343,-0.044659473,,
l3,SMESG000033211.1,0.05378752,0.09846229,-0.044674773,,
l3,SMESG000044136.1,0.15064505,0.19532111,-0.044676065,,
l3,SMESG000034854.1,0.053853,0.09862254,-0.044769537,,
l3,SMESG000012361.1,0.053722125,0.09854241,-0.044820283,,
l3,SMESG000057910.1,0.156854,0.20173019,-0.044876188,,
l3,SMESG000077177.1,0.03770996,0.082839645,-0.045129687,,
l3,SMESG000028250.1,0.03574927,0.08099701,-0.04524774,,
l3,SMESG000032133.1,0.03614141,0.08147771,-0.0453363,,
l3,SMESG000020306.1,0.044964455,0.090530835,-0.04556638,,
l3,SMESG000055031.1,0.061826196,0.10751532,-0.045689125,,
l3,SMESG000074987.1,0.042807695,0.08884838,-0.046040688,,
l3,SMESG000026637.1,0.036141437,0.082198724,-0.046057288,,
l3,SMESG000025677.1,0.10286983,0.14901483,-0.046145,,
l3,SMESG000061113.1,0.04627155,0.0926939,-0.04642235,,
l3,SMESG000055743.1,0.17567663,0.22215971,-0.046483085,,
l3,SMESG000020805.1,0.041958053,0.0884478,-0.04648975,,
l3,SMESG000049504.1,0.04764407,0.09429624,-0.046652168,,
l3,SMESG000017273.1,0.043395936,0.090050064,-0.046654128,,
l3,SMESG000080432.1,0.05698991,0.10366982,-0.046679914,,
l3,SMESG000014619.1,0.075224236,0.12217654,-0.046952307,,
l3,SMESG000079227.1,0.1639777,0.21094297,-0.04696527,,
l3,SMESG000067191.1,0.034899674,0.08187828,-0.046978608,,
l3,SMESG000070679.1,0.043069158,0.09021033,-0.047141176,,
l3,SMESG000036540.1,0.04437628,0.09157232,-0.04719604,,
l3,SMESG000064891.1,0.03960528,0.086845465,-0.047240186,,
l3,SMESG000041446.1,0.043984115,0.091251835,-0.04726772,,
l3,SMESG000081615.1,0.048297577,0.095738284,-0.047440708,,
l3,SMESG000042238.1,0.089929335,0.13747843,-0.04754909,,
l3,SMESG000065271.1,0.037709966,0.085563645,-0.04785368,,
l3,SMESG000065416.1,0.03980134,0.087726705,-0.047925364,,
l3,SMESG000038369.1,0.05189214,0.0998243,-0.047932163,,
l3,SMESG000025014.1,0.034572877,0.08267937,-0.04810649,,
l3,SMESG000029986.1,0.046663705,0.09477688,-0.04811318,,
l3,SMESG000033847.1,0.042415593,0.09053082,-0.048115227,,
l3,SMESG000070983.1,0.052872494,0.10102596,-0.048153467,,
l3,SMESG000064614.1,0.07221784,0.120414026,-0.04819619,,
l3,SMESG000033447.1,0.056663107,0.10495159,-0.048288483,,
l3,SMESG000065130.1,0.04097774,0.089409135,-0.048431396,,
l3,SMESG000078078.1,0.049604684,0.098061666,-0.04845698,,
l3,SMESG000036519.1,0.041631337,0.09029052,-0.04865918,,
l3,SMESG000044517.1,0.03470359,0.083400525,-0.048696935,,
l3,SMESG000001545.1,0.049277946,0.09806175,-0.0487838,,
l3,SMESG000011981.1,0.04221951,0.09101148,-0.04879197,,
l3,SMESG000079959.1,0.10117051,0.14997621,-0.0488057,,
l3,SMESG000081207.1,0.04241558,0.091251865,-0.048836283,,
l3,SMESG000000987.1,0.04306916,0.091972835,-0.048903674,,
l3,SMESG000080903.1,0.036402848,0.08532327,-0.04892042,,
l3,SMESG000014705.1,0.042154115,0.091251835,-0.04909772,,
l3,SMESG000024341.1,0.04522587,0.09437626,-0.04915039,,
l3,SMESG000067948.1,0.04431093,0.0934951,-0.04918417,,
l3,SMESG000070068.1,0.051042564,0.10030497,-0.049262404,,
l3,SMESG000062670.1,0.67255586,0.72183776,-0.049281895,,
l3,SMESG000068819.1,0.03777533,0.08708584,-0.049310513,,
l3,SMESG000034977.1,0.061956987,0.11128083,-0.049323842,,
l3,SMESG000040593.1,0.053003225,0.102387965,-0.04938474,,
l3,SMESG000024276.1,0.036729626,0.08620454,-0.049474917,,
l3,SMESG000063612.1,0.036533564,0.086044304,-0.04951074,,
l3,SMESG000034009.1,0.048689738,0.09822194,-0.049532205,,
l3,SMESG000005586.1,0.05404887,0.103589654,-0.049540784,,
l3,SMESG000038604.1,0.047448,0.097020134,-0.049572133,,
l3,SMESG000027888.1,0.058166314,0.10775572,-0.049589407,,
l3,SMESG000016994.1,0.11084308,0.16055098,-0.049707904,,
l3,SMESG000014335.1,0.047513302,0.09726053,-0.049747225,,
l3,SMESG000025057.1,0.054637127,0.10439087,-0.04975374,,
l3,SMESG000023205.1,0.19966216,0.24947892,-0.049816757,,
l3,SMESG000075495.1,0.16887902,0.21871449,-0.049835473,,
l3,SMESG000002956.1,0.046663746,0.09661958,-0.049955837,,
l3,SMESG000021955.1,0.032873623,0.08283969,-0.049966067,,
l3,SMESG000016667.1,0.041696675,0.09173255,-0.05003587,,
l3,SMESG000041543.1,0.042284876,0.092373475,-0.0500886,,
l3,SMESG000081287.1,0.049212582,0.099343605,-0.050131023,,
l3,SMESG000008610.1,0.039343886,0.08972966,-0.050385773,,
l3,SMESG000007460.1,0.04895115,0.099343516,-0.050392367,,
l3,SMESG000034612.1,0.09777189,0.14821368,-0.050441794,,
l3,SMESG000081647.1,0.03731782,0.08780692,-0.050489098,,
l3,SMESG000019718.1,0.042611644,0.093174614,-0.05056297,,
l3,SMESG000024875.1,0.0376446,0.088287555,-0.050642956,,
l3,SMESG000009093.1,0.05012759,0.1007857,-0.050658114,,
l3,SMESG000004871.1,0.06208759,0.11280302,-0.050715428,,
l3,SMESG000030594.1,0.07679288,0.1275442,-0.050751314,,
l3,SMESG000047476.1,0.043265212,0.09405586,-0.05079065,,
l3,SMESG000020467.1,0.043265235,0.09405594,-0.05079071,,
l3,SMESG000024772.1,0.0352918,0.086124435,-0.050832637,,
l3,SMESG000036937.1,0.04274234,0.09365532,-0.050912976,,
l3,SMESG000028730.1,0.046859764,0.09782133,-0.05096157,,
l3,SMESG000038790.1,0.043003798,0.09397579,-0.050971992,,
l3,SMESG000030605.1,0.033984657,0.08508295,-0.05109829,,
l3,SMESG000013115.1,0.040650975,0.0918127,-0.051161725,,
l3,SMESG000007248.1,0.03620678,0.08740628,-0.0511995,,
l3,SMESG000071293.1,0.054048937,0.10527212,-0.051223185,,
l3,SMESG000054078.1,0.045618013,0.096859984,-0.05124197,,
l3,SMESG000051815.1,0.063590825,0.11488604,-0.051295213,,
l3,SMESG000022591.1,0.042350214,0.09373541,-0.051385198,,
l3,SMESG000061707.1,0.03195865,0.083400495,-0.051441845,,
l3,SMESG000074161.1,0.03535716,0.08684547,-0.051488314,,
l3,SMESG000057659.1,0.050258256,0.10182713,-0.051568873,,
l3,SMESG000035357.1,0.054898556,0.10647391,-0.05157535,,
l3,SMESG000005286.1,0.034180734,0.08580398,-0.051623244,,
l3,SMESG000057944.1,0.07293673,0.12458003,-0.051643305,,
l3,SMESG000044681.1,0.11587566,0.16752133,-0.051645666,,
l3,SMESG000027204.1,0.14868417,0.20036836,-0.051684186,,
l3,SMESG000061711.1,0.043657344,0.09541788,-0.051760536,,
l3,SMESG000033587.1,0.053852834,0.10567262,-0.051819786,,
l3,SMESG000081288.1,0.06319867,0.11504626,-0.051847592,,
l3,SMESG000032629.1,0.042546272,0.094456434,-0.051910162,,
l3,SMESG000000928.1,0.080648735,0.13267154,-0.0520228,,
l3,SMESG000016907.1,0.03607605,0.08820747,-0.05213142,,
l3,SMESG000081058.1,0.05045435,0.1027084,-0.05225405,,
l3,SMESG000016697.1,0.037252482,0.08964954,-0.05239706,,
l3,SMESG000062609.1,0.106529966,0.15910938,-0.052579418,,
l3,SMESG000019717.1,0.04136986,0.09405581,-0.05268595,,
l3,SMESG000039168.1,0.0404549,0.09317464,-0.052719735,,
l3,SMESG000056251.1,0.053591456,0.10631359,-0.052722137,,
l3,SMESG000059427.1,0.035487875,0.08828757,-0.052799694,,
l3,SMESG000002914.1,0.033657897,0.08652504,-0.05286714,,
l3,SMESG000023352.1,0.05574816,0.10863706,-0.052888896,,
l3,SMESG000077696.1,0.03862496,0.09157226,-0.0529473,,
l3,SMESG000013661.1,0.047644064,0.10062546,-0.0529814,,
l3,SMESG000049997.1,0.043526657,0.09653965,-0.05301299,,
l3,SMESG000034945.1,0.038232826,0.09141213,-0.0531793,,
l3,SMESG000075974.1,0.040258855,0.0934951,-0.053236246,,
l3,SMESG000007855.1,0.052545734,0.10591309,-0.053367354,,
l3,SMESG000020746.1,0.03483432,0.08820747,-0.053373147,,
l3,SMESG000081906.1,0.039213143,0.09261382,-0.05340068,,
l3,SMESG000010804.1,0.036468204,0.08988991,-0.053421702,,
l3,SMESG000042680.1,0.065420836,0.11897196,-0.053551123,,
l3,SMESG000065324.1,0.04267699,0.09645935,-0.053782362,,
l3,SMESG000026855.1,0.045879465,0.09966401,-0.053784546,,
l3,SMESG000026692.1,0.056532394,0.11031943,-0.053787034,,
l3,SMESG000071444.1,0.062871955,0.11672871,-0.053856753,,
l3,SMESG000009142.1,0.047709398,0.10158683,-0.053877436,,
l3,SMESG000027962.1,0.04450698,0.09846226,-0.053955283,,
l3,SMESG000016275.1,0.04032419,0.09437639,-0.054052204,,
l3,SMESG000066903.1,0.03561857,0.089729674,-0.054111104,,
l3,SMESG000024322.1,0.039932057,0.09405588,-0.054123826,,
l3,SMESG000063577.1,0.039670642,0.09381554,-0.0541449,,
l3,SMESG000002848.1,0.041892752,0.096058786,-0.054166034,,
l3,SMESG000011657.1,0.058689147,0.113043375,-0.054354228,,
l3,SMESG000021046.1,0.040062763,0.09445651,-0.054393746,,
l3,SMESG000069590.1,0.03790603,0.092373535,-0.054467507,,
l3,SMESG000057816.1,1.2944905,1.3489743,-0.05448389,,
l3,SMESG000060723.1,0.17182039,0.22640559,-0.054585204,,
l3,SMESG000081273.1,0.07515891,0.12978755,-0.05462864,,
l3,SMESG000049071.1,0.03659893,0.09125185,-0.05465292,,
l3,SMESG000003437.1,0.04555264,0.10030481,-0.05475217,,
l3,SMESG000020515.1,0.045814052,0.10062545,-0.054811396,,
l3,SMESG000005268.1,0.04104312,0.0958986,-0.054855477,,
l3,SMESG000007797.1,0.08881829,0.14380744,-0.05498915,,
l3,SMESG000031788.1,0.872588,0.9276541,-0.05506611,,
l3,SMESG000057004.1,0.09306639,0.14821374,-0.055147357,,
l3,SMESG000010516.1,0.03313505,0.088447794,-0.055312745,,
l3,SMESG000024235.1,0.047774777,0.10310896,-0.05533418,,
l3,SMESG000071508.1,0.057774156,0.11312343,-0.055349275,,
l3,SMESG000073542.1,0.043722708,0.09910326,-0.05538055,,
l3,SMESG000004195.1,0.04836297,0.103830084,-0.055467114,,
l3,SMESG000017118.1,0.04535662,0.10086585,-0.05550923,,
l3,SMESG000052833.1,0.040781677,0.09629914,-0.055517465,,
l3,SMESG000081754.1,0.046598345,0.102147594,-0.05554925,,
l3,SMESG000011539.1,0.035749268,0.091412164,-0.055662896,,
l3,SMESG000008222.1,0.07646595,0.13227095,-0.055804998,,
l3,SMESG000016669.1,0.046010155,0.10182722,-0.055817064,,
l3,SMESG000028157.1,0.13424073,0.19011353,-0.055872798,,
l3,SMESG000057052.1,0.05502927,0.11104057,-0.0560113,,
l3,SMESG000055008.1,0.04006278,0.09613891,-0.056076128,,
l3,SMESG000037135.1,0.077707976,0.13379334,-0.056085363,,
l3,SMESG000067683.1,0.085485294,0.14164433,-0.056159034,,
l3,SMESG000066841.1,0.04339592,0.099583946,-0.056188025,,
l3,SMESG000010755.1,0.088818245,0.14500912,-0.05619087,,
l3,SMESG000017173.1,0.041696638,0.097901404,-0.056204766,,
l3,SMESG000027795.1,0.044441648,0.100785695,-0.056344047,,
l3,SMESG000070850.1,0.064440496,0.1208146,-0.056374103,,
l3,SMESG000053650.1,0.047709417,0.10415057,-0.056441154,,
l3,SMESG000057467.1,0.045683395,0.10222771,-0.056544315,,
l3,SMESG000020501.1,0.046532985,0.10310884,-0.056575853,,
l3,SMESG000078697.1,0.08672674,0.14340684,-0.0566801,,
l3,SMESG000060389.1,0.04319989,0.09990447,-0.05670458,,
l3,SMESG000009106.1,0.066205114,0.12297783,-0.056772716,,
l3,SMESG000009711.1,0.06385237,0.12065439,-0.05680202,,
l3,SMESG000023063.1,0.14156048,0.19844553,-0.05688505,,
l3,SMESG000026239.1,0.04875513,0.10575283,-0.0569977,,
l3,SMESG000072847.1,0.040389568,0.09742068,-0.05703111,,
l3,SMESG000034829.1,0.050846484,0.10807599,-0.057229508,,
l3,SMESG000038117.1,0.041043095,0.09830201,-0.05725891,,
l3,SMESG000072545.1,0.05666311,0.113924555,-0.057261445,,
l3,SMESG000035884.1,0.0660092,0.1232984,-0.057289198,,
l3,SMESG000075857.1,0.04136989,0.09878274,-0.05741285,,
l3,SMESG000019808.1,0.044180166,0.10166694,-0.057486776,,
l3,SMESG000072786.1,0.05234961,0.1098386,-0.05748899,,
l3,SMESG000072630.1,0.058427766,0.115927584,-0.05749982,,
l3,SMESG000026208.1,0.051826824,0.10943824,-0.057611417,,
l3,SMESG000039857.1,0.07561638,0.1332324,-0.057616018,,
l3,SMESG000061749.1,0.05346073,0.111360975,-0.057900246,,
l3,SMESG000040163.1,0.052088227,0.11007912,-0.05799089,,
l3,SMESG000029088.1,0.05051964,0.10855684,-0.058037195,,
l3,SMESG000072876.1,0.043199893,0.10126632,-0.058066424,,
l3,SMESG000019986.1,0.05241503,0.110719875,-0.058304846,,
l3,SMESG000077202.1,0.46200246,0.52050704,-0.05850458,,
l3,SMESG000029410.1,0.04065094,0.09926345,-0.05861251,,
l3,SMESG000044485.1,0.05888524,0.11769012,-0.058804885,,
l3,SMESG000010413.1,0.051107876,0.109998964,-0.058891088,,
l3,SMESG000069520.1,0.061826292,0.120814644,-0.05898835,,
l3,SMESG000010381.1,0.045029797,0.10407041,-0.059040613,,
l3,SMESG000011518.1,0.04398412,0.103028946,-0.059044827,,
l3,SMESG000046116.1,0.053918213,0.11296327,-0.059045054,,
l3,SMESG000038553.1,0.06881934,0.12786485,-0.059045516,,
l3,SMESG000037231.1,0.05653239,0.11560703,-0.05907464,,
l3,SMESG000010283.1,0.059212063,0.118331075,-0.059119012,,
l3,SMESG000051885.1,0.045879457,0.10503184,-0.059152383,,
l3,SMESG000066078.1,0.0597349,0.11889186,-0.059156958,,
l3,SMESG000014112.1,0.049735405,0.10895749,-0.059222087,,
l3,SMESG000062633.1,0.05515994,0.11440534,-0.0592454,,
l3,SMESG000061907.1,0.06261051,0.12201633,-0.059405826,,
l3,SMESG000056546.1,0.056989897,0.116408244,-0.059418347,,
l3,SMESG000066687.1,0.05417963,0.113684304,-0.059504673,,
l3,SMESG000078985.1,0.044245575,0.1038301,-0.059584524,,
l3,SMESG000069889.1,0.055029258,0.114645705,-0.059616446,,
l3,SMESG000066554.1,0.040585615,0.100224875,-0.05963926,,
l3,SMESG000011290.1,0.05816634,0.1178504,-0.05968406,,
l3,SMESG000079273.1,0.042938426,0.102708265,-0.05976984,,
l3,SMESG000053935.1,0.051826797,0.11160127,-0.059774473,,
l3,SMESG000037707.1,0.070976056,0.1309891,-0.06001305,,
l3,SMESG000041811.1,0.06280653,0.12289766,-0.06009113,,
l3,SMESG000073334.1,0.12946962,0.18963294,-0.06016332,,
l3,SMESG000014474.1,0.049343284,0.109518275,-0.06017499,,
l3,SMESG000024968.1,0.05849311,0.11873172,-0.06023861,,
l3,SMESG000009145.1,0.052545767,0.112883165,-0.0603374,,
l3,SMESG000027938.1,0.046925142,0.10727504,-0.060349897,,
l3,SMESG000009582.1,0.041631334,0.10198741,-0.060356073,,
l3,SMESG000032743.1,0.059996247,0.12041402,-0.06041777,,
l3,SMESG000012672.1,0.088883586,0.14933524,-0.06045165,,
l3,SMESG000075349.1,0.050127573,0.11063986,-0.06051229,,
l3,SMESG000031703.1,0.055159945,0.11576729,-0.060607348,,
l3,SMESG000061468.1,0.0313051,0.091972925,-0.060667824,,
l3,SMESG000012475.1,0.05797027,0.118651666,-0.060681395,,
l3,SMESG000023987.1,0.07548582,0.13627678,-0.060790963,,
l3,SMESG000044888.1,0.06470192,0.12562153,-0.060919605,,
l3,SMESG000026676.1,0.05182681,0.11280307,-0.060976263,,
l3,SMESG000074509.1,0.033919316,0.09517757,-0.061258253,,
l3,SMESG000065727.1,0.14691968,0.20821948,-0.0612998,,
l3,SMESG000006795.1,0.045029804,0.10639375,-0.061363943,,
l3,SMESG000011768.1,0.046663694,0.10815631,-0.061492614,,
l3,SMESG000074831.1,0.031435814,0.0929343,-0.06149849,,
l3,SMESG000069827.1,0.054114223,0.115767404,-0.061653182,,
l3,SMESG000051237.1,0.069472894,0.13114941,-0.061676517,,
l3,SMESG000026631.1,0.045552667,0.107275054,-0.061722387,,
l3,SMESG000032344.1,0.0440495,0.105833,-0.0617835,,
l3,SMESG000025422.1,0.037317842,0.09910322,-0.061785378,,
l3,SMESG000063653.1,0.049866132,0.11176157,-0.061895438,,
l3,SMESG000042131.1,0.036860343,0.09902302,-0.06216268,,
l3,SMESG000000703.1,0.0867267,0.1489346,-0.0622079,,
l3,SMESG000049117.1,0.06430978,0.12658298,-0.062273197,,
l3,SMESG000034225.1,0.04235024,0.10463123,-0.06228099,,
l3,SMESG000044312.1,0.05326464,0.11560712,-0.06234248,,
l3,SMESG000025747.1,0.04816692,0.11055985,-0.06239293,,
l3,SMESG000004726.1,0.05999624,0.122497104,-0.062500864,,
l3,SMESG000060349.1,0.051892202,0.114405446,-0.06251325,,
l3,SMESG000008815.1,0.057316665,0.11985329,-0.06253663,,
l3,SMESG000081696.1,0.084962256,0.14773306,-0.062770806,,
l3,SMESG000023010.1,0.03463825,0.09742078,-0.06278253,,
l3,SMESG000040292.1,0.050911803,0.11376434,-0.06285253,,
l3,SMESG000021174.1,0.061499514,0.12449998,-0.06300046,,
l3,SMESG000020075.1,0.08600786,0.14909498,-0.06308712,,
l3,SMESG000031906.1,0.040520296,0.10366994,-0.063149646,,
l3,SMESG000038869.1,0.065028675,0.12818527,-0.0631566,,
l3,SMESG000078773.1,0.16155957,0.22472322,-0.06316365,,
l3,SMESG000047091.1,0.05463714,0.11785039,-0.06321325,,
l3,SMESG000064394.1,0.049735397,0.113203704,-0.06346831,,
l3,SMESG000081526.1,0.029605854,0.093094565,-0.06348871,,
l3,SMESG000041117.1,0.07300207,0.13651702,-0.06351495,,
l3,SMESG000014949.1,0.090059996,0.15358147,-0.063521475,,
l3,SMESG000037355.1,0.09332772,0.15694603,-0.06361831,,
l3,SMESG000008139.1,0.08705367,0.15069726,-0.06364359,,
l3,SMESG000016828.1,0.05757814,0.121295355,-0.063717216,,
l3,SMESG000032411.1,0.08823006,0.1520592,-0.06382914,,
l3,SMESG000065433.1,0.07836121,0.14220512,-0.063843906,,
l3,SMESG000039100.1,0.04934332,0.113203704,-0.06386039,,
l3,SMESG000078872.1,0.051957555,0.11592767,-0.06397011,,
l3,SMESG000037748.1,0.075158864,0.13924094,-0.06408207,,
l3,SMESG000065858.1,0.09600737,0.16015086,-0.06414349,,
l3,SMESG000071366.1,0.06483254,0.12906604,-0.0642335,,
l3,SMESG000013191.1,0.07927625,0.1438876,-0.064611346,,
l3,SMESG000054049.1,0.04685976,0.111521184,-0.06466143,,
l3,SMESG000033877.1,0.06973431,0.13443415,-0.064699836,,
l3,SMESG000016299.1,0.05130397,0.116007686,-0.06470372,,
l3,SMESG000078664.1,0.07966834,0.14444824,-0.06477989,,
l3,SMESG000043835.1,0.041631334,0.10647389,-0.06484256,,
l3,SMESG000040780.1,0.092413045,0.15734689,-0.064933844,,
l3,SMESG000007597.1,0.04261165,0.10759552,-0.06498387,,
l3,SMESG000021684.1,0.05888519,0.12401925,-0.06513406,,
l3,SMESG000038673.1,0.04385341,0.10903741,-0.065184,,
l3,SMESG000050640.1,0.033984672,0.0992635,-0.06527883,,
l3,SMESG000008209.1,0.093197174,0.15854834,-0.065351166,,
l3,SMESG000032144.1,0.06653187,0.13195063,-0.065418765,,
l3,SMESG000007873.1,0.059865616,0.12530124,-0.065435626,,
l3,SMESG000066355.1,0.52604777,0.59149146,-0.065443695,,
l3,SMESG000051015.1,0.06326407,0.12898639,-0.06572232,,
l3,SMESG000021236.1,0.053460713,0.11921236,-0.06575164,,
l3,SMESG000013666.1,0.039409198,0.10519209,-0.06578289,,
l3,SMESG000038928.1,0.06764294,0.13347279,-0.06582984,,
l3,SMESG000011389.1,0.06346013,0.12930681,-0.06584668,,
l3,SMESG000034948.1,0.057251375,0.12313798,-0.0658866,,
l3,SMESG000001466.1,0.041696683,0.107835904,-0.06613922,,
l3,SMESG000000632.1,0.09352418,0.15967023,-0.06614605,,
l3,SMESG000059031.1,0.030455507,0.09661966,-0.06616415,,
l3,SMESG000060905.1,0.06025773,0.12658295,-0.06632522,,
l3,SMESG000002751.1,0.047186557,0.1135241,-0.06633754,,
l3,SMESG000079660.1,0.029279096,0.09565828,-0.06637918,,
l3,SMESG000042492.1,0.05202289,0.11841119,-0.0663883,,
l3,SMESG000023047.1,0.09300108,0.15942965,-0.06642857,,
l3,SMESG000016949.1,0.050192926,0.1167288,-0.066535875,,
l3,SMESG000076677.1,0.04842831,0.115206614,-0.0667783,,
l3,SMESG000026020.1,0.050388977,0.11720929,-0.066820316,,
l3,SMESG000012224.1,0.06470189,0.13163015,-0.06692826,,
l3,SMESG000060686.1,0.05914664,0.12618233,-0.06703569,,
l3,SMESG000016252.1,0.1045689,0.17168733,-0.067118436,,
l3,SMESG000014326.1,0.11620269,0.1833842,-0.067181505,,
l3,SMESG000061372.1,0.06450579,0.13179034,-0.06728455,,
l3,SMESG000051850.1,0.044310898,0.11160138,-0.067290485,,
l3,SMESG000014324.1,0.05267637,0.120013386,-0.06733702,,
l3,SMESG000081727.1,0.05685921,0.12425969,-0.06740048,,
l3,SMESG000006432.1,0.05725134,0.12466022,-0.06740888,,
l3,SMESG000045386.1,0.0681004,0.1355557,-0.0674553,,
l3,SMESG000055576.1,0.075093575,0.14260587,-0.067512296,,
l3,SMESG000015927.1,0.11809772,0.18562722,-0.0675295,,
l3,SMESG000053095.1,0.06816574,0.13571596,-0.06755022,,
l3,SMESG000056346.1,0.041827396,0.109438255,-0.06761086,,
l3,SMESG000039761.1,0.07849203,0.14613079,-0.067638755,,
l3,SMESG000033500.1,0.06417903,0.13187055,-0.06769152,,
l3,SMESG000051527.1,0.041239165,0.108957455,-0.06771829,,
l3,SMESG000075533.1,0.07535494,0.14308654,-0.0677316,,
l3,SMESG000058557.1,0.07992981,0.1478132,-0.067883395,,
l3,SMESG000042663.1,0.055421453,0.123618744,-0.068197295,,
l3,SMESG000021627.1,0.0487551,0.116969116,-0.068214014,,
l3,SMESG000074136.1,0.05502925,0.123298265,-0.068269014,,
l3,SMESG000004230.1,0.06993034,0.13843976,-0.06850942,,
l3,SMESG000047886.1,0.0590159,0.12754425,-0.068528354,,
l3,SMESG000016474.1,0.067250766,0.13579601,-0.068545245,,
l3,SMESG000062648.1,1.3972274,1.465866,-0.06863856,,
l3,SMESG000003841.1,0.09966741,0.16832252,-0.06865511,,
l3,SMESG000002374.1,0.06097658,0.12970732,-0.06873074,,
l3,SMESG000050382.1,0.0952232,0.16407643,-0.06885323,,
l3,SMESG000033716.1,0.08528901,0.1541423,-0.0688533,,
l3,SMESG000011961.1,0.064701945,0.13363306,-0.06893112,,
l3,SMESG000013908.1,0.058362428,0.12770459,-0.069342166,,
l3,SMESG000030582.1,0.09313169,0.16247427,-0.06934258,,
l3,SMESG000019345.1,0.05150006,0.12089471,-0.06939465,,
l3,SMESG000049555.1,0.040585626,0.109999016,-0.069413394,,
l3,SMESG000069494.1,0.052611087,0.122096576,-0.069485486,,
l3,SMESG000026974.1,0.04339596,0.11304344,-0.06964748,,
l3,SMESG000057144.1,0.04411486,0.113764495,-0.06964964,,
l3,SMESG000062786.1,0.030978333,0.10070551,-0.06972718,,
l3,SMESG000048912.1,0.054833177,0.12458014,-0.069746956,,
l3,SMESG000016908.1,0.064571165,0.134354,-0.06978283,,
l3,SMESG000025746.1,0.06404842,0.13387343,-0.069825016,,
l3,SMESG000079320.1,0.029083041,0.09894298,-0.06985994,,
l3,SMESG000023687.1,0.07875345,0.14861435,-0.0698609,,
l3,SMESG000003941.1,0.09326253,0.16327514,-0.07001261,,
l3,SMESG000030595.1,0.09966754,0.16976465,-0.07009711,,
l3,SMESG000062171.1,0.048036184,0.11817085,-0.07013467,,
l3,SMESG000023353.1,0.026860958,0.09702027,-0.07015931,,
l3,SMESG000078668.1,0.064505845,0.13475466,-0.07024881,,
l3,SMESG000059431.1,0.08012596,0.1503769,-0.07025094,,
l3,SMESG000043864.1,0.069930345,0.14036258,-0.07043223,,
l3,SMESG000003391.1,0.0784919,0.14901482,-0.07052292,,
l3,SMESG000073379.1,0.07424398,0.14500926,-0.07076529,,
l3,SMESG000037255.1,0.07143352,0.14228523,-0.070851706,,
l3,SMESG000033574.1,0.06875401,0.13972159,-0.07096758,,
l3,SMESG000015282.1,0.08417803,0.1552639,-0.07108587,,
l3,SMESG000081036.1,0.043853432,0.11512647,-0.07127304,,
l3,SMESG000058940.1,0.12097336,0.19235659,-0.07138322,,
l3,SMESG000052485.1,0.061368775,0.13291194,-0.07154316,,
l3,SMESG000057909.1,0.08744584,0.1590292,-0.07158336,,
l3,SMESG000016331.1,0.07078009,0.14276601,-0.07198592,,
l3,SMESG000051953.1,0.034964997,0.10695452,-0.07198952,,
l3,SMESG000022897.1,0.04875508,0.120814644,-0.072059564,,
l3,SMESG000065959.1,0.0581664,0.13026822,-0.07210182,,
l3,SMESG000011356.1,0.072217785,0.1444484,-0.072230615,,
l3,SMESG000000639.1,0.0877072,0.16015072,-0.07244352,,
l3,SMESG000042388.1,0.7542436,0.82671,-0.07246637,,
l3,SMESG000001249.1,0.071498886,0.1439677,-0.07246882,,
l3,SMESG000072818.1,0.08450474,0.15702632,-0.07252158,,
l3,SMESG000054105.1,0.019410504,0.091972865,-0.07256236,,
l3,SMESG000022789.1,0.067381576,0.13996203,-0.07258046,,
l3,SMESG000018297.1,0.117574856,0.19027376,-0.072698906,,
l3,SMESG000017288.1,0.063983,0.13675742,-0.07277442,,
l3,SMESG000005764.1,0.050650414,0.12353858,-0.072888166,,
l3,SMESG000029882.1,0.15489319,0.22784784,-0.072954655,,
l3,SMESG000060705.1,0.054245003,0.12722383,-0.07297883,,
l3,SMESG000064593.1,0.06489793,0.13787906,-0.07298113,,
l3,SMESG000043151.1,0.059473407,0.13259144,-0.07311803,,
l3,SMESG000061417.1,0.06306799,0.13619661,-0.073128626,,
l3,SMESG000078308.1,0.054898493,0.12810506,-0.073206566,,
l3,SMESG000080319.1,0.12286887,0.1962826,-0.07341372,,
l3,SMESG000000730.1,0.84344596,0.9172389,-0.073792934,,
l3,SMESG000022877.1,0.110255025,0.18410493,-0.07384991,,
l3,SMESG000008050.1,0.07130287,0.14524959,-0.07394672,,
l3,SMESG000037995.1,1.1970628,1.2710253,-0.07396245,,
l3,SMESG000038804.1,0.048885815,0.123057984,-0.07417217,,
l3,SMESG000079740.1,0.039670628,0.11384455,-0.07417393,,
l3,SMESG000046687.1,0.09143255,0.165919,-0.07448646,,
l3,SMESG000077800.1,0.0836552,0.15854849,-0.07489329,,
l3,SMESG000051496.1,0.06542079,0.1404426,-0.0750218,,
l3,SMESG000026865.1,0.06548619,0.14060281,-0.07511662,,
l3,SMESG000056224.1,0.051500037,0.12666309,-0.07516305,,
l3,SMESG000074998.1,0.06346013,0.13884057,-0.075380445,,
l3,SMESG000049554.1,0.062022276,0.13771875,-0.075696476,,
l3,SMESG000017237.1,0.088622205,0.1644771,-0.07585489,,
l3,SMESG000028599.1,0.07019187,0.14605066,-0.075858794,,
l3,SMESG000074861.1,0.07796923,0.1541422,-0.07617297,,
l3,SMESG000068918.1,0.11672532,0.19291818,-0.07619286,,
l3,SMESG000077016.1,0.04267699,0.119132265,-0.07645528,,
l3,SMESG000046974.1,0.054441072,0.13098925,-0.07654818,,
l3,SMESG000062971.1,0.7091514,0.7857701,-0.07661873,,
l3,SMESG000077266.1,0.05359138,0.1304282,-0.07683681,,
l3,SMESG000012954.1,0.1794017,0.25628892,-0.07688722,,
l3,SMESG000026342.1,0.056793854,0.13371313,-0.07691927,,
l3,SMESG000042735.1,0.067577615,0.14452848,-0.07695086,,
l3,SMESG000062027.1,0.030259414,0.10727506,-0.077015646,,
l3,SMESG000034989.1,0.083655156,0.16079168,-0.077136524,,
l3,SMESG000027817.1,0.0652902,0.14244564,-0.07715544,,
l3,SMESG000025013.1,0.043069135,0.1202538,-0.07718466,,
l3,SMESG000032194.1,0.04842834,0.12562166,-0.07719332,,
l3,SMESG000026924.1,0.06123802,0.13852002,-0.077282,,
l3,SMESG000026465.1,0.08463564,0.16199356,-0.077357925,,
l3,SMESG000029581.1,0.144828,0.22223966,-0.07741165,,
l3,SMESG000075205.1,0.04352666,0.121135145,-0.07760848,,
l3,SMESG000017753.1,0.040585596,0.11825098,-0.07766539,,
l3,SMESG000014824.1,0.08254415,0.16039112,-0.077846974,,
l3,SMESG000070072.1,0.05352605,0.13146996,-0.07794391,,
l3,SMESG000003454.1,0.06705475,0.14508925,-0.078034505,,
l3,SMESG000004988.1,0.06783902,0.14589046,-0.07805144,,
l3,SMESG000022049.1,0.042611636,0.12105484,-0.07844321,,
l3,SMESG000057246.1,0.05326463,0.1317102,-0.07844557,,
l3,SMESG000075106.1,0.07378628,0.15229957,-0.07851329,,
l3,SMESG000024014.1,0.042807736,0.12137548,-0.07856774,,
l3,SMESG000081113.1,0.1549586,0.23353608,-0.078577474,,
l3,SMESG000011029.1,0.08443946,0.16303506,-0.07859561,,
l3,SMESG000014182.1,0.07313283,0.15189902,-0.0787662,,
l3,SMESG000006567.1,0.074374594,0.1531808,-0.0788062,,
l3,SMESG000050509.1,0.13195327,0.21078323,-0.07882996,,
l3,SMESG000053708.1,0.05261109,0.13146995,-0.07885886,,
l3,SMESG000043419.1,0.0479708,0.12690316,-0.07893236,,
l3,SMESG000056268.1,0.069407605,0.14837416,-0.07896655,,
l3,SMESG000019278.1,0.028102705,0.10711485,-0.07901215,,
l3,SMESG000006323.1,0.06326402,0.14228538,-0.07902136,,
l3,SMESG000072821.1,0.08555049,0.16463709,-0.0790866,,
l3,SMESG000022463.1,0.0534607,0.13259152,-0.07913081,,
l3,SMESG000056249.1,0.11051688,0.19003347,-0.07951658,,
l3,SMESG000056302.1,0.062152956,0.1418045,-0.07965155,,
l3,SMESG000048218.1,0.065290146,0.14508928,-0.07979914,,
l3,SMESG000021272.1,0.07071469,0.1506974,-0.079982705,,
l3,SMESG000013662.1,0.059408024,0.13948119,-0.08007316,,
l3,SMESG000020808.1,0.07195638,0.15221947,-0.08026309,,
l3,SMESG000015174.1,0.14306408,0.22336167,-0.08029759,,
l3,SMESG000062111.1,0.13842355,0.21919522,-0.08077167,,
l3,SMESG000016282.1,0.07568171,0.1564656,-0.080783896,,
l3,SMESG000053698.1,0.049212616,0.13018817,-0.08097555,,
l3,SMESG000050554.1,0.05496394,0.1361165,-0.081152566,,
l3,SMESG000059878.1,0.051761456,0.1329922,-0.08123074,,
l3,SMESG000077210.1,0.057316747,0.13860014,-0.08128339,,
l3,SMESG000056142.1,0.08836086,0.1696844,-0.081323534,,
l3,SMESG000004103.1,0.05529063,0.13691768,-0.081627056,,
l3,SMESG000038972.1,0.07666208,0.15838823,-0.08172615,,
l3,SMESG000051964.1,0.050062213,0.13179022,-0.08172801,,
l3,SMESG000038555.1,0.045618024,0.12746416,-0.08184613,,
l3,SMESG000018598.1,0.027253104,0.10919784,-0.081944734,,
l3,SMESG000035843.1,0.06908071,0.1510979,-0.08201718,,
l3,SMESG000019836.1,0.063786805,0.14589031,-0.082103506,,
l3,SMESG000060467.1,0.047447946,0.12970743,-0.082259476,,
l3,SMESG000029126.1,0.070779994,0.15334111,-0.08256112,,
l3,SMESG000050948.1,0.09437354,0.17697479,-0.08260125,,
l3,SMESG000016570.1,0.062479857,0.14548978,-0.08300993,,
l3,SMESG000020144.1,0.050062228,0.13315226,-0.08309004,,
l3,SMESG000022047.1,0.20645952,0.28985715,-0.08339763,,
l3,SMESG000069852.1,0.09561535,0.17913797,-0.083522625,,
l3,SMESG000024545.1,0.076792754,0.16039112,-0.08359837,,
l3,SMESG000080526.1,0.07587779,0.15975012,-0.083872326,,
l3,SMESG000015535.1,0.08274019,0.16664009,-0.0838999,,
l3,SMESG000041020.1,0.069538295,0.15350133,-0.08396304,,
l3,SMESG000023665.1,0.07476676,0.15910925,-0.08434249,,
l3,SMESG000014265.1,0.075093426,0.15958995,-0.08449652,,
l3,SMESG000013473.1,0.071106754,0.1557444,-0.08463765,,
l3,SMESG000077361.1,0.049670085,0.13467436,-0.08500427,,
l3,SMESG000063825.1,0.07424388,0.1592695,-0.085025616,,
l3,SMESG000039266.1,0.082413375,0.16784172,-0.08542834,,
l3,SMESG000043678.1,0.02352787,0.109037675,-0.08550981,,
l3,SMESG000056978.1,0.09594197,0.18146104,-0.08551907,,
l3,SMESG000060338.1,0.0552253,0.1410034,-0.0857781,,
l3,SMESG000034830.1,0.07195644,0.15798777,-0.08603133,,
l3,SMESG000034316.1,0.1100592,0.19612229,-0.08606309,,
l3,SMESG000015438.1,0.06829645,0.15446272,-0.08616628,,
l3,SMESG000021482.1,0.10345816,0.18979323,-0.08633507,,
l3,SMESG000010652.1,0.07032245,0.1567861,-0.08646365,,
l3,SMESG000026861.1,0.11430682,0.20084883,-0.08654201,,
l3,SMESG000071294.1,0.09104047,0.17761576,-0.08657529,,
l3,SMESG000062403.1,0.10914398,0.19612241,-0.08697843,,
l3,SMESG000079251.1,0.06287188,0.14989614,-0.087024264,,
l3,SMESG000033768.1,0.062152945,0.14941542,-0.087262474,,
l3,SMESG000038602.1,0.05398356,0.1414041,-0.087420546,,
l3,SMESG000054815.1,0.053133924,0.14068295,-0.08754903,,
l3,SMESG000030599.1,0.11299959,0.20060891,-0.08760932,,
l3,SMESG000078435.1,0.08247871,0.17016502,-0.08768631,,
l3,SMESG000045656.1,0.15090656,0.23906413,-0.088157564,,
l3,SMESG000009484.1,0.07260996,0.16103213,-0.088422164,,
l3,SMESG000002904.1,0.09470024,0.18314357,-0.08844333,,
l3,SMESG000071085.1,0.090582825,0.17913793,-0.088555105,,
l3,SMESG000000124.1,0.0990137,0.18763003,-0.08861633,,
l3,SMESG000016245.1,0.079341635,0.16848263,-0.089141,,
l3,SMESG000032910.1,0.073851824,0.16303492,-0.08918309,,
l3,SMESG000004536.1,0.1654809,0.2547665,-0.0892856,,
l3,SMESG000022390.1,0.16338955,0.25268367,-0.08929412,,
l3,SMESG000071734.1,0.12548353,0.21486925,-0.08938572,,
l3,SMESG000008845.1,0.0865307,0.17593333,-0.08940263,,
l3,SMESG000047749.1,0.0753549,0.16479737,-0.08944247,,
l3,SMESG000035649.1,0.14182223,0.23137301,-0.08955078,,
l3,SMESG000059133.1,0.06176084,0.15133816,-0.08957732,,
l3,SMESG000079665.1,0.16907562,0.25877267,-0.08969705,,
l3,SMESG000005721.1,0.18907484,0.27880126,-0.08972642,,
l3,SMESG000072854.1,0.0926089,0.18250269,-0.08989379,,
l3,SMESG000035963.1,0.054375656,0.14452852,-0.09015287,,
l3,SMESG000074551.1,0.07496284,0.16535845,-0.090395615,,
l3,SMESG000047488.1,0.051238604,0.14180459,-0.09056599,,
l3,SMESG000004171.1,0.08973335,0.18049997,-0.09076662,,
l3,SMESG000008791.1,0.07398252,0.16487761,-0.09089509,,
l3,SMESG000048209.1,0.05574814,0.1467717,-0.091023564,,
l3,SMESG000024268.1,0.075289495,0.1663194,-0.091029905,,
l3,SMESG000056504.1,0.099601775,0.19067451,-0.09107274,,
l3,SMESG000032750.1,0.076923415,0.1680822,-0.09115879,,
l3,SMESG000005298.1,0.09280494,0.18410498,-0.09130004,,
l3,SMESG000049015.1,0.086726844,0.1780965,-0.09136966,,
l3,SMESG000065075.1,0.09790292,0.18947272,-0.0915698,,
l3,SMESG000036895.1,0.1678336,0.25941348,-0.091579884,,
l3,SMESG000024933.1,0.081629045,0.17320943,-0.09158038,,
l3,SMESG000015143.1,0.27279618,0.36452404,-0.09172785,,
l3,SMESG000075369.1,0.09195527,0.18410511,-0.092149846,,
l3,SMESG000017290.1,0.089079626,0.18138123,-0.0923016,,
l3,SMESG000010412.1,0.09175923,0.18410511,-0.092345886,,
l3,SMESG000045473.1,0.10574541,0.1982055,-0.09246009,,
l3,SMESG000062065.1,0.08319775,0.17569286,-0.092495106,,
l3,SMESG000052430.1,0.07430922,0.16688032,-0.0925711,,
l3,SMESG000024881.1,0.061041933,0.15366147,-0.09261954,,
l3,SMESG000064580.1,0.09947126,0.19211645,-0.09264519,,
l3,SMESG000050162.1,0.10025561,0.19299784,-0.092742234,,
l3,SMESG000067583.1,0.07489747,0.16800193,-0.09310447,,
l3,SMESG000018835.1,0.065420836,0.1586286,-0.09320776,,
l3,SMESG000058491.1,0.08600802,0.1795385,-0.09353048,,
l3,SMESG000038704.1,0.09581139,0.18995334,-0.09414195,,
l3,SMESG000006377.1,0.080060564,0.17425098,-0.09419041,,
l3,SMESG000052083.1,0.04274234,0.13699779,-0.09425545,,
l3,SMESG000079631.1,0.08568117,0.1800192,-0.09433803,,
l3,SMESG000030828.1,0.107771546,0.20213103,-0.09435949,,
l3,SMESG000066628.1,0.09672624,0.19115505,-0.09442881,,
l3,SMESG000075481.1,0.63458735,0.72920483,-0.094617486,,
l3,SMESG000049184.1,0.059800163,0.1544627,-0.09466253,,
l3,SMESG000047333.1,0.15770364,0.25244328,-0.094739646,,
l3,SMESG000002261.1,0.028625555,0.123378344,-0.09475279,,
l3,SMESG000042179.1,0.089667864,0.18442537,-0.094757505,,
l3,SMESG000073800.1,0.09123648,0.18610774,-0.09487126,,
l3,SMESG000072403.1,0.053460695,0.14837393,-0.09491324,,
l3,SMESG000027213.1,0.13195315,0.22696663,-0.095013484,,
l3,SMESG000014290.1,0.13809678,0.23321572,-0.09511894,,
l3,SMESG000078818.1,0.0724793,0.16768163,-0.095202334,,
l3,SMESG000060415.1,0.25351602,0.34890148,-0.09538546,,
l3,SMESG000026649.1,0.09038675,0.18578771,-0.09540096,,
l3,SMESG000024754.1,0.044114802,0.1396415,-0.095526695,,
l3,SMESG000061767.1,0.05470247,0.15029667,-0.095594205,,
l3,SMESG000024306.1,0.07613919,0.1719275,-0.09578831,,
l3,SMESG000055572.1,0.17979403,0.27559668,-0.09580265,,
l3,SMESG000022762.1,0.17502315,0.27110988,-0.096086726,,
l3,SMESG000023342.1,0.11862053,0.21502943,-0.0964089,,
l3,SMESG000019639.1,0.109797455,0.2064572,-0.09665974,,
l3,SMESG000052481.1,0.07319813,0.16992487,-0.09672674,,
l3,SMESG000037106.1,0.09215129,0.188912,-0.09676071,,
l3,SMESG000037024.1,0.08698839,0.18410495,-0.09711656,,
l3,SMESG000022764.1,0.050911855,0.14805344,-0.09714158,,
l3,SMESG000060188.1,0.04150063,0.13876025,-0.097259626,,
l3,SMESG000072743.1,0.07698869,0.17425092,-0.097262226,,
l3,SMESG000061897.1,0.19064285,0.2880144,-0.09737156,,
l3,SMESG000055605.1,0.04790547,0.14540975,-0.09750427,,
l3,SMESG000042349.1,1.0222461,1.1197712,-0.09752512,,
l3,SMESG000037971.1,0.052349683,0.14989616,-0.09754647,,
l3,SMESG000015099.1,0.11280396,0.2103827,-0.09757874,,
l3,SMESG000016218.1,0.06437515,0.1621534,-0.097778246,,
l3,SMESG000064836.1,0.084831506,0.18266305,-0.09783155,,
l3,SMESG000066039.1,0.11796696,0.21583042,-0.09786346,,
l3,SMESG000027186.1,0.085158445,0.1832237,-0.09806525,,
l3,SMESG000067941.1,0.07457056,0.17312936,-0.098558806,,
l3,SMESG000029594.1,0.087707125,0.18658878,-0.098881654,,
l3,SMESG000017125.1,0.07705432,0.17681423,-0.09975991,,
l3,SMESG000060313.1,0.055748176,0.15614511,-0.10039693,,
l3,SMESG000017972.1,0.026730264,0.12722367,-0.10049341,,
l3,SMESG000029273.1,0.07489745,0.1754528,-0.100555345,,
l3,SMESG000080129.1,0.62315255,0.7243173,-0.10116476,,
l3,SMESG000014076.1,0.13411011,0.23537874,-0.101268634,,
l3,SMESG000039299.1,0.07182566,0.1734497,-0.101624034,,
l3,SMESG000053228.1,0.13175716,0.23345594,-0.101698786,,
l3,SMESG000022725.1,0.15201768,0.2539656,-0.1019479,,
l3,SMESG000022139.1,0.056597747,0.15870859,-0.10211084,,
l3,SMESG000080952.1,0.07731552,0.17953862,-0.102223106,,
l3,SMESG000078588.1,0.09169389,0.1939592,-0.10226531,,
l3,SMESG000067657.1,0.14103784,0.24331039,-0.102272555,,
l3,SMESG000077385.1,0.08738045,0.18971308,-0.10233263,,
l3,SMESG000016436.1,0.12894699,0.23129278,-0.102345794,,
l3,SMESG000038855.1,0.16044873,0.2630186,-0.10256988,,
l3,SMESG000080901.1,0.100190096,0.20357306,-0.10338297,,
l3,SMESG000012673.1,0.07332877,0.17681442,-0.10348565,,
l3,SMESG000048192.1,0.21822359,0.3219027,-0.103679106,,
l3,SMESG000027408.1,0.09568062,0.19972765,-0.10404704,,
l3,SMESG000023649.1,0.31553906,0.41972172,-0.10418266,,
l3,SMESG000026163.1,0.11286904,0.21751285,-0.10464381,,
l3,SMESG000052032.1,0.074897386,0.17977889,-0.1048815,,
l3,SMESG000049546.1,0.08509294,0.1900336,-0.10494066,,
l3,SMESG000032777.1,0.13593987,0.24106704,-0.10512717,,
l3,SMESG000029164.1,0.17665683,0.28200522,-0.10534839,,
l3,SMESG000065334.1,0.0989484,0.20445426,-0.10550586,,
l3,SMESG000026646.1,0.1296003,0.23513824,-0.105537936,,
l3,SMESG000056365.1,0.09757586,0.20325261,-0.105676755,,
l3,SMESG000026537.1,0.08679228,0.19259717,-0.10580488,,
l3,SMESG000062507.1,0.073459536,0.1796187,-0.106159166,,
l3,SMESG000041594.1,0.09907916,0.20533557,-0.10625641,,
l3,SMESG000076142.1,0.06417905,0.17056546,-0.10638641,,
l3,SMESG000076159.1,0.108621135,0.21518953,-0.106568396,,
l3,SMESG000056926.1,0.32932928,0.43598574,-0.10665646,,
l3,SMESG000067665.1,0.13528654,0.24194846,-0.106661916,,
l3,SMESG000080705.1,0.07391708,0.18058006,-0.10666298,,
l3,SMESG000048024.1,0.13848895,0.24547337,-0.10698442,,
l3,SMESG000011219.1,0.109601416,0.21679209,-0.107190676,,
l3,SMESG000032321.1,0.09816419,0.20549569,-0.10733149,,
l3,SMESG000022851.1,0.056663092,0.16399641,-0.10733332,,
l3,SMESG000016283.1,0.15306336,0.26045477,-0.10739142,,
l3,SMESG000078591.1,0.07862273,0.18602787,-0.10740514,,
l3,SMESG000056262.1,0.070584126,0.17801625,-0.10743212,,
l3,SMESG000034899.1,0.09881774,0.2062969,-0.10747916,,
l3,SMESG000020764.1,0.08901442,0.19652274,-0.107508324,,
l3,SMESG000045122.1,0.1131305,0.22087769,-0.10774719,,
l3,SMESG000060104.1,0.10489587,0.21294652,-0.10805065,,
l3,SMESG000055989.1,0.109797485,0.21895517,-0.10915769,,
l3,SMESG000029096.1,0.06770826,0.17689446,-0.109186195,,
l3,SMESG000070862.1,0.098098844,0.20741858,-0.10931973,,
l3,SMESG000081249.1,0.10855579,0.21823409,-0.109678306,,
l3,SMESG000037103.1,0.12639792,0.23609976,-0.10970184,,
l3,SMESG000050288.1,0.06117272,0.17088608,-0.10971336,,
l3,SMESG000071613.1,0.07430927,0.18434523,-0.11003596,,
l3,SMESG000021798.1,0.1888789,0.29907066,-0.11019176,,
l3,SMESG000011386.1,0.06875396,0.17905755,-0.110303596,,
l3,SMESG000076890.1,0.10437304,0.21486911,-0.110496074,,
l3,SMESG000044170.1,0.37775773,0.4883024,-0.11054468,,
l3,SMESG000033176.1,0.09476566,0.20533556,-0.110569894,,
l3,SMESG000040616.1,0.09600744,0.20661736,-0.11060992,,
l3,SMESG000014734.1,0.055225298,0.16583885,-0.110613555,,
l3,SMESG000023677.1,0.082740165,0.19355859,-0.11081842,,
l3,SMESG000031469.1,0.17789863,0.2888152,-0.11091657,,
l3,SMESG000009447.1,0.08594256,0.19772442,-0.11178186,,
l3,SMESG000002993.1,0.11652928,0.228649,-0.11211973,,
l3,SMESG000044487.1,0.069734335,0.1822622,-0.11252786,,
l3,SMESG000013389.1,0.13567838,0.24827744,-0.11259906,,
l3,SMESG000042470.1,0.14672397,0.2593327,-0.112608716,,
l3,SMESG000017020.1,0.08790318,0.20108932,-0.11318614,,
l3,SMESG000000625.1,0.067185484,0.18041964,-0.113234155,,
l3,SMESG000008345.1,0.11659456,0.2300911,-0.113496535,,
l3,SMESG000023415.1,0.121496044,0.23529868,-0.113802634,,
l3,SMESG000035457.1,0.112738535,0.22680642,-0.11406788,,
l3,SMESG000013722.1,0.07051867,0.18466578,-0.11414711,,
l3,SMESG000022408.1,0.015946683,0.13018803,-0.11424135,,
l3,SMESG000064985.1,0.082478754,0.19676313,-0.114284374,,
l3,SMESG000075635.1,0.09430813,0.20862012,-0.114311986,,
l3,SMESG000067931.1,0.060257714,0.17465138,-0.11439367,,
l3,SMESG000068535.1,0.089863874,0.2043742,-0.11451032,,
l3,SMESG000015778.1,0.15567757,0.27070877,-0.1150312,,
l3,SMESG000002723.1,0.10875191,0.22408237,-0.11533046,,
l3,SMESG000027305.1,0.09568061,0.21110381,-0.1154232,,
l3,SMESG000080919.1,0.07496284,0.19075446,-0.11579162,,
l3,SMESG000072849.1,0.09757577,0.21390788,-0.116332114,,
l3,SMESG000057720.1,0.107640535,0.22408254,-0.11644201,,
l3,SMESG000057709.1,0.09247802,0.20934157,-0.11686355,,
l3,SMESG000045448.1,0.12411049,0.24154751,-0.11743702,,
l3,SMESG000018845.1,0.12214979,0.23970509,-0.1175553,,
l3,SMESG000024244.1,0.11509138,0.23265491,-0.11756353,,
l3,SMESG000039842.1,0.08711897,0.20493503,-0.11781606,,
l3,SMESG000035344.1,0.42357305,0.54213816,-0.11856511,,
l3,SMESG000017174.1,0.102020085,0.22095793,-0.11893785,,
l3,SMESG000041686.1,0.07698881,0.1961222,-0.11913339,,
l3,SMESG000012051.1,0.09254359,0.21174473,-0.11920114,,
l3,SMESG000074337.1,0.12326083,0.24250868,-0.11924785,,
l3,SMESG000008082.1,0.106856525,0.22632574,-0.11946921,,
l3,SMESG000021565.1,0.1491421,0.2687868,-0.11964469,,
l3,SMESG000024821.1,0.050323643,0.17008506,-0.119761415,,
l3,SMESG000003831.1,0.12195354,0.24178761,-0.11983407,,
l3,SMESG000046742.1,0.08045268,0.20068887,-0.12023619,,
l3,SMESG000039918.1,0.1326065,0.25292376,-0.12031725,,
l3,SMESG000043582.1,0.11260776,0.23297514,-0.12036738,,
l3,SMESG000034017.1,0.08646537,0.20685782,-0.12039244,,
l3,SMESG000001790.1,0.36788964,0.4883801,-0.12049046,,
l3,SMESG000025581.1,0.12286902,0.24355063,-0.120681606,,
l3,SMESG000002076.1,0.1021509,0.22344159,-0.121290684,,
l3,SMESG000067789.1,0.089929305,0.21126394,-0.121334635,,
l3,SMESG000073869.1,0.08509286,0.20677781,-0.12168495,,
l3,SMESG000026651.1,0.11384952,0.23553915,-0.12168963,,
l3,SMESG000070260.1,0.16901042,0.2907386,-0.1217282,,
l3,SMESG000078868.1,0.09287038,0.21510945,-0.122239076,,
l3,SMESG000061316.1,0.0487551,0.17136666,-0.12261156,,
l3,SMESG000064126.1,0.05509463,0.17777584,-0.122681215,,
l3,SMESG000058272.1,0.14515507,0.26790503,-0.122749954,,
l3,SMESG000066667.1,0.07143353,0.19427964,-0.12284611,,
l3,SMESG000002387.1,0.1269206,0.25011966,-0.12319906,,
l3,SMESG000024822.1,0.104569085,0.22816774,-0.12359866,,
l3,SMESG000029240.1,0.13273734,0.2565288,-0.123791456,,
l3,SMESG000027979.1,0.06032304,0.18418501,-0.12386197,,
l3,SMESG000024961.1,0.11685596,0.24074629,-0.12389033,,
l3,SMESG000014298.1,0.05241507,0.17633353,-0.12391846,,
l3,SMESG000043443.1,0.09613794,0.22015722,-0.12401928,,
l3,SMESG000068286.1,0.08443943,0.20870054,-0.12426111,,
l3,SMESG000053861.1,0.06332941,0.18779024,-0.12446083,,
l3,SMESG000030596.1,0.08202107,0.20709851,-0.12507744,,
l3,SMESG000032693.1,0.09672619,0.22231956,-0.12559336,,
l3,SMESG000008280.1,0.09267428,0.21831398,-0.1256397,,
l3,SMESG000081496.1,0.1618866,0.28761327,-0.12572667,,
l3,SMESG000064284.1,0.102346815,0.22856861,-0.1262218,,
l3,SMESG000023323.1,0.17031737,0.29690614,-0.12658878,,
l3,SMESG000063570.1,0.07208706,0.19876605,-0.126679,,
l3,SMESG000010589.1,0.10156251,0.22856884,-0.12700632,,
l3,SMESG000076529.1,0.118424416,0.24555348,-0.12712906,,
l3,SMESG000074553.1,0.09365457,0.22079793,-0.12714335,,
l3,SMESG000051726.1,0.04849368,0.17585295,-0.12735927,,
l3,SMESG000023846.1,0.10816367,0.23561923,-0.12745556,,
l3,SMESG000079865.1,0.22560903,0.35330915,-0.12770012,,
l3,SMESG000009886.1,0.075943165,0.20397346,-0.1280303,,
l3,SMESG000073809.1,0.1707749,0.29882908,-0.12805417,,
l3,SMESG000024340.1,0.11581015,0.24419147,-0.12838131,,
l3,SMESG000076636.1,0.03967063,0.16808169,-0.12841105,,
l3,SMESG000035436.1,0.108294286,0.23698086,-0.12868658,,
l3,SMESG000076582.1,0.027514517,0.15630473,-0.12879021,,
l3,SMESG000080916.1,0.08515836,0.21398744,-0.12882908,,
l3,SMESG000064161.1,0.13737775,0.2665427,-0.12916495,,
l3,SMESG000043634.1,0.0771848,0.2074186,-0.13023381,,
l3,SMESG000003543.1,0.13835824,0.26942742,-0.13106918,,
l3,SMESG000039126.1,0.103196405,0.2344175,-0.13122109,,
l3,SMESG000079805.1,0.1447636,0.276077,-0.1313134,,
l3,SMESG000007277.1,0.113653466,0.24499203,-0.13133857,,
l3,SMESG000075449.1,0.100713104,0.23217352,-0.13146041,,
l3,SMESG000070818.1,0.019279802,0.15109745,-0.13181764,,
l3,SMESG000012033.1,0.084700786,0.21671133,-0.13201055,,
l3,SMESG000021391.1,0.11705187,0.24915786,-0.13210599,,
l3,SMESG000007314.1,0.13757405,0.2697473,-0.13217324,,
l3,SMESG000059668.1,0.1066603,0.23890376,-0.13224345,,
l3,SMESG000021514.1,0.13607074,0.26870647,-0.13263573,,
l3,SMESG000041107.1,0.058362402,0.19107428,-0.13271189,,
l3,SMESG000047328.1,0.12672465,0.25989366,-0.13316901,,
l3,SMESG000017358.1,0.08921035,0.22247952,-0.13326918,,
l3,SMESG000014792.1,0.09613793,0.22977066,-0.13363272,,
l3,SMESG000081251.1,0.11045121,0.2442709,-0.1338197,,
l3,SMESG000014632.1,0.12463294,0.2585318,-0.13389887,,
l3,SMESG000055869.1,0.0835245,0.2174325,-0.133908,,
l3,SMESG000008924.1,0.14665832,0.2806432,-0.13398488,,
l3,SMESG000036533.1,0.3049514,0.43910974,-0.13415834,,
l3,SMESG000042839.1,0.072348535,0.20653729,-0.13418876,,
l3,SMESG000058039.1,0.11058185,0.24563296,-0.1350511,,
l3,SMESG000011804.1,0.074701324,0.20982161,-0.13512029,,
l3,SMESG000019341.1,0.04463766,0.17977905,-0.13514139,,
l3,SMESG000017824.1,0.101693295,0.2369807,-0.1352874,,
l3,SMESG000016286.1,0.1067261,0.24202804,-0.13530195,,
l3,SMESG000006859.1,0.0938506,0.22928989,-0.13543929,,
l3,SMESG000007225.1,0.12025431,0.25612858,-0.13587427,,
l3,SMESG000019700.1,0.17652622,0.312528,-0.1360018,,
l3,SMESG000001317.1,0.10881709,0.24483189,-0.13601479,,
l3,SMESG000062699.1,0.08947187,0.22592422,-0.13645235,,
l3,SMESG000020341.1,0.23181778,0.36844796,-0.13663018,,
l3,SMESG000056344.1,0.11679074,0.2543656,-0.13757485,,
l3,SMESG000077782.1,0.151756,0.28985724,-0.13810124,,
l3,SMESG000034095.1,0.08568123,0.22384156,-0.13816033,,
l3,SMESG000079924.1,0.04176201,0.18001877,-0.13825676,,
l3,SMESG000035183.1,0.13090688,0.26942784,-0.13852096,,
l3,SMESG000074187.1,0.20547946,0.3440957,-0.13861625,,
l3,SMESG000038766.1,0.12430658,0.26341826,-0.13911167,,
l3,SMESG000018349.1,0.16169064,0.3008321,-0.13914146,,
l3,SMESG000034246.1,0.1799903,0.3193379,-0.1393476,,
l3,SMESG000024741.1,0.13254105,0.27191168,-0.13937064,,
l3,SMESG000033377.1,0.1907091,0.330474,-0.13976489,,
l3,SMESG000000196.1,0.14116845,0.2810436,-0.13987514,,
l3,SMESG000046732.1,0.052349575,0.19275753,-0.14040795,,
l3,SMESG000016836.1,0.084308624,0.22472367,-0.14041504,,
l3,SMESG000010007.1,0.13031936,0.2712701,-0.14095074,,
l3,SMESG000028873.1,0.09483096,0.23609976,-0.1412688,,
l3,SMESG000025004.1,0.10770611,0.24915893,-0.14145282,,
l3,SMESG000016846.1,0.08777246,0.22929025,-0.14151779,,
l3,SMESG000017249.1,0.17188582,0.31349027,-0.14160445,,
l3,SMESG000061402.1,0.16704948,0.31004432,-0.14299484,,
l3,SMESG000043862.1,0.18587221,0.32919148,-0.14331926,,
l3,SMESG000003121.1,0.14142987,0.28528982,-0.14385995,,
l3,SMESG000068122.1,0.16489282,0.30876368,-0.14387086,,
l3,SMESG000030598.1,0.0896678,0.23361638,-0.14394858,,
l3,SMESG000041819.1,0.09999414,0.24419072,-0.14419658,,
l3,SMESG000027545.1,0.32769552,0.47195816,-0.14426264,,
l3,SMESG000016726.1,0.15084115,0.29514307,-0.14430192,,
l3,SMESG000000556.1,0.10796763,0.25348398,-0.14551635,,
l3,SMESG000037203.1,0.13528645,0.28096282,-0.14567637,,
l3,SMESG000002633.1,0.064244315,0.21022213,-0.14597781,,
l3,SMESG000025655.1,0.040520277,0.18650766,-0.14598738,,
l3,SMESG000068743.1,0.11574464,0.26253793,-0.14679328,,
l3,SMESG000008704.1,0.14593957,0.29290047,-0.1469609,,
l3,SMESG000023167.1,0.11554874,0.26317805,-0.14762932,,
l3,SMESG000038397.1,0.12888141,0.27767876,-0.14879735,,
l3,SMESG000001708.1,0.31462413,0.4637851,-0.14916098,,
l3,SMESG000001635.1,0.15234448,0.30187336,-0.14952888,,
l3,SMESG000056362.1,0.150906,0.3006721,-0.14976612,,
l3,SMESG000062712.1,0.13535191,0.28544977,-0.15009786,,
l3,SMESG000058328.1,0.11071239,0.261095,-0.15038261,,
l3,SMESG000015341.1,0.14600487,0.2968261,-0.15082122,,
l3,SMESG000027736.1,0.28808963,0.43911272,-0.15102309,,
l3,SMESG000028183.1,0.17253955,0.323665,-0.15112545,,
l3,SMESG000038340.1,0.1958716,0.3475384,-0.1516668,,
l3,SMESG000070280.1,0.066989265,0.2196764,-0.15268713,,
l3,SMESG000027526.1,0.120254256,0.2734323,-0.15317807,,
l3,SMESG000048449.1,0.14711575,0.30059108,-0.15347533,,
l3,SMESG000051721.1,0.083655216,0.237621,-0.15396577,,
l3,SMESG000061762.1,0.12064632,0.27503574,-0.15438941,,
l3,SMESG000018556.1,0.22083785,0.3753383,-0.15450044,,
l3,SMESG000050730.1,0.15142934,0.3064394,-0.15501006,,
l3,SMESG000042736.1,0.1561352,0.31116572,-0.15503052,,
l3,SMESG000039495.1,0.18436962,0.33968693,-0.1553173,,
l3,SMESG000014369.1,0.169141,0.32518613,-0.15604514,,
l3,SMESG000073851.1,0.04352662,0.2003675,-0.15684088,,
l3,SMESG000072548.1,0.09319701,0.2501185,-0.15692148,,
l3,SMESG000018602.1,0.09398125,0.25116044,-0.15717919,,
l3,SMESG000003099.1,0.13731237,0.29450282,-0.15719046,,
l3,SMESG000020880.1,0.1292082,0.28649092,-0.15728271,,
l3,SMESG000068982.1,0.13737774,0.29490316,-0.15752542,,
l3,SMESG000016977.1,0.1008436,0.2583708,-0.15752718,,
l3,SMESG000003212.1,0.18515347,0.34417352,-0.15902005,,
l3,SMESG000062420.1,0.1599911,0.31925723,-0.15926613,,
l3,SMESG000067663.1,0.22123004,0.38110855,-0.1598785,,
l3,SMESG000026323.1,0.20698231,0.36772734,-0.16074502,,
l3,SMESG000008757.1,0.089210376,0.2507598,-0.16154943,,
l3,SMESG000009833.1,0.15195206,0.31381035,-0.16185829,,
l3,SMESG000081370.1,0.07326345,0.23529838,-0.16203493,,
l3,SMESG000067696.1,0.13397913,0.29610404,-0.16212492,,
l3,SMESG000004606.1,0.13214935,0.29450238,-0.16235302,,
l3,SMESG000031448.1,0.16842191,0.33079562,-0.1623737,,
l3,SMESG000025287.1,0.013920665,0.17641304,-0.16249238,,
l3,SMESG000005505.1,0.066401154,0.22920857,-0.16280742,,
l3,SMESG000043445.1,0.15018718,0.31325102,-0.16306384,,
l3,SMESG000011275.1,0.5361108,0.69932616,-0.16321534,,
l3,SMESG000054547.1,0.11182338,0.27519518,-0.1633718,,
l3,SMESG000061901.1,0.1928001,0.35627013,-0.16347003,,
l3,SMESG000066978.1,0.14312917,0.30683994,-0.16371077,,
l3,SMESG000024368.1,0.13855422,0.3028345,-0.1642803,,
l3,SMESG000039090.1,0.11953542,0.28504857,-0.16551316,,
l3,SMESG000028420.1,0.1243715,0.29009765,-0.16572616,,
l3,SMESG000043092.1,0.17155917,0.3374438,-0.16588463,,
l3,SMESG000044206.1,0.13731243,0.30331472,-0.16600229,,
l3,SMESG000059984.1,0.21371453,0.3799041,-0.16618957,,
l3,SMESG000070173.1,0.14665844,0.31388983,-0.1672314,,
l3,SMESG000026825.1,0.13051517,0.29818806,-0.16767289,,
l3,SMESG000055797.1,0.08973304,0.25773033,-0.1679973,,
l3,SMESG000051915.1,0.13535105,0.3045985,-0.16924746,,
l3,SMESG000060612.1,0.1017586,0.27142927,-0.16967067,,
l3,SMESG000017700.1,0.15325937,0.32422537,-0.170966,,
l3,SMESG000004897.1,0.16946785,0.34048772,-0.17101987,,
l3,SMESG000060876.1,0.14051504,0.31244788,-0.17193283,,
l3,SMESG000062836.1,0.052218933,0.22648466,-0.17426573,,
l3,SMESG000050229.1,0.11136592,0.28600994,-0.17464402,,
l3,SMESG000005289.1,0.13750842,0.3129283,-0.17541987,,
l3,SMESG000019342.1,0.15325922,0.32879192,-0.1755327,,
l3,SMESG000024280.1,0.1677029,0.3436937,-0.1759908,,
l3,SMESG000010356.1,0.15731144,0.33391893,-0.17660749,,
l3,SMESG000070256.1,0.102477744,0.27967983,-0.17720209,,
l3,SMESG000076604.1,0.1694025,0.34737808,-0.17797558,,
l3,SMESG000062284.1,0.116725124,0.29498294,-0.17825782,,
l3,SMESG000000391.1,0.13848865,0.31741506,-0.17892641,,
l3,SMESG000048206.1,0.118620306,0.29778785,-0.17916754,,
l3,SMESG000078181.1,0.17652632,0.35578948,-0.17926316,,
l3,SMESG000060019.1,0.19247371,0.37189224,-0.17941853,,
l3,SMESG000010139.1,0.15868402,0.33976635,-0.18108234,,
l3,SMESG000067661.1,0.25096714,0.43350297,-0.18253583,,
l3,SMESG000014361.1,0.026730286,0.20974031,-0.18301003,,
l3,SMESG000031905.1,0.11005878,0.29322007,-0.18316129,,
l3,SMESG000026284.1,0.14463246,0.32823002,-0.18359756,,
l3,SMESG000077197.1,0.09953655,0.28320464,-0.18366809,,
l3,SMESG000024991.1,0.1339136,0.318778,-0.1848644,,
l3,SMESG000025700.1,0.14940332,0.33447936,-0.18507604,,
l3,SMESG000040758.1,0.1810358,0.36612433,-0.18508853,,
l3,SMESG000003839.1,0.18025155,0.3654836,-0.18523206,,
l3,SMESG000066693.1,0.18051307,0.3665252,-0.18601213,,
l3,SMESG000035348.1,0.23894173,0.42500874,-0.18606701,,
l3,SMESG000022050.1,0.0996672,0.28713104,-0.18746385,,
l3,SMESG000047739.1,0.08143296,0.26902485,-0.18759188,,
l3,SMESG000021406.1,0.021175086,0.20917971,-0.18800463,,
l3,SMESG000049716.1,0.16404304,0.35250536,-0.18846232,,
l3,SMESG000019835.1,0.11698667,0.3054776,-0.18849093,,
l3,SMESG000025003.1,0.11208493,0.30091187,-0.18882695,,
l3,SMESG000049154.1,0.25233948,0.44263452,-0.19029504,,
l3,SMESG000043420.1,0.119339235,0.30980507,-0.19046584,,
l3,SMESG000016657.1,0.19463019,0.38551185,-0.19088165,,
l3,SMESG000010944.1,0.16927196,0.3609954,-0.19172345,,
l3,SMESG000033349.1,0.17606871,0.36788696,-0.19181825,,
l3,SMESG000007197.1,0.15737583,0.34946296,-0.19208713,,
l3,SMESG000009012.1,0.15221371,0.34465274,-0.19243903,,
l3,SMESG000051904.1,0.13352099,0.3261491,-0.19262812,,
l3,SMESG000037949.1,0.19554496,0.38879672,-0.19325176,,
l3,SMESG000027823.1,0.24691534,0.44287372,-0.19595838,,
l3,SMESG000005493.1,0.04901649,0.24515077,-0.19613428,,
l3,SMESG000018333.1,0.23024945,0.42653024,-0.19628079,,
l3,SMESG000073546.1,0.13489415,0.33159474,-0.19670059,,
l3,SMESG000074053.1,0.16064447,0.3581133,-0.19746882,,
l3,SMESG000022850.1,0.09626867,0.2945829,-0.19831423,,
l3,SMESG000003144.1,0.2152825,0.41451272,-0.19923022,,
l3,SMESG000034594.1,0.22090298,0.42084238,-0.1999394,,
l3,SMESG000029426.1,0.16299729,0.36324045,-0.20024316,,
l3,SMESG000077643.1,0.16371655,0.36460197,-0.20088542,,
l3,SMESG000025704.1,0.23109885,0.43221855,-0.2011197,,
l3,SMESG000050486.1,0.24691515,0.44928375,-0.2023686,,
l3,SMESG000081078.1,0.020325463,0.22271878,-0.20239331,,
l3,SMESG000054543.1,0.15796477,0.36043662,-0.20247185,,
l3,SMESG000043852.1,0.04274236,0.24747422,-0.20473187,,
l3,SMESG000072162.1,0.17489198,0.38006464,-0.20517266,,
l3,SMESG000069968.1,0.33200914,0.5373281,-0.20531899,,
l3,SMESG000070321.1,0.13175713,0.33720306,-0.20544593,,
l3,SMESG000063435.1,0.13646263,0.34201,-0.20554736,,
l3,SMESG000061917.1,0.13554756,0.34128958,-0.20574202,,
l3,SMESG000035241.1,0.137247,0.34745696,-0.21020997,,
l3,SMESG000061591.1,0.105614744,0.317013,-0.21139824,,
l3,SMESG000080788.1,0.1358093,0.34761652,-0.21180722,,
l3,SMESG000056595.1,0.19953194,0.41435283,-0.21482089,,
l3,SMESG000079886.1,0.18149304,0.39648744,-0.2149944,,
l3,SMESG000042480.1,0.010914317,0.22592366,-0.21500935,,
l3,SMESG000020853.1,0.2649532,0.47996774,-0.21501455,,
l3,SMESG000028920.1,0.22011854,0.43630594,-0.2161874,,
l3,SMESG000049512.1,0.19966221,0.41651723,-0.21685502,,
l3,SMESG000027783.1,0.17789869,0.39544564,-0.21754695,,
l3,SMESG000068003.1,0.18090516,0.39848948,-0.21758431,,
l3,SMESG000033951.1,0.22391002,0.44215024,-0.21824022,,
l3,SMESG000051013.1,0.11724806,0.33567977,-0.21843171,,
l3,SMESG000003398.1,0.20404129,0.42268467,-0.21864338,,
l3,SMESG000048475.1,0.17116652,0.3924035,-0.22123699,,
l3,SMESG000075230.1,0.08254387,0.30435592,-0.22181204,,
l3,SMESG000047490.1,0.1368547,0.35899413,-0.22213943,,
l3,SMESG000011907.1,0.1564618,0.3799835,-0.22352171,,
l3,SMESG000045852.1,0.30161846,0.52515185,-0.22353339,,
l3,SMESG000062740.1,0.017188443,0.24082439,-0.22363594,,
l3,SMESG000072719.1,0.010783609,0.23617803,-0.22539441,,
l3,SMESG000056256.1,0.19992384,0.42532858,-0.22540474,,
l3,SMESG000012317.1,0.12031998,0.34577355,-0.22545357,,
l3,SMESG000045501.1,0.17802931,0.40522042,-0.2271911,,
l3,SMESG000018727.1,0.27325413,0.5005559,-0.22730175,,
l3,SMESG000042714.1,0.09437355,0.32254004,-0.22816649,,
l3,SMESG000036539.1,0.23397455,0.46506533,-0.23109078,,
l3,SMESG000021192.1,0.2848216,0.5163387,-0.2315171,,
l3,SMESG000020509.1,0.10888232,0.34144926,-0.23256694,,
l3,SMESG000081075.1,0.16436988,0.39752835,-0.23315847,,
l3,SMESG000025889.1,3.5721993,3.8060017,-0.23380232,,
l3,SMESG000048111.1,0.24240543,0.47636145,-0.23395602,,
l3,SMESG000057599.1,0.1874406,0.42188424,-0.23444363,,
l3,SMESG000012740.1,0.19913925,0.43390077,-0.23476152,,
l3,SMESG000009971.1,0.0071890648,0.24370873,-0.23651966,,
l3,SMESG000016237.1,0.09738,0.33471787,-0.23733787,,
l3,SMESG000023246.1,0.046729043,0.28528792,-0.23855887,,
l3,SMESG000078631.1,0.27351493,0.51233315,-0.23881823,,
l3,SMESG000011261.1,0.7520261,0.9916674,-0.23964131,,
l3,SMESG000000190.1,0.17789863,0.41755798,-0.23965935,,
l3,SMESG000058043.1,0.20279947,0.44351435,-0.24071488,,
l3,SMESG000081151.1,0.25769874,0.49991608,-0.24221733,,
l3,SMESG000005279.1,0.3832485,0.6264156,-0.2431671,,
l3,SMESG000040791.1,0.23129435,0.47516143,-0.24386708,,
l3,SMESG000025683.1,0.10378449,0.34905902,-0.24527453,,
l3,SMESG000080294.1,0.20855016,0.45425066,-0.24570051,,
l3,SMESG000011269.1,0.7651617,1.0133778,-0.2482161,,
l3,SMESG000081077.1,0.27246943,0.52098536,-0.24851593,,
l3,SMESG000067685.1,0.38154942,0.6305833,-0.24903387,,
l3,SMESG000022873.1,0.25698006,0.5069651,-0.24998504,,
l3,SMESG000040636.1,0.020586882,0.27062628,-0.2500394,,
l3,SMESG000026176.1,0.197571,0.4481602,-0.2505892,,
l3,SMESG000066557.1,0.101824,0.35242328,-0.25059927,,
l3,SMESG000064512.1,0.20822382,0.4590569,-0.2508331,,
l3,SMESG000036410.1,0.18214661,0.43398082,-0.2518342,,
l3,SMESG000044540.1,0.19358388,0.44775817,-0.2541743,,
l3,SMESG000012668.1,0.3016184,0.55687714,-0.25525874,,
l3,SMESG000000175.1,0.2464577,0.502717,-0.25625932,,
l3,SMESG000015244.1,0.2484836,0.50536084,-0.25687724,,
l3,SMESG000066020.1,0.19946627,0.45801398,-0.25854772,,
l3,SMESG000052432.1,0.5195143,0.7784738,-0.25895947,,
l3,SMESG000049306.1,0.17371593,0.43309814,-0.2593822,,
l3,SMESG000009924.1,0.2050868,0.46594578,-0.26085898,,
l3,SMESG000062123.1,0.30403653,0.5692138,-0.26517728,,
l3,SMESG000059352.1,0.16992529,0.43646303,-0.26653773,,
l3,SMESG000012332.1,0.097118564,0.36540017,-0.2682816,,
l3,SMESG000007739.1,0.20580564,0.4758812,-0.27007556,,
l3,SMESG000069981.1,0.19802856,0.46850964,-0.27048108,,
l3,SMESG000056995.1,0.2550845,0.52667147,-0.27158695,,
l3,SMESG000003566.1,0.14979503,0.4220443,-0.27224928,,
l3,SMESG000047284.1,0.122607276,0.3949636,-0.27235633,,
l3,SMESG000067658.1,0.49219748,0.7650963,-0.27289882,,
l3,SMESG000024345.1,0.21855026,0.49198312,-0.27343285,,
l3,SMESG000035027.1,0.022808962,0.2980254,-0.27521643,,
l3,SMESG000041085.1,0.22580484,0.5034376,-0.27763274,,
l3,SMESG000068628.1,0.63328415,0.9131441,-0.27985996,,
l3,SMESG000024857.1,0.16214745,0.44383514,-0.28168768,,
l3,SMESG000077304.1,0.23305945,0.51649624,-0.28343678,,
l3,SMESG000009320.1,0.23541224,0.51938164,-0.2839694,,
l3,SMESG000049103.1,0.18770218,0.4725146,-0.28481242,,
l3,SMESG000054251.1,0.14423978,0.43101585,-0.28677607,,
l3,SMESG000081970.1,0.18953195,0.4794045,-0.28987256,,
l3,SMESG000079650.1,0.19384551,0.48525184,-0.29140633,,
l3,SMESG000032189.1,0.41677615,0.7082106,-0.29143444,,
l3,SMESG000025001.1,0.20351785,0.49566954,-0.2921517,,
l3,SMESG000048413.1,0.90297467,1.1958677,-0.292893,,
l3,SMESG000018770.1,0.16548096,0.45913446,-0.2936535,,
l3,SMESG000030972.1,0.3119452,0.6063844,-0.2944392,,
l3,SMESG000067773.1,0.23920275,0.5337232,-0.29452044,,
l3,SMESG000008070.1,0.014835645,0.3120451,-0.29720944,,
l3,SMESG000049109.1,0.2602477,0.5588779,-0.29863018,,
l3,SMESG000009912.1,0.18273477,0.48381013,-0.30107534,,
l3,SMESG000062868.1,0.31076822,0.6165587,-0.30579045,,
l3,SMESG000007294.1,0.28037736,0.58876115,-0.3083838,,
l3,SMESG000003089.1,0.21240662,0.5214647,-0.30905807,,
l3,SMESG000058073.1,0.2629927,0.57650226,-0.31350955,,
l3,SMESG000004485.1,0.014312803,0.33263433,-0.31832153,,
l3,SMESG000007869.1,0.3137094,0.63290215,-0.31919274,,
l3,SMESG000076939.1,0.25698003,0.5806676,-0.32368758,,
l3,SMESG000006056.1,0.19384553,0.52034247,-0.32649696,,
l3,SMESG000064169.1,0.35775957,0.6844956,-0.32673606,,
l3,SMESG000065325.1,0.27743644,0.60734606,-0.32990962,,
l3,SMESG000008153.1,0.41233176,0.7427406,-0.3304088,,
l3,SMESG000002071.1,0.25769842,0.5908452,-0.3331468,,
l3,SMESG000009941.1,0.12541737,0.45857477,-0.33315742,,
l3,SMESG000060552.1,0.32717317,0.66222227,-0.3350491,,
l3,SMESG000009341.1,0.24469222,0.5816314,-0.33693922,,
l3,SMESG000016909.1,0.24122863,0.5813107,-0.34008205,,
l3,SMESG000050010.1,0.29652056,0.63779163,-0.34127107,,
l3,SMESG000052687.1,0.36900073,0.71437955,-0.34537882,,
l3,SMESG000005487.1,0.10770617,0.45600808,-0.34830192,,
l3,SMESG000020860.1,2.8296769,3.1837575,-0.35408068,,
l3,SMESG000066540.1,0.39252913,0.74746627,-0.35493714,,
l3,SMESG000062746.1,0.3582824,0.7135781,-0.35529572,,
l3,SMESG000066843.1,0.29272822,0.65021163,-0.35748342,,
l3,SMESG000003228.1,0.06640115,0.42404348,-0.35764232,,
l3,SMESG000026848.1,0.22534661,0.5834749,-0.35812825,,
l3,SMESG000017166.1,0.35422996,0.7126171,-0.35838714,,
l3,SMESG000034805.1,0.16351983,0.5246678,-0.36114797,,
l3,SMESG000060403.1,0.4201744,0.78223854,-0.36206415,,
l3,SMESG000066029.1,0.2792009,0.641954,-0.3627531,,
l3,SMESG000051910.1,0.21613051,0.57963014,-0.36349964,,
l3,SMESG000003007.1,0.33802164,0.70204127,-0.36401963,,
l3,SMESG000029500.1,0.3198529,0.68882227,-0.36896938,,
l3,SMESG000005086.1,0.32390505,0.6946706,-0.37076557,,
l3,SMESG000036375.1,0.27057368,0.64371985,-0.37314618,,
l3,SMESG000041069.1,0.40645012,0.7802322,-0.37378207,,
l3,SMESG000072522.1,0.34468797,0.71886563,-0.37417766,,
l3,SMESG000052380.1,0.30900353,0.6832141,-0.3742106,,
l3,SMESG000038678.1,0.20364839,0.5838755,-0.3802271,,
l3,SMESG000015520.1,0.383706,0.7646105,-0.38090453,,
l3,SMESG000003774.1,0.39886865,0.78551966,-0.386651,,
l3,SMESG000028039.1,0.039017007,0.43550017,-0.39648318,,
l3,SMESG000030342.1,0.35115853,0.7500276,-0.39886907,,
l3,SMESG000003969.1,0.39252904,0.7919303,-0.39940128,,
l3,SMESG000041839.1,0.5506179,0.9563239,-0.40570605,,
l3,SMESG000038559.1,0.40200573,0.8082705,-0.40626478,,
l3,SMESG000049187.1,0.0064048036,0.41539365,-0.40898883,,
l3,SMESG000070471.1,0.3010301,0.7110932,-0.4100631,,
l3,SMESG000005578.1,0.0208483,0.43181565,-0.41096735,,
l3,SMESG000025000.1,0.29142135,0.7078114,-0.41639006,,
l3,SMESG000044323.1,0.21802653,0.63530576,-0.41727924,,
l3,SMESG000057324.1,0.3039711,0.7251125,-0.4211414,,
l3,SMESG000066927.1,0.21783067,0.6425147,-0.42468405,,
l3,SMESG000018714.1,0.409587,0.8360709,-0.4264839,,
l3,SMESG000002673.1,0.44435665,0.87228376,-0.4279271,,
l3,SMESG000058745.1,0.45161125,0.8887863,-0.43717507,,
l3,SMESG000004954.1,0.43684065,0.87620807,-0.4393674,,
l3,SMESG000043280.1,0.21469365,0.655736,-0.44104236,,
l3,SMESG000077214.1,0.4366446,0.8786124,-0.4419678,,
l3,SMESG000014460.1,0.032873623,0.4756384,-0.44276476,,
l3,SMESG000009564.1,0.4295208,0.8729252,-0.44340444,,
l3,SMESG000058321.1,0.33736658,0.78167826,-0.44431168,,
l3,SMESG000073811.1,0.20691584,0.6520515,-0.44513565,,
l3,SMESG000010156.1,0.53454417,0.9805977,-0.4460535,,
l3,SMESG000026862.1,0.51605177,0.96762013,-0.45156837,,
l3,SMESG000043444.1,0.30671418,0.7596458,-0.45293164,,
l3,SMESG000040790.1,0.050846323,0.50391644,-0.4530701,,
l3,SMESG000073870.1,0.3584121,0.81187993,-0.45346785,,
l3,SMESG000035518.1,0.1492069,0.60374,-0.45453307,,
l3,SMESG000057890.1,0.47056434,0.92539954,-0.4548352,,
l3,SMESG000073127.1,1.0918336,1.5484488,-0.4566152,,
l3,SMESG000025002.1,0.3535754,0.8107596,-0.4571842,,
l3,SMESG000035755.1,0.20018508,0.65837586,-0.4581908,,
l3,SMESG000015784.1,0.35730183,0.8202094,-0.46290755,,
l3,SMESG000059698.1,0.3512238,0.81508046,-0.46385667,,
l3,SMESG000026827.1,0.57041824,1.0386013,-0.46818304,,
l3,SMESG000067743.1,0.51781595,0.9881286,-0.47031265,,
l3,SMESG000022843.1,0.2603123,0.73208535,-0.47177306,,
l3,SMESG000026399.1,0.485858,0.9588071,-0.47294912,,
l3,SMESG000052688.1,0.4531142,0.93004596,-0.47693175,,
l3,SMESG000003977.1,0.4613493,0.9382967,-0.47694737,,
l3,SMESG000025209.1,0.3531842,0.8303025,-0.47711828,,
l3,SMESG000075512.1,0.3837053,0.8685998,-0.48489448,,
l3,SMESG000059768.1,0.50912446,0.99469954,-0.48557508,,
l3,SMESG000037593.1,0.49075964,0.9782745,-0.48751488,,
l3,SMESG000026569.1,0.014378153,0.50343966,-0.4890615,,
l3,SMESG000059887.1,0.5187306,1.0078344,-0.48910385,,
l3,SMESG000000674.1,0.48696882,0.97955674,-0.49258792,,
l3,SMESG000019975.1,0.23985629,0.7356834,-0.49582708,,
l3,SMESG000066644.1,0.5032426,1.0098385,-0.50659585,,
l3,SMESG000045892.1,0.7867762,1.3017749,-0.5149987,,
l3,SMESG000012171.1,0.28031108,0.79561555,-0.51530445,,
l3,SMESG000010769.1,0.25848296,0.77590626,-0.5174233,,
l3,SMESG000044171.1,1.6824461,2.2004476,-0.51800144,,
l3,SMESG000036992.1,0.549509,1.0759323,-0.5264233,,
l3,SMESG000032180.1,0.4647475,0.99189115,-0.52714366,,
l3,SMESG000035929.1,0.52520007,1.0562254,-0.53102535,,
l3,SMESG000017208.1,0.5360475,1.0720034,-0.53595585,,
l3,SMESG000012107.1,0.5121311,1.0610296,-0.54889846,,
l3,SMESG000023147.1,0.4858577,1.0390782,-0.5532205,,
l3,SMESG000048830.1,0.56545275,1.1240807,-0.5586279,,
l3,SMESG000042787.1,0.3871027,0.9484758,-0.5613731,,
l3,SMESG000062259.1,0.51807743,1.0806587,-0.56258124,,
l3,SMESG000026745.1,0.56140244,1.1328939,-0.5714915,,
l3,SMESG000067492.1,0.21724294,0.79216456,-0.5749216,,
l3,SMESG000037599.1,0.4118737,0.9925357,-0.580662,,
l3,SMESG000039926.1,0.53859603,1.1196741,-0.58107805,,
l3,SMESG000058013.1,0.5423855,1.1317728,-0.58938724,,
l3,SMESG000076644.1,0.53728944,1.1276039,-0.59031445,,
l3,SMESG000076568.1,0.59538144,1.1936966,-0.5983152,,
l3,SMESG000074793.1,0.86146724,1.4628786,-0.60141134,,
l3,SMESG000055805.1,0.03816745,0.64131147,-0.603144,,
l3,SMESG000071533.1,0.634522,1.2419264,-0.6074044,,
l3,SMESG000007775.1,0.3195894,0.9278853,-0.6082959,,
l3,SMESG000035681.1,0.6373341,1.2465749,-0.6092408,,
l3,SMESG000058317.1,0.5476797,1.1578889,-0.61020917,,
l3,SMESG000060771.1,0.82264966,1.4359628,-0.61331314,,
l3,SMESG000020535.1,0.5834235,1.2042747,-0.62085116,,
l3,SMESG000040823.1,0.71163845,1.33535,-0.6237116,,
l3,SMESG000016955.1,0.607863,1.2392043,-0.6313413,,
l3,SMESG000006898.1,0.6629507,1.3026559,-0.63970524,,
l3,SMESG000037102.1,0.57675827,1.2172521,-0.64049387,,
l3,SMESG000019977.1,0.27227294,0.9148946,-0.64262164,,
l3,SMESG000008925.1,0.6366163,1.2907987,-0.6541824,,
l3,SMESG000060640.1,0.7749455,1.4382033,-0.66325784,,
l3,SMESG000055903.1,0.61936224,1.2843858,-0.66502357,,
l3,SMESG000056940.1,0.60570765,1.2733321,-0.6676245,,
l3,SMESG000040216.1,0.7147046,1.3826095,-0.6679049,,
l3,SMESG000013036.1,0.33148545,1.0082339,-0.67674845,,
l3,SMESG000065562.1,0.6998053,1.3830906,-0.6832853,,
l3,SMESG000034720.1,0.6121122,1.3042592,-0.69214696,,
l3,SMESG000027088.1,0.6664801,1.3627412,-0.6962611,,
l3,SMESG000042447.1,0.7024173,1.3995923,-0.69717497,,
l3,SMESG000059049.1,0.6583749,1.3558488,-0.6974739,,
l3,SMESG000042430.1,0.5606175,1.2581084,-0.6974909,,
l3,SMESG000016203.1,0.7414955,1.4464601,-0.70496464,,
l3,SMESG000009479.1,0.73914456,1.4466187,-0.7074741,,
l3,SMESG000079482.1,0.68791413,1.4133716,-0.72545743,,
l3,SMESG000078736.1,0.8048853,1.5411545,-0.7362692,,
l3,SMESG000076172.1,0.8766384,1.6147001,-0.73806167,,
l3,SMESG000026320.1,0.7519538,1.5168006,-0.76484686,,
l3,SMESG000031033.1,0.7331992,1.5051038,-0.77190465,,
l3,SMESG000004748.1,0.72039133,1.4927652,-0.77237386,,
l3,SMESG000049722.1,0.4776878,1.2529767,-0.7752888,,
l3,SMESG000008177.1,0.7067318,1.4841098,-0.77737796,,
l3,SMESG000044397.1,1.1159326,1.8937333,-0.7778007,,
l3,SMESG000001806.1,0.7335923,1.5121534,-0.7785611,,
l3,SMESG000061099.1,0.78495324,1.5746392,-0.78968596,,
l3,SMESG000050810.1,0.6270103,1.4317166,-0.8047063,,
l3,SMESG000007128.1,0.01771128,0.8225323,-0.804821,,
l3,SMESG000071180.1,0.73019314,1.5530913,-0.82289815,,
l3,SMESG000058066.1,0.7401264,1.5643057,-0.8241793,,
l3,SMESG000074545.1,0.76273674,1.5919456,-0.8292089,,
l3,SMESG000009232.1,0.76659477,1.6009998,-0.83440506,,
l3,SMESG000022296.1,0.8271704,1.6693369,-0.84216654,,
l3,SMESG000056451.1,0.4993203,1.343675,-0.84435475,,
l3,SMESG000034631.1,0.85788447,1.7035428,-0.84565836,,
l3,SMESG000058307.1,0.71582544,1.5877082,-0.8718828,,
l3,SMESG000017099.1,0.8391971,1.7146019,-0.8754048,,
l3,SMESG000041483.1,0.8591938,1.7427199,-0.8835261,,
l3,SMESG000022893.1,0.84213835,1.7311044,-0.888966,,
l3,SMESG000004901.1,0.63870746,1.5461161,-0.90740865,,
l3,SMESG000016953.1,0.48964727,1.445896,-0.95624876,,
l3,SMESG000003538.1,1.4902014,2.449642,-0.9594406,,
l3,SMESG000006589.1,0.73326284,1.7127521,-0.97948927,,
l3,SMESG000022343.1,0.99204856,1.9719288,-0.9798803,,
l3,SMESG000022928.1,0.44697067,1.4282659,-0.9812952,,
l3,SMESG000047644.1,1.015309,1.9976399,-0.9823309,,
l3,SMESG000047167.1,0.9710704,1.955984,-0.9849136,,
l3,SMESG000036363.1,0.5503585,1.5366685,-0.98631006,,
l3,SMESG000057653.1,1.0387044,2.0411437,-1.0024393,,
l3,SMESG000022732.1,0.9846611,1.9893073,-1.0046462,,
l3,SMESG000051670.1,2.5810483,3.600884,-1.0198357,,
l3,SMESG000023040.1,1.09452,2.1148512,-1.0203313,,
l3,SMESG000005506.1,0.5243523,1.5685446,-1.0441923,,
l3,SMESG000066035.1,1.0226372,2.1058798,-1.0832425,,
l3,SMESG000036550.1,1.0341994,2.125664,-1.0914646,,
l3,SMESG000023212.1,1.156983,2.26514,-1.108157,,
l3,SMESG000017264.1,0.94630736,2.0945802,-1.1482728,,
l3,SMESG000061164.1,1.246903,2.430252,-1.1833491,,
l3,SMESG000059669.1,1.4165386,2.6003356,-1.183797,,
l3,SMESG000059283.1,1.3020606,2.486336,-1.1842754,,
l3,SMESG000017011.1,1.7170527,2.9357824,-1.2187297,,
l3,SMESG000060163.1,1.2363243,2.4937868,-1.2574625,,
l3,SMESG000062943.1,1.3025199,2.5694065,-1.2668866,,
l3,SMESG000060036.1,1.294353,2.5854354,-1.2910824,,
l3,SMESG000051503.1,1.2618114,2.5952897,-1.3334783,,
l3,SMESG000058106.1,1.3336288,2.6935093,-1.3598806,,
l3,SMESG000017087.1,1.2202549,2.5822287,-1.3619738,,
l3,SMESG000052353.1,1.2948105,2.7409346,-1.4461241,,
l3,SMESG000005378.1,1.731528,3.2048671,-1.4733391,,
l3,SMESG000043289.1,0.92403936,2.403272,-1.4792325,,
l3,SMESG000080290.1,1.6538703,3.2004936,-1.5466232,,
l3,SMESG000076086.1,1.5335437,3.134134,-1.6005903,,
l3,SMESG000016791.1,1.8440853,3.516116,-1.6720306,,
l3,SMESG000022423.1,1.8647346,3.5641792,-1.6994445,,
l3,SMESG000066027.1,1.2175742,3.2076783,-1.9901041,,
l3,SMESG000002628.1,1.1358228,3.3275807,-2.191758,0.004975124378109453,0.6919286065388477
l3,SMESG000007315.1,2.2246864,4.491501,-2.2668145,0.004975124378109453,1.0245652841618156
l3,SMESG000055421.1,1.9311464,4.7526393,-2.821493,0.004975124378109453,0.9841761403912184
l3,SMESG000019619.1,3.9232907,7.3629985,-3.4397078,0.004975124378109453,1.5568514038416679
l3,SMESG000040632.1,2.8165717,6.508743,-3.692171,0.004975124378109453,1.3955217338190333
l3,SMESG000051672.1,9.846372,15.133782,-5.2874107,0.1691542288557214,3.444121387588134
l5,SMESG000066595.1,0.069873266,0.09342499,-0.023551725,0.7761194029850746,0.05263592142573238
l5,SMESG000035325.1,0.07206203,0.101926535,-0.029864505,0.7512437810945274,0.056798242937425296
l5,SMESG000067668.1,0.14149792,0.1774441,-0.035946175,0.8059701492537313,0.10772302005079691
l5,SMESG000016305.1,0.08568651,0.122366115,-0.036679603,0.736318407960199,0.06883814903661699
l5,SMESG000035332.1,0.06856018,0.108347744,-0.03978756,0.5970149253731343,0.057348972034471785
l5,SMESG000047827.1,0.10117145,0.14153919,-0.040367737,0.7014925373134329,0.07805492852311291
l5,SMESG000072804.1,0.13334493,0.17626815,-0.042923212,,
l5,SMESG000016088.1,0.056194156,0.10002709,-0.043832935,,
l5,SMESG000079004.1,0.059148863,0.10364472,-0.04449586,,
l5,SMESG000034284.1,0.058109224,0.10310207,-0.04499285,,
l5,SMESG000028260.1,0.06938092,0.11531176,-0.04593084,,
l5,SMESG000046412.1,0.06336207,0.10997555,-0.046613477,,
l5,SMESG000014166.1,0.054333724,0.104277894,-0.04994417,,
l5,SMESG000020952.1,0.050996035,0.1012933,-0.050297268,,
l5,SMESG000053202.1,0.07452434,0.12498877,-0.05046443,,
l5,SMESG000035329.1,0.092745036,0.14370978,-0.050964743,,
l5,SMESG000075570.1,0.038411163,0.090078555,-0.051667392,,
l5,SMESG000044888.1,0.06226768,0.11395491,-0.05168723,,
l5,SMESG000040291.1,0.07605639,0.1278829,-0.051826507,,
l5,SMESG000035323.1,0.13755831,0.19100991,-0.053451598,,
l5,SMESG000004912.1,0.055154502,0.10952338,-0.054368876,,
l5,SMESG000062896.1,0.06719226,0.122275576,-0.05508332,,
l5,SMESG000020955.1,0.06992801,0.12761158,-0.057683565,,
l5,SMESG000067681.1,0.20540729,0.26336253,-0.057955235,,
l5,SMESG000044681.1,0.06013373,0.118567504,-0.058433775,,
l5,SMESG000033382.1,0.04864317,0.10816685,-0.05952368,,
l5,SMESG000005324.1,0.06921672,0.12896818,-0.05975146,,
l5,SMESG000017013.1,0.05969598,0.119652756,-0.059956774,,
l5,SMESG000065409.1,0.04081866,0.101112396,-0.060293734,,
l5,SMESG000070472.1,0.08109038,0.14190102,-0.060810633,,
l5,SMESG000072805.1,0.12842044,0.19101006,-0.062589616,,
l5,SMESG000034854.1,0.049245108,0.11196538,-0.06272027,,
l5,SMESG000023063.1,0.05022997,0.11449764,-0.064267665,,
l5,SMESG000067672.1,0.20858079,0.27349183,-0.06491104,,
l5,SMESG000038756.1,0.051324327,0.11630647,-0.064982146,,
l5,SMESG000047496.1,0.040107384,0.10536312,-0.06525574,,
l5,SMESG000004344.1,0.051269587,0.1166682,-0.06539862,,
l5,SMESG000045477.1,0.056248803,0.12227546,-0.06602666,,
l5,SMESG000028263.1,0.16995065,0.23631972,-0.06636907,,
l5,SMESG000016307.1,0.08180164,0.14850298,-0.06670134,,
l5,SMESG000051885.1,0.043992247,0.11087991,-0.06688766,,
l5,SMESG000073142.1,0.045086615,0.11205564,-0.06696902,,
l5,SMESG000076223.1,0.046180904,0.11332195,-0.06714105,,
l5,SMESG000029843.1,0.053020515,0.1202857,-0.06726518,,
l5,SMESG000035328.1,0.13416584,0.20195293,-0.067787096,,
l5,SMESG000077471.1,0.05252809,0.1208285,-0.06830041,,
l5,SMESG000051838.1,0.045469593,0.11377413,-0.06830454,,
l5,SMESG000040748.1,0.053294096,0.121823356,-0.06852926,,
l5,SMESG000080471.1,0.17279612,0.24156602,-0.0687699,,
l5,SMESG000003701.1,0.089243144,0.15827057,-0.069027424,,
l5,SMESG000051815.1,0.048314895,0.11757263,-0.069257736,,
l5,SMESG000049359.1,0.05198092,0.12155196,-0.06957104,,
l5,SMESG000001797.1,0.07381303,0.1434383,-0.069625266,,
l5,SMESG000062602.1,0.14045809,0.21027364,-0.069815546,,
l5,SMESG000014341.1,0.05334882,0.12317985,-0.06983103,,
l5,SMESG000026245.1,0.051597916,0.12155198,-0.06995407,,
l5,SMESG000023253.1,0.059422452,0.12942018,-0.06999773,,
l5,SMESG000063568.1,0.05039413,0.12073807,-0.07034394,,
l5,SMESG000005863.1,0.047658265,0.11829617,-0.070637904,,
l5,SMESG000076677.1,0.048424322,0.11947192,-0.071047604,,
l5,SMESG000046166.1,0.0478772,0.11929103,-0.07141383,,
l5,SMESG000041210.1,0.046345063,0.118024744,-0.07167968,,
l5,SMESG000040772.1,0.16475266,0.23668212,-0.071929455,,
l5,SMESG000080328.1,0.048205487,0.12019535,-0.071989864,,
l5,SMESG000036870.1,0.07206209,0.1444332,-0.07237111,,
l5,SMESG000073666.1,0.107847005,0.18024753,-0.072400525,,
l5,SMESG000057144.1,0.04705639,0.1194718,-0.07241541,,
l5,SMESG000055035.1,0.06763004,0.14018244,-0.0725524,,
l5,SMESG000076166.1,0.096082695,0.16921379,-0.07313109,,
l5,SMESG000067659.1,0.1588432,0.23197939,-0.07313618,,
l5,SMESG000039945.1,0.044101704,0.11730126,-0.073199555,,
l5,SMESG000029916.1,0.04453942,0.11775343,-0.07321401,,
l5,SMESG000001236.1,0.044211105,0.11757258,-0.07336148,,
l5,SMESG000051975.1,0.048807327,0.12227547,-0.07346815,,
l5,SMESG000059552.1,0.046618637,0.120195344,-0.0735767,,
l5,SMESG000056346.1,0.05570166,0.12932967,-0.07362801,,
l5,SMESG000026993.1,0.048314895,0.122004196,-0.0736893,,
l5,SMESG000030595.1,0.21788289,0.29157972,-0.07369684,,
l5,SMESG000049117.1,0.050612975,0.12435555,-0.07374257,,
l5,SMESG000064372.1,0.054005425,0.12797312,-0.073967695,,
l5,SMESG000027748.1,0.057397883,0.13140991,-0.074012026,,
l5,SMESG000046116.1,0.040709224,0.11485942,-0.07415019,,
l5,SMESG000030594.1,0.16995081,0.24418867,-0.07423785,,
l5,SMESG000060121.1,0.041529994,0.11585424,-0.07432425,,
l5,SMESG000007293.1,0.048096012,0.12263729,-0.07454127,,
l5,SMESG000051516.1,0.06850545,0.14307652,-0.07457107,,
l5,SMESG000002154.1,0.052911125,0.12770195,-0.07479083,,
l5,SMESG000027217.1,0.04503188,0.11983365,-0.07480177,,
l5,SMESG000078548.1,0.06544135,0.14027296,-0.07483161,,
l5,SMESG000013910.1,0.086014844,0.16089337,-0.07487852,,
l5,SMESG000077560.1,0.049080938,0.12399377,-0.07491283,,
l5,SMESG000072955.1,0.04875262,0.12372255,-0.07496993,,
l5,SMESG000081906.1,0.046126198,0.121280625,-0.07515442,,
l5,SMESG000026870.1,0.057616744,0.13303782,-0.07542108,,
l5,SMESG000005268.1,0.048971474,0.124717414,-0.07574594,,
l5,SMESG000026637.1,0.055537507,0.13131942,-0.07578191,,
l5,SMESG000064614.1,0.058765844,0.13457525,-0.075809404,,
l5,SMESG000049854.1,0.05909411,0.13511787,-0.076023765,,
l5,SMESG000047188.1,0.05586583,0.1321333,-0.07626747,,
l5,SMESG000070983.1,0.050284658,0.12661655,-0.0763319,,
l5,SMESG000053168.1,0.06330731,0.13963974,-0.07633243,,
l5,SMESG000019958.1,0.044320527,0.121009246,-0.07668872,,
l5,SMESG000077527.1,0.06057147,0.13737875,-0.07680728,,
l5,SMESG000022789.1,0.04371868,0.12073814,-0.07701946,,
l5,SMESG000080901.1,0.054662034,0.13177167,-0.077109635,,
l5,SMESG000071293.1,0.04568849,0.12317993,-0.07749143,,
l5,SMESG000046586.1,0.046837498,0.12435567,-0.077518165,,
l5,SMESG000009754.1,0.05635829,0.13403256,-0.07767427,,
l5,SMESG000078985.1,0.047713,0.12553124,-0.077818245,,
l5,SMESG000000962.1,0.056412954,0.13448498,-0.07807203,,
l5,SMESG000004962.1,0.054443203,0.1325856,-0.0781424,,
l5,SMESG000031416.1,0.053622417,0.13177167,-0.07814925,,
l5,SMESG000000703.1,0.055975214,0.13421357,-0.07823835,,
l5,SMESG000021174.1,0.048533756,0.12679753,-0.078263775,,
l5,SMESG000022591.1,0.05088656,0.12969157,-0.078805014,,
l5,SMESG000027891.1,0.05241864,0.13122894,-0.0788103,,
l5,SMESG000024968.1,0.06062622,0.1395493,-0.07892308,,
l5,SMESG000068863.1,0.058765795,0.1378311,-0.07906531,,
l5,SMESG000014262.1,0.044046946,0.123179935,-0.07913299,,
l5,SMESG000032522.1,0.12262051,0.20186245,-0.07924195,,
l5,SMESG000032743.1,0.056850716,0.1362032,-0.07935248,,
l5,SMESG000010283.1,0.05198092,0.13140988,-0.07942896,,
l5,SMESG000078872.1,0.062377166,0.14181028,-0.07943311,,
l5,SMESG000040593.1,0.0540054,0.13349007,-0.07948467,,
l5,SMESG000021955.1,0.048205405,0.1277923,-0.07958689,,
l5,SMESG000023446.1,0.055647004,0.13529883,-0.07965183,,
l5,SMESG000048024.1,0.060462028,0.14018244,-0.07972041,,
l5,SMESG000024772.1,0.04371864,0.12354165,-0.07982302,,
l5,SMESG000026673.1,0.056084674,0.13593177,-0.0798471,,
l5,SMESG000078818.1,0.047931857,0.12797318,-0.08004133,,
l5,SMESG000066841.1,0.05017524,0.13023415,-0.08005892,,
l5,SMESG000050791.1,0.050995994,0.13113853,-0.08014254,,
l5,SMESG000059828.1,0.057179026,0.13737886,-0.08019983,,
l5,SMESG000049718.1,0.048150726,0.12860624,-0.08045552,,
l5,SMESG000070071.1,0.049026206,0.1296011,-0.0805749,,
l5,SMESG000066414.1,0.12863937,0.20945947,-0.0808201,,
l5,SMESG000002945.1,0.057069566,0.13828312,-0.08121355,,
l5,SMESG000039881.1,0.050612982,0.13195238,-0.08133939,,
l5,SMESG000074424.1,0.059367705,0.14072505,-0.081357345,,
l5,SMESG000033500.1,0.05816393,0.13954936,-0.08138543,,
l5,SMESG000040780.1,0.21859418,0.29999086,-0.081396684,,
l5,SMESG000065334.1,0.05455258,0.13620314,-0.081650555,,
l5,SMESG000052833.1,0.055045053,0.13728832,-0.08224326,,
l5,SMESG000014949.1,0.0523092,0.13457526,-0.08226606,,
l5,SMESG000053020.1,0.12874886,0.21135901,-0.082610145,,
l5,SMESG000009428.1,0.051324315,0.13394217,-0.08261786,,
l5,SMESG000040933.1,0.04623561,0.12887764,-0.08264203,,
l5,SMESG000020571.1,0.050339412,0.13312823,-0.08278881,,
l5,SMESG000079740.1,0.052145068,0.13493703,-0.08279197,,
l5,SMESG000065271.1,0.061446946,0.1442522,-0.082805246,,
l5,SMESG000053228.1,0.05280165,0.13566063,-0.08285898,,
l5,SMESG000057659.1,0.054005418,0.13692664,-0.08292122,,
l5,SMESG000014107.1,0.0606809,0.1437097,-0.08302881,,
l5,SMESG000044170.1,0.07534499,0.15854184,-0.083196856,,
l5,SMESG000059668.1,0.058820505,0.14217205,-0.08335155,,
l5,SMESG000036014.1,0.044922438,0.12833492,-0.08341248,,
l5,SMESG000031906.1,0.053677157,0.13710752,-0.083430365,,
l5,SMESG000011919.1,0.04929981,0.1327664,-0.08346659,,
l5,SMESG000012977.1,0.06823186,0.15184918,-0.08361732,,
l5,SMESG000025422.1,0.052856386,0.13647436,-0.08361797,,
l5,SMESG000051496.1,0.05619408,0.13991117,-0.08371709,,
l5,SMESG000010381.1,0.058218647,0.14199127,-0.08377263,,
l5,SMESG000060389.1,0.09832617,0.18223697,-0.0839108,,
l5,SMESG000054525.1,0.0581092,0.14217217,-0.08406297,,
l5,SMESG000042131.1,0.058273353,0.142353,-0.084079646,,
l5,SMESG000066442.1,0.06095447,0.14506629,-0.084111825,,
l5,SMESG000055008.1,0.051488437,0.13566041,-0.08417197,,
l5,SMESG000032144.1,0.049354512,0.13367075,-0.08431624,,
l5,SMESG000023255.1,0.06117336,0.14551848,-0.08434512,,
l5,SMESG000039761.1,0.06128281,0.14569916,-0.084416345,,
l5,SMESG000016828.1,0.044867728,0.12932979,-0.08446206,,
l5,SMESG000039857.1,0.054388463,0.13900666,-0.084618196,,
l5,SMESG000032133.1,0.04442998,0.12942025,-0.08499027,,
l5,SMESG000000425.1,0.060133744,0.145428,-0.08529426,,
l5,SMESG000014167.1,0.10839417,0.19372301,-0.08532884,,
l5,SMESG000041391.1,0.05548281,0.14090586,-0.08542305,,
l5,SMESG000064891.1,0.0480413,0.13348994,-0.08544864,,
l5,SMESG000019345.1,0.05400539,0.13945892,-0.08545354,,
l5,SMESG000047488.1,0.062048826,0.14750804,-0.08545922,,
l5,SMESG000059878.1,0.050011113,0.13547952,-0.08546841,,
l5,SMESG000025677.1,0.06795831,0.153477,-0.08551869,,
l5,SMESG000049504.1,0.049409196,0.13493696,-0.08552776,,
l5,SMESG000062742.1,0.051652618,0.137198,-0.08554538,,
l5,SMESG000044312.1,0.05247336,0.13819279,-0.08571943,,
l5,SMESG000026676.1,0.05077713,0.13665543,-0.085878305,,
l5,SMESG000038894.1,0.04432053,0.13059607,-0.08627554,,
l5,SMESG000034612.1,0.06730163,0.15374841,-0.08644678,,
l5,SMESG000048912.1,0.0610092,0.14750807,-0.08649887,,
l5,SMESG000067118.1,0.066152565,0.15266313,-0.08651056,,
l5,SMESG000060104.1,0.04705638,0.13367087,-0.08661449,,
l5,SMESG000066686.1,0.0512696,0.13792145,-0.086651854,,
l5,SMESG000056472.1,0.05296583,0.13973027,-0.08676444,,
l5,SMESG000030981.1,0.11911867,0.20593262,-0.08681395,,
l5,SMESG000014824.1,0.057343185,0.14434247,-0.08699928,,
l5,SMESG000049554.1,0.06292425,0.15004039,-0.08711614,,
l5,SMESG000036795.1,0.053294156,0.14054416,-0.08725001,,
l5,SMESG000013191.1,0.0584375,0.14578977,-0.087352276,,
l5,SMESG000024603.1,0.07939412,0.16677195,-0.08737783,,
l5,SMESG000064091.1,0.050612986,0.13819289,-0.087579906,,
l5,SMESG000020306.1,0.060626194,0.14832203,-0.08769584,,
l5,SMESG000066780.1,0.044101663,0.13195245,-0.08785079,,
l5,SMESG000010804.1,0.054552607,0.14253384,-0.08798123,,
l5,SMESG000011518.1,0.050011087,0.13801193,-0.08800085,,
l5,SMESG000012361.1,0.0561394,0.14425234,-0.08811295,,
l5,SMESG000050229.1,0.057671454,0.14606108,-0.08838962,,
l5,SMESG000081287.1,0.061446935,0.14994995,-0.08850302,,
l5,SMESG000043769.1,0.05022997,0.13873553,-0.088505566,,
l5,SMESG000033574.1,0.051379018,0.14000161,-0.08862259,,
l5,SMESG000042735.1,0.06483944,0.1541101,-0.089270666,,
l5,SMESG000063658.1,0.05734317,0.14669412,-0.08935095,,
l5,SMESG000041594.1,0.052801672,0.1422625,-0.089460835,,
l5,SMESG000063866.1,0.054826178,0.14434277,-0.08951659,,
l5,SMESG000071275.1,0.056194074,0.14578968,-0.08959561,,
l5,SMESG000009582.1,0.061611094,0.15130657,-0.089695476,,
l5,SMESG000064795.1,0.067411095,0.15718529,-0.08977419,,
l5,SMESG000061749.1,0.054662038,0.14452356,-0.08986153,,
l5,SMESG000026855.1,0.061063915,0.15094477,-0.089880854,,
l5,SMESG000049997.1,0.047877174,0.13801189,-0.09013471,,
l5,SMESG000036586.1,0.057780888,0.14796032,-0.09017943,,
l5,SMESG000060705.1,0.046345092,0.13656491,-0.09021982,,
l5,SMESG000022478.1,0.060899798,0.15112573,-0.090225935,,
l5,SMESG000033588.1,0.054114874,0.14434269,-0.09022781,,
l5,SMESG000032625.1,0.05575639,0.146061,-0.09030461,,
l5,SMESG000016309.1,0.053567678,0.14389046,-0.09032278,,
l5,SMESG000008209.1,0.06659039,0.15691377,-0.09032338,,
l5,SMESG000057004.1,0.061009202,0.15139695,-0.09038775,,
l5,SMESG000080856.1,0.05772627,0.14832196,-0.090595685,,
l5,SMESG000009918.1,0.053184696,0.14379996,-0.090615265,,
l5,SMESG000014112.1,0.054333743,0.14515652,-0.09082277,,
l5,SMESG000010413.1,0.06456578,0.15546681,-0.09090103,,
l5,SMESG000007855.1,0.051926207,0.14289548,-0.090969265,,
l5,SMESG000038555.1,0.05001109,0.14108698,-0.09107589,,
l5,SMESG000058940.1,0.09208851,0.18323185,-0.09114333,,
l5,SMESG000057467.1,0.058929924,0.15013069,-0.09120077,,
l5,SMESG000025689.1,0.05723372,0.14859337,-0.091359645,,
l5,SMESG000027795.1,0.05586583,0.14732721,-0.09146138,,
l5,SMESG000041641.1,0.0509413,0.14262427,-0.09168297,,
l5,SMESG000066554.1,0.043445062,0.13520822,-0.09176315,,
l5,SMESG000020746.1,0.06549599,0.15727551,-0.09177952,,
l5,SMESG000078773.1,0.07643944,0.16830921,-0.09186977,,
l5,SMESG000060338.1,0.04163936,0.13358043,-0.09194107,,
l5,SMESG000035843.1,0.048533723,0.1406347,-0.09210098,,
l5,SMESG000038602.1,0.06046202,0.15275364,-0.092291616,,
l5,SMESG000077800.1,0.0645111,0.15682329,-0.092312194,,
l5,SMESG000016669.1,0.053294126,0.14560878,-0.09231466,,
l5,SMESG000033847.1,0.05914884,0.15148737,-0.092338525,,
l5,SMESG000010516.1,0.054169565,0.14651327,-0.0923437,,
l5,SMESG000041543.1,0.06172052,0.15411022,-0.0923897,,
l5,SMESG000030828.1,0.062048838,0.15456234,-0.0925135,,
l5,SMESG000043835.1,0.04979221,0.14235294,-0.09256072,,
l5,SMESG000047091.1,0.055811096,0.14859323,-0.09278214,,
l5,SMESG000067105.1,0.05515445,0.14796035,-0.0928059,,
l5,SMESG000004048.1,0.061829954,0.15465273,-0.092822775,,
l5,SMESG000074136.1,0.061611086,0.15447193,-0.09286085,,
l5,SMESG000036519.1,0.050175257,0.1430765,-0.09290124,,
l5,SMESG000041117.1,0.046180908,0.13909724,-0.09291634,,
l5,SMESG000063640.1,0.059531834,0.15257268,-0.09304084,,
l5,SMESG000010596.1,0.056029987,0.14913605,-0.09310606,,
l5,SMESG000024545.1,0.06691864,0.16007935,-0.093160704,,
l5,SMESG000064093.1,0.06500358,0.15818006,-0.09317648,,
l5,SMESG000066687.1,0.056905363,0.15013084,-0.09322548,,
l5,SMESG000073757.1,0.049026217,0.14226265,-0.09323643,,
l5,SMESG000056251.1,0.043499794,0.13674565,-0.09324585,,
l5,SMESG000062652.1,0.051160153,0.14461395,-0.093453795,,
l5,SMESG000059697.1,0.057945058,0.15148725,-0.09354219,,
l5,SMESG000016908.1,0.049901657,0.14352882,-0.09362716,,
l5,SMESG000044136.1,0.08245828,0.17617749,-0.09371921,,
l5,SMESG000015282.1,0.062048838,0.1560094,-0.09396057,,
l5,SMESG000051850.1,0.05176203,0.14578988,-0.09402785,,
l5,SMESG000060905.1,0.062267657,0.15646163,-0.094193965,,
l5,SMESG000022839.1,0.14264703,0.23695317,-0.09430614,,
l5,SMESG000064593.1,0.05898469,0.15329616,-0.09431147,,
l5,SMESG000029410.1,0.059696008,0.15401979,-0.094323784,,
l5,SMESG000047749.1,0.051379032,0.14588025,-0.09450122,,
l5,SMESG000016275.1,0.054060154,0.14859323,-0.09453308,,
l5,SMESG000057944.1,0.06888846,0.16387762,-0.09498916,,
l5,SMESG000037707.1,0.042733748,0.13783096,-0.095097214,,
l5,SMESG000045558.1,0.076384716,0.17156507,-0.095180355,,
l5,SMESG000012475.1,0.05723379,0.15293445,-0.09570065,,
l5,SMESG000035326.1,0.20458663,0.30035216,-0.09576553,,
l5,SMESG000034945.1,0.054880902,0.15067348,-0.09579258,,
l5,SMESG000067906.1,0.058711078,0.15456244,-0.09585136,,
l5,SMESG000024875.1,0.045633733,0.14162949,-0.095995754,,
l5,SMESG000071444.1,0.063143134,0.15926515,-0.09612201,,
l5,SMESG000023170.1,0.05909414,0.15528576,-0.09619162,,
l5,SMESG000077016.1,0.048150714,0.14434268,-0.09619196,,
l5,SMESG000073542.1,0.051488467,0.14768894,-0.09620047,,
l5,SMESG000033211.1,0.06330731,0.15953662,-0.09622931,,
l5,SMESG000025746.1,0.057069607,0.15356761,-0.096498005,,
l5,SMESG000019984.1,0.10598662,0.2025857,-0.09659908,,
l5,SMESG000067683.1,0.26379046,0.36040503,-0.09661457,,
l5,SMESG000017012.1,0.050394133,0.1470558,-0.09666167,,
l5,SMESG000013115.1,0.061775286,0.15863219,-0.09685691,,
l5,SMESG000022764.1,0.0458526,0.14280514,-0.09695254,,
l5,SMESG000075533.1,0.067684695,0.16469164,-0.09700695,,
l5,SMESG000004230.1,0.06369035,0.16089305,-0.0972027,,
l5,SMESG000066649.1,0.045852624,0.1433478,-0.097495176,,
l5,SMESG000016216.1,0.052582804,0.15022142,-0.09763862,,
l5,SMESG000035884.1,0.06702816,0.16469157,-0.09766341,,
l5,SMESG000050509.1,0.060024302,0.15808953,-0.09806523,,
l5,SMESG000056302.1,0.061392166,0.15962702,-0.098234855,,
l5,SMESG000047333.1,0.084646985,0.18296039,-0.098313406,,
l5,SMESG000057201.1,0.09520738,0.19354205,-0.09833467,,
l5,SMESG000072630.1,0.0708036,0.16948494,-0.098681346,,
l5,SMESG000073794.1,0.054716755,0.15347688,-0.09876013,,
l5,SMESG000048466.1,0.062705435,0.16152632,-0.09882089,,
l5,SMESG000075365.1,0.06571484,0.16460127,-0.09888642,,
l5,SMESG000059133.1,0.064729914,0.16387773,-0.09914781,,
l5,SMESG000035316.1,0.09898279,0.19833545,-0.099352665,,
l5,SMESG000045132.1,0.1328527,0.23243105,-0.09957835,,
l5,SMESG000000219.1,0.10089793,0.20050585,-0.09960792,,
l5,SMESG000029126.1,0.061118655,0.16107406,-0.0999554,,
l5,SMESG000061113.1,0.06516772,0.16514383,-0.099976115,,
l5,SMESG000044135.1,0.060407355,0.16053133,-0.10012397,,
l5,SMESG000058491.1,0.068122454,0.16830924,-0.10018679,,
l5,SMESG000014632.1,0.06752051,0.16785707,-0.10033656,,
l5,SMESG000020012.1,0.051160146,0.151668,-0.100507855,,
l5,SMESG000042663.1,0.055482786,0.15600939,-0.1005266,,
l5,SMESG000014460.1,0.05865637,0.15944608,-0.10078971,,
l5,SMESG000072818.1,0.07069412,0.1717459,-0.10105178,,
l5,SMESG000016667.1,0.058820523,0.16007917,-0.10125864,,
l5,SMESG000026342.1,0.06752054,0.16903272,-0.101512186,,
l5,SMESG000071278.1,0.065879,0.16740489,-0.10152589,,
l5,SMESG000033877.1,0.05592054,0.15745643,-0.10153589,,
l5,SMESG000033856.1,0.05236392,0.15401989,-0.101655975,,
l5,SMESG000062609.1,0.2562942,0.35796311,-0.101668924,,
l5,SMESG000013387.1,0.069654524,0.17138433,-0.10172981,,
l5,SMESG000032034.1,0.058929943,0.16134563,-0.10241569,,
l5,SMESG000020075.1,0.07135074,0.17382608,-0.102475345,,
l5,SMESG000065433.1,0.071679026,0.17418793,-0.1025089,,
l5,SMESG000042238.1,0.06560546,0.1683091,-0.102703646,,
l5,SMESG000080916.1,0.06735639,0.1702085,-0.102852106,,
l5,SMESG000056262.1,0.05887531,0.16224965,-0.10337435,,
l5,SMESG000069889.1,0.05116013,0.15456235,-0.10340223,,
l5,SMESG000023415.1,0.06598842,0.16939461,-0.10340619,,
l5,SMESG000072026.1,0.072007306,0.17545368,-0.10344637,,
l5,SMESG000036948.1,0.06297899,0.1665907,-0.103611715,,
l5,SMESG000060467.1,0.06746583,0.17111285,-0.10364702,,
l5,SMESG000053935.1,0.070420556,0.1740974,-0.10367685,,
l5,SMESG000072821.1,0.07846395,0.18223725,-0.1037733,,
l5,SMESG000017288.1,0.047603536,0.15148732,-0.10388379,,
l5,SMESG000019808.1,0.062267683,0.16659087,-0.104323186,,
l5,SMESG000029882.1,0.07293752,0.17771488,-0.104777366,,
l5,SMESG000041686.1,0.06856019,0.17337374,-0.10481355,,
l5,SMESG000019492.1,0.074196026,0.17916203,-0.104966,,
l5,SMESG000016282.1,0.043226168,0.14823154,-0.10500537,,
l5,SMESG000062027.1,0.048807338,0.15383887,-0.105031535,,
l5,SMESG000005721.1,0.064565845,0.16975613,-0.105190285,,
l5,SMESG000013661.1,0.06839605,0.17391671,-0.105520666,,
l5,SMESG000056142.1,0.069380954,0.17491119,-0.10553023,,
l5,SMESG000037255.1,0.06724695,0.17292172,-0.105674766,,
l5,SMESG000029273.1,0.074579015,0.18042809,-0.10584907,,
l5,SMESG000048218.1,0.06620731,0.172198,-0.105990686,,
l5,SMESG000002374.1,0.05953179,0.165777,-0.106245205,,
l5,SMESG000021046.1,0.067958295,0.17427818,-0.10631989,,
l5,SMESG000038369.1,0.049190365,0.15555711,-0.106366746,,
l5,SMESG000077210.1,0.07102246,0.17744374,-0.106421284,,
l5,SMESG000027817.1,0.06669984,0.17328343,-0.10658359,,
l5,SMESG000027204.1,0.08212994,0.18874839,-0.10661845,,
l5,SMESG000016252.1,0.07063939,0.17744373,-0.10680434,,
l5,SMESG000017118.1,0.041803576,0.14868368,-0.106880106,,
l5,SMESG000017753.1,0.051871475,0.15881301,-0.106941536,,
l5,SMESG000036895.1,0.09148658,0.19860654,-0.107119955,,
l5,SMESG000031725.1,0.050339397,0.1575468,-0.1072074,,
l5,SMESG000059431.1,0.069709234,0.17699137,-0.10728214,,
l5,SMESG000072403.1,0.06669976,0.17418772,-0.10748796,,
l5,SMESG000043996.1,0.07239032,0.17997639,-0.10758607,,
l5,SMESG000019718.1,0.051871456,0.15962695,-0.10775549,,
l5,SMESG000014265.1,0.066043146,0.17400704,-0.1079639,,
l5,SMESG000075112.1,0.046782784,0.15492412,-0.10814134,,
l5,SMESG000003391.1,0.06155633,0.1697563,-0.10819996,,
l5,SMESG000031958.1,0.049846932,0.1581799,-0.10833296,,
l5,SMESG000025700.1,0.06631679,0.17518248,-0.108865686,,
l5,SMESG000005298.1,0.06850545,0.17744368,-0.10893823,,
l5,SMESG000034830.1,0.063963965,0.17292172,-0.10895775,,
l5,SMESG000037574.1,0.20819776,0.31717485,-0.108977094,,
l5,SMESG000006432.1,0.06018845,0.16930407,-0.10911562,,
l5,SMESG000008845.1,0.09126775,0.20041545,-0.1091477,,
l5,SMESG000017237.1,0.06691864,0.17608696,-0.10916832,,
l5,SMESG000073379.1,0.07994132,0.18929116,-0.10934985,,
l5,SMESG000011275.1,0.10587701,0.21533816,-0.10946114,,
l5,SMESG000003228.1,0.04437523,0.15401968,-0.10964446,,
l5,SMESG000026924.1,0.06762997,0.17744371,-0.10981374,,
l5,SMESG000038553.1,0.06544135,0.17527303,-0.10983168,,
l5,SMESG000009447.1,0.067848854,0.17771503,-0.10986618,,
l5,SMESG000037135.1,0.07266401,0.18268897,-0.11002496,,
l5,SMESG000038005.1,0.1285299,0.23858114,-0.11005123,,
l5,SMESG000008737.1,0.08563188,0.19571249,-0.110080615,,
l5,SMESG000017700.1,0.08727337,0.1976118,-0.11033843,,
l5,SMESG000033716.1,0.06462051,0.17500171,-0.1103812,,
l5,SMESG000081207.1,0.06686394,0.17726271,-0.11039877,,
l5,SMESG000044247.1,0.06730165,0.17780553,-0.110503875,,
l5,SMESG000027408.1,0.06593371,0.17644887,-0.110515155,,
l5,SMESG000081696.1,0.0715696,0.18214652,-0.11057692,,
l5,SMESG000000639.1,0.07545449,0.18603541,-0.11058092,,
l5,SMESG000030651.1,0.07009225,0.18078998,-0.110697724,,
l5,SMESG000068770.1,0.08754695,0.19824499,-0.11069804,,
l5,SMESG000064394.1,0.058054492,0.16894235,-0.110887855,,
l5,SMESG000050948.1,0.07545455,0.18639712,-0.11094257,,
l5,SMESG000035357.1,0.07036582,0.18160373,-0.11123791,,
l5,SMESG000009106.1,0.079722464,0.19100943,-0.11128697,,
l5,SMESG000016883.1,0.07578285,0.18730153,-0.11151868,,
l5,SMESG000027305.1,0.07430547,0.1858545,-0.11154903,,
l5,SMESG000038604.1,0.06773939,0.17934278,-0.11160339,,
l5,SMESG000045386.1,0.0741413,0.18576433,-0.11162303,,
l5,SMESG000011961.1,0.06943569,0.18133248,-0.11189679,,
l5,SMESG000016949.1,0.07775262,0.18983403,-0.11208141,,
l5,SMESG000043864.1,0.07572809,0.18784419,-0.1121161,,
l5,SMESG000008222.1,0.09044698,0.20276701,-0.112320036,,
l5,SMESG000080705.1,0.08678096,0.19914925,-0.11236829,,
l5,SMESG000022877.1,0.07802622,0.19046721,-0.11244099,,
l5,SMESG000020808.1,0.045688443,0.15817997,-0.112491526,,
l5,SMESG000062507.1,0.062103536,0.17473057,-0.11262703,,
l5,SMESG000052592.1,0.1265055,0.2392145,-0.112709,,
l5,SMESG000060723.1,0.097779065,0.2110874,-0.11330834,,
l5,SMESG000019997.1,0.077971436,0.19146161,-0.11349017,,
l5,SMESG000001249.1,0.079777144,0.19327062,-0.11349348,,
l5,SMESG000030689.1,0.15386374,0.26743266,-0.11356892,,
l5,SMESG000069520.1,0.06724697,0.18097071,-0.11372374,,
l5,SMESG000035032.1,0.05602993,0.1697562,-0.11372627,,
l5,SMESG000000928.1,0.07381299,0.18766326,-0.113850266,,
l5,SMESG000027587.1,0.063362025,0.17726299,-0.11390097,,
l5,SMESG000030582.1,0.06462051,0.17898102,-0.11436051,,
l5,SMESG000023450.1,0.05772621,0.17255953,-0.11483332,,
l5,SMESG000080952.1,0.062431823,0.17735314,-0.11492132,,
l5,SMESG000071294.1,0.07912057,0.19408457,-0.114964,,
l5,SMESG000053650.1,0.069490366,0.18467887,-0.1151885,,
l5,SMESG000010652.1,0.071022406,0.18630679,-0.11528438,,
l5,SMESG000011290.1,0.06533187,0.18069938,-0.11536751,,
l5,SMESG000051914.1,0.066261984,0.1816941,-0.11543212,,
l5,SMESG000078697.1,0.073977105,0.1894723,-0.1154952,,
l5,SMESG000056504.1,0.084099755,0.19960134,-0.11550158,,
l5,SMESG000076604.1,0.06861491,0.18413602,-0.11552111,,
l5,SMESG000069827.1,0.068013,0.18368386,-0.11567086,,
l5,SMESG000035457.1,0.06659036,0.18232721,-0.11573685,,
l5,SMESG000013666.1,0.06850547,0.18431693,-0.11581146,,
l5,SMESG000057052.1,0.069982834,0.18585443,-0.1158716,,
l5,SMESG000034009.1,0.070584714,0.18684927,-0.11626455,,
l5,SMESG000023677.1,0.07113187,0.1875728,-0.11644094,,
l5,SMESG000057910.1,0.09318282,0.20964007,-0.11645725,,
l5,SMESG000023047.1,0.080050744,0.19652657,-0.11647583,,
l5,SMESG000024235.1,0.07819034,0.19516991,-0.11697957,,
l5,SMESG000019836.1,0.07890163,0.19589353,-0.11699189,,
l5,SMESG000071613.1,0.06478467,0.18178454,-0.11699987,,
l5,SMESG000074987.1,0.07200734,0.18901986,-0.117012516,,
l5,SMESG000012224.1,0.07736959,0.19444647,-0.11707688,,
l5,SMESG000004988.1,0.07113188,0.18856777,-0.117435895,,
l5,SMESG000008050.1,0.076767735,0.1946272,-0.11785946,,
l5,SMESG000039299.1,0.06106393,0.17907158,-0.118007645,,
l5,SMESG000014326.1,0.24994706,0.36800155,-0.118054494,,
l5,SMESG000062065.1,0.06626204,0.18449788,-0.11823584,,
l5,SMESG000058557.1,0.080105454,0.19851609,-0.11841063,,
l5,SMESG000079952.1,0.042679034,0.16116442,-0.11848538,,
l5,SMESG000018602.1,0.070858255,0.18938155,-0.1185233,,
l5,SMESG000006323.1,0.07512624,0.193723,-0.118596755,,
l5,SMESG000013909.1,0.17564124,0.2947449,-0.11910367,,
l5,SMESG000004103.1,0.07917525,0.19860649,-0.11943124,,
l5,SMESG000040163.1,0.08125453,0.20068674,-0.11943221,,
l5,SMESG000056268.1,0.06631679,0.18576409,-0.1194473,,
l5,SMESG000033768.1,0.08103565,0.20059629,-0.11956064,,
l5,SMESG000011389.1,0.0682866,0.18865822,-0.120371625,,
l5,SMESG000008345.1,0.06784887,0.18874837,-0.120899506,,
l5,SMESG000030911.1,0.03408844,0.15501447,-0.12092603,,
l5,SMESG000067665.1,0.40966558,0.5306131,-0.12094754,,
l5,SMESG000078868.1,0.06959979,0.19064768,-0.121047884,,
l5,SMESG000026649.1,0.053403556,0.17445906,-0.1210555,,
l5,SMESG000043310.1,0.047329914,0.16839936,-0.121069446,,
l5,SMESG000079320.1,0.04897145,0.17011791,-0.12114646,,
l5,SMESG000064836.1,0.07753372,0.19878764,-0.12125392,,
l5,SMESG000075368.1,0.07561867,0.19688849,-0.12126982,,
l5,SMESG000008815.1,0.083388515,0.2046661,-0.12127758,,
l5,SMESG000013722.1,0.06182997,0.1840457,-0.12221573,,
l5,SMESG000019639.1,0.08032436,0.20267643,-0.12235207,,
l5,SMESG000009484.1,0.07616582,0.19860643,-0.122440614,,
l5,SMESG000026239.1,0.066809215,0.18929107,-0.12248186,,
l5,SMESG000049924.1,0.16349423,0.28606257,-0.12256834,,
l5,SMESG000013908.1,0.07616584,0.19878742,-0.12262158,,
l5,SMESG000074861.1,0.06527715,0.18793453,-0.12265738,,
l5,SMESG000056546.1,0.06954507,0.19227593,-0.12273086,,
l5,SMESG000078545.1,0.14056781,0.2633619,-0.12279409,,
l5,SMESG000022463.1,0.081528105,0.20439476,-0.12286665,,
l5,SMESG000058272.1,0.07808095,0.20095772,-0.12287676,,
l5,SMESG000051237.1,0.071897924,0.19489856,-0.12300064,,
l5,SMESG000071085.1,0.08316962,0.20629391,-0.123124294,,
l5,SMESG000044485.1,0.088750765,0.21199179,-0.12324102,,
l5,SMESG000072743.1,0.078956336,0.2022242,-0.12326786,,
l5,SMESG000034920.1,0.07080353,0.19435576,-0.123552226,,
l5,SMESG000006377.1,0.07118659,0.19480781,-0.123621225,,
l5,SMESG000023987.1,0.08574133,0.20964019,-0.12389886,,
l5,SMESG000030562.1,0.07020169,0.19453661,-0.124334924,,
l5,SMESG000038869.1,0.071952656,0.19643608,-0.12448342,,
l5,SMESG000003941.1,0.0785734,0.20339985,-0.12482645,,
l5,SMESG000029574.1,0.08163741,0.20647486,-0.12483744,,
l5,SMESG000047476.1,0.07063939,0.19553159,-0.124892205,,
l5,SMESG000002904.1,0.090501666,0.21560939,-0.12510772,,
l5,SMESG000020764.1,0.072062105,0.19724983,-0.12518772,,
l5,SMESG000047328.1,0.07282808,0.19806372,-0.12523565,,
l5,SMESG000067657.1,0.30822048,0.43348074,-0.12526026,,
l5,SMESG000011269.1,0.15353543,0.2790991,-0.12556368,,
l5,SMESG000024933.1,0.07709603,0.20312856,-0.12603253,,
l5,SMESG000014290.1,0.079777166,0.2059319,-0.12615474,,
l5,SMESG000077295.1,0.058382805,0.18458818,-0.12620537,,
l5,SMESG000034948.1,0.059203535,0.18549249,-0.12628895,,
l5,SMESG000060188.1,0.06587902,0.19227575,-0.12639673,,
l5,SMESG000070850.1,0.08727338,0.21371007,-0.12643668,,
l5,SMESG000073334.1,0.08503001,0.21163005,-0.12660003,,
l5,SMESG000004195.1,0.080379054,0.2073791,-0.12700005,,
l5,SMESG000018297.1,0.081254505,0.20855495,-0.12730044,,
l5,SMESG000074161.1,0.08617903,0.21371007,-0.12753104,,
l5,SMESG000052032.1,0.072116785,0.1996918,-0.12757501,,
l5,SMESG000052485.1,0.08316964,0.21099673,-0.1278271,,
l5,SMESG000064580.1,0.07436017,0.20231457,-0.1279544,,
l5,SMESG000023205.1,0.09925643,0.22727594,-0.12801951,,
l5,SMESG000056224.1,0.092526235,0.22058369,-0.12805745,,
l5,SMESG000008139.1,0.086671494,0.2151569,-0.12848541,,
l5,SMESG000016570.1,0.060078993,0.18892932,-0.12885033,,
l5,SMESG000030598.1,0.046563882,0.17545375,-0.12888987,,
l5,SMESG000031795.1,0.10735439,0.23632024,-0.12896585,,
l5,SMESG000057909.1,0.07425075,0.20321888,-0.12896812,,
l5,SMESG000005286.1,0.060571436,0.18956253,-0.1289911,,
l5,SMESG000068535.1,0.09143189,0.22049293,-0.12906104,,
l5,SMESG000076415.1,0.0780262,0.20719843,-0.12917224,,
l5,SMESG000043373.1,0.030969571,0.16016918,-0.12919961,,
l5,SMESG000054815.1,0.06839605,0.19761178,-0.12921573,,
l5,SMESG000055576.1,0.08119983,0.21054444,-0.12934461,,
l5,SMESG000039266.1,0.080652624,0.21000205,-0.12934943,,
l5,SMESG000032910.1,0.07611112,0.20557037,-0.12945925,,
l5,SMESG000081113.1,0.09219794,0.22203031,-0.12983237,,
l5,SMESG000061897.1,0.08935259,0.21922669,-0.1298741,,
l5,SMESG000037106.1,0.085303545,0.21533798,-0.13003443,,
l5,SMESG000024268.1,0.08623374,0.21651362,-0.13027987,,
l5,SMESG000064126.1,0.05816393,0.1886579,-0.13049397,,
l5,SMESG000028183.1,0.09011869,0.22085463,-0.13073593,,
l5,SMESG000035436.1,0.08043377,0.21135852,-0.13092475,,
l5,SMESG000070273.1,0.04568844,0.1766297,-0.13094127,,
l5,SMESG000022047.1,0.085631914,0.21687514,-0.13124323,,
l5,SMESG000001317.1,0.088422425,0.2197694,-0.13134697,,
l5,SMESG000076159.1,0.07058468,0.20231429,-0.1317296,,
l5,SMESG000017125.1,0.12770912,0.25956312,-0.131854,,
l5,SMESG000014182.1,0.08147342,0.21334817,-0.13187474,,
l5,SMESG000061907.1,0.11211492,0.24400735,-0.13189243,,
l5,SMESG000013473.1,0.08262247,0.21461424,-0.13199177,,
l5,SMESG000079926.1,0.067684695,0.19969177,-0.13200708,,
l5,SMESG000016331.1,0.081528135,0.21361947,-0.13209134,,
l5,SMESG000080919.1,0.06856018,0.20086722,-0.13230704,,
l5,SMESG000049071.1,0.07840918,0.21099687,-0.13258769,,
l5,SMESG000008791.1,0.09602814,0.22872263,-0.13269448,,
l5,SMESG000008757.1,0.07589223,0.20873562,-0.13284338,,
l5,SMESG000008328.1,0.072609186,0.20593195,-0.13332276,,
l5,SMESG000005049.1,0.047548782,0.1810611,-0.13351232,,
l5,SMESG000078308.1,0.080214895,0.21380043,-0.13358554,,
l5,SMESG000012673.1,0.072061986,0.20629388,-0.1342319,,
l5,SMESG000035649.1,0.08694511,0.22130683,-0.13436171,,
l5,SMESG000035333.1,0.26707333,0.4014652,-0.13439187,,
l5,SMESG000028157.1,0.10461871,0.23939481,-0.1347761,,
l5,SMESG000005764.1,0.061446905,0.1965262,-0.1350793,,
l5,SMESG000075205.1,0.08234887,0.21759893,-0.13525006,,
l5,SMESG000048192.1,0.09033754,0.22573832,-0.13540077,,
l5,SMESG000078435.1,0.07457904,0.21000166,-0.13542262,,
l5,SMESG000053095.1,0.09367531,0.22917528,-0.13549998,,
l5,SMESG000034899.1,0.087328136,0.22284454,-0.1355164,,
l5,SMESG000068141.1,0.10149986,0.23758593,-0.13608608,,
l5,SMESG000010755.1,0.0731017,0.20936884,-0.13626714,,
l5,SMESG000041819.1,0.07802622,0.21461435,-0.13658813,,
l5,SMESG000016218.1,0.07972243,0.21651353,-0.13679111,,
l5,SMESG000043151.1,0.071077146,0.20819324,-0.1371161,,
l5,SMESG000019478.1,0.08623377,0.22383946,-0.1376057,,
l5,SMESG000015535.1,0.057835594,0.19643572,-0.13860013,,
l5,SMESG000037103.1,0.077424355,0.21660386,-0.1391795,,
l5,SMESG000037024.1,0.090173416,0.22935592,-0.13918251,,
l5,SMESG000015174.1,0.29902822,0.43827397,-0.13924575,,
l5,SMESG000000632.1,0.077533826,0.21678466,-0.13925083,,
l5,SMESG000045473.1,0.06139221,0.20068634,-0.13929412,,
l5,SMESG000057246.1,0.07047523,0.21009223,-0.139617,,
l5,SMESG000026465.1,0.06533186,0.2060223,-0.14069045,,
l5,SMESG000026865.1,0.07742433,0.21832208,-0.14089775,,
l5,SMESG000062403.1,0.07846397,0.21958853,-0.14112456,,
l5,SMESG000032194.1,0.084701724,0.22619061,-0.14148888,,
l5,SMESG000079660.1,0.09329227,0.23487285,-0.14158058,,
l5,SMESG000015438.1,0.07654882,0.2181415,-0.14159268,,
l5,SMESG000026288.1,0.032501645,0.17427813,-0.14177647,,
l5,SMESG000024741.1,0.095152505,0.23713362,-0.14198112,,
l5,SMESG000038704.1,0.10729983,0.24934357,-0.14204374,,
l5,SMESG000003841.1,0.099967785,0.24246971,-0.14250192,,
l5,SMESG000000625.1,0.08295075,0.22591925,-0.1429685,,
l5,SMESG000072849.1,0.09329222,0.23641038,-0.14311816,,
l5,SMESG000055572.1,0.09723189,0.24057062,-0.14333874,,
l5,SMESG000004171.1,0.10379795,0.24780588,-0.14400792,,
l5,SMESG000027783.1,0.09460546,0.23867138,-0.14406592,,
l5,SMESG000011981.1,0.09712241,0.2412944,-0.14417198,,
l5,SMESG000062792.1,0.15753002,0.30243233,-0.1449023,,
l5,SMESG000022762.1,0.10686208,0.2518758,-0.1450137,,
l5,SMESG000079273.1,0.04196768,0.18702997,-0.1450623,,
l5,SMESG000021272.1,0.10456398,0.24988596,-0.14532198,,
l5,SMESG000062171.1,0.07890167,0.22438185,-0.14548019,,
l5,SMESG000000987.1,0.06965451,0.21515685,-0.14550234,,
l5,SMESG000024476.1,0.073539324,0.21931751,-0.14577818,,
l5,SMESG000011907.1,0.094113015,0.23993759,-0.14582458,,
l5,SMESG000027213.1,0.11523376,0.2611008,-0.14586705,,
l5,SMESG000053053.1,0.040928047,0.18739209,-0.14646403,,
l5,SMESG000050288.1,0.09312813,0.2397567,-0.14662857,,
l5,SMESG000006567.1,0.09969418,0.24635902,-0.14666484,,
l5,SMESG000062111.1,0.09673946,0.24391685,-0.1471774,,
l5,SMESG000067583.1,0.08798472,0.23532534,-0.14734063,,
l5,SMESG000010412.1,0.09312811,0.2404804,-0.14735228,,
l5,SMESG000052497.1,0.047275208,0.19498865,-0.14771345,,
l5,SMESG000011386.1,0.057179023,0.20620343,-0.14902441,,
l5,SMESG000037203.1,0.12387911,0.2729486,-0.14906949,,
l5,SMESG000071508.1,0.08765638,0.2369528,-0.14929642,,
l5,SMESG000014298.1,0.101718664,0.25151405,-0.14979538,,
l5,SMESG000038804.1,0.09383946,0.2438265,-0.14998704,,
l5,SMESG000049546.1,0.09072059,0.24075139,-0.15003079,,
l5,SMESG000007873.1,0.08508474,0.23523459,-0.15014985,,
l5,SMESG000008280.1,0.092963964,0.24427867,-0.1513147,,
l5,SMESG000027311.1,0.1433582,0.29546854,-0.15211034,,
l5,SMESG000014474.1,0.104673415,0.25685015,-0.15217674,,
l5,SMESG000049716.1,0.090501696,0.24301246,-0.15251076,,
l5,SMESG000012688.1,0.108503446,0.26110128,-0.15259783,,
l5,SMESG000029164.1,0.11206021,0.26480862,-0.1527484,,
l5,SMESG000038687.1,0.038739365,0.19173267,-0.1529933,,
l5,SMESG000016299.1,0.109488495,0.26254785,-0.15305936,,
l5,SMESG000032344.1,0.09892813,0.2520568,-0.15312868,,
l5,SMESG000071344.1,0.16256402,0.3159081,-0.15334408,,
l5,SMESG000027545.1,0.12130737,0.27475736,-0.15344998,,
l5,SMESG000026651.1,0.07452431,0.22808981,-0.1535655,,
l5,SMESG000053883.1,0.084811084,0.23849067,-0.15367958,,
l5,SMESG000021798.1,0.40107533,0.5547599,-0.15368459,,
l5,SMESG000011261.1,0.15944491,0.313467,-0.15402208,,
l5,SMESG000016977.1,0.06949031,0.22402014,-0.15452982,,
l5,SMESG000028261.1,0.26570553,0.42045775,-0.15475222,,
l5,SMESG000025747.1,0.096356444,0.25205648,-0.15570003,,
l5,SMESG000026163.1,0.0877658,0.24400744,-0.15624164,,
l5,SMESG000051721.1,0.07414134,0.23053165,-0.15639031,,
l5,SMESG000056249.1,0.097177245,0.25368434,-0.1565071,,
l5,SMESG000024961.1,0.093730025,0.25033808,-0.15660805,,
l5,SMESG000063570.1,0.08316958,0.23993777,-0.15676819,,
l5,SMESG000067948.1,0.09810738,0.25513163,-0.15702425,,
l5,SMESG000006122.1,0.06270541,0.2203119,-0.15760648,,
l5,SMESG000080526.1,0.09400361,0.25169495,-0.15769133,,
l5,SMESG000015341.1,0.09838096,0.25639752,-0.15801656,,
l5,SMESG000043582.1,0.07671299,0.2348729,-0.15815991,,
l5,SMESG000063825.1,0.09066587,0.248891,-0.15822512,,
l5,SMESG000060612.1,0.09630166,0.25531247,-0.15901081,,
l5,SMESG000075106.1,0.10204695,0.2611006,-0.15905364,,
l5,SMESG000072548.1,0.1098168,0.26887864,-0.15906185,,
l5,SMESG000029240.1,0.1034149,0.26263806,-0.15922317,,
l5,SMESG000044382.1,0.09630161,0.25603607,-0.15973446,,
l5,SMESG000031469.1,0.10314134,0.2629998,-0.15985847,,
l5,SMESG000052430.1,0.0998036,0.26019627,-0.16039267,,
l5,SMESG000026646.1,0.119611144,0.28009334,-0.1604822,,
l5,SMESG000023665.1,0.108394176,0.26887873,-0.16048455,,
l5,SMESG000005130.1,0.07753373,0.23803829,-0.16050455,,
l5,SMESG000002723.1,0.100679114,0.26128155,-0.16060244,,
l5,SMESG000026331.1,0.09936589,0.2603773,-0.1610114,,
l5,SMESG000011029.1,0.07135074,0.23243079,-0.16108005,,
l5,SMESG000015927.1,0.113920584,0.27502844,-0.16110785,,
l5,SMESG000066078.1,0.058656372,0.22049293,-0.16183656,,
l5,SMESG000077643.1,0.11047343,0.27231553,-0.16184211,,
l5,SMESG000017174.1,0.08223943,0.2441882,-0.16194877,,
l5,SMESG000071734.1,0.10713574,0.26914966,-0.16201392,,
l5,SMESG000067789.1,0.07239037,0.23460157,-0.16221121,,
l5,SMESG000079959.1,0.09646584,0.25911084,-0.162645,,
l5,SMESG000021391.1,0.1086677,0.2713206,-0.16265291,,
l5,SMESG000002076.1,0.083771534,0.24672045,-0.1629489,,
l5,SMESG000024244.1,0.06423748,0.22745669,-0.16321921,,
l5,SMESG000044517.1,0.07879228,0.24210802,-0.16331574,,
l5,SMESG000003839.1,0.10658849,0.26996395,-0.16337547,,
l5,SMESG000022050.1,0.1340564,0.29772958,-0.16367318,,
l5,SMESG000004536.1,0.05537332,0.21931723,-0.16394392,,
l5,SMESG000015099.1,0.112005524,0.27620432,-0.16419879,,
l5,SMESG000070256.1,0.104563996,0.26878855,-0.16422455,,
l5,SMESG000032693.1,0.1102545,0.27448624,-0.16423175,,
l5,SMESG000056978.1,0.09449608,0.25965378,-0.1651577,,
l5,SMESG000042714.1,0.05613937,0.22166897,-0.16552961,,
l5,SMESG000007272.1,0.09515267,0.26110074,-0.16594806,,
l5,SMESG000031703.1,0.10516583,0.27132067,-0.16615483,,
l5,SMESG000075230.1,0.032829966,0.19942036,-0.1665904,,
l5,SMESG000016436.1,0.10598661,0.27312952,-0.16714291,,
l5,SMESG000032321.1,0.12563007,0.29284558,-0.16721551,,
l5,SMESG000031290.1,0.085030004,0.25259903,-0.16756903,,
l5,SMESG000050162.1,0.09290926,0.26055792,-0.16764866,,
l5,SMESG000023846.1,0.1152885,0.2830779,-0.1677894,,
l5,SMESG000076890.1,0.0863432,0.2545892,-0.168246,,
l5,SMESG000056595.1,0.11868099,0.28723836,-0.16855738,,
l5,SMESG000051013.1,0.11933757,0.2881427,-0.16880514,,
l5,SMESG000024306.1,0.0988734,0.26779363,-0.16892022,,
l5,SMESG000046687.1,0.123496115,0.29275504,-0.16925892,,
l5,SMESG000067941.1,0.1054394,0.27484792,-0.16940853,,
l5,SMESG000033349.1,0.09816207,0.26797405,-0.16981198,,
l5,SMESG000081727.1,0.11381117,0.28380173,-0.16999057,,
l5,SMESG000014076.1,0.121307455,0.29130816,-0.1700007,,
l5,SMESG000032777.1,0.11889984,0.28931838,-0.17041855,,
l5,SMESG000070260.1,0.11036403,0.28145015,-0.17108613,,
l5,SMESG000014678.1,0.17547718,0.3470194,-0.17154223,,
l5,SMESG000038972.1,0.08721867,0.2588395,-0.17162082,,
l5,SMESG000038855.1,0.12885837,0.300533,-0.17167462,,
l5,SMESG000026020.1,0.056795962,0.22854213,-0.17174616,,
l5,SMESG000061316.1,0.05816387,0.23098406,-0.1728202,,
l5,SMESG000078588.1,0.06735637,0.24093246,-0.17357609,,
l5,SMESG000008924.1,0.09914701,0.27358148,-0.17443447,,
l5,SMESG000000124.1,0.13443945,0.3093057,-0.17486624,,
l5,SMESG000011539.1,0.10631495,0.281812,-0.17549706,,
l5,SMESG000056235.1,0.049135603,0.22492427,-0.17578867,,
l5,SMESG000015778.1,0.12338666,0.2991765,-0.17578986,,
l5,SMESG000075449.1,0.10921489,0.28615317,-0.17693828,,
l5,SMESG000018835.1,0.11392058,0.29094633,-0.17702577,,
l5,SMESG000050382.1,0.112005524,0.28904718,-0.17704165,,
l5,SMESG000073800.1,0.101226255,0.278556,-0.17732973,,
l5,SMESG000021482.1,0.10916022,0.28687677,-0.17771655,,
l5,SMESG000019835.1,0.092362106,0.27032578,-0.17796367,,
l5,SMESG000017203.1,0.2013583,0.37939715,-0.17803885,,
l5,SMESG000055797.1,0.1034693,0.281541,-0.1780717,,
l5,SMESG000060349.1,0.11873569,0.2972772,-0.17854151,,
l5,SMESG000073667.1,0.21279421,0.39196858,-0.17917436,,
l5,SMESG000067931.1,0.10839415,0.28760004,-0.1792059,,
l5,SMESG000020501.1,0.042186536,0.22221099,-0.18002445,,
l5,SMESG000003454.1,0.120213024,0.30026188,-0.18004885,,
l5,SMESG000001708.1,0.1729056,0.35334983,-0.18044424,,
l5,SMESG000045656.1,0.13810553,0.31862116,-0.18051563,,
l5,SMESG000013712.1,0.069380835,0.25097153,-0.18159069,,
l5,SMESG000052463.1,0.19101684,0.37324706,-0.18223022,,
l5,SMESG000037971.1,0.14620367,0.32847896,-0.1822753,,
l5,SMESG000010589.1,0.11479603,0.29709622,-0.1823002,,
l5,SMESG000027186.1,0.09870928,0.2814502,-0.18274093,,
l5,SMESG000026622.1,0.04295257,0.22573851,-0.18278594,,
l5,SMESG000007197.1,0.049463857,0.23351642,-0.18405257,,
l5,SMESG000016245.1,0.14242819,0.32694143,-0.18451324,,
l5,SMESG000016657.1,0.12404324,0.30858198,-0.18453874,,
l5,SMESG000039918.1,0.10724506,0.29248387,-0.18523881,,
l5,SMESG000028264.1,0.36375827,0.54906315,-0.18530488,,
l5,SMESG000021565.1,0.10456396,0.2902226,-0.18565863,,
l5,SMESG000005493.1,0.04568845,0.23170763,-0.18601918,,
l5,SMESG000034921.1,0.22072817,0.40680102,-0.18607284,,
l5,SMESG000026284.1,0.12420743,0.31084296,-0.18663552,,
l5,SMESG000005289.1,0.10740924,0.29429248,-0.18688324,,
l5,SMESG000017249.1,0.123496,0.3106621,-0.1871661,,
l5,SMESG000026974.1,0.10959794,0.29691535,-0.1873174,,
l5,SMESG000022390.1,0.11102059,0.29881445,-0.18779385,,
l5,SMESG000003144.1,0.09613755,0.28416327,-0.18802571,,
l5,SMESG000076529.1,0.08875075,0.2768372,-0.18808645,,
l5,SMESG000077782.1,0.07332053,0.26191473,-0.18859419,,
l5,SMESG000043362.1,0.038794078,0.22754729,-0.18875322,,
l5,SMESG000066039.1,0.109214954,0.29836228,-0.18914732,,
l5,SMESG000020880.1,0.12475457,0.31409907,-0.1893445,,
l5,SMESG000055717.1,0.052528013,0.24310297,-0.19057496,,
l5,SMESG000061591.1,0.12579417,0.31717402,-0.19137985,,
l5,SMESG000043419.1,0.08869596,0.28036535,-0.19166939,,
l5,SMESG000016283.1,0.13460368,0.32630825,-0.19170457,,
l5,SMESG000019342.1,0.08864127,0.28045532,-0.19181405,,
l5,SMESG000034017.1,0.12355075,0.31536502,-0.19181427,,
l5,SMESG000017824.1,0.12152624,0.3133757,-0.19184947,,
l5,SMESG000042736.1,0.12185458,0.31373712,-0.19188255,,
l5,SMESG000072854.1,0.115671545,0.30803955,-0.192368,,
l5,SMESG000000196.1,0.1174225,0.31039086,-0.19296837,,
l5,SMESG000078591.1,0.09958468,0.2926644,-0.19307974,,
l5,SMESG000025581.1,0.16365828,0.35687715,-0.19321887,,
l5,SMESG000074337.1,0.11490548,0.3081299,-0.19322443,,
l5,SMESG000042839.1,0.05953184,0.25332272,-0.19379088,,
l5,SMESG000038673.1,0.048424266,0.24246988,-0.1940456,,
l5,SMESG000034989.1,0.082841314,0.27692792,-0.19408661,,
l5,SMESG000002883.1,0.29328305,0.48910204,-0.19581899,,
l5,SMESG000043634.1,0.037699748,0.23360665,-0.1959069,,
l5,SMESG000060876.1,0.12076024,0.317536,-0.19677576,,
l5,SMESG000064284.1,0.13640933,0.33354363,-0.1971343,,
l5,SMESG000043092.1,0.13679233,0.33435792,-0.19756559,,
l5,SMESG000068122.1,0.119392276,0.31708363,-0.19769135,,
l5,SMESG000011804.1,0.10259416,0.30035186,-0.19775769,,
l5,SMESG000023246.1,0.04541484,0.243736,-0.19832116,,
l5,SMESG000065727.1,0.1351508,0.3336341,-0.1984833,,
l5,SMESG000024340.1,0.11293566,0.31310424,-0.20016858,,
l5,SMESG000039090.1,0.11561679,0.3161793,-0.2005625,,
l5,SMESG000022049.1,0.06440162,0.265261,-0.20085937,,
l5,SMESG000002633.1,0.1338375,0.335081,-0.2012435,,
l5,SMESG000044206.1,0.1089413,0.3102102,-0.2012689,,
l5,SMESG000079712.1,0.05280162,0.2545889,-0.20178728,,
l5,SMESG000067661.1,0.54383194,0.7456806,-0.20184863,,
l5,SMESG000005505.1,0.07003756,0.2721344,-0.20209683,,
l5,SMESG000034316.1,0.18346578,0.3860894,-0.20262364,,
l5,SMESG000079805.1,0.13252448,0.3354434,-0.20291893,,
l5,SMESG000081249.1,0.11452252,0.31762657,-0.20310405,,
l5,SMESG000079865.1,0.58859044,0.79216635,-0.20357591,,
l5,SMESG000033176.1,0.11184134,0.31572688,-0.20388553,,
l5,SMESG000077265.1,0.05373179,0.25784495,-0.20411316,,
l5,SMESG000019700.1,0.16327535,0.3682725,-0.20499717,,
l5,SMESG000046732.1,0.04530539,0.2506096,-0.20530422,,
l5,SMESG000037978.1,0.23074138,0.4369177,-0.20617631,,
l5,SMESG000003831.1,0.15008855,0.35732952,-0.20724097,,
l5,SMESG000079665.1,0.14647722,0.35443503,-0.2079578,,
l5,SMESG000021514.1,0.13246971,0.34050766,-0.20803794,,
l5,SMESG000064161.1,0.14478104,0.35316902,-0.20838799,,
l5,SMESG000003212.1,0.13821502,0.34665734,-0.20844232,,
l5,SMESG000073809.1,0.13991119,0.34891883,-0.20900764,,
l5,SMESG000011219.1,0.12814699,0.3371616,-0.20901461,,
l5,SMESG000031448.1,0.09115825,0.30026153,-0.20910329,,
l5,SMESG000045122.1,0.118735686,0.32829797,-0.20956229,,
l5,SMESG000017497.1,0.04076389,0.25133318,-0.21056929,,
l5,SMESG000047490.1,0.15430164,0.36628395,-0.21198231,,
l5,SMESG000037949.1,0.13733952,0.35018465,-0.21284513,,
l5,SMESG000056365.1,0.06861473,0.28163204,-0.21301731,,
l5,SMESG000034829.1,0.0630884,0.27738026,-0.21429186,,
l5,SMESG000026537.1,0.15479423,0.36908647,-0.21429224,,
l5,SMESG000012672.1,0.12535626,0.3398762,-0.21451995,,
l5,SMESG000010356.1,0.12333192,0.33788502,-0.2145531,,
l5,SMESG000070862.1,0.13980176,0.35452595,-0.2147242,,
l5,SMESG000048449.1,0.13181306,0.34747157,-0.2156585,,
l5,SMESG000042388.1,0.23024896,0.44650376,-0.2162548,,
l5,SMESG000023649.1,0.19369806,0.41014665,-0.21644859,,
l5,SMESG000077385.1,0.12584892,0.3435828,-0.21773389,,
l5,SMESG000035313.1,0.21301305,0.43076727,-0.21775422,,
l5,SMESG000018770.1,0.12054139,0.3384278,-0.21788642,,
l5,SMESG000014369.1,0.14275648,0.36112824,-0.21837176,,
l5,SMESG000018845.1,0.14439802,0.36293682,-0.2185388,,
l5,SMESG000077296.1,0.110309266,0.3289314,-0.21862212,,
l5,SMESG000035344.1,0.16032065,0.37966835,-0.2193477,,
l5,SMESG000023687.1,0.12896778,0.34846616,-0.21949838,,
l5,SMESG000066756.1,0.067028,0.28660598,-0.21957798,,
l5,SMESG000017020.1,0.13110174,0.35108924,-0.2199875,,
l5,SMESG000039842.1,0.1207602,0.34123144,-0.22047123,,
l5,SMESG000007225.1,0.09799793,0.3190731,-0.22107518,,
l5,SMESG000073869.1,0.09329211,0.31464142,-0.2213493,,
l5,SMESG000075635.1,0.12781872,0.34928045,-0.22146173,,
l5,SMESG000027736.1,0.54749817,0.76937586,-0.2218777,,
l5,SMESG000025683.1,0.11162242,0.33381495,-0.22219253,,
l5,SMESG000081251.1,0.13608104,0.35832444,-0.2222434,,
l5,SMESG000077197.1,0.14313951,0.36564982,-0.22251031,,
l5,SMESG000061227.1,0.089188315,0.3128331,-0.2236448,,
l5,SMESG000004897.1,0.15227728,0.37596032,-0.22368304,,
l5,SMESG000008082.1,0.13947347,0.36474586,-0.22527239,,
l5,SMESG000010007.1,0.14888483,0.37460363,-0.2257188,,
l5,SMESG000061402.1,0.16223574,0.38871253,-0.22647679,,
l5,SMESG000040616.1,0.14450742,0.37152886,-0.22702144,,
l5,SMESG000078668.1,0.16103198,0.3881693,-0.22713731,,
l5,SMESG000007277.1,0.15550554,0.38473293,-0.2292274,,
l5,SMESG000079631.1,0.14193572,0.37152854,-0.22959282,,
l5,SMESG000012033.1,0.14144327,0.37143832,-0.22999506,,
l5,SMESG000018556.1,0.15867916,0.3902497,-0.23157054,,
l5,SMESG000003121.1,0.15304329,0.38545665,-0.23241337,,
l5,SMESG000024754.1,0.04360918,0.27620453,-0.23259535,,
l5,SMESG000033462.1,0.31916347,0.55249995,-0.23333648,,
l5,SMESG000043862.1,0.15999238,0.3938673,-0.23387493,,
l5,SMESG000018217.1,0.14281118,0.37677392,-0.23396274,,
l5,SMESG000008704.1,0.14866598,0.38265282,-0.23398684,,
l5,SMESG000068286.1,0.15824144,0.39350563,-0.2352642,,
l5,SMESG000027526.1,0.14560172,0.38165835,-0.23605663,,
l5,SMESG000000730.1,0.2707396,0.50700843,-0.23626885,,
l5,SMESG000069852.1,0.1517848,0.38880274,-0.23701793,,
l5,SMESG000033377.1,0.16004714,0.3976665,-0.23761937,,
l5,SMESG000068743.1,0.072061986,0.30975854,-0.23769656,,
l5,SMESG000003543.1,0.16967729,0.40779504,-0.23811775,,
l5,SMESG000062670.1,0.2953075,0.53685397,-0.24154648,,
l5,SMESG000064985.1,0.14718856,0.3895262,-0.24233763,,
l5,SMESG000047739.1,0.1740546,0.4167487,-0.24269411,,
l5,SMESG000029089.1,0.07944879,0.3224205,-0.24297172,,
l5,SMESG000067663.1,0.64347136,0.8873099,-0.24383855,,
l5,SMESG000009886.1,0.15523197,0.3991133,-0.24388133,,
l5,SMESG000042470.1,0.14707914,0.39097342,-0.24389428,,
l5,SMESG000029426.1,0.17000555,0.4144877,-0.24448214,,
l5,SMESG000006859.1,0.12119791,0.36583108,-0.24463317,,
l5,SMESG000039495.1,0.17159243,0.4164781,-0.24488567,,
l5,SMESG000049154.1,0.1720848,0.41729122,-0.24520643,,
l5,SMESG000028920.1,0.12283944,0.36836353,-0.24552408,,
l5,SMESG000007314.1,0.17263201,0.41846713,-0.24583513,,
l5,SMESG000081496.1,0.13930933,0.38563758,-0.24632825,,
l5,SMESG000045501.1,0.15517724,0.40173545,-0.24655822,,
l5,SMESG000049015.1,0.17679048,0.42353186,-0.24674138,,
l5,SMESG000060415.1,0.1798546,0.42705947,-0.24720487,,
l5,SMESG000031796.1,0.24365425,0.49136347,-0.24770921,,
l5,SMESG000058328.1,0.09931112,0.3473811,-0.24806997,,
l5,SMESG000042179.1,0.16688669,0.41503054,-0.24814385,,
l5,SMESG000024280.1,0.097012974,0.3452111,-0.24819812,,
l5,SMESG000009833.1,0.15134701,0.40010792,-0.24876091,,
l5,SMESG000051915.1,0.053129915,0.30406123,-0.25093132,,
l5,SMESG000073546.1,0.16245463,0.41530225,-0.2528476,,
l5,SMESG000049103.1,0.11955643,0.3726142,-0.25305778,,
l5,SMESG000074551.1,0.14828292,0.4018265,-0.2535436,,
l5,SMESG000002993.1,0.14193575,0.39947534,-0.25753957,,
l5,SMESG000042349.1,0.2970037,0.5547605,-0.25775683,,
l5,SMESG000020341.1,0.17033389,0.42823505,-0.25790116,,
l5,SMESG000016286.1,0.1596641,0.41801608,-0.25835198,,
l5,SMESG000017801.1,0.41387916,0.6724238,-0.25854462,,
l5,SMESG000018349.1,0.1661207,0.42525104,-0.25913036,,
l5,SMESG000075481.1,0.23966037,0.49923128,-0.2595709,,
l5,SMESG000042333.1,0.2833246,0.5461682,-0.2628436,,
l5,SMESG000080788.1,0.16628483,0.42941064,-0.2631258,,
l5,SMESG000038055.1,0.3600373,0.6240381,-0.2640008,,
l5,SMESG000070321.1,0.14565644,0.41005626,-0.26439983,,
l5,SMESG000026323.1,0.16940369,0.43420392,-0.26480025,,
l5,SMESG000024821.1,0.042843122,0.3092159,-0.26637277,,
l5,SMESG000028873.1,0.11244312,0.37903565,-0.26659253,,
l5,SMESG000000391.1,0.18653008,0.45346758,-0.2669375,,
l5,SMESG000044487.1,0.23944145,0.50718904,-0.26774758,,
l5,SMESG000067696.1,0.17832257,0.4468651,-0.26854253,,
l5,SMESG000016846.1,0.12754512,0.39712316,-0.26957804,,
l5,SMESG000057599.1,0.10817528,0.37785992,-0.26968464,,
l5,SMESG000040791.1,0.09274501,0.36320856,-0.27046356,,
l5,SMESG000038340.1,0.17438295,0.44541895,-0.271036,,
l5,SMESG000066693.1,0.18680371,0.45817065,-0.27136695,,
l5,SMESG000002387.1,0.16108666,0.43348035,-0.2723937,,
l5,SMESG000038397.1,0.1630565,0.43574128,-0.27268478,,
l5,SMESG000056995.1,0.17618859,0.45021203,-0.27402344,,
l5,SMESG000022725.1,0.16491687,0.43917832,-0.27426144,,
l5,SMESG000009912.1,0.16502632,0.43935892,-0.27433258,,
l5,SMESG000022139.1,0.07266387,0.34837663,-0.27571276,,
l5,SMESG000055869.1,0.17657161,0.45265377,-0.27608216,,
l5,SMESG000004606.1,0.16612066,0.44243404,-0.27631336,,
l5,SMESG000062420.1,0.19791128,0.474902,-0.2769907,,
l5,SMESG000055743.1,0.18259053,0.46043152,-0.27784097,,
l5,SMESG000056439.1,0.20584483,0.48439834,-0.2785535,,
l5,SMESG000056344.1,0.2126849,0.49127203,-0.27858713,,
l5,SMESG000066355.1,0.39297724,0.6720617,-0.27908444,,
l5,SMESG000051953.1,0.07217142,0.35199445,-0.27982304,,
l5,SMESG000053861.1,0.07676768,0.35823494,-0.28146726,,
l5,SMESG000024881.1,0.11884506,0.40065092,-0.28180587,,
l5,SMESG000060019.1,0.17706415,0.45907533,-0.28201118,,
l5,SMESG000050216.1,0.4029359,0.686803,-0.2838671,,
l5,SMESG000034246.1,0.21055092,0.49507034,-0.28451943,,
l5,SMESG000070173.1,0.18401313,0.46920443,-0.2851913,,
l5,SMESG000059984.1,0.19194718,0.47725376,-0.28530657,,
l5,SMESG000062712.1,0.16557351,0.45274407,-0.28717056,,
l5,SMESG000080319.1,0.16234519,0.44985035,-0.28750515,,
l5,SMESG000063435.1,0.13104703,0.4185579,-0.28751087,,
l5,SMESG000017332.1,0.2612734,0.5488821,-0.2876087,,
l5,SMESG000034594.1,0.19200183,0.47969535,-0.2876935,,
l5,SMESG000006056.1,0.1363546,0.42742065,-0.29106605,,
l5,SMESG000010944.1,0.16792637,0.4595267,-0.29160032,,
l5,SMESG000066978.1,0.1732339,0.46585846,-0.29262456,,
l5,SMESG000044540.1,0.21295844,0.5058323,-0.29287386,,
l5,SMESG000081151.1,0.18100369,0.47417882,-0.29317513,,
l5,SMESG000064169.1,0.19791126,0.4910909,-0.29317963,,
l5,SMESG000061917.1,0.15200345,0.4455997,-0.29359627,,
l5,SMESG000031905.1,0.19528478,0.49036738,-0.2950826,,
l5,SMESG000035312.1,0.30406213,0.59943867,-0.29537654,,
l5,SMESG000022851.1,0.11665634,0.4134932,-0.29683685,,
l5,SMESG000066628.1,0.15282443,0.4497598,-0.29693538,,
l5,SMESG000014241.1,0.31090173,0.6079394,-0.2970377,,
l5,SMESG000010139.1,0.19375277,0.49244717,-0.2986944,,
l5,SMESG000016726.1,0.21328673,0.5120731,-0.29878637,,
l5,SMESG000068918.1,0.3288492,0.62874067,-0.29989147,,
l5,SMESG000051964.1,0.09170539,0.39350605,-0.30180067,,
l5,SMESG000074053.1,0.11846203,0.4232603,-0.30479828,,
l5,SMESG000070280.1,0.048533667,0.35344115,-0.30490747,,
l5,SMESG000038766.1,0.19687168,0.50257653,-0.30570483,,
l5,SMESG000016993.1,0.2920789,0.59862334,-0.30654442,,
l5,SMESG000027979.1,0.08043369,0.38699475,-0.30656105,,
l5,SMESG000036539.1,0.20858106,0.51559997,-0.3070189,,
l5,SMESG000039126.1,0.120595865,0.42769253,-0.30709666,,
l5,SMESG000023323.1,0.21985282,0.53016055,-0.31030774,,
l5,SMESG000025014.1,0.093401715,0.40408763,-0.31068593,,
l5,SMESG000052432.1,0.26286036,0.5750186,-0.31215823,,
l5,SMESG000045448.1,0.16655841,0.47897196,-0.31241354,,
l5,SMESG000061901.1,0.1986226,0.51125884,-0.31263626,,
l5,SMESG000027823.1,0.24190383,0.555212,-0.31330818,,
l5,SMESG000056256.1,0.21487357,0.5295272,-0.31465364,,
l5,SMESG000049512.1,0.12623186,0.44198248,-0.3157506,,
l5,SMESG000031788.1,0.36518112,0.6815579,-0.31637678,,
l5,SMESG000009012.1,0.21033202,0.5271768,-0.31684476,,
l5,SMESG000019977.1,0.23572074,0.5546693,-0.31894857,,
l5,SMESG000024368.1,0.19758296,0.51776993,-0.32018697,,
l5,SMESG000016836.1,0.07611101,0.39766613,-0.3215551,,
l5,SMESG000066557.1,0.12136205,0.44333863,-0.32197657,,
l5,SMESG000061767.1,0.07578274,0.39839032,-0.32260758,,
l5,SMESG000067492.1,0.1487206,0.47227967,-0.32355905,,
l5,SMESG000076142.1,0.089954495,0.4140363,-0.3240818,,
l5,SMESG000023167.1,0.17826782,0.50357103,-0.3253032,,
l5,SMESG000009320.1,0.16705085,0.494346,-0.32729512,,
l5,SMESG000029594.1,0.086233705,0.4167496,-0.3305159,,
l5,SMESG000078631.1,0.22116596,0.5516853,-0.33051932,,
l5,SMESG000054251.1,0.067246884,0.39784724,-0.33060035,,
l5,SMESG000034095.1,0.15867916,0.49091008,-0.33223093,,
l5,SMESG000080129.1,0.26543215,0.5987139,-0.33328173,,
l5,SMESG000029612.1,0.076494046,0.4153925,-0.33889845,,
l5,SMESG000076939.1,0.19243956,0.5319688,-0.33952922,,
l5,SMESG000033951.1,0.19884153,0.5395654,-0.34072387,,
l5,SMESG000054547.1,0.18346593,0.5242823,-0.34081635,,
l5,SMESG000054543.1,0.16469797,0.5079125,-0.34321454,,
l5,SMESG000058039.1,0.24206795,0.5865953,-0.34452736,,
l5,SMESG000041107.1,0.22264336,0.56724,-0.34459662,,
l5,SMESG000019341.1,0.08513939,0.42995316,-0.34481376,,
l5,SMESG000005279.1,0.24666417,0.5937396,-0.34707546,,
l5,SMESG000018727.1,0.27374914,0.62123346,-0.34748432,,
l5,SMESG000047284.1,0.11605451,0.4640489,-0.3479944,,
l5,SMESG000077202.1,0.3166472,0.6659109,-0.3492637,,
l5,SMESG000026176.1,0.22154905,0.5711295,-0.34958047,,
l5,SMESG000056362.1,0.111075,0.46133655,-0.35026157,,
l5,SMESG000057720.1,0.16633944,0.51831394,-0.3519745,,
l5,SMESG000064512.1,0.2314528,0.58451444,-0.35306165,,
l5,SMESG000069968.1,0.23030378,0.58379066,-0.3534869,,
l5,SMESG000062699.1,0.22187729,0.5777322,-0.35585493,,
l5,SMESG000035183.1,0.093127996,0.44975996,-0.35663196,,
l5,SMESG000081970.1,0.243983,0.6007936,-0.3568106,,
l5,SMESG000007739.1,0.15140179,0.5099921,-0.35859033,,
l5,SMESG000055989.1,0.20414904,0.56344223,-0.3592932,,
l5,SMESG000028420.1,0.1161091,0.47544497,-0.35933587,,
l5,SMESG000026825.1,0.13137522,0.4929898,-0.36161458,,
l5,SMESG000035241.1,0.21640563,0.5803539,-0.3639483,,
l5,SMESG000069981.1,0.22992072,0.59401053,-0.36408982,,
l5,SMESG000062868.1,0.22537926,0.58967006,-0.3642908,,
l5,SMESG000003099.1,0.2433264,0.6081193,-0.3647929,,
l5,SMESG000045852.1,0.24852455,0.61345524,-0.3649307,,
l5,SMESG000003398.1,0.20174149,0.5666979,-0.3649564,,
l5,SMESG000038052.1,0.5120413,0.87862533,-0.36658406,,
l5,SMESG000009924.1,0.24967358,0.6166212,-0.36694762,,
l5,SMESG000041085.1,0.23873016,0.60703474,-0.36830458,,
l5,SMESG000067658.1,1.1714358,1.5425503,-0.3711145,,
l5,SMESG000018333.1,0.23736231,0.61037976,-0.37301743,,
l5,SMESG000051904.1,0.0684506,0.44306755,-0.37461695,,
l5,SMESG000025013.1,0.11271677,0.48765394,-0.37493718,,
l5,SMESG000015143.1,0.3546756,0.73120886,-0.37653327,,
l5,SMESG000062284.1,0.20436786,0.5809872,-0.37661934,,
l5,SMESG000067685.1,0.9896116,1.3671871,-0.37757552,,
l5,SMESG000068982.1,0.27363965,0.65189207,-0.37825242,,
l5,SMESG000050486.1,0.20748681,0.5876796,-0.38019282,,
l5,SMESG000074553.1,0.21487352,0.5971751,-0.3823016,,
l5,SMESG000025704.1,0.20042823,0.5841519,-0.38372368,,
l5,SMESG000035335.1,0.83695084,1.2210338,-0.38408297,,
l5,SMESG000043443.1,0.075235516,0.45934644,-0.38411093,,
l5,SMESG000017358.1,0.27730566,0.66238356,-0.3850779,,
l5,SMESG000072522.1,0.2676755,0.6541525,-0.38647702,,
l5,SMESG000067773.1,0.17099045,0.5585581,-0.38756764,,
l5,SMESG000012668.1,0.29049253,0.68101364,-0.3905211,,
l5,SMESG000048111.1,0.2077603,0.6027835,-0.3950232,,
l5,SMESG000001790.1,0.3272624,0.7235207,-0.3962583,,
l5,SMESG000058043.1,0.28409064,0.6816465,-0.3975559,,
l5,SMESG000019975.1,0.21804717,0.62041914,-0.40237197,,
l5,SMESG000032189.1,0.25596607,0.6584034,-0.40243733,,
l5,SMESG000029096.1,0.10522045,0.5084549,-0.40323448,,
l5,SMESG000044171.1,0.39560312,0.8002144,-0.4046113,,
l5,SMESG000000190.1,0.14237344,0.5487,-0.40632653,,
l5,SMESG000062971.1,0.45885652,0.8668698,-0.40801328,,
l5,SMESG000052380.1,0.24792266,0.6577705,-0.40984786,,
l5,SMESG000081370.1,0.07539973,0.48602554,-0.41062582,,
l5,SMESG000035330.1,0.76078486,1.1729194,-0.41213453,,
l5,SMESG000035348.1,0.27965856,0.691866,-0.41220742,,
l5,SMESG000007294.1,0.29541704,0.7079649,-0.41254786,,
l5,SMESG000023342.1,0.2448585,0.6583133,-0.41345477,,
l5,SMESG000036533.1,0.32425293,0.73862433,-0.4143714,,
l5,SMESG000021192.1,0.24578872,0.6603033,-0.41451457,,
l5,SMESG000057816.1,0.48834914,0.9036771,-0.41532797,,
l5,SMESG000012740.1,0.27221698,0.6931329,-0.4209159,,
l5,SMESG000020509.1,0.11052802,0.5315171,-0.42098907,,
l5,SMESG000050730.1,0.2410283,0.6632875,-0.4222592,,
l5,SMESG000001635.1,0.23944151,0.6630165,-0.42357498,,
l5,SMESG000020853.1,0.20797916,0.63181424,-0.4238351,,
l5,SMESG000049306.1,0.21388867,0.6383254,-0.42443672,,
l5,SMESG000024345.1,0.2997397,0.7293985,-0.4296588,,
l5,SMESG000012954.1,0.34624913,0.77679026,-0.43054113,,
l5,SMESG000077266.1,0.11955626,0.55077994,-0.4312237,,
l5,SMESG000065075.1,0.41842094,0.8529412,-0.43452027,,
l5,SMESG000081077.1,0.27768868,0.7165565,-0.4388678,,
l5,SMESG000079650.1,0.35385484,0.7957828,-0.44192797,,
l5,SMESG000036375.1,0.2887415,0.7360012,-0.4472597,,
l5,SMESG000016909.1,0.16858292,0.6178862,-0.44930327,,
l5,SMESG000014792.1,0.12294871,0.5746558,-0.45170707,,
l5,SMESG000030972.1,0.28337935,0.7369949,-0.45361558,,
l5,SMESG000022850.1,0.116437286,0.57058764,-0.45415035,,
l5,SMESG000010769.1,0.21881315,0.67423016,-0.455417,,
l5,SMESG000058073.1,0.27560946,0.7312981,-0.45568863,,
l5,SMESG000018714.1,0.31949255,0.78058827,-0.46109572,,
l5,SMESG000070471.1,0.2845831,0.7465824,-0.4619993,,
l5,SMESG000012051.1,0.28874153,0.7554462,-0.46670467,,
l5,SMESG000066667.1,0.15090895,0.6197859,-0.46887696,,
l5,SMESG000005487.1,0.19977166,0.6694367,-0.46966505,,
l5,SMESG000012317.1,0.2840359,0.7566218,-0.4725859,,
l5,SMESG000040790.1,0.04038086,0.5129779,-0.47259703,,
l5,SMESG000007869.1,0.31216052,0.78655666,-0.47439614,,
l5,SMESG000079886.1,0.3365642,0.81188023,-0.47531602,,
l5,SMESG000062746.1,0.26220375,0.7385328,-0.47632903,,
l5,SMESG000060552.1,0.30400768,0.785831,-0.4818233,,
l5,SMESG000013389.1,0.23686971,0.71917915,-0.48230946,,
l5,SMESG000029500.1,0.34745297,0.8356665,-0.4882135,,
l5,SMESG000015520.1,0.3616794,0.8537536,-0.49207422,,
l5,SMESG000028039.1,0.043992188,0.53757733,-0.49358514,,
l5,SMESG000078181.1,0.2680038,0.7624094,-0.4944056,,
l5,SMESG000005086.1,0.3042265,0.80003244,-0.49580595,,
l5,SMESG000052687.1,0.35440204,0.85031646,-0.49591443,,
l5,SMESG000081075.1,0.32080573,0.8167636,-0.49595785,,
l5,SMESG000040758.1,0.3290133,0.8353941,-0.5063808,,
l5,SMESG000002071.1,0.19364327,0.7021753,-0.50853205,,
l5,SMESG000017166.1,0.3513926,0.8605359,-0.50914335,,
l5,SMESG000043420.1,0.23002975,0.7417888,-0.51175904,,
l5,SMESG000059352.1,0.35029826,0.86406285,-0.5137646,,
l5,SMESG000074187.1,0.7956398,1.3128326,-0.5171928,,
l5,SMESG000008153.1,0.3771643,0.8969836,-0.5198193,,
l5,SMESG000037599.1,0.23424333,0.7563496,-0.5221063,,
l5,SMESG000058745.1,0.3231039,0.8514924,-0.5283885,,
l5,SMESG000066540.1,0.35150203,0.8845929,-0.53309083,,
l5,SMESG000057324.1,0.29191515,0.82598853,-0.53407335,,
l5,SMESG000003774.1,0.370653,0.91199577,-0.54134274,,
l5,SMESG000003007.1,0.30625102,0.8482368,-0.54198575,,
l5,SMESG000012332.1,0.30460948,0.84950376,-0.5448943,,
l5,SMESG000038559.1,0.3093699,0.8551998,-0.5458299,,
l5,SMESG000048413.1,0.4555191,1.0014421,-0.545923,,
l5,SMESG000041839.1,0.36933982,0.91850847,-0.54916865,,
l5,SMESG000050010.1,0.3194378,0.8736499,-0.5542121,,
l5,SMESG000022873.1,0.36698696,0.9282763,-0.5612893,,
l5,SMESG000062123.1,0.32107937,0.88432145,-0.5632421,,
l5,SMESG000068628.1,0.4175455,0.98317367,-0.5656282,,
l5,SMESG000058317.1,0.3487114,0.9184195,-0.5697081,,
l5,SMESG000036410.1,0.3216812,0.8920093,-0.5703281,,
l5,SMESG000068003.1,0.37793034,0.94853383,-0.5706035,,
l5,SMESG000003969.1,0.37163788,0.9486253,-0.57698745,,
l5,SMESG000024991.1,0.22215085,0.80003256,-0.5778817,,
l5,SMESG000051910.1,0.11162229,0.69132376,-0.5797015,,
l5,SMESG000041069.1,0.39899644,0.9797367,-0.5807402,,
l5,SMESG000072162.1,0.37174734,0.95739764,-0.5856503,,
l5,SMESG000066029.1,0.28803027,0.8758209,-0.5877906,,
l5,SMESG000037995.1,0.8711482,1.4613354,-0.5901872,,
l5,SMESG000043445.1,0.106697775,0.70217586,-0.59547806,,
l5,SMESG000000175.1,0.37229452,0.97304475,-0.6007502,,
l5,SMESG000009564.1,0.40063792,1.0020758,-0.60143787,,
l5,SMESG000049109.1,0.42066437,1.0416886,-0.6210242,,
l5,SMESG000056926.1,0.4005285,1.0222452,-0.6217167,,
l5,SMESG000035327.1,1.3697847,1.9926755,-0.62289083,,
l5,SMESG000061762.1,0.17099024,0.79578096,-0.6247907,,
l5,SMESG000077304.1,0.39368886,1.0230585,-0.6293697,,
l5,SMESG000026862.1,0.433304,1.0637562,-0.6304522,,
l5,SMESG000016237.1,0.28004158,0.9124503,-0.63240874,,
l5,SMESG000003087.1,0.74508166,1.3788509,-0.6337693,,
l5,SMESG000029581.1,0.4392126,1.0767848,-0.6375723,,
l5,SMESG000003089.1,0.38602844,1.0243238,-0.6382954,,
l5,SMESG000065325.1,0.43412477,1.0756041,-0.6414793,,
l5,SMESG000009341.1,0.31128454,0.95676637,-0.6454818,,
l5,SMESG000062648.1,0.7920284,1.4393575,-0.6473291,,
l5,SMESG000012107.1,0.413004,1.071806,-0.6588019,,
l5,SMESG000077214.1,0.4235644,1.1048174,-0.68125296,,
l5,SMESG000066843.1,0.17159215,0.8531221,-0.68153,,
l5,SMESG000003977.1,0.4584191,1.1426226,-0.6842035,,
l5,SMESG000036363.1,0.47855458,1.1699349,-0.69138026,,
l5,SMESG000073870.1,0.40359238,1.0963165,-0.6927241,,
l5,SMESG000025209.1,0.5215625,1.2146112,-0.69304866,,
l5,SMESG000009941.1,0.18483377,0.88278586,-0.6979521,,
l5,SMESG000067743.1,0.42755872,1.1312265,-0.7036678,,
l5,SMESG000000556.1,0.47773427,1.1817825,-0.7040482,,
l5,SMESG000002673.1,0.4780626,1.1875707,-0.70950806,,
l5,SMESG000042430.1,0.45256442,1.167493,-0.71492857,,
l5,SMESG000038678.1,0.15353552,0.8849561,-0.73142064,,
l5,SMESG000024822.1,0.48900598,1.2268218,-0.7378158,,
l5,SMESG000017208.1,0.49475127,1.2367728,-0.7420215,,
l5,SMESG000035518.1,0.19112621,0.9375037,-0.74637747,,
l5,SMESG000020535.1,0.50520223,1.2604666,-0.75526434,,
l5,SMESG000076644.1,0.51406634,1.2707753,-0.756709,,
l5,SMESG000032180.1,0.4442474,1.2035795,-0.7593322,,
l5,SMESG000015784.1,0.46339837,1.2242885,-0.7608901,,
l5,SMESG000000674.1,0.510455,1.2781926,-0.7677376,,
l5,SMESG000037102.1,0.53759474,1.3054144,-0.7678197,,
l5,SMESG000052688.1,0.5027947,1.276293,-0.77349836,,
l5,SMESG000039926.1,0.5079928,1.2819012,-0.77390844,,
l5,SMESG000004954.1,0.51094747,1.2931154,-0.7821679,,
l5,SMESG000044323.1,0.28737295,1.0746114,-0.7872385,,
l5,SMESG000075512.1,0.3158812,1.1055422,-0.789661,,
l5,SMESG000025003.1,0.2892339,1.0811253,-0.79189134,,
l5,SMESG000035929.1,0.49759656,1.2902201,-0.7926236,,
l5,SMESG000057890.1,0.5278004,1.3216037,-0.7938033,,
l5,SMESG000035755.1,0.39954358,1.1938124,-0.7942688,,
l5,SMESG000036992.1,0.52703434,1.3234133,-0.7963789,,
l5,SMESG000049722.1,0.61622304,1.417199,-0.800976,,
l5,SMESG000073127.1,0.6214212,1.4228053,-0.8013841,,
l5,SMESG000080294.1,0.33929923,1.1420838,-0.80278456,,
l5,SMESG000076568.1,0.546623,1.3551569,-0.8085339,,
l5,SMESG000022843.1,0.30159962,1.11142,-0.8098204,,
l5,SMESG000027140.1,1.1776745,1.9924912,-0.8148167,,
l5,SMESG000066644.1,0.5332173,1.3509965,-0.8177792,,
l5,SMESG000015244.1,0.5395645,1.3601314,-0.8205669,,
l5,SMESG000056940.1,0.5421909,1.3635674,-0.82137644,,
l5,SMESG000016955.1,0.55253243,1.3830118,-0.8304794,,
l5,SMESG000037994.1,1.0356823,1.8769087,-0.84122634,,
l5,SMESG000058013.1,0.57660794,1.4181937,-0.84158576,,
l5,SMESG000037593.1,0.55877024,1.4007413,-0.8419711,,
l5,SMESG000024857.1,0.23659599,1.0845608,-0.84796476,,
l5,SMESG000004748.1,0.54974186,1.4055316,-0.8557898,,
l5,SMESG000025001.1,0.3605849,1.2231156,-0.86253065,,
l5,SMESG000048830.1,0.60106647,1.4652237,-0.8641572,,
l5,SMESG000026827.1,0.61381555,1.4786088,-0.8647933,,
l5,SMESG000056451.1,0.27156028,1.137378,-0.86581767,,
l5,SMESG000045892.1,0.6802968,1.552409,-0.8721123,,
l5,SMESG000030342.1,0.5450362,1.4266958,-0.8816596,,
l5,SMESG000026745.1,0.5393456,1.4219024,-0.8825568,,
l5,SMESG000059887.1,0.58158726,1.4768935,-0.8953063,,
l5,SMESG000034720.1,0.5445436,1.4398985,-0.89535487,,
l5,SMESG000062259.1,0.62377405,1.5344081,-0.91063404,,
l5,SMESG000026399.1,0.5695495,1.4807804,-0.91123086,,
l5,SMESG000034805.1,0.13941842,1.060685,-0.9212666,,
l5,SMESG000059768.1,0.58109474,1.5025753,-0.92148054,,
l5,SMESG000017804.1,1.4680574,2.395586,-0.9275286,,
l5,SMESG000040823.1,0.30373365,1.2383107,-0.93457705,,
l5,SMESG000010156.1,0.6254703,1.5603652,-0.9348949,,
l5,SMESG000025004.1,0.28359804,1.2288154,-0.9452174,,
l5,SMESG000027088.1,0.5883174,1.5379374,-0.94962,,
l5,SMESG000008925.1,0.5841042,1.5344098,-0.9503056,,
l5,SMESG000059698.1,0.5282928,1.4832209,-0.95492816,,
l5,SMESG000059049.1,0.6777798,1.6391412,-0.9613614,,
l5,SMESG000079482.1,0.6272212,1.5903946,-0.9631734,,
l5,SMESG000074793.1,0.7364365,1.7063409,-0.9699044,,
l5,SMESG000031033.1,0.6715967,1.6431208,-0.97152406,,
l5,SMESG000055903.1,0.5377588,1.5220197,-0.9842609,,
l5,SMESG000049723.1,1.0331123,2.0587828,-1.0256705,,
l5,SMESG000035681.1,0.6759194,1.7123083,-1.0363889,,
l5,SMESG000040216.1,0.67285526,1.7108595,-1.0380043,,
l5,SMESG000071180.1,0.66448355,1.7053406,-1.0408571,,
l5,SMESG000023147.1,0.6375627,1.6824613,-1.0448985,,
l5,SMESG000050810.1,0.7668591,1.8181206,-1.0512614,,
l5,SMESG000026320.1,0.6499288,1.7052524,-1.0553236,,
l5,SMESG000008177.1,0.63077784,1.6909629,-1.0601851,,
l5,SMESG000051670.1,0.87147814,1.9347916,-1.0633135,,
l5,SMESG000060771.1,0.79197425,1.8573768,-1.0654025,,
l5,SMESG000060640.1,0.7145497,1.7813156,-1.0667658,,
l5,SMESG000042447.1,0.6966572,1.7660283,-1.0693711,,
l5,SMESG000009479.1,0.7190364,1.8008482,-1.0818119,,
l5,SMESG000006898.1,0.7287214,1.8460667,-1.1173453,,
l5,SMESG000061099.1,0.74081385,1.8593637,-1.1185498,,
l5,SMESG000065562.1,0.73829687,1.8641547,-1.1258578,,
l5,SMESG000049383.1,0.82819694,1.9582146,-1.1300178,,
l5,SMESG000041483.1,0.73922706,1.8865824,-1.1473553,,
l5,SMESG000012171.1,0.23741658,1.3897065,-1.1522899,,
l5,SMESG000009232.1,0.7654365,1.9182382,-1.1528018,,
l5,SMESG000044397.1,0.85566497,2.0107603,-1.1550953,,
l5,SMESG000078736.1,0.80532527,1.9755753,-1.17025,,
l5,SMESG000026848.1,0.3442788,1.5278118,-1.183533,,
l5,SMESG000001806.1,0.7656007,1.9504329,-1.1848322,,
l5,SMESG000022296.1,0.77495724,1.97639,-1.2014327,,
l5,SMESG000034631.1,0.86277807,2.0749705,-1.2121924,,
l5,SMESG000022928.1,0.73101944,1.9485375,-1.2175181,,
l5,SMESG000071533.1,0.80258936,2.0220642,-1.2194748,,
l5,SMESG000047167.1,0.82502335,2.068368,-1.2433445,,
l5,SMESG000062836.1,0.765327,2.0460312,-1.2807043,,
l5,SMESG000017099.1,0.83339506,2.1191022,-1.2857072,,
l5,SMESG000074545.1,0.800729,2.0924227,-1.2916937,,
l5,SMESG000016203.1,0.92094237,2.2142458,-1.2933035,,
l5,SMESG000047644.1,0.76806295,2.0659244,-1.2978615,,
l5,SMESG000052353.1,0.76439685,2.070805,-1.3064082,,
l5,SMESG000022732.1,0.87317437,2.183951,-1.3107765,,
l5,SMESG000076172.1,0.88471967,2.2264562,-1.3417366,,
l5,SMESG000059283.1,0.9054028,2.2494273,-1.3440245,,
l5,SMESG000005506.1,0.760129,2.1147628,-1.3546338,,
l5,SMESG000022893.1,0.89101213,2.2474363,-1.3564241,,
l5,SMESG000003566.1,0.36003748,1.717373,-1.3573356,,
l5,SMESG000043444.1,0.25410512,1.6288289,-1.3747238,,
l5,SMESG000073811.1,0.27670342,1.6603911,-1.3836877,,
l5,SMESG000058066.1,1.0113896,2.3973846,-1.385995,,
l5,SMESG000017264.1,0.93325365,2.3399584,-1.4067048,,
l5,SMESG000066927.1,0.4412368,1.852852,-1.4116151,,
l5,SMESG000066020.1,1.200218,2.642212,-1.441994,,
l5,SMESG000048475.1,0.41699794,1.8610795,-1.4440815,,
l5,SMESG000066035.1,0.6352099,2.0869033,-1.4516934,,
l5,SMESG000025889.1,1.4364862,2.8997808,-1.4632945,,
l5,SMESG000060403.1,0.5485926,2.0286596,-1.480067,,
l5,SMESG000025002.1,0.54016614,2.0330026,-1.4928365,,
l5,SMESG000017087.1,0.9803103,2.4890015,-1.5086912,,
l5,SMESG000023842.1,1.7099073,3.2186756,-1.5087683,,
l5,SMESG000061164.1,0.9979293,2.50872,-1.5107906,,
l5,SMESG000022343.1,1.0142349,2.5600836,-1.5458487,,
l5,SMESG000057653.1,0.98134995,2.5556524,-1.5743024,,
l5,SMESG000043280.1,0.36775255,1.9997227,-1.6319702,,
l5,SMESG000025000.1,0.6108606,2.2820704,-1.6712098,,
l5,SMESG000023212.1,1.1215898,2.8116887,-1.6900989,,
l5,SMESG000051503.1,1.0708671,2.7667372,-1.6958702,,
l5,SMESG000058106.1,1.1621898,2.8686666,-1.7064768,,
l5,SMESG000006589.1,1.1221915,2.8452423,-1.7230507,,
l5,SMESG000016953.1,0.6636624,2.4192698,-1.7556074,,
l5,SMESG000036550.1,1.1410143,2.9114447,-1.7704303,,
l5,SMESG000023040.1,1.1458842,2.932249,-1.7863649,,
l5,SMESG000007775.1,0.44566935,2.3508937,-1.9052243,,
l5,SMESG000066027.1,1.0283518,2.9782767,-1.949925,,
l5,SMESG000059669.1,1.4051882,3.3554966,-1.9503084,,
l5,SMESG000060163.1,1.2842089,3.2355824,-1.9513735,,
l5,SMESG000058321.1,0.548209,2.628184,-2.0799751,,
l5,SMESG000060036.1,1.4555279,3.617597,-2.1620693,,
l5,SMESG000020860.1,1.8426493,4.1097865,-2.267137,,
l5,SMESG000005378.1,1.7095245,3.9856913,-2.276167,,
l5,SMESG000003538.1,1.5785866,3.8923552,-2.3137686,,
l5,SMESG000004901.1,1.2825673,3.677564,-2.3949966,,
l5,SMESG000042787.1,0.7207318,3.1195505,-2.3988187,,
l5,SMESG000002628.1,1.5402298,4.02015,-2.4799204,,
l5,SMESG000017011.1,1.481026,3.9890435,-2.5080175,,
l5,SMESG000076086.1,1.5562073,4.1307626,-2.5745554,,
l5,SMESG000022423.1,1.6701828,4.5798063,-2.9096236,,
l5,SMESG000013036.1,0.78584445,4.071533,-3.2856889,,
l5,SMESG000040632.1,1.9026756,5.341136,-3.4384604,,
l5,SMESG000060313.1,2.8050873,6.3915005,-3.5864131,,
l5,SMESG000080290.1,2.031201,5.754541,-3.72334,,
l5,SMESG000043289.1,1.0480485,4.856106,-3.8080573,,
l5,SMESG000007315.1,2.0279217,6.2365017,-4.20858,,
l5,SMESG000016791.1,1.9886361,6.600864,-4.612228,0.004975124378109453,2.1438131806225535
l5,SMESG000055421.1,2.6267264,7.4978423,-4.8711157,0.004975124378109453,2.254083005133649
l5,SMESG000062943.1,4.696738,9.796422,-5.0996842,0.1044776119402985,2.7989914517176566
l5,SMESG000058307.1,1.3691275,6.55121,-5.182082,0.004975124378109453,1.7110298351191306
l5,SMESG000019619.1,4.084437,9.430029,-5.345592,0.1044776119402985,3.1240673237639154
l5,SMESG000051672.1,5.0552735,11.275476,-6.220203,0.14925373134328357,3.8200329934567847
l4,SMESG000056439.1,0.123523444,0.197122,-0.07359855,0.004975124378109453,0.011314819724567228
l4,SMESG000072794.1,0.0709201,0.14932723,-0.07840713,0.004975124378109453,0.01191334176473405
l4,SMESG000016663.1,0.046788406,0.1252926,-0.07850419,0.004975124378109453,0.006134945992653301
l4,SMESG000028263.1,0.056783944,0.13877779,-0.08199385,0.004975124378109453,0.007084944753876255
l4,SMESG000065409.1,0.050712824,0.13302329,-0.08231047,0.004975124378109453,0.006962020982659249
l4,SMESG000001159.1,0.07245731,0.160235,-0.08777769,0.004975124378109453,0.012004319188214149
l4,SMESG000052600.1,0.049006645,0.13691278,-0.08790614,,
l4,SMESG000053011.1,0.05457317,0.1429075,-0.08833433,,
l4,SMESG000009913.1,0.05205804,0.14074709,-0.088689044,,
l4,SMESG000066413.1,0.060932573,0.14968586,-0.08875328,,
l4,SMESG000051354.1,0.053123012,0.14232375,-0.089200735,,
l4,SMESG000075570.1,0.040925916,0.13046034,-0.08953442,,
l4,SMESG000003392.1,0.046643853,0.1364964,-0.08985254,,
l4,SMESG000072791.1,0.06842892,0.15903448,-0.09060556,,
l4,SMESG000066595.1,0.06424001,0.15549554,-0.09125553,,
l4,SMESG000016354.1,0.040693603,0.13275751,-0.09206391,,
l4,SMESG000072955.1,0.03972417,0.13291861,-0.09319444,,
l4,SMESG000000989.1,0.0494389,0.14317901,-0.09374011,,
l4,SMESG000020470.1,0.051946096,0.14646873,-0.09452263,,
l4,SMESG000024479.1,0.044873815,0.13946564,-0.094591826,,
l4,SMESG000041520.1,0.06531388,0.16013576,-0.09482188,,
l4,SMESG000001074.1,0.044297338,0.13971303,-0.0954157,,
l4,SMESG000027217.1,0.0460913,0.14172179,-0.09563048,,
l4,SMESG000023001.1,0.06545745,0.16109061,-0.095633164,,
l4,SMESG000062534.1,0.04475357,0.14050572,-0.09575215,,
l4,SMESG000055438.1,0.0436568,0.13981652,-0.09615973,,
l4,SMESG000029906.1,0.054308303,0.15052588,-0.09621758,,
l4,SMESG000042474.1,0.04692429,0.14314623,-0.09622194,,
l4,SMESG000024592.1,0.05547784,0.15255874,-0.0970809,,
l4,SMESG000017118.1,0.03758592,0.13556711,-0.09798119,,
l4,SMESG000077560.1,0.044249002,0.1431306,-0.0988816,,
l4,SMESG000020135.1,0.04652364,0.14563543,-0.09911178,,
l4,SMESG000027962.1,0.04672392,0.14620364,-0.09947972,,
l4,SMESG000026617.1,0.044537436,0.14478698,-0.100249544,,
l4,SMESG000024670.1,0.049759276,0.15065317,-0.10089389,,
l4,SMESG000019381.1,0.045058046,0.14633162,-0.10127358,,
l4,SMESG000016195.1,0.053043023,0.1544383,-0.10139528,,
l4,SMESG000027124.1,0.05813703,0.16032119,-0.10218416,,
l4,SMESG000022030.1,0.05140928,0.15400575,-0.10259647,,
l4,SMESG000028250.1,0.04126987,0.14393803,-0.102668166,,
l4,SMESG000053355.1,0.043760587,0.14648299,-0.10272241,,
l4,SMESG000005010.1,0.04946315,0.15218942,-0.102726266,,
l4,SMESG000076415.1,0.047116313,0.15005256,-0.10293625,,
l4,SMESG000033840.1,0.04223887,0.14537051,-0.103131644,,
l4,SMESG000056380.1,0.046163503,0.14972386,-0.10356036,,
l4,SMESG000016994.1,0.06292624,0.16650866,-0.10358242,,
l4,SMESG000056697.1,0.048013356,0.15164551,-0.10363215,,
l4,SMESG000013697.1,0.050864767,0.15512612,-0.10426135,,
l4,SMESG000061866.1,0.04444138,0.14872372,-0.10428234,,
l4,SMESG000020571.1,0.0445775,0.1488997,-0.1043222,,
l4,SMESG000035607.1,0.046499904,0.15087616,-0.10437626,,
l4,SMESG000028017.1,0.050672375,0.1555504,-0.10487803,,
l4,SMESG000035326.1,0.06547393,0.1704114,-0.104937464,,
l4,SMESG000009490.1,0.046547793,0.15149273,-0.10494494,,
l4,SMESG000009918.1,0.044168934,0.14940445,-0.10523552,,
l4,SMESG000047496.1,0.044169787,0.14944936,-0.10527958,,
l4,SMESG000011539.1,0.038730852,0.14421016,-0.10547931,,
l4,SMESG000060121.1,0.037009187,0.14256833,-0.10555915,,
l4,SMESG000062092.1,0.04126168,0.1468593,-0.10559762,,
l4,SMESG000041071.1,0.04421701,0.15000479,-0.105787784,,
l4,SMESG000056346.1,0.047348607,0.15382956,-0.106480956,,
l4,SMESG000039980.1,0.04163012,0.14811563,-0.106485516,,
l4,SMESG000008865.1,0.05714382,0.16381797,-0.10667415,,
l4,SMESG000031906.1,0.04620342,0.15293281,-0.10672939,,
l4,SMESG000075633.1,0.043095812,0.1501158,-0.10701999,,
l4,SMESG000051885.1,0.047180604,0.15442924,-0.107248634,,
l4,SMESG000020910.1,0.06313438,0.17039618,-0.1072618,,
l4,SMESG000078710.1,0.05516552,0.16259302,-0.1074275,,
l4,SMESG000077527.1,0.052114096,0.15996747,-0.10785337,,
l4,SMESG000053522.1,0.047709066,0.15565455,-0.10794549,,
l4,SMESG000036519.1,0.040252686,0.14824273,-0.10799004,,
l4,SMESG000061029.1,0.04872625,0.15710248,-0.108376235,,
l4,SMESG000016667.1,0.051425356,0.16018362,-0.10875827,,
l4,SMESG000002945.1,0.05064054,0.1595346,-0.108894065,,
l4,SMESG000016697.1,0.048117485,0.15703882,-0.108921334,,
l4,SMESG000038790.1,0.048510037,0.15747066,-0.10896062,,
l4,SMESG000060455.1,0.042759284,0.15173294,-0.10897365,,
l4,SMESG000014588.1,0.05093657,0.15996853,-0.10903196,,
l4,SMESG000066841.1,0.04395283,0.15338898,-0.10943615,,
l4,SMESG000020306.1,0.044986073,0.15486935,-0.10988328,,
l4,SMESG000032629.1,0.04677982,0.15702291,-0.11024309,,
l4,SMESG000019718.1,0.046003114,0.15635839,-0.11035527,,
l4,SMESG000067191.1,0.048501834,0.15890336,-0.110401526,,
l4,SMESG000073757.1,0.042879608,0.15329261,-0.110413,,
l4,SMESG000045673.1,0.06999867,0.1805201,-0.110521436,,
l4,SMESG000014221.1,0.043167908,0.15378109,-0.11061318,,
l4,SMESG000081906.1,0.0420706,0.15282123,-0.11075063,,
l4,SMESG000049504.1,0.050792564,0.1620318,-0.11123924,,
l4,SMESG000074196.1,0.055973772,0.16739573,-0.11142196,,
l4,SMESG000032344.1,0.05016,0.16195178,-0.11179178,,
l4,SMESG000020515.1,0.04810149,0.15994334,-0.11184186,,
l4,SMESG000014335.1,0.04196648,0.15390109,-0.1119346,,
l4,SMESG000025689.1,0.04554649,0.15750222,-0.11195573,,
l4,SMESG000059546.1,0.040765148,0.15278861,-0.11202346,,
l4,SMESG000016305.1,0.07036719,0.18249641,-0.11212923,,
l4,SMESG000064891.1,0.043472283,0.15564522,-0.11217294,,
l4,SMESG000068819.1,0.045634676,0.15784682,-0.11221215,,
l4,SMESG000040062.1,0.045698732,0.1580145,-0.112315774,,
l4,SMESG000081754.1,0.04413698,0.15654205,-0.11240507,,
l4,SMESG000074987.1,0.04424907,0.15670238,-0.11245331,,
l4,SMESG000038232.1,0.041710258,0.15434098,-0.112630725,,
l4,SMESG000062685.1,0.047605086,0.16048692,-0.11288184,,
l4,SMESG000054078.1,0.039908167,0.15282072,-0.11291255,,
l4,SMESG000067543.1,0.043167878,0.15623774,-0.11306986,,
l4,SMESG000026993.1,0.046435606,0.15963033,-0.11319472,,
l4,SMESG000047476.1,0.048693985,0.16205627,-0.11336228,,
l4,SMESG000014324.1,0.05061595,0.16417769,-0.113561735,,
l4,SMESG000009582.1,0.04693207,0.16060777,-0.1136757,,
l4,SMESG000024276.1,0.045530546,0.15927114,-0.11374059,,
l4,SMESG000023450.1,0.049679972,0.16344574,-0.11376577,,
l4,SMESG000080328.1,0.051521454,0.16544874,-0.11392729,,
l4,SMESG000045477.1,0.057920426,0.17187595,-0.11395553,,
l4,SMESG000011963.1,0.04213459,0.15627813,-0.11414354,,
l4,SMESG000009093.1,0.04280758,0.15704592,-0.11423834,,
l4,SMESG000035878.1,0.049262833,0.16368826,-0.11442542,,
l4,SMESG000071423.1,0.048982423,0.16340864,-0.11442621,,
l4,SMESG000010516.1,0.043576278,0.1580543,-0.11447803,,
l4,SMESG000002830.1,0.04557046,0.1601755,-0.11460504,,
l4,SMESG000023255.1,0.04762092,0.16266385,-0.115042925,,
l4,SMESG000065324.1,0.04529015,0.16043985,-0.1151497,,
l4,SMESG000067728.1,0.064584315,0.17975076,-0.11516644,,
l4,SMESG000049241.1,0.053018916,0.16826585,-0.11524694,,
l4,SMESG000027166.1,0.049983505,0.16529708,-0.115313575,,
l4,SMESG000009711.1,0.056495562,0.17200193,-0.115506366,,
l4,SMESG000049997.1,0.049015183,0.16457419,-0.11555901,,
l4,SMESG000016949.1,0.046035126,0.16160786,-0.115572736,,
l4,SMESG000076677.1,0.051417533,0.167161,-0.11574347,,
l4,SMESG000002840.1,0.06757973,0.18333691,-0.11575718,,
l4,SMESG000033847.1,0.04463353,0.1603989,-0.11576537,,
l4,SMESG000018217.1,0.051297247,0.16732956,-0.11603232,,
l4,SMESG000078985.1,0.04676394,0.16309567,-0.11633173,,
l4,SMESG000061639.1,0.0629664,0.17931819,-0.11635179,,
l4,SMESG000054248.1,0.045946993,0.16255198,-0.11660499,,
l4,SMESG000071508.1,0.045514416,0.16224003,-0.11672561,,
l4,SMESG000016219.1,0.05346774,0.17064995,-0.11718221,,
l4,SMESG000019808.1,0.04922259,0.16644959,-0.117227,,
l4,SMESG000020805.1,0.04026047,0.15755808,-0.11729761,,
l4,SMESG000010381.1,0.048870217,0.16622546,-0.11735524,,
l4,SMESG000005268.1,0.047621004,0.16505691,-0.11743591,,
l4,SMESG000054049.1,0.048614014,0.16607283,-0.11745882,,
l4,SMESG000020934.1,0.045634568,0.16314499,-0.11751042,,
l4,SMESG000038975.1,0.056038808,0.17401114,-0.11797233,,
l4,SMESG000081207.1,0.046772033,0.16484828,-0.11807625,,
l4,SMESG000016275.1,0.04217471,0.16027921,-0.1181045,,
l4,SMESG000014474.1,0.043936647,0.16214426,-0.11820761,,
l4,SMESG000016304.1,0.10157065,0.21985829,-0.11828764,,
l4,SMESG000005586.1,0.04870195,0.16704968,-0.11834773,,
l4,SMESG000034225.1,0.046659704,0.16514494,-0.11848523,,
l4,SMESG000034854.1,0.05564699,0.17414495,-0.11849797,,
l4,SMESG000034920.1,0.050552517,0.16908905,-0.11853653,,
l4,SMESG000046166.1,0.051802643,0.17035064,-0.118548,,
l4,SMESG000041543.1,0.042302825,0.16111128,-0.118808456,,
l4,SMESG000055031.1,0.049799237,0.1687621,-0.11896287,,
l4,SMESG000078177.1,0.056614906,0.17558825,-0.118973345,,
l4,SMESG000019746.1,0.04633149,0.16533652,-0.119005024,,
l4,SMESG000078872.1,0.05284304,0.1721622,-0.11931916,,
l4,SMESG000044517.1,0.038218357,0.15766929,-0.119450934,,
l4,SMESG000001545.1,0.04750881,0.16696076,-0.119451955,,
l4,SMESG000034009.1,0.052218474,0.17173009,-0.11951161,,
l4,SMESG000040163.1,0.046611775,0.16615255,-0.11954078,,
l4,SMESG000071293.1,0.054196525,0.1739311,-0.119734585,,
l4,SMESG000057659.1,0.046018887,0.16588128,-0.11986239,,
l4,SMESG000052978.1,0.052858982,0.17275532,-0.11989634,,
l4,SMESG000011657.1,0.049078442,0.16909875,-0.12002031,,
l4,SMESG000027888.1,0.04830166,0.16833743,-0.120035775,,
l4,SMESG000004048.1,0.052322224,0.17278679,-0.12046456,,
l4,SMESG000043835.1,0.044272877,0.1650089,-0.120736025,,
l4,SMESG000068390.1,0.052153874,0.17290723,-0.12075336,,
l4,SMESG000016669.1,0.05080882,0.17166544,-0.12085663,,
l4,SMESG000029410.1,0.042879466,0.16380031,-0.12092085,,
l4,SMESG000079498.1,0.051865764,0.17293063,-0.121064864,,
l4,SMESG000034945.1,0.047404867,0.1686569,-0.12125203,,
l4,SMESG000051108.1,0.05677521,0.1783332,-0.12155798,,
l4,SMESG000026855.1,0.045522485,0.16752924,-0.12200676,,
l4,SMESG000028730.1,0.04570666,0.1678574,-0.122150734,,
l4,SMESG000012127.1,0.038338408,0.16116753,-0.122829124,,
l4,SMESG000053935.1,0.05592629,0.1788298,-0.12290351,,
l4,SMESG000026239.1,0.0491587,0.17220223,-0.12304353,,
l4,SMESG000027938.1,0.045858614,0.16897021,-0.1231116,,
l4,SMESG000075205.1,0.04645971,0.1697296,-0.1232699,,
l4,SMESG000019926.1,0.07482031,0.19810183,-0.12328152,,
l4,SMESG000002838.1,0.06763584,0.19109802,-0.12346218,,
l4,SMESG000032489.1,0.057063352,0.18062979,-0.123566434,,
l4,SMESG000033587.1,0.047500513,0.17125954,-0.123759024,,
l4,SMESG000013115.1,0.049887557,0.17373131,-0.12384376,,
l4,SMESG000036948.1,0.04971938,0.17376226,-0.12404288,,
l4,SMESG000020952.1,0.07217734,0.19639571,-0.12421837,,
l4,SMESG000038117.1,0.04912621,0.17338814,-0.12426193,,
l4,SMESG000014705.1,0.04995129,0.17425233,-0.124301046,,
l4,SMESG000027142.1,0.08054685,0.20485617,-0.124309324,,
l4,SMESG000023352.1,0.049102843,0.17343456,-0.12433171,,
l4,SMESG000053650.1,0.052626655,0.17698006,-0.12435341,,
l4,SMESG000024875.1,0.04908665,0.17387542,-0.124788776,,
l4,SMESG000070679.1,0.04077314,0.16583191,-0.12505877,,
l4,SMESG000078548.1,0.05824943,0.18388623,-0.1256368,,
l4,SMESG000013795.1,0.060667686,0.18655221,-0.12588453,,
l4,SMESG000070983.1,0.056759145,0.18267816,-0.12591901,,
l4,SMESG000003214.1,0.06323009,0.1895633,-0.1263332,,
l4,SMESG000011518.1,0.03937154,0.16621639,-0.12684485,,
l4,SMESG000075349.1,0.057039358,0.18395077,-0.1269114,,
l4,SMESG000067948.1,0.049967673,0.17743587,-0.1274682,,
l4,SMESG000012672.1,0.11318359,0.24074169,-0.1275581,,
l4,SMESG000013661.1,0.04657983,0.1744504,-0.12787056,,
l4,SMESG000016299.1,0.054284297,0.18219775,-0.12791345,,
l4,SMESG000037231.1,0.054100093,0.18215816,-0.12805806,,
l4,SMESG000022463.1,0.053259257,0.18175714,-0.12849788,,
l4,SMESG000061749.1,0.05289903,0.18154906,-0.12865002,,
l4,SMESG000069827.1,0.051954012,0.18071637,-0.12876235,,
l4,SMESG000077471.1,0.059546594,0.1884636,-0.12891701,,
l4,SMESG000063653.1,0.046435505,0.1753955,-0.12896,,
l4,SMESG000077696.1,0.03563129,0.16535188,-0.1297206,,
l4,SMESG000026676.1,0.051024567,0.1809419,-0.12991732,,
l4,SMESG000002751.1,0.04369634,0.17394681,-0.13025047,,
l4,SMESG000054316.1,0.059682675,0.1899837,-0.13030103,,
l4,SMESG000011768.1,0.05113668,0.18153408,-0.13039741,,
l4,SMESG000014341.1,0.05653497,0.18707958,-0.1305446,,
l4,SMESG000047886.1,0.051585,0.18227057,-0.13068557,,
l4,SMESG000059031.1,0.03696077,0.16784903,-0.13088827,,
l4,SMESG000034043.1,0.050960805,0.18192531,-0.1309645,,
l4,SMESG000010283.1,0.06492072,0.1960413,-0.13112058,,
l4,SMESG000038555.1,0.044289034,0.17549984,-0.1312108,,
l4,SMESG000074509.1,0.04349615,0.1747552,-0.13125905,,
l4,SMESG000033382.1,0.062093474,0.1933533,-0.13125983,,
l4,SMESG000000987.1,0.04661166,0.17803705,-0.13142538,,
l4,SMESG000046974.1,0.05363594,0.18517385,-0.13153791,,
l4,SMESG000033211.1,0.052025948,0.18362166,-0.13159572,,
l4,SMESG000044312.1,0.04969505,0.18131769,-0.13162264,,
l4,SMESG000080432.1,0.049094416,0.18071713,-0.1316227,,
l4,SMESG000003216.1,0.09521898,0.22694021,-0.13172123,,
l4,SMESG000009145.1,0.053195216,0.18506256,-0.13186735,,
l4,SMESG000038604.1,0.05154527,0.18342957,-0.1318843,,
l4,SMESG000081058.1,0.047428463,0.17954051,-0.13211206,,
l4,SMESG000072630.1,0.053491715,0.18562984,-0.13213813,,
l4,SMESG000038804.1,0.054516945,0.1867268,-0.13220985,,
l4,SMESG000065264.1,0.06385518,0.19617209,-0.13231692,,
l4,SMESG000023446.1,0.060052067,0.1923983,-0.13234623,,
l4,SMESG000026692.1,0.051737316,0.18410274,-0.13236544,,
l4,SMESG000014112.1,0.05035221,0.18279703,-0.13244483,,
l4,SMESG000019986.1,0.06101161,0.19351515,-0.13250354,,
l4,SMESG000073542.1,0.048181765,0.180764,-0.13258225,,
l4,SMESG000064394.1,0.049679108,0.18237364,-0.13269454,,
l4,SMESG000025747.1,0.05352384,0.18627025,-0.13274641,,
l4,SMESG000020522.1,0.047076147,0.17988494,-0.13280879,,
l4,SMESG000038369.1,0.051225152,0.1841012,-0.13287604,,
l4,SMESG000027795.1,0.04992787,0.18281992,-0.13289204,,
l4,SMESG000008042.1,0.06838073,0.20134106,-0.13296033,,
l4,SMESG000077016.1,0.04738062,0.1804848,-0.13310418,,
l4,SMESG000004726.1,0.055814277,0.18908691,-0.13327263,,
l4,SMESG000070068.1,0.047108423,0.18080434,-0.13369592,,
l4,SMESG000057144.1,0.048029546,0.18229301,-0.13426347,,
l4,SMESG000025013.1,0.03844249,0.17274769,-0.1343052,,
l4,SMESG000079251.1,0.052105512,0.18643257,-0.13432705,,
l4,SMESG000026861.1,0.067170806,0.20153454,-0.13436374,,
l4,SMESG000033447.1,0.05611838,0.19097637,-0.13485798,,
l4,SMESG000021174.1,0.05476516,0.18963875,-0.13487358,,
l4,SMESG000019345.1,0.051312886,0.1867195,-0.13540661,,
l4,SMESG000004103.1,0.05406827,0.1894883,-0.13542004,,
l4,SMESG000034977.1,0.055381753,0.1911679,-0.13578615,,
l4,SMESG000046116.1,0.056038722,0.19198346,-0.13594474,,
l4,SMESG000016828.1,0.056398958,0.19235182,-0.13595286,,
l4,SMESG000005024.1,0.057912752,0.19388811,-0.13597536,,
l4,SMESG000071275.1,0.06002699,0.1960176,-0.1359906,,
l4,SMESG000047091.1,0.05840149,0.1945283,-0.1361268,,
l4,SMESG000039100.1,0.05137734,0.18774259,-0.13636525,,
l4,SMESG000020144.1,0.053122688,0.18962742,-0.13650474,,
l4,SMESG000040593.1,0.059898704,0.19653806,-0.13663936,,
l4,SMESG000012361.1,0.060347535,0.1975936,-0.13724607,,
l4,SMESG000060349.1,0.05584648,0.1932642,-0.13741772,,
l4,SMESG000078308.1,0.056030154,0.19355333,-0.13752317,,
l4,SMESG000049264.1,0.05167336,0.18940754,-0.13773417,,
l4,SMESG000034829.1,0.05254626,0.1904825,-0.13793623,,
l4,SMESG000023353.1,0.034846295,0.17280266,-0.13795637,,
l4,SMESG000051815.1,0.0637994,0.20189089,-0.13809147,,
l4,SMESG000025057.1,0.055317726,0.19364026,-0.13832253,,
l4,SMESG000070072.1,0.052666802,0.1910164,-0.13834961,,
l4,SMESG000072545.1,0.060146622,0.1985073,-0.13836068,,
l4,SMESG000049555.1,0.04205428,0.1806135,-0.13855922,,
l4,SMESG000040292.1,0.0576798,0.19626765,-0.13858785,,
l4,SMESG000008815.1,0.05329146,0.19196774,-0.13867629,,
l4,SMESG000035333.1,0.08977394,0.2284715,-0.13869756,,
l4,SMESG000028481.1,0.063871495,0.20282,-0.1389485,,
l4,SMESG000026631.1,0.047076352,0.18610227,-0.13902593,,
l4,SMESG000066687.1,0.056742802,0.1959943,-0.1392515,,
l4,SMESG000028600.1,0.110483676,0.2500209,-0.13953722,,
l4,SMESG000028264.1,0.09815191,0.23809746,-0.13994555,,
l4,SMESG000056546.1,0.064848445,0.20508544,-0.140237,,
l4,SMESG000002374.1,0.06135613,0.20190078,-0.14054465,,
l4,SMESG000026020.1,0.0488062,0.18948136,-0.14067516,,
l4,SMESG000074136.1,0.05192176,0.19278435,-0.1408626,,
l4,SMESG000005764.1,0.054348335,0.19534573,-0.1409974,,
l4,SMESG000003375.1,0.058449235,0.1999223,-0.14147305,,
l4,SMESG000007855.1,0.06163707,0.20345876,-0.14182168,,
l4,SMESG000065959.1,0.0576487,0.19964077,-0.14199206,,
l4,SMESG000050221.1,0.05490103,0.196962,-0.14206097,,
l4,SMESG000081727.1,0.06269436,0.20479564,-0.14210129,,
l4,SMESG000081647.1,0.051449277,0.19362527,-0.142176,,
l4,SMESG000066416.1,0.09470756,0.23690045,-0.14219289,,
l4,SMESG000019717.1,0.06501636,0.20755054,-0.14253418,,
l4,SMESG000017012.1,0.058465995,0.20104143,-0.14257544,,
l4,SMESG000064614.1,0.06341489,0.20616405,-0.14274916,,
l4,SMESG000044485.1,0.064912505,0.20775028,-0.14283776,,
l4,SMESG000026208.1,0.05333936,0.19648153,-0.14314216,,
l4,SMESG000051850.1,0.051000696,0.1946091,-0.1436084,,
l4,SMESG000081287.1,0.05446097,0.19808868,-0.1436277,,
l4,SMESG000035357.1,0.056262847,0.19995375,-0.1436909,,
l4,SMESG000074998.1,0.058641758,0.20248294,-0.14384118,,
l4,SMESG000004374.1,0.06481638,0.20868734,-0.14387095,,
l4,SMESG000002914.1,0.042406976,0.18638235,-0.14397538,,
l4,SMESG000033500.1,0.062053304,0.20602873,-0.14397542,,
l4,SMESG000056251.1,0.056583323,0.20085771,-0.14427438,,
l4,SMESG000006795.1,0.048421565,0.19282483,-0.14440326,,
l4,SMESG000049117.1,0.061821226,0.20625211,-0.14443089,,
l4,SMESG000041811.1,0.05703946,0.20149945,-0.14446,,
l4,SMESG000042663.1,0.054941285,0.19940196,-0.14446068,,
l4,SMESG000026342.1,0.060859937,0.20532444,-0.14446451,,
l4,SMESG000077210.1,0.05761625,0.20245914,-0.1448429,,
l4,SMESG000004871.1,0.05602225,0.20103535,-0.1450131,,
l4,SMESG000060338.1,0.057391886,0.20242041,-0.14502853,,
l4,SMESG000026974.1,0.050087735,0.19528078,-0.14519304,,
l4,SMESG000069889.1,0.057071522,0.2027801,-0.14570858,,
l4,SMESG000004195.1,0.053483702,0.19940166,-0.14591795,,
l4,SMESG000025410.1,0.08814789,0.23438632,-0.14623843,,
l4,SMESG000049554.1,0.055717964,0.20220344,-0.14648548,,
l4,SMESG000060188.1,0.040676773,0.18719177,-0.146515,,
l4,SMESG000035884.1,0.06561861,0.21233067,-0.14671206,,
l4,SMESG000066311.1,0.066642314,0.21370097,-0.14705865,,
l4,SMESG000027656.1,0.165919,0.3130222,-0.14710319,,
l4,SMESG000057246.1,0.053499315,0.20072336,-0.14722405,,
l4,SMESG000061372.1,0.06331861,0.21060623,-0.14728762,,
l4,SMESG000044888.1,0.07881646,0.22642142,-0.14760496,,
l4,SMESG000014107.1,0.065528944,0.21350345,-0.1479745,,
l4,SMESG000012408.1,0.07436415,0.22273716,-0.14837301,,
l4,SMESG000042680.1,0.059282213,0.20771623,-0.14843401,,
l4,SMESG000025746.1,0.063335165,0.21179727,-0.1484621,,
l4,SMESG000013191.1,0.06983021,0.21841672,-0.14858651,,
l4,SMESG000059878.1,0.061500747,0.21086952,-0.14936878,,
l4,SMESG000031703.1,0.057111386,0.2065574,-0.14944601,,
l4,SMESG000016474.1,0.06005043,0.20951897,-0.14946854,,
l4,SMESG000024968.1,0.052891087,0.20255439,-0.1496633,,
l4,SMESG000069494.1,0.061573055,0.21142116,-0.1498481,,
l4,SMESG000060365.1,0.17736115,0.32758877,-0.15022762,,
l4,SMESG000057052.1,0.059907198,0.21035644,-0.15044925,,
l4,SMESG000063633.1,0.11907107,0.26956356,-0.15049249,,
l4,SMESG000032194.1,0.053635787,0.20413177,-0.15049598,,
l4,SMESG000011389.1,0.06613032,0.21679904,-0.15066871,,
l4,SMESG000080856.1,0.064665616,0.21576352,-0.15109791,,
l4,SMESG000007873.1,0.062021796,0.21323673,-0.15121494,,
l4,SMESG000009754.1,0.06482461,0.21634349,-0.15151888,,
l4,SMESG000078664.1,0.07937651,0.23100027,-0.15162376,,
l4,SMESG000072403.1,0.059466287,0.2111981,-0.15173182,,
l4,SMESG000060705.1,0.052129887,0.20391534,-0.15178546,,
l4,SMESG000034948.1,0.055349737,0.2072602,-0.15191047,,
l4,SMESG000049854.1,0.072145246,0.22406664,-0.15192139,,
l4,SMESG000054815.1,0.054036297,0.20606747,-0.15203118,,
l4,SMESG000053095.1,0.06605789,0.21817659,-0.1521187,,
l4,SMESG000045386.1,0.06126821,0.21346371,-0.1521955,,
l4,SMESG000023170.1,0.05829739,0.21065223,-0.15235484,,
l4,SMESG000062171.1,0.060867958,0.21323015,-0.1523622,,
l4,SMESG000056302.1,0.06042683,0.21289621,-0.15246938,,
l4,SMESG000061907.1,0.05975454,0.2122298,-0.15247527,,
l4,SMESG000012475.1,0.06411268,0.21727705,-0.15316437,,
l4,SMESG000060905.1,0.059514277,0.2128305,-0.15331623,,
l4,SMESG000021236.1,0.053699702,0.20707637,-0.15337667,,
l4,SMESG000066554.1,0.05072058,0.20413977,-0.1534192,,
l4,SMESG000070850.1,0.06320652,0.21671194,-0.15350541,,
l4,SMESG000032743.1,0.058352876,0.21207845,-0.15372558,,
l4,SMESG000042492.1,0.052882854,0.2069645,-0.15408164,,
l4,SMESG000043151.1,0.056414865,0.21128578,-0.15487093,,
l4,SMESG000056224.1,0.049935516,0.20492364,-0.15498812,,
l4,SMESG000021684.1,0.054100055,0.20910934,-0.15500928,,
l4,SMESG000041020.1,0.06450449,0.2195269,-0.15502241,,
l4,SMESG000032144.1,0.059666798,0.21474962,-0.15508282,,
l4,SMESG000024142.1,0.092295654,0.24748911,-0.15519345,,
l4,SMESG000035061.1,0.10099432,0.25639677,-0.15540245,,
l4,SMESG000069520.1,0.0707996,0.2264829,-0.15568331,,
l4,SMESG000012999.1,0.051000994,0.20669994,-0.15569894,,
l4,SMESG000009106.1,0.06742007,0.22343233,-0.15601227,,
l4,SMESG000011961.1,0.067556165,0.2237446,-0.15618843,,
l4,SMESG000052485.1,0.06706748,0.22436042,-0.15729293,,
l4,SMESG000081273.1,0.066923074,0.22446558,-0.1575425,,
l4,SMESG000029088.1,0.050688274,0.2082532,-0.15756494,,
l4,SMESG000076223.1,0.06398371,0.22188087,-0.15789716,,
l4,SMESG000080952.1,0.06596154,0.22424264,-0.1582811,,
l4,SMESG000013666.1,0.052202184,0.21048518,-0.158283,,
l4,SMESG000029273.1,0.07192866,0.2303097,-0.15838104,,
l4,SMESG000026924.1,0.062429633,0.22096938,-0.15853974,,
l4,SMESG000071444.1,0.06488875,0.22345687,-0.15856811,,
l4,SMESG000051237.1,0.060771987,0.21940733,-0.15863535,,
l4,SMESG000047012.1,0.07360286,0.23242857,-0.1588257,,
l4,SMESG000011290.1,0.060123324,0.21908705,-0.15896372,,
l4,SMESG000061417.1,0.05900989,0.21819927,-0.15918937,,
l4,SMESG000013662.1,0.05627012,0.21562512,-0.159355,,
l4,SMESG000012224.1,0.059426248,0.21931994,-0.15989369,,
l4,SMESG000064093.1,0.07534131,0.23529276,-0.15995145,,
l4,SMESG000014619.1,0.059994996,0.2200645,-0.16006951,,
l4,SMESG000072897.1,0.12369195,0.28387994,-0.16018799,,
l4,SMESG000006323.1,0.06432779,0.22459416,-0.16026637,,
l4,SMESG000051496.1,0.059041582,0.2193208,-0.16027921,,
l4,SMESG000081036.1,0.05760036,0.21793523,-0.16033487,,
l4,SMESG000001466.1,0.043688484,0.20404382,-0.16035533,,
l4,SMESG000038553.1,0.06552991,0.22594422,-0.16041431,,
l4,SMESG000021627.1,0.057568304,0.21801522,-0.16044691,,
l4,SMESG000062786.1,0.037393045,0.1979952,-0.16060215,,
l4,SMESG000080475.1,0.1216328,0.28232348,-0.16069068,,
l4,SMESG000043601.1,0.07671071,0.23748606,-0.16077536,,
l4,SMESG000033768.1,0.065865524,0.22668372,-0.16081819,,
l4,SMESG000032750.1,0.06916522,0.23009317,-0.16092795,,
l4,SMESG000022789.1,0.07457248,0.23592375,-0.16135126,,
l4,SMESG000004230.1,0.066706784,0.2282748,-0.16156802,,
l4,SMESG000053698.1,0.054709155,0.2164618,-0.16175264,,
l4,SMESG000044170.1,0.14921777,0.31160325,-0.16238548,,
l4,SMESG000008222.1,0.063494936,0.22597833,-0.1624834,,
l4,SMESG000074506.1,0.06622632,0.22871576,-0.16248944,,
l4,SMESG000000425.1,0.07122433,0.23373252,-0.16250819,,
l4,SMESG000011356.1,0.056286577,0.21880063,-0.16251406,,
l4,SMESG000052083.1,0.055405676,0.2179282,-0.16252252,,
l4,SMESG000015438.1,0.06759567,0.23082812,-0.16323245,,
l4,SMESG000017753.1,0.055245694,0.2186166,-0.1633709,,
l4,SMESG000039857.1,0.075469196,0.23907055,-0.16360135,,
l4,SMESG000059133.1,0.057383794,0.22116059,-0.1637768,,
l4,SMESG000074551.1,0.07458807,0.23843895,-0.16385087,,
l4,SMESG000025383.1,0.09526666,0.26008755,-0.16482088,,
l4,SMESG000024772.1,0.040893205,0.2061005,-0.1652073,,
l4,SMESG000081288.1,0.065929666,0.23116429,-0.16523463,,
l4,SMESG000004988.1,0.061620973,0.22695394,-0.16533297,,
l4,SMESG000014734.1,0.047316372,0.21291095,-0.16559458,,
l4,SMESG000006432.1,0.060763955,0.22642529,-0.16566133,,
l4,SMESG000008843.1,0.15054679,0.31629726,-0.16575047,,
l4,SMESG000028599.1,0.074572,0.24055889,-0.1659869,,
l4,SMESG000038869.1,0.06532156,0.23158577,-0.1662642,,
l4,SMESG000048218.1,0.065273285,0.23156291,-0.16628963,,
l4,SMESG000060467.1,0.05138517,0.21771957,-0.16633439,,
l4,SMESG000042238.1,0.07252974,0.23928629,-0.16675654,,
l4,SMESG000013213.1,0.10793762,0.27516562,-0.167228,,
l4,SMESG000038928.1,0.06621009,0.23352538,-0.16731529,,
l4,SMESG000053708.1,0.059810944,0.22728185,-0.1674709,,
l4,SMESG000009654.1,0.07986648,0.24750556,-0.16763908,,
l4,SMESG000037135.1,0.07655939,0.24426,-0.16770062,,
l4,SMESG000021272.1,0.07326682,0.24164635,-0.16837953,,
l4,SMESG000052430.1,0.07138443,0.23987909,-0.16849466,,
l4,SMESG000027817.1,0.06716404,0.23613162,-0.16896757,,
l4,SMESG000051964.1,0.04405668,0.2136169,-0.16956021,,
l4,SMESG000067941.1,0.07339395,0.24364303,-0.17024907,,
l4,SMESG000016908.1,0.059138138,0.22969863,-0.1705605,,
l4,SMESG000053202.1,0.09717417,0.26813233,-0.17095816,,
l4,SMESG000022049.1,0.041597776,0.21291274,-0.17131495,,
l4,SMESG000068025.1,0.080682665,0.2521622,-0.17147952,,
l4,SMESG000029126.1,0.059762694,0.23125955,-0.17149687,,
l4,SMESG000024545.1,0.071977064,0.24360712,-0.17163005,,
l4,SMESG000014265.1,0.06491237,0.2366375,-0.17172512,,
l4,SMESG000043864.1,0.075340666,0.2471215,-0.17178082,,
l4,SMESG000053168.1,0.07112805,0.24358387,-0.17245582,,
l4,SMESG000035843.1,0.063807264,0.23669381,-0.17288655,,
l4,SMESG000047488.1,0.051513046,0.22476509,-0.17325205,,
l4,SMESG000036036.1,0.10130685,0.27459723,-0.17329037,,
l4,SMESG000037707.1,0.060059078,0.23362873,-0.17356965,,
l4,SMESG000051015.1,0.06781218,0.24141534,-0.17360315,,
l4,SMESG000029594.1,0.06964557,0.2434291,-0.17378353,,
l4,SMESG000055576.1,0.069662295,0.2434791,-0.1738168,,
l4,SMESG000033877.1,0.07440353,0.2484336,-0.17403007,,
l4,SMESG000016218.1,0.065641396,0.23994282,-0.17430142,,
l4,SMESG000014824.1,0.07787212,0.2523872,-0.17451507,,
l4,SMESG000033574.1,0.06964655,0.24432684,-0.1746803,,
l4,SMESG000073379.1,0.07695886,0.2519394,-0.17498052,,
l4,SMESG000051913.1,0.046195388,0.2212338,-0.17503841,,
l4,SMESG000078818.1,0.07112796,0.24653639,-0.17540842,,
l4,SMESG000006567.1,0.074812256,0.25026622,-0.17545396,,
l4,SMESG000022764.1,0.05738399,0.23296402,-0.17558002,,
l4,SMESG000013473.1,0.067347325,0.24293473,-0.17558742,,
l4,SMESG000003454.1,0.06942209,0.2451598,-0.17573771,,
l4,SMESG000057004.1,0.0780319,0.2539096,-0.17587769,,
l4,SMESG000078668.1,0.07065535,0.24661645,-0.1759611,,
l4,SMESG000023010.1,0.041982185,0.2180411,-0.17605892,,
l4,SMESG000037971.1,0.057840742,0.23409963,-0.17625889,,
l4,SMESG000052032.1,0.070159025,0.24643987,-0.17628086,,
l4,SMESG000037748.1,0.062229514,0.2385976,-0.17636809,,
l4,SMESG000024881.1,0.05106478,0.2279579,-0.17689312,,
l4,SMESG000060686.1,0.0565751,0.23350894,-0.17693384,,
l4,SMESG000058491.1,0.072553776,0.24993794,-0.17738417,,
l4,SMESG000036946.1,0.090206265,0.26768762,-0.17748135,,
l4,SMESG000048843.1,0.08294141,0.26063648,-0.17769507,,
l4,SMESG000016883.1,0.08029898,0.25851256,-0.17821357,,
l4,SMESG000026865.1,0.06605017,0.24439095,-0.17834078,,
l4,SMESG000075533.1,0.067299515,0.24567959,-0.17838007,,
l4,SMESG000064593.1,0.068388656,0.2468007,-0.17841205,,
l4,SMESG000056268.1,0.07082414,0.24958335,-0.17875922,,
l4,SMESG000014182.1,0.07118419,0.24996841,-0.17878422,,
l4,SMESG000070985.1,0.102772795,0.28156212,-0.17878932,,
l4,SMESG000065433.1,0.07449958,0.2533725,-0.17887291,,
l4,SMESG000072818.1,0.071552366,0.2507296,-0.17917722,,
l4,SMESG000007145.1,0.10653724,0.2860226,-0.17948537,,
l4,SMESG000066078.1,0.058329172,0.2379661,-0.17963693,,
l4,SMESG000057909.1,0.07071958,0.25036952,-0.17964995,,
l4,SMESG000026870.1,0.08033822,0.26016423,-0.17982602,,
l4,SMESG000023987.1,0.08017893,0.2600182,-0.17983927,,
l4,SMESG000077266.1,0.04776478,0.22773401,-0.17996924,,
l4,SMESG000050640.1,0.045634516,0.22597173,-0.18033722,,
l4,SMESG000038602.1,0.07728707,0.25773752,-0.18045044,,
l4,SMESG000039746.1,0.09461111,0.2751564,-0.1805453,,
l4,SMESG000013908.1,0.06619433,0.24696791,-0.18077359,,
l4,SMESG000059431.1,0.074420124,0.25532532,-0.1809052,,
l4,SMESG000037255.1,0.07753516,0.25860924,-0.18107408,,
l4,SMESG000000703.1,0.07037465,0.2515401,-0.18116544,,
l4,SMESG000014949.1,0.076262,0.25779977,-0.18153778,,
l4,SMESG000023253.1,0.08845243,0.27017254,-0.18172011,,
l4,SMESG000010020.1,0.16555135,0.34736177,-0.18181042,,
l4,SMESG000074424.1,0.07827259,0.26027414,-0.18200156,,
l4,SMESG000055605.1,0.046803787,0.22881278,-0.182009,,
l4,SMESG000016570.1,0.06384758,0.24613506,-0.18228748,,
l4,SMESG000014298.1,0.05492537,0.23747718,-0.18255182,,
l4,SMESG000000928.1,0.08053876,0.2634129,-0.18287414,,
l4,SMESG000018835.1,0.079481766,0.26236305,-0.18288128,,
l4,SMESG000020075.1,0.079153225,0.26227474,-0.18312152,,
l4,SMESG000012977.1,0.07139241,0.254709,-0.18331659,,
l4,SMESG000034830.1,0.06725934,0.25069806,-0.18343872,,
l4,SMESG000032910.1,0.07076788,0.254284,-0.18351611,,
l4,SMESG000042735.1,0.06628281,0.25005493,-0.18377212,,
l4,SMESG000056430.1,0.10689737,0.29075903,-0.18386166,,
l4,SMESG000008328.1,0.070711054,0.25477564,-0.1840646,,
l4,SMESG000008791.1,0.07997056,0.26427448,-0.18430391,,
l4,SMESG000068918.1,0.10806708,0.29262403,-0.18455695,,
l4,SMESG000016331.1,0.077287346,0.26205754,-0.1847702,,
l4,SMESG000001797.1,0.10682558,0.29162464,-0.18479905,,
l4,SMESG000039761.1,0.081756555,0.26678896,-0.1850324,,
l4,SMESG000007797.1,0.073034234,0.2583519,-0.18531767,,
l4,SMESG000079004.1,0.10934084,0.29473144,-0.18539059,,
l4,SMESG000009484.1,0.07269757,0.2589286,-0.18623102,,
l4,SMESG000061767.1,0.045914933,0.23219848,-0.18628354,,
l4,SMESG000075106.1,0.07626919,0.26258034,-0.18631116,,
l4,SMESG000048912.1,0.06884532,0.25516546,-0.18632014,,
l4,SMESG000076166.1,0.09461065,0.28094783,-0.18633719,,
l4,SMESG000010652.1,0.06651437,0.25314793,-0.18663356,,
l4,SMESG000073691.1,0.11101428,0.29784203,-0.18682775,,
l4,SMESG000016088.1,0.108595595,0.2955856,-0.18699001,,
l4,SMESG000005130.1,0.065985695,0.2533248,-0.18733911,,
l4,SMESG000039266.1,0.07651809,0.26427588,-0.18775779,,
l4,SMESG000008050.1,0.07292186,0.26071268,-0.18779083,,
l4,SMESG000017288.1,0.068268254,0.25623196,-0.18796371,,
l4,SMESG000050554.1,0.053771865,0.24214429,-0.18837242,,
l4,SMESG000032411.1,0.082629226,0.27224076,-0.18961152,,
l4,SMESG000001249.1,0.06770788,0.25747922,-0.18977134,,
l4,SMESG000047749.1,0.06920554,0.25916022,-0.18995468,,
l4,SMESG000034612.1,0.09462696,0.2846312,-0.19000423,,
l4,SMESG000077361.1,0.039892137,0.23043032,-0.19053818,,
l4,SMESG000017237.1,0.09196812,0.2826314,-0.19066328,,
l4,SMESG000023665.1,0.0788891,0.2701118,-0.1912227,,
l4,SMESG000024268.1,0.07765524,0.26926368,-0.19160844,,
l4,SMESG000051726.1,0.05383601,0.2458643,-0.19202828,,
l4,SMESG000036870.1,0.10123547,0.2936461,-0.19241062,,
l4,SMESG000068863.1,0.08549672,0.2779774,-0.19248068,,
l4,SMESG000062065.1,0.08194873,0.2745777,-0.19262898,,
l4,SMESG000014166.1,0.12064155,0.31406155,-0.19342,,
l4,SMESG000025677.1,0.09236082,0.28606322,-0.1937024,,
l4,SMESG000015282.1,0.080883406,0.27515504,-0.19427162,,
l4,SMESG000016282.1,0.07299393,0.26748818,-0.19449425,,
l4,SMESG000072743.1,0.07355389,0.26806426,-0.19451037,,
l4,SMESG000028261.1,0.1461186,0.34125373,-0.19513513,,
l4,SMESG000078697.1,0.0675633,0.2629901,-0.19542679,,
l4,SMESG000081696.1,0.07132835,0.26699832,-0.19566998,,
l4,SMESG000072423.1,0.16483082,0.3608551,-0.19602428,,
l4,SMESG000008139.1,0.07518083,0.27129734,-0.1961165,,
l4,SMESG000072807.1,0.14857723,0.3449665,-0.19638927,,
l4,SMESG000035027.1,0.0369045,0.23368171,-0.19677721,,
l4,SMESG000049546.1,0.08165217,0.27848464,-0.19683248,,
l4,SMESG000010755.1,0.082957886,0.28000927,-0.19705138,,
l4,SMESG000067931.1,0.06677875,0.26456535,-0.1977866,,
l4,SMESG000044527.1,0.15867265,0.3564695,-0.19779687,,
l4,SMESG000063568.1,0.103381686,0.301269,-0.1978873,,
l4,SMESG000077800.1,0.07868902,0.27668378,-0.19799477,,
l4,SMESG000056142.1,0.08623383,0.284281,-0.19804716,,
l4,SMESG000074861.1,0.07373926,0.27192912,-0.19818985,,
l4,SMESG000006377.1,0.0964456,0.29505903,-0.19861344,,
l4,SMESG000014240.1,0.09697408,0.29679826,-0.19982418,,
l4,SMESG000056262.1,0.0777767,0.27766505,-0.19988835,,
l4,SMESG000029581.1,0.20016643,0.40083623,-0.2006698,,
l4,SMESG000022851.1,0.071047425,0.2720131,-0.20096567,,
l4,SMESG000000625.1,0.06467239,0.2658923,-0.20121992,,
l4,SMESG000017290.1,0.08367014,0.28518364,-0.2015135,,
l4,SMESG000013500.1,0.16113923,0.36272144,-0.20158221,,
l4,SMESG000054106.1,0.03591145,0.23779348,-0.20188203,,
l4,SMESG000065858.1,0.086409576,0.28847817,-0.2020686,,
l4,SMESG000056365.1,0.10884956,0.3109721,-0.20212254,,
l4,SMESG000058557.1,0.07558099,0.27798176,-0.20240077,,
l4,SMESG000046687.1,0.09630169,0.29942095,-0.20311926,,
l4,SMESG000056504.1,0.086120896,0.2895239,-0.203403,,
l4,SMESG000067583.1,0.072129056,0.27611554,-0.20398648,,
l4,SMESG000008209.1,0.08060321,0.28492454,-0.20432132,,
l4,SMESG000060313.1,0.082557745,0.28731376,-0.20475602,,
l4,SMESG000012673.1,0.076221064,0.28301787,-0.20679681,,
l4,SMESG000000632.1,0.08638689,0.29386213,-0.20747524,,
l4,SMESG000071278.1,0.096821286,0.30448428,-0.207663,,
l4,SMESG000064580.1,0.088083625,0.29609168,-0.20800805,,
l4,SMESG000022897.1,0.06704274,0.27522108,-0.20817834,,
l4,SMESG000033716.1,0.080739126,0.28901437,-0.20827524,,
l4,SMESG000071085.1,0.098679796,0.30696964,-0.20828985,,
l4,SMESG000024306.1,0.08742705,0.29584995,-0.2084229,,
l4,SMESG000062601.1,0.17162757,0.3802145,-0.20858695,,
l4,SMESG000023687.1,0.085592955,0.2944346,-0.20884165,,
l4,SMESG000044487.1,0.07178476,0.28063887,-0.20885411,,
l4,SMESG000024754.1,0.029936705,0.23880224,-0.20886554,,
l4,SMESG000037355.1,0.079914086,0.289137,-0.20922291,,
l4,SMESG000080705.1,0.08018679,0.29104376,-0.21085697,,
l4,SMESG000072821.1,0.07640617,0.28733197,-0.21092579,,
l4,SMESG000079959.1,0.092288606,0.30354634,-0.21125773,,
l4,SMESG000024933.1,0.092705145,0.30407298,-0.21136783,,
l4,SMESG000068141.1,0.09755107,0.30896074,-0.21140966,,
l4,SMESG000079740.1,0.040068183,0.25167713,-0.21160895,,
l4,SMESG000004171.1,0.09618955,0.30799282,-0.21180326,,
l4,SMESG000009447.1,0.08056298,0.2935447,-0.21298173,,
l4,SMESG000016252.1,0.0969256,0.31018928,-0.21326368,,
l4,SMESG000008043.1,0.117309764,0.3313635,-0.21405374,,
l4,SMESG000041117.1,0.06345471,0.27754876,-0.21409404,,
l4,SMESG000020808.1,0.06947787,0.2838351,-0.21435724,,
l4,SMESG000019836.1,0.08410202,0.2985334,-0.21443139,,
l4,SMESG000023047.1,0.08383061,0.29856622,-0.21473561,,
l4,SMESG000005298.1,0.09403433,0.3088012,-0.21476687,,
l4,SMESG000064836.1,0.079673745,0.29452956,-0.21485582,,
l4,SMESG000075369.1,0.08827568,0.30317461,-0.21489894,,
l4,SMESG000035963.1,0.0760536,0.29100618,-0.21495259,,
l4,SMESG000011029.1,0.0821487,0.2977462,-0.21559751,,
l4,SMESG000079631.1,0.093057215,0.30940267,-0.21634546,,
l4,SMESG000013911.1,0.1809129,0.39738485,-0.21647196,,
l4,SMESG000068535.1,0.0878752,0.30446267,-0.21658747,,
l4,SMESG000034758.1,0.14924933,0.36606163,-0.2168123,,
l4,SMESG000073869.1,0.09252784,0.30958846,-0.21706063,,
l4,SMESG000039299.1,0.074940324,0.29260007,-0.21765974,,
l4,SMESG000034017.1,0.09649339,0.3141652,-0.21767181,,
l4,SMESG000015535.1,0.08514411,0.30295902,-0.21781492,,
l4,SMESG000043852.1,0.05092831,0.26909435,-0.21816604,,
l4,SMESG000016245.1,0.08994191,0.30816448,-0.21822256,,
l4,SMESG000078591.1,0.07891289,0.2972429,-0.21833003,,
l4,SMESG000010412.1,0.08672196,0.3056893,-0.21896735,,
l4,SMESG000022877.1,0.09143981,0.31064084,-0.21920103,,
l4,SMESG000072849.1,0.08644938,0.3058498,-0.2194004,,
l4,SMESG000074553.1,0.097022094,0.3167286,-0.2197065,,
l4,SMESG000006859.1,0.06761157,0.2875084,-0.21989682,,
l4,SMESG000068286.1,0.09419479,0.31414917,-0.21995437,,
l4,SMESG000003391.1,0.09189545,0.3124152,-0.22051975,,
l4,SMESG000065334.1,0.09409057,0.31545514,-0.22136456,,
l4,SMESG000038972.1,0.08808369,0.30992427,-0.22184059,,
l4,SMESG000040933.1,0.10465475,0.32656962,-0.22191486,,
l4,SMESG000039126.1,0.098254345,0.32023233,-0.22197798,,
l4,SMESG000071613.1,0.07419557,0.29648268,-0.22228712,,
l4,SMESG000046742.1,0.08359815,0.30600756,-0.22240941,,
l4,SMESG000050382.1,0.1007465,0.32345268,-0.22270618,,
l4,SMESG000080901.1,0.08982155,0.3125827,-0.22276115,,
l4,SMESG000040291.1,0.13511103,0.3578889,-0.22277787,,
l4,SMESG000034989.1,0.08801183,0.31100553,-0.2229937,,
l4,SMESG000063825.1,0.08243692,0.30546644,-0.22302952,,
l4,SMESG000044681.1,0.09610897,0.3196691,-0.22356012,,
l4,SMESG000026649.1,0.085520424,0.30930185,-0.22378144,,
l4,SMESG000026537.1,0.08908475,0.3132944,-0.22420967,,
l4,SMESG000078435.1,0.08535272,0.30964363,-0.2242909,,
l4,SMESG000044563.1,0.16907358,0.39360452,-0.22453094,,
l4,SMESG000026465.1,0.08351076,0.30805364,-0.22454289,,
l4,SMESG000002633.1,0.07174381,0.29652286,-0.22477904,,
l4,SMESG000064126.1,0.06453625,0.2895898,-0.22505355,,
l4,SMESG000078868.1,0.09287342,0.3180023,-0.22512889,,
l4,SMESG000049015.1,0.08689023,0.31225398,-0.22536376,,
l4,SMESG000071294.1,0.09113553,0.3165368,-0.22540128,,
l4,SMESG000050288.1,0.07266594,0.2985696,-0.22590366,,
l4,SMESG000030828.1,0.09789525,0.32403776,-0.22614251,,
l4,SMESG000056978.1,0.08925303,0.31570482,-0.22645178,,
l4,SMESG000030596.1,0.05730331,0.28413266,-0.22682935,,
l4,SMESG000030582.1,0.09731835,0.3243594,-0.22704104,,
l4,SMESG000038704.1,0.08708254,0.3145842,-0.22750166,,
l4,SMESG000063570.1,0.07626132,0.3039069,-0.22764558,,
l4,SMESG000076636.1,0.06563306,0.29333055,-0.22769749,,
l4,SMESG000057944.1,0.12611945,0.35421294,-0.22809349,,
l4,SMESG000027408.1,0.08260518,0.3107419,-0.22813672,,
l4,SMESG000012051.1,0.08805168,0.31684673,-0.22879505,,
l4,SMESG000003941.1,0.084776014,0.31417647,-0.22940046,,
l4,SMESG000050948.1,0.091551885,0.32150128,-0.2299494,,
l4,SMESG000037569.1,0.24233219,0.4723301,-0.2299979,,
l4,SMESG000013722.1,0.07426774,0.30468956,-0.23042181,,
l4,SMESG000037106.1,0.10250009,0.33309722,-0.23059714,,
l4,SMESG000002904.1,0.09527554,0.32667902,-0.23140347,,
l4,SMESG000079304.1,0.12595707,0.3580664,-0.23210934,,
l4,SMESG000058074.1,0.14414164,0.3764837,-0.23234206,,
l4,SMESG000022139.1,0.047804907,0.28067574,-0.23287083,,
l4,SMESG000080526.1,0.08308611,0.31709048,-0.23400438,,
l4,SMESG000064985.1,0.08596132,0.32002112,-0.23405981,,
l4,SMESG000013910.1,0.13887288,0.3736569,-0.23478402,,
l4,SMESG000018297.1,0.10234027,0.3372549,-0.23491463,,
l4,SMESG000028873.1,0.09801457,0.33336303,-0.23534846,,
l4,SMESG000067387.1,0.26845276,0.50380224,-0.23534948,,
l4,SMESG000026698.1,0.11377583,0.34948674,-0.23571092,,
l4,SMESG000057720.1,0.08419021,0.32015648,-0.23596627,,
l4,SMESG000055869.1,0.09452337,0.3306408,-0.23611742,,
l4,SMESG000005578.1,0.035687044,0.2718445,-0.23615746,,
l4,SMESG000062507.1,0.07598936,0.3126773,-0.23668793,,
l4,SMESG000024603.1,0.12635158,0.36354622,-0.23719464,,
l4,SMESG000041107.1,0.071528636,0.30886126,-0.23733261,,
l4,SMESG000000639.1,0.0977748,0.33542255,-0.23764774,,
l4,SMESG000077385.1,0.09400276,0.33220887,-0.23820612,,
l4,SMESG000011275.1,0.22083876,0.45934394,-0.23850518,,
l4,SMESG000041594.1,0.09751871,0.3365491,-0.23903039,,
l4,SMESG000017020.1,0.08500003,0.32437316,-0.23937312,,
l4,SMESG000023063.1,0.12141019,0.36119696,-0.23978677,,
l4,SMESG000008845.1,0.08133178,0.32135618,-0.24002439,,
l4,SMESG000027979.1,0.056582883,0.29700038,-0.2404175,,
l4,SMESG000073800.1,0.10117892,0.34173575,-0.24055684,,
l4,SMESG000020955.1,0.14361349,0.384357,-0.24074352,,
l4,SMESG000027204.1,0.10262817,0.34361246,-0.24098429,,
l4,SMESG000027186.1,0.097206675,0.3385439,-0.24133721,,
l4,SMESG000034899.1,0.10294901,0.34460145,-0.24165244,,
l4,SMESG000028157.1,0.105832435,0.34756112,-0.2417287,,
l4,SMESG000049184.1,0.05141693,0.2933404,-0.24192348,,
l4,SMESG000037024.1,0.09109511,0.33314604,-0.24205092,,
l4,SMESG000045473.1,0.09252059,0.3347632,-0.2422426,,
l4,SMESG000003841.1,0.08677841,0.32906502,-0.24228662,,
l4,SMESG000041819.1,0.09803126,0.34038228,-0.24235103,,
l4,SMESG000009886.1,0.072769985,0.31528136,-0.24251138,,
l4,SMESG000030981.1,0.14139542,0.38478085,-0.24338543,,
l4,SMESG000044136.1,0.11205537,0.35562143,-0.24356607,,
l4,SMESG000059668.1,0.11014904,0.35393286,-0.24378382,,
l4,SMESG000012033.1,0.09019783,0.33405825,-0.24386042,,
l4,SMESG000050162.1,0.09422698,0.33893445,-0.24470747,,
l4,SMESG000000219.1,0.12726451,0.37234136,-0.24507685,,
l4,SMESG000010017.1,0.20435609,0.44964626,-0.24529018,,
l4,SMESG000015927.1,0.10414234,0.35057053,-0.24642819,,
l4,SMESG000000124.1,0.092857264,0.33943924,-0.24658197,,
l4,SMESG000032693.1,0.0899253,0.3365326,-0.2466073,,
l4,SMESG000023246.1,0.044529036,0.29118985,-0.24666081,,
l4,SMESG000075635.1,0.09839147,0.3455777,-0.24718621,,
l4,SMESG000014076.1,0.11341768,0.36132762,-0.24790993,,
l4,SMESG000017824.1,0.10599209,0.35486943,-0.24887733,,
l4,SMESG000040616.1,0.10338156,0.353111,-0.24972944,,
l4,SMESG000011386.1,0.07494818,0.32558295,-0.2506348,,
l4,SMESG000005324.1,0.13089184,0.38161963,-0.25072777,,
l4,SMESG000072854.1,0.108883575,0.3598276,-0.25094402,,
l4,SMESG000033176.1,0.09970533,0.35171962,-0.25201428,,
l4,SMESG000062403.1,0.103109285,0.3556335,-0.2525242,,
l4,SMESG000078773.1,0.11219166,0.36525768,-0.253066,,
l4,SMESG000073334.1,0.11024538,0.36432195,-0.25407657,,
l4,SMESG000080919.1,0.08869259,0.3431284,-0.25443584,,
l4,SMESG000078588.1,0.078808814,0.33447325,-0.25566444,,
l4,SMESG000019773.1,0.21742117,0.4733421,-0.25592092,,
l4,SMESG000017358.1,0.09414655,0.35017914,-0.2560326,,
l4,SMESG000020764.1,0.08717874,0.34349474,-0.256316,,
l4,SMESG000081249.1,0.10764278,0.36403763,-0.25639486,,
l4,SMESG000076582.1,0.055645328,0.3123426,-0.2566973,,
l4,SMESG000076142.1,0.062829986,0.31964418,-0.25681418,,
l4,SMESG000070862.1,0.098992445,0.35587266,-0.25688022,,
l4,SMESG000014632.1,0.10829825,0.36526066,-0.25696242,,
l4,SMESG000042179.1,0.087338924,0.3447599,-0.257421,,
l4,SMESG000030598.1,0.074010715,0.33144668,-0.25743598,,
l4,SMESG000023415.1,0.104246184,0.36182863,-0.25758243,,
l4,SMESG000016836.1,0.0698942,0.32778475,-0.25789055,,
l4,SMESG000026163.1,0.09143118,0.3493868,-0.25795564,,
l4,SMESG000056249.1,0.109854184,0.3685105,-0.25865632,,
l4,SMESG000002723.1,0.11000528,0.36874315,-0.25873786,,
l4,SMESG000035457.1,0.09927262,0.3581147,-0.25884205,,
l4,SMESG000024821.1,0.033652972,0.29294583,-0.25929287,,
l4,SMESG000052481.1,0.1141697,0.3753362,-0.2611665,,
l4,SMESG000029096.1,0.075564705,0.33681965,-0.26125494,,
l4,SMESG000062699.1,0.08791559,0.35026178,-0.26234618,,
l4,SMESG000060104.1,0.11863114,0.38114998,-0.26251882,,
l4,SMESG000053228.1,0.10651307,0.37037832,-0.26386523,,
l4,SMESG000007277.1,0.10145897,0.3662068,-0.26474783,,
l4,SMESG000071734.1,0.121748134,0.38666877,-0.26492065,,
l4,SMESG000066628.1,0.113112845,0.37957472,-0.26646188,,
l4,SMESG000042389.1,0.12793696,0.39540276,-0.2674658,,
l4,SMESG000002261.1,0.03566319,0.303505,-0.26784182,,
l4,SMESG000076890.1,0.10536781,0.3733212,-0.2679534,,
l4,SMESG000035436.1,0.100818336,0.36930174,-0.2684834,,
l4,SMESG000019639.1,0.119688325,0.38866687,-0.26897854,,
l4,SMESG000057910.1,0.13887428,0.40807122,-0.26919693,,
l4,SMESG000027305.1,0.096229136,0.36612502,-0.26989588,,
l4,SMESG000064284.1,0.10957274,0.38077652,-0.2712038,,
l4,SMESG000039842.1,0.0821486,0.35447648,-0.2723279,,
l4,SMESG000010589.1,0.103757374,0.37612945,-0.27237207,,
l4,SMESG000069852.1,0.109204546,0.3818265,-0.27262193,,
l4,SMESG000056344.1,0.12150668,0.3943471,-0.2728404,,
l4,SMESG000011219.1,0.11594786,0.38907552,-0.27312768,,
l4,SMESG000008280.1,0.09941687,0.37272123,-0.27330434,,
l4,SMESG000023677.1,0.08462365,0.3582001,-0.27357644,,
l4,SMESG000065075.1,0.1295875,0.40348548,-0.27389798,,
l4,SMESG000016846.1,0.103116736,0.3784193,-0.2753026,,
l4,SMESG000021482.1,0.101731874,0.3770374,-0.27530554,,
l4,SMESG000002993.1,0.10817136,0.383577,-0.27540565,,
l4,SMESG000076159.1,0.115155086,0.39060375,-0.27544868,,
l4,SMESG000008345.1,0.11417813,0.3904614,-0.27628326,,
l4,SMESG000062836.1,0.067235045,0.34411106,-0.276876,,
l4,SMESG000031958.1,0.13069202,0.4080598,-0.27736777,,
l4,SMESG000029882.1,0.118494995,0.39658174,-0.27808675,,
l4,SMESG000053861.1,0.060210735,0.33915624,-0.2789455,,
l4,SMESG000023167.1,0.12228303,0.40125516,-0.27897215,,
l4,SMESG000002076.1,0.11259199,0.39285994,-0.28026795,,
l4,SMESG000017174.1,0.10402216,0.38459197,-0.2805698,,
l4,SMESG000050509.1,0.116396785,0.39746296,-0.28106618,,
l4,SMESG000043443.1,0.07099928,0.35266116,-0.28166187,,
l4,SMESG000015099.1,0.11023779,0.39200592,-0.28176814,,
l4,SMESG000023342.1,0.12475836,0.40671,-0.28195164,,
l4,SMESG000043419.1,0.072376534,0.35490206,-0.28252554,,
l4,SMESG000024244.1,0.11035687,0.39304146,-0.2826846,,
l4,SMESG000065727.1,0.12696843,0.40999827,-0.28302985,,
l4,SMESG000068743.1,0.09115828,0.37462705,-0.28346878,,
l4,SMESG000016286.1,0.12280491,0.40642965,-0.28362474,,
l4,SMESG000026651.1,0.10647232,0.39132208,-0.28484976,,
l4,SMESG000080916.1,0.10342157,0.38840073,-0.28497916,,
l4,SMESG000011804.1,0.094795205,0.38008565,-0.28529045,,
l4,SMESG000043582.1,0.11093423,0.39702284,-0.28608862,,
l4,SMESG000041686.1,0.11142277,0.39753208,-0.2861093,,
l4,SMESG000035649.1,0.1380824,0.42486787,-0.28678548,,
l4,SMESG000004631.1,0.1499136,0.4367407,-0.2868271,,
l4,SMESG000024340.1,0.117293276,0.40468338,-0.2873901,,
l4,SMESG000067789.1,0.10535163,0.39372405,-0.28837243,,
l4,SMESG000003831.1,0.11333677,0.4021188,-0.28878203,,
l4,SMESG000045122.1,0.11987243,0.4095823,-0.28970987,,
l4,SMESG000056362.1,0.16715522,0.4574261,-0.29027086,,
l4,SMESG000037103.1,0.114057995,0.40504628,-0.2909883,,
l4,SMESG000047328.1,0.115259185,0.40648368,-0.29122448,,
l4,SMESG000027213.1,0.1309966,0.42241442,-0.29141784,,
l4,SMESG000039918.1,0.12450142,0.41639543,-0.29189402,,
l4,SMESG000072456.1,0.2156821,0.5080057,-0.2923236,,
l4,SMESG000058272.1,0.11710936,0.40978205,-0.2926727,,
l4,SMESG000047333.1,0.12953953,0.42238587,-0.29284632,,
l4,SMESG000044335.1,0.23439802,0.5276992,-0.29330117,,
l4,SMESG000029240.1,0.1043345,0.39801553,-0.29368103,,
l4,SMESG000032321.1,0.09171202,0.3855448,-0.29383278,,
l4,SMESG000042839.1,0.06041134,0.35475895,-0.2943476,,
l4,SMESG000001317.1,0.114449956,0.40889305,-0.2944431,,
l4,SMESG000025004.1,0.110052794,0.4056024,-0.2955496,,
l4,SMESG000047827.1,0.2480472,0.54363704,-0.29558983,,
l4,SMESG000021912.1,0.18014286,0.47592303,-0.29578018,,
l4,SMESG000004606.1,0.13014019,0.42592043,-0.29578024,,
l4,SMESG000081113.1,0.12305256,0.41893023,-0.29587767,,
l4,SMESG000058039.1,0.13506518,0.43146807,-0.29640287,,
l4,SMESG000031905.1,0.11211901,0.40872738,-0.29660836,,
l4,SMESG000075449.1,0.109020166,0.4061222,-0.29710203,,
l4,SMESG000007314.1,0.12665649,0.42402935,-0.29737288,,
l4,SMESG000060723.1,0.13873047,0.4365254,-0.29779494,,
l4,SMESG000032777.1,0.13066827,0.42869025,-0.29802197,,
l4,SMESG000002387.1,0.1150427,0.41369903,-0.29865634,,
l4,SMESG000051516.1,0.15257931,0.45144236,-0.29886305,,
l4,SMESG000024961.1,0.10491128,0.40463564,-0.29972434,,
l4,SMESG000062111.1,0.133887,0.43401578,-0.3001288,,
l4,SMESG000010007.1,0.13978778,0.44021088,-0.3004231,,
l4,SMESG000024822.1,0.10801092,0.408975,-0.3009641,,
l4,SMESG000003228.1,0.0805466,0.38157037,-0.30102378,,
l4,SMESG000074337.1,0.12146678,0.422636,-0.30116922,,
l4,SMESG000021391.1,0.109980896,0.41130295,-0.30132204,,
l4,SMESG000026646.1,0.108883955,0.41070575,-0.3018218,,
l4,SMESG000048024.1,0.15099551,0.45351347,-0.30251795,,
l4,SMESG000024741.1,0.15697922,0.46007746,-0.30309826,,
l4,SMESG000014290.1,0.11594816,0.4202615,-0.30431333,,
l4,SMESG000080319.1,0.14475858,0.44950324,-0.30474466,,
l4,SMESG000022050.1,0.0900212,0.39563853,-0.30561733,,
l4,SMESG000008757.1,0.101675205,0.40777102,-0.3060958,,
l4,SMESG000036895.1,0.1456076,0.45259982,-0.30699223,,
l4,SMESG000051918.1,0.15446049,0.46184814,-0.30738765,,
l4,SMESG000018602.1,0.09727735,0.40500897,-0.30773163,,
l4,SMESG000034095.1,0.097454846,0.40521857,-0.30776373,,
l4,SMESG000060612.1,0.10029729,0.4091834,-0.3088861,,
l4,SMESG000072548.1,0.09036604,0.4002841,-0.30991808,,
l4,SMESG000027526.1,0.122299135,0.43456054,-0.3122614,,
l4,SMESG000020880.1,0.12772143,0.44041947,-0.31269804,,
l4,SMESG000008082.1,0.1155718,0.42851177,-0.31293997,,
l4,SMESG000024991.1,0.1259184,0.43895534,-0.31303692,,
l4,SMESG000014792.1,0.09449018,0.4086444,-0.31415424,,
l4,SMESG000016436.1,0.13420731,0.4486437,-0.3144364,,
l4,SMESG000055989.1,0.12885043,0.44578162,-0.3169312,,
l4,SMESG000000391.1,0.12370873,0.4407785,-0.31706977,,
l4,SMESG000066039.1,0.12634407,0.44344825,-0.31710416,,
l4,SMESG000038397.1,0.1290267,0.44667622,-0.31764954,,
l4,SMESG000023205.1,0.15438914,0.47285563,-0.31846648,,
l4,SMESG000019341.1,0.040476635,0.35919732,-0.3187207,,
l4,SMESG000000556.1,0.13178225,0.45087963,-0.3190974,,
l4,SMESG000003099.1,0.14592816,0.4654767,-0.31954855,,
l4,SMESG000058940.1,0.11754991,0.4372505,-0.3197006,,
l4,SMESG000003543.1,0.15021802,0.47109717,-0.32087916,,
l4,SMESG000043634.1,0.050423924,0.3717088,-0.3212849,,
l4,SMESG000015341.1,0.14282161,0.46491817,-0.32209656,,
l4,SMESG000031469.1,0.1389312,0.46119046,-0.32225925,,
l4,SMESG000081251.1,0.124934904,0.44868863,-0.3237537,,
l4,SMESG000013389.1,0.14471278,0.46959364,-0.32488087,,
l4,SMESG000035183.1,0.10471751,0.4298234,-0.3251059,,
l4,SMESG000062284.1,0.12822555,0.45480564,-0.3265801,,
l4,SMESG000021565.1,0.14423835,0.4714816,-0.32724324,,
l4,SMESG000047739.1,0.082628876,0.41013873,-0.32750985,,
l4,SMESG000018845.1,0.13747385,0.46633777,-0.32886392,,
l4,SMESG000016977.1,0.087106206,0.41690147,-0.32979527,,
l4,SMESG000045656.1,0.1521318,0.48268723,-0.33055544,,
l4,SMESG000044206.1,0.1330308,0.46544707,-0.33241627,,
l4,SMESG000073666.1,0.1946336,0.5276893,-0.33305568,,
l4,SMESG000055572.1,0.15601498,0.48976025,-0.33374527,,
l4,SMESG000061897.1,0.15828137,0.4926306,-0.33434922,,
l4,SMESG000060876.1,0.14400733,0.47846487,-0.33445755,,
l4,SMESG000025003.1,0.10261984,0.43770635,-0.33508652,,
l4,SMESG000061591.1,0.13748288,0.47316748,-0.3356846,,
l4,SMESG000017700.1,0.15751325,0.49486977,-0.3373565,,
l4,SMESG000019835.1,0.1310371,0.4686463,-0.33760917,,
l4,SMESG000005721.1,0.15726207,0.49583235,-0.3385703,,
l4,SMESG000008704.1,0.15650295,0.49702987,-0.34052694,,
l4,SMESG000003701.1,0.18288147,0.5234657,-0.34058422,,
l4,SMESG000028420.1,0.10239522,0.4432364,-0.34084117,,
l4,SMESG000045448.1,0.13730633,0.47836784,-0.3410615,,
l4,SMESG000076529.1,0.1199602,0.46171775,-0.34175757,,
l4,SMESG000067696.1,0.1362651,0.4788442,-0.3425791,,
l4,SMESG000050229.1,0.14484014,0.48791614,-0.343076,,
l4,SMESG000053020.1,0.20417626,0.54728913,-0.3431129,,
l4,SMESG000038766.1,0.14070816,0.4838728,-0.34316462,,
l4,SMESG000007197.1,0.110434964,0.45389655,-0.34346157,,
l4,SMESG000061762.1,0.110884964,0.45466682,-0.34378186,,
l4,SMESG000068982.1,0.15704094,0.501413,-0.34437203,,
l4,SMESG000016726.1,0.13423946,0.4792048,-0.34496534,,
l4,SMESG000070256.1,0.1101575,0.45540765,-0.34525016,,
l4,SMESG000022390.1,0.13135703,0.47686228,-0.34550524,,
l4,SMESG000038855.1,0.1608252,0.5063609,-0.3455357,,
l4,SMESG000012954.1,0.15157957,0.49717382,-0.34559423,,
l4,SMESG000015778.1,0.12588766,0.47155136,-0.3456637,,
l4,SMESG000079805.1,0.14486128,0.49099904,-0.34613776,,
l4,SMESG000077782.1,0.14107881,0.4875275,-0.34644866,,
l4,SMESG000011269.1,0.3044634,0.6514525,-0.3469891,,
l4,SMESG000029426.1,0.14919484,0.4968893,-0.34769446,,
l4,SMESG000064161.1,0.122203305,0.47008297,-0.34787965,,
l4,SMESG000022850.1,0.09510666,0.44374081,-0.34863415,,
l4,SMESG000016283.1,0.14782453,0.49675584,-0.3489313,,
l4,SMESG000076604.1,0.16158698,0.5116883,-0.3501013,,
l4,SMESG000003121.1,0.15507868,0.50521624,-0.35013756,,
l4,SMESG000022762.1,0.14182042,0.4935497,-0.35172927,,
l4,SMESG000062712.1,0.14659256,0.49910364,-0.35251108,,
l4,SMESG000005289.1,0.12586322,0.47994915,-0.35408592,,
l4,SMESG000042470.1,0.1512033,0.50535446,-0.35415116,,
l4,SMESG000078683.1,0.23189858,0.5866524,-0.35475382,,
l4,SMESG000022725.1,0.1447748,0.5004752,-0.35570043,,
l4,SMESG000008737.1,0.1735872,0.53031754,-0.35673034,,
l4,SMESG000007225.1,0.121761866,0.4788765,-0.35711464,,
l4,SMESG000021514.1,0.14748915,0.50522614,-0.357737,,
l4,SMESG000011907.1,0.14339855,0.5019078,-0.35850927,,
l4,SMESG000011261.1,0.30500907,0.6635833,-0.3585742,,
l4,SMESG000025683.1,0.1129678,0.4733525,-0.3603847,,
l4,SMESG000008924.1,0.12200296,0.48296338,-0.36096042,,
l4,SMESG000070280.1,0.05839258,0.42126933,-0.36287674,,
l4,SMESG000070260.1,0.18912561,0.5520458,-0.36292022,,
l4,SMESG000019342.1,0.16403162,0.5270843,-0.36305267,,
l4,SMESG000026697.1,0.18949364,0.55280095,-0.3633073,,
l4,SMESG000066978.1,0.13886765,0.5033337,-0.36446604,,
l4,SMESG000073546.1,0.144191,0.50888795,-0.36469695,,
l4,SMESG000001635.1,0.15661578,0.5220949,-0.3654791,,
l4,SMESG000054105.1,0.051609006,0.41970497,-0.36809596,,
l4,SMESG000051721.1,0.091335595,0.45963722,-0.36830163,,
l4,SMESG000061402.1,0.1474015,0.51627487,-0.36887336,,
l4,SMESG000046732.1,0.046354905,0.41567424,-0.36931932,,
l4,SMESG000005505.1,0.0649371,0.43508253,-0.37014544,,
l4,SMESG000029164.1,0.15080231,0.52214205,-0.37133974,,
l4,SMESG000025700.1,0.15037932,0.52184635,-0.37146705,,
l4,SMESG000031448.1,0.14552164,0.5177571,-0.37223548,,
l4,SMESG000043092.1,0.15184425,0.5249612,-0.3731169,,
l4,SMESG000024368.1,0.16722363,0.5403875,-0.37316388,,
l4,SMESG000055743.1,0.15692574,0.5313498,-0.37442404,,
l4,SMESG000000196.1,0.14170924,0.51646,-0.37475076,,
l4,SMESG000081496.1,0.16281898,0.5386476,-0.37582862,,
l4,SMESG000079665.1,0.17558125,0.5525105,-0.37692925,,
l4,SMESG000017249.1,0.15294118,0.5302324,-0.37729126,,
l4,SMESG000070173.1,0.15544716,0.5335734,-0.37812623,,
l4,SMESG000079924.1,0.07239216,0.45080423,-0.37841207,,
l4,SMESG000039090.1,0.12471799,0.5036302,-0.37891224,,
l4,SMESG000080294.1,0.14244418,0.521776,-0.37933183,,
l4,SMESG000022047.1,0.16921532,0.5507375,-0.38152218,,
l4,SMESG000014369.1,0.17212982,0.55429393,-0.38216412,,
l4,SMESG000026284.1,0.1664948,0.5489121,-0.38241732,,
l4,SMESG000009833.1,0.14442301,0.52699965,-0.38257664,,
l4,SMESG000067391.1,0.41052887,0.7932638,-0.38273492,,
l4,SMESG000066557.1,0.11774175,0.50083905,-0.3830973,,
l4,SMESG000017013.1,0.22131345,0.60570025,-0.3843868,,
l4,SMESG000019700.1,0.1371219,0.5215469,-0.38442498,,
l4,SMESG000026696.1,0.15402071,0.5394565,-0.38543576,,
l4,SMESG000025495.1,0.2428292,0.6304447,-0.3876155,,
l4,SMESG000035241.1,0.15140502,0.539578,-0.38817298,,
l4,SMESG000027311.1,0.22169726,0.61239684,-0.39069957,,
l4,SMESG000077197.1,0.11799019,0.50999933,-0.39200914,,
l4,SMESG000010356.1,0.16010685,0.55362123,-0.3935144,,
l4,SMESG000043445.1,0.107352786,0.50134546,-0.39399266,,
l4,SMESG000054547.1,0.12067262,0.51471835,-0.39404574,,
l4,SMESG000048449.1,0.13540068,0.5298927,-0.394492,,
l4,SMESG000022839.1,0.24657698,0.6413064,-0.39472944,,
l4,SMESG000073809.1,0.14688046,0.54404247,-0.39716202,,
l4,SMESG000068122.1,0.15683202,0.5562221,-0.39939004,,
l4,SMESG000062420.1,0.14505588,0.5464203,-0.4013644,,
l4,SMESG000028183.1,0.19204813,0.5941234,-0.4020753,,
l4,SMESG000058328.1,0.12234668,0.52444327,-0.4020966,,
l4,SMESG000055805.1,0.10221749,0.5066156,-0.40439808,,
l4,SMESG000031795.1,0.22290865,0.62847376,-0.4055651,,
l4,SMESG000024280.1,0.16424814,0.57126117,-0.40701303,,
l4,SMESG000061917.1,0.15957984,0.5672132,-0.40763333,,
l4,SMESG000010139.1,0.15312515,0.561176,-0.40805084,,
l4,SMESG000077643.1,0.17524348,0.5833025,-0.408059,,
l4,SMESG000039495.1,0.1808729,0.58932006,-0.40844715,,
l4,SMESG000033349.1,0.15290913,0.5640813,-0.41117218,,
l4,SMESG000038340.1,0.18731755,0.5996439,-0.41232634,,
l4,SMESG000034246.1,0.17233698,0.58510673,-0.41276973,,
l4,SMESG000018349.1,0.18124603,0.59457725,-0.4133312,,
l4,SMESG000042736.1,0.14768134,0.5612967,-0.41361535,,
l4,SMESG000004897.1,0.16097021,0.57587445,-0.41490424,,
l4,SMESG000050730.1,0.1698495,0.5872114,-0.41736186,,
l4,SMESG000040791.1,0.18218125,0.6015572,-0.41937596,,
l4,SMESG000048192.1,0.20295978,0.62348825,-0.42052847,,
l4,SMESG000016237.1,0.1522535,0.5747433,-0.42248976,,
l4,SMESG000045132.1,0.21397659,0.63657075,-0.42259416,,
l4,SMESG000051915.1,0.09217477,0.5171799,-0.42500514,,
l4,SMESG000027783.1,0.17971282,0.60474074,-0.4250279,,
l4,SMESG000074187.1,0.27535245,0.7031017,-0.42774925,,
l4,SMESG000081075.1,0.17527033,0.60358757,-0.42831725,,
l4,SMESG000012332.1,0.12905912,0.5602013,-0.43114215,,
l4,SMESG000066693.1,0.1881975,0.6207612,-0.43256372,,
l4,SMESG000033377.1,0.18147978,0.61496806,-0.43348828,,
l4,SMESG000070321.1,0.16126676,0.59552103,-0.4342543,,
l4,SMESG000037203.1,0.16820794,0.6058119,-0.43760395,,
l4,SMESG000049716.1,0.18574326,0.6273077,-0.44156444,,
l4,SMESG000004536.1,0.1242934,0.5679276,-0.4436342,,
l4,SMESG000035330.1,0.284739,0.7291985,-0.44445953,,
l4,SMESG000045501.1,0.17892891,0.62360215,-0.44467324,,
l4,SMESG000078181.1,0.18400338,0.62959856,-0.44559518,,
l4,SMESG000063435.1,0.12735255,0.5743314,-0.44697887,,
l4,SMESG000012317.1,0.15788755,0.6089898,-0.45110223,,
l4,SMESG000009012.1,0.16996904,0.6222084,-0.4522394,,
l4,SMESG000072804.1,0.37448332,0.8276202,-0.4531369,,
l4,SMESG000044323.1,0.14953797,0.6031265,-0.45358855,,
l4,SMESG000080788.1,0.15435894,0.60930884,-0.45494992,,
l4,SMESG000025001.1,0.17263773,0.6289917,-0.456354,,
l4,SMESG000013909.1,0.24993543,0.7076753,-0.45773983,,
l4,SMESG000054543.1,0.15302964,0.6138233,-0.46079367,,
l4,SMESG000048475.1,0.15910767,0.6201774,-0.4610697,,
l4,SMESG000043862.1,0.17935827,0.64102423,-0.46166596,,
l4,SMESG000068003.1,0.19260801,0.6548646,-0.4622566,,
l4,SMESG000060019.1,0.19752155,0.66007864,-0.46255708,,
l4,SMESG000003839.1,0.1868286,0.64956665,-0.46273804,,
l4,SMESG000003212.1,0.18407962,0.64748174,-0.46340212,,
l4,SMESG000026825.1,0.14032607,0.60382926,-0.46350318,,
l4,SMESG000037949.1,0.19152047,0.655105,-0.46358454,,
l4,SMESG000047490.1,0.13695358,0.601231,-0.4642774,,
l4,SMESG000056595.1,0.20614621,0.6719386,-0.4657924,,
l4,SMESG000059984.1,0.20831172,0.6745006,-0.46618885,,
l4,SMESG000038005.1,0.24771704,0.71530426,-0.46758723,,
l4,SMESG000040758.1,0.195636,0.6647978,-0.46916178,,
l4,SMESG000081370.1,0.054524615,0.5262885,-0.4717639,,
l4,SMESG000081970.1,0.19320427,0.6654133,-0.47220904,,
l4,SMESG000059352.1,0.17492494,0.64818424,-0.4732593,,
l4,SMESG000018556.1,0.20130362,0.6755213,-0.4742177,,
l4,SMESG000026323.1,0.18390669,0.6582545,-0.47434783,,
l4,SMESG000025655.1,0.09639632,0.5742996,-0.47790325,,
l4,SMESG000004912.1,0.21630256,0.6960264,-0.4797238,,
l4,SMESG000051013.1,0.1445356,0.6248185,-0.4802829,,
l4,SMESG000078545.1,0.28313884,0.76534575,-0.4822069,,
l4,SMESG000056256.1,0.19854884,0.68091947,-0.48237062,,
l4,SMESG000028920.1,0.19225334,0.6781352,-0.48588187,,
l4,SMESG000035316.1,0.25071996,0.73699576,-0.4862758,,
l4,SMESG000009924.1,0.19080198,0.6776565,-0.4868545,,
l4,SMESG000012740.1,0.1735811,0.6606577,-0.4870766,,
l4,SMESG000037574.1,0.59131485,1.0785317,-0.4872169,,
l4,SMESG000061901.1,0.17137615,0.66138715,-0.49001098,,
l4,SMESG000079886.1,0.17817746,0.6683818,-0.49020433,,
l4,SMESG000015143.1,0.24711159,0.7377748,-0.4906632,,
l4,SMESG000064512.1,0.20562196,0.7013377,-0.49571574,,
l4,SMESG000034284.1,0.40376025,0.89951676,-0.4957565,,
l4,SMESG000007128.1,0.075178996,0.5712051,-0.4960261,,
l4,SMESG000016657.1,0.21215753,0.70864534,-0.4964878,,
l4,SMESG000020509.1,0.09684533,0.59699744,-0.5001521,,
l4,SMESG000058043.1,0.22908503,0.7311054,-0.50202036,,
l4,SMESG000074053.1,0.16587366,0.66789913,-0.5020255,,
l4,SMESG000020341.1,0.20132619,0.70351577,-0.5021896,,
l4,SMESG000069981.1,0.20810287,0.72036403,-0.51226115,,
l4,SMESG000023323.1,0.20697065,0.7208508,-0.5138802,,
l4,SMESG000027545.1,0.2656902,0.78020316,-0.51451296,,
l4,SMESG000005493.1,0.046643756,0.5618079,-0.51516414,,
l4,SMESG000072805.1,0.39981788,0.9162369,-0.516419,,
l4,SMESG000034594.1,0.20744623,0.7250606,-0.51761436,,
l4,SMESG000066927.1,0.15910499,0.6838033,-0.5246983,,
l4,SMESG000071344.1,0.28987557,0.820487,-0.53061146,,
l4,SMESG000036410.1,0.19246861,0.72344595,-0.53097737,,
l4,SMESG000026176.1,0.21259846,0.7439514,-0.53135294,,
l4,SMESG000027823.1,0.245826,0.7771992,-0.5313732,,
l4,SMESG000033951.1,0.22108608,0.75394195,-0.53285587,,
l4,SMESG000003144.1,0.18458699,0.7178334,-0.5332464,,
l4,SMESG000072162.1,0.19832967,0.7325689,-0.53423923,,
l4,SMESG000025704.1,0.20724528,0.7437801,-0.5365348,,
l4,SMESG000049512.1,0.19558324,0.73684573,-0.5412625,,
l4,SMESG000051914.1,0.29428428,0.83817387,-0.5438896,,
l4,SMESG000049103.1,0.16597418,0.71425796,-0.54828376,,
l4,SMESG000060389.1,0.55531156,1.1052495,-0.54993796,,
l4,SMESG000024345.1,0.25054407,0.8026129,-0.5520688,,
l4,SMESG000049154.1,0.2447332,0.79860663,-0.5538734,,
l4,SMESG000035348.1,0.22729635,0.78183305,-0.5545367,,
l4,SMESG000017203.1,0.33779085,0.897409,-0.5596182,,
l4,SMESG000054251.1,0.11046864,0.670321,-0.55985236,,
l4,SMESG000019984.1,0.30888227,0.8741768,-0.5652945,,
l4,SMESG000057599.1,0.16290243,0.72988206,-0.56697965,,
l4,SMESG000050486.1,0.23979914,0.80901116,-0.569212,,
l4,SMESG000062896.1,0.4392052,1.0158798,-0.5766746,,
l4,SMESG000014460.1,0.08789761,0.66476846,-0.57687086,,
l4,SMESG000036539.1,0.22961277,0.8111993,-0.58158654,,
l4,SMESG000010944.1,0.2147247,0.796969,-0.5822443,,
l4,SMESG000060415.1,0.26122305,0.8440636,-0.58284056,,
l4,SMESG000005487.1,0.1269686,0.7104913,-0.5835227,,
l4,SMESG000023649.1,0.277096,0.86199737,-0.58490133,,
l4,SMESG000051904.1,0.09404086,0.67949957,-0.5854587,,
l4,SMESG000003398.1,0.21042082,0.79842454,-0.58800375,,
l4,SMESG000066020.1,0.21725263,0.80832124,-0.5910686,,
l4,SMESG000018333.1,0.2686462,0.8618743,-0.5932281,,
l4,SMESG000018770.1,0.20377833,0.79771024,-0.5939319,,
l4,SMESG000043420.1,0.16289443,0.75699574,-0.5941013,,
l4,SMESG000001708.1,0.3072954,0.9022003,-0.5949049,,
l4,SMESG000081151.1,0.25022438,0.84969497,-0.5994706,,
l4,SMESG000075230.1,0.064335406,0.66485924,-0.6005238,,
l4,SMESG000009320.1,0.21581088,0.81958395,-0.60377306,,
l4,SMESG000018727.1,0.298314,0.9116835,-0.61336946,,
l4,SMESG000009912.1,0.19241928,0.80602485,-0.61360556,,
l4,SMESG000067668.1,0.5473704,1.1611087,-0.61373836,,
l4,SMESG000044540.1,0.19164242,0.80543846,-0.61379606,,
l4,SMESG000036533.1,0.30236897,0.93590003,-0.6335311,,
l4,SMESG000049924.1,0.3772717,1.0148124,-0.63754064,,
l4,SMESG000000190.1,0.1870896,0.8259301,-0.6388405,,
l4,SMESG000049109.1,0.27224892,0.91265666,-0.64040774,,
l4,SMESG000020853.1,0.2353724,0.8764848,-0.64111245,,
l4,SMESG000081077.1,0.2885093,0.93206275,-0.64355344,,
l4,SMESG000036375.1,0.2813406,0.9256553,-0.6443147,,
l4,SMESG000078631.1,0.23795177,0.8834991,-0.64554733,,
l4,SMESG000000175.1,0.23246591,0.8793667,-0.6469008,,
l4,SMESG000048111.1,0.254803,0.9031167,-0.6483137,,
l4,SMESG000003566.1,0.14451168,0.7929706,-0.6484589,,
l4,SMESG000015244.1,0.22857198,0.8772768,-0.64870477,,
l4,SMESG000079650.1,0.20682225,0.8574333,-0.65061104,,
l4,SMESG000007294.1,0.2808359,0.9347827,-0.65394676,,
l4,SMESG000056926.1,0.2737883,0.93321466,-0.65942633,,
l4,SMESG000024857.1,0.15029317,0.81238186,-0.6620887,,
l4,SMESG000065325.1,0.2875009,0.95025414,-0.6627532,,
l4,SMESG000012668.1,0.302703,0.96961623,-0.6669133,,
l4,SMESG000021192.1,0.29924467,0.96762496,-0.66838026,,
l4,SMESG000041085.1,0.23845138,0.914835,-0.6763836,,
l4,SMESG000077304.1,0.2425503,0.9193734,-0.6768231,,
l4,SMESG000049306.1,0.2394114,0.9197299,-0.6803185,,
l4,SMESG000062602.1,0.5405795,1.2215455,-0.68096596,,
l4,SMESG000016307.1,0.57764804,1.2598808,-0.68223274,,
l4,SMESG000035327.1,0.4614149,1.1443028,-0.6828879,,
l4,SMESG000025000.1,0.27539164,0.9591849,-0.68379325,,
l4,SMESG000035344.1,0.32913268,1.0151193,-0.68598664,,
l4,SMESG000032522.1,0.40935484,1.0967574,-0.6874026,,
l4,SMESG000003089.1,0.24857569,0.9365746,-0.6879989,,
l4,SMESG000017125.1,0.417045,1.1056418,-0.68859684,,
l4,SMESG000067659.1,0.5927142,1.2826282,-0.689914,,
l4,SMESG000045852.1,0.29920354,0.99784505,-0.69864154,,
l4,SMESG000056995.1,0.22595446,0.9298874,-0.70393294,,
l4,SMESG000001790.1,0.32043958,1.0263057,-0.7058661,,
l4,SMESG000023846.1,0.44682416,1.1532152,-0.706391,,
l4,SMESG000014167.1,0.42904446,1.1359606,-0.7069161,,
l4,SMESG000035335.1,0.4574803,1.1658885,-0.70840824,,
l4,SMESG000006056.1,0.2264448,0.9350289,-0.70858413,,
l4,SMESG000022873.1,0.2908641,1.0019984,-0.7111343,,
l4,SMESG000076939.1,0.2653431,0.9769419,-0.71159875,,
l4,SMESG000007739.1,0.22615254,0.9378526,-0.7117001,,
l4,SMESG000066843.1,0.20023875,0.913046,-0.71280724,,
l4,SMESG000058073.1,0.28148377,0.99459296,-0.7131092,,
l4,SMESG000067773.1,0.23795447,0.95999694,-0.72204244,,
l4,SMESG000077202.1,0.36393347,1.0897603,-0.72582686,,
l4,SMESG000073870.1,0.3571739,1.086361,-0.72918713,,
l4,SMESG000025002.1,0.30958518,1.0397277,-0.7301425,,
l4,SMESG000030594.1,0.6068981,1.3385562,-0.73165804,,
l4,SMESG000070471.1,0.30053058,1.0324591,-0.7319286,,
l4,SMESG000037978.1,0.42512706,1.1682904,-0.74316335,,
l4,SMESG000030972.1,0.31856588,1.0723734,-0.75380754,,
l4,SMESG000016993.1,0.4086698,1.1626618,-0.75399196,,
l4,SMESG000009341.1,0.2616481,1.0216166,-0.7599685,,
l4,SMESG000066414.1,0.5299306,1.2936493,-0.7637187,,
l4,SMESG000044171.1,0.764549,1.5323334,-0.76778436,,
l4,SMESG000026848.1,0.1822306,0.9535364,-0.7713058,,
l4,SMESG000050010.1,0.32348374,1.0983468,-0.7748631,,
l4,SMESG000069968.1,0.3087011,1.0869715,-0.7782704,,
l4,SMESG000029500.1,0.3563067,1.1447594,-0.78845274,,
l4,SMESG000057324.1,0.31664774,1.1063442,-0.78969646,,
l4,SMESG000007869.1,0.34403354,1.1350617,-0.7910282,,
l4,SMESG000060552.1,0.3272508,1.1221043,-0.79485345,,
l4,SMESG000002071.1,0.25817105,1.0532683,-0.79509723,,
l4,SMESG000005086.1,0.34396368,1.1431341,-0.79917043,,
l4,SMESG000072522.1,0.35487258,1.1546476,-0.799775,,
l4,SMESG000010769.1,0.30408412,1.1065937,-0.8025096,,
l4,SMESG000031796.1,0.44603488,1.2513363,-0.8053014,,
l4,SMESG000062123.1,0.35604957,1.1615075,-0.80545795,,
l4,SMESG000067681.1,0.745588,1.5578352,-0.8122472,,
l4,SMESG000016909.1,0.24951677,1.0624923,-0.81297547,,
l4,SMESG000047284.1,0.16701566,0.9805959,-0.8135802,,
l4,SMESG000038678.1,0.15696268,0.97374624,-0.81678355,,
l4,SMESG000064169.1,0.323601,1.1408321,-0.81723106,,
l4,SMESG000022843.1,0.25517857,1.0784887,-0.82331014,,
l4,SMESG000068770.1,0.69014734,1.5143635,-0.8242162,,
l4,SMESG000040772.1,0.6847601,1.5254395,-0.8406794,,
l4,SMESG000017166.1,0.3636733,1.2142211,-0.8505478,,
l4,SMESG000062792.1,0.41958675,1.2870467,-0.8674599,,
l4,SMESG000003007.1,0.33667558,1.21145,-0.8747744,,
l4,SMESG000052380.1,0.31494313,1.205055,-0.89011186,,
l4,SMESG000052592.1,0.4164631,1.3077545,-0.8912914,,
l4,SMESG000062868.1,0.29692027,1.1934752,-0.89655495,,
l4,SMESG000015520.1,0.4075125,1.3113642,-0.9038517,,
l4,SMESG000003969.1,0.36615792,1.2707509,-0.904593,,
l4,SMESG000009941.1,0.11931898,1.0262657,-0.9069468,,
l4,SMESG000008153.1,0.40754586,1.3160989,-0.90855306,,
l4,SMESG000015784.1,0.39328766,1.3029352,-0.9096476,,
l4,SMESG000067672.1,0.80721194,1.7171758,-0.9099639,,
l4,SMESG000032189.1,0.3694292,1.2803304,-0.9109012,,
l4,SMESG000040790.1,0.06345442,0.97486526,-0.9114108,,
l4,SMESG000052687.1,0.42108834,1.3365607,-0.9154724,,
l4,SMESG000003774.1,0.4091227,1.3350418,-0.92591906,,
l4,SMESG000034805.1,0.18939362,1.1236523,-0.9342587,,
l4,SMESG000002883.1,0.5801351,1.5145634,-0.93442833,,
l4,SMESG000041839.1,0.42371866,1.3603492,-0.9366305,,
l4,SMESG000025209.1,0.3791424,1.3162937,-0.9371513,,
l4,SMESG000014678.1,0.45413744,1.3944877,-0.9403503,,
l4,SMESG000075481.1,0.496371,1.448193,-0.9518219,,
l4,SMESG000035518.1,0.124821275,1.0849894,-0.9601681,,
l4,SMESG000066540.1,0.4154087,1.376296,-0.9608873,,
l4,SMESG000041069.1,0.42494968,1.38846,-0.9635104,,
l4,SMESG000050216.1,0.579048,1.5432254,-0.9641774,,
l4,SMESG000005279.1,0.38346004,1.3479532,-0.96449316,,
l4,SMESG000018714.1,0.37765917,1.3431091,-0.9654499,,
l4,SMESG000067683.1,0.8431648,1.8092709,-0.96610606,,
l4,SMESG000030342.1,0.3587662,1.3263919,-0.96762574,,
l4,SMESG000030595.1,0.803147,1.7714028,-0.9682558,,
l4,SMESG000051910.1,0.17187983,1.1664782,-0.9945983,,
l4,SMESG000009564.1,0.4422573,1.440597,-0.9983398,,
l4,SMESG000038559.1,0.36690372,1.3697557,-1.002852,,
l4,SMESG000062746.1,0.40715262,1.4108771,-1.0037245,,
l4,SMESG000019975.1,0.23201735,1.2396152,-1.0075978,,
l4,SMESG000052432.1,0.43049234,1.4408976,-1.0104053,,
l4,SMESG000059698.1,0.41424936,1.42743,-1.0131807,,
l4,SMESG000058321.1,0.31460062,1.3381208,-1.0235202,,
l4,SMESG000038055.1,0.5978258,1.6268743,-1.0290484,,
l4,SMESG000073811.1,0.16045265,1.1952407,-1.0347881,,
l4,SMESG000066355.1,0.5450319,1.5816457,-1.0366138,,
l4,SMESG000042333.1,0.5498065,1.5924246,-1.0426182,,
l4,SMESG000080129.1,0.50064397,1.5460154,-1.0453714,,
l4,SMESG000043280.1,0.19736345,1.2444389,-1.0470754,,
l4,SMESG000004954.1,0.4905473,1.56148,-1.0709327,,
l4,SMESG000017332.1,0.55775553,1.6348993,-1.0771437,,
l4,SMESG000058745.1,0.43983006,1.5216709,-1.0818409,,
l4,SMESG000003977.1,0.46955183,1.5529803,-1.0834285,,
l4,SMESG000077214.1,0.4684355,1.5641468,-1.0957112,,
l4,SMESG000002673.1,0.49015468,1.5917932,-1.1016386,,
l4,SMESG000038052.1,0.66727924,1.772417,-1.1051377,,
l4,SMESG000043444.1,0.23236229,1.3423182,-1.1099559,,
l4,SMESG000066029.1,0.31305647,1.4260594,-1.1130029,,
l4,SMESG000040780.1,0.91753113,2.0323203,-1.1147891,,
l4,SMESG000035313.1,0.55789167,1.6809651,-1.1230733,,
l4,SMESG000040823.1,0.4875187,1.6119924,-1.1244737,,
l4,SMESG000052688.1,0.4927687,1.6263523,-1.1335835,,
l4,SMESG000035755.1,0.21070582,1.3448075,-1.1341016,,
l4,SMESG000068628.1,0.50789946,1.647959,-1.1400595,,
l4,SMESG000057890.1,0.51558185,1.6683459,-1.1527641,,
l4,SMESG000080471.1,0.90951395,2.0648434,-1.1553295,,
l4,SMESG000042714.1,0.22750111,1.3897907,-1.1622895,,
l4,SMESG000026862.1,0.51253134,1.6950394,-1.182508,,
l4,SMESG000037593.1,0.5573959,1.7432603,-1.1858644,,
l4,SMESG000000674.1,0.52306163,1.7101868,-1.1871252,,
l4,SMESG000075512.1,0.3858718,1.5797225,-1.1938508,,
l4,SMESG000012171.1,0.23423487,1.4351517,-1.2009168,,
l4,SMESG000060403.1,0.4023548,1.6124254,-1.2100706,,
l4,SMESG000019977.1,0.3391662,1.5498185,-1.2106524,,
l4,SMESG000059887.1,0.5223069,1.7518426,-1.2295357,,
l4,SMESG000067743.1,0.5005082,1.7318869,-1.2313787,,
l4,SMESG000026399.1,0.550143,1.8030105,-1.2528675,,
l4,SMESG000059768.1,0.5136741,1.7708877,-1.2572136,,
l4,SMESG000017208.1,0.5366681,1.7990593,-1.2623911,,
l4,SMESG000058013.1,0.58330977,1.857975,-1.2746652,,
l4,SMESG000035929.1,0.5517774,1.8350344,-1.283257,,
l4,SMESG000062259.1,0.5879113,1.8835015,-1.2955902,,
l4,SMESG000076568.1,0.5292308,1.8293686,-1.3001378,,
l4,SMESG000026827.1,0.6178679,1.9225398,-1.304672,,
l4,SMESG000023147.1,0.48491105,1.7901801,-1.305269,,
l4,SMESG000058317.1,0.5376774,1.8512694,-1.313592,,
l4,SMESG000010156.1,0.6205354,1.9363043,-1.315769,,
l4,SMESG000076644.1,0.57786167,1.9021933,-1.3243316,,
l4,SMESG000036992.1,0.5859186,1.910838,-1.3249195,,
l4,SMESG000066644.1,0.5997018,1.9256155,-1.3259137,,
l4,SMESG000032180.1,0.46387315,1.8174161,-1.3535429,,
l4,SMESG000039926.1,0.5901304,1.9455217,-1.3553913,,
l4,SMESG000012107.1,0.5197964,1.8757153,-1.3559189,,
l4,SMESG000042787.1,0.3830898,1.7429445,-1.3598547,,
l4,SMESG000048830.1,0.614047,1.9833397,-1.3692927,,
l4,SMESG000020535.1,0.5921889,1.9666133,-1.3744245,,
l4,SMESG000062670.1,0.6945471,2.0709298,-1.3763826,,
l4,SMESG000037102.1,0.6132864,1.9907192,-1.3774328,,
l4,SMESG000016955.1,0.57862276,1.9585125,-1.3798897,,
l4,SMESG000026745.1,0.6179703,2.0238955,-1.4059253,,
l4,SMESG000056940.1,0.58056533,1.9924403,-1.411875,,
l4,SMESG000028039.1,0.050912544,1.4711697,-1.4202572,,
l4,SMESG000042430.1,0.57555306,2.0057404,-1.4301873,,
l4,SMESG000035312.1,0.7070861,2.1573846,-1.4502985,,
l4,SMESG000059049.1,0.65353984,2.1440735,-1.4905336,,
l4,SMESG000017801.1,0.9654463,2.4642875,-1.4988413,,
l4,SMESG000062609.1,1.1849833,2.6970701,-1.5120869,,
l4,SMESG000014241.1,0.77633077,2.2895324,-1.5132017,,
l4,SMESG000008925.1,0.6696456,2.182946,-1.5133004,,
l4,SMESG000007775.1,0.3145123,1.8381597,-1.5236473,,
l4,SMESG000055903.1,0.62057316,2.156705,-1.5361317,,
l4,SMESG000037599.1,0.34309256,1.8832545,-1.540162,,
l4,SMESG000027088.1,0.6523526,2.1933851,-1.5410326,,
l4,SMESG000034720.1,0.6260168,2.1781566,-1.5521398,,
l4,SMESG000071533.1,0.67997164,2.2445838,-1.5646122,,
l4,SMESG000014326.1,1.268361,2.8352802,-1.5669192,,
l4,SMESG000049722.1,0.50799584,2.0797412,-1.5717454,,
l4,SMESG000048413.1,0.7539207,2.3263488,-1.5724281,,
l4,SMESG000042388.1,0.73453796,2.3160791,-1.5815412,,
l4,SMESG000022928.1,0.59963363,2.201443,-1.6018093,,
l4,SMESG000006898.1,0.71803784,2.3364224,-1.6183846,,
l4,SMESG000050810.1,0.6148809,2.237457,-1.6225761,,
l4,SMESG000000730.1,0.7901519,2.4161587,-1.6260068,,
l4,SMESG000035681.1,0.728699,2.3627794,-1.6340804,,
l4,SMESG000042447.1,0.7354093,2.3775938,-1.6421845,,
l4,SMESG000005506.1,0.546154,2.2175934,-1.6714394,,
l4,SMESG000004748.1,0.6871829,2.3739574,-1.6867745,,
l4,SMESG000058066.1,0.74297905,2.4359205,-1.6929414,,
l4,SMESG000062971.1,0.82466555,2.5188663,-1.6942008,,
l4,SMESG000065562.1,0.77497464,2.4778516,-1.702877,,
l4,SMESG000016203.1,0.85483605,2.5812685,-1.7264326,,
l4,SMESG000036363.1,0.449679,2.180797,-1.7311181,,
l4,SMESG000031033.1,0.7395682,2.4781168,-1.7385485,,
l4,SMESG000009232.1,0.76495755,2.5051677,-1.7402102,,
l4,SMESG000031788.1,0.8678255,2.6108394,-1.7430139,,
l4,SMESG000040216.1,0.7749437,2.5181665,-1.7432228,,
l4,SMESG000071180.1,0.7246709,2.4724987,-1.7478278,,
l4,SMESG000079482.1,0.7349241,2.4891207,-1.7541966,,
l4,SMESG000045892.1,0.90978533,2.6645026,-1.7547174,,
l4,SMESG000034921.1,0.8423753,2.6081314,-1.7657561,,
l4,SMESG000026320.1,0.74922645,2.524806,-1.7755796,,
l4,SMESG000008177.1,0.71465534,2.4936502,-1.7789948,,
l4,SMESG000067665.1,1.599831,3.3926313,-1.7928003,,
l4,SMESG000060771.1,0.8400452,2.6344373,-1.7943921,,
l4,SMESG000060640.1,0.80378646,2.6000497,-1.7962632,,
l4,SMESG000009479.1,0.8017376,2.6029851,-1.8012476,,
l4,SMESG000061099.1,0.76648545,2.5931354,-1.8266499,,
l4,SMESG000034316.1,1.6452264,3.4740703,-1.828844,,
l4,SMESG000067492.1,0.5319335,2.3831658,-1.8512323,,
l4,SMESG000067657.1,1.716823,3.5682464,-1.8514234,,
l4,SMESG000006589.1,0.722664,2.6123703,-1.8897063,,
l4,SMESG000073667.1,0.88995606,2.7827008,-1.8927448,,
l4,SMESG000001806.1,0.8325952,2.726034,-1.8934387,,
l4,SMESG000004901.1,0.70173997,2.5955997,-1.8938596,,
l4,SMESG000074793.1,0.8965046,2.8047903,-1.9082856,,
l4,SMESG000016953.1,0.6925287,2.6164477,-1.923919,,
l4,SMESG000073127.1,0.90177244,2.8394542,-1.9376817,,
l4,SMESG000057816.1,1.1377306,3.0757399,-1.9380093,,
l4,SMESG000078736.1,0.90564823,2.855137,-1.9494889,,
l4,SMESG000056451.1,0.5515524,2.5038955,-1.9523431,,
l4,SMESG000041483.1,0.87001526,2.8325813,-1.962566,,
l4,SMESG000034631.1,0.8707174,2.8390234,-1.968306,,
l4,SMESG000074545.1,0.8524565,2.8307219,-1.9782653,,
l4,SMESG000022893.1,0.89869696,2.9151914,-2.0164945,,
l4,SMESG000022296.1,0.86888677,2.8884847,-2.019598,,
l4,SMESG000017099.1,0.9145999,2.9931593,-2.0785594,,
l4,SMESG000058307.1,0.64085263,2.7294147,-2.088562,,
l4,SMESG000015174.1,1.7160574,3.8313568,-2.1152992,,
l4,SMESG000042349.1,1.0341285,3.1860986,-2.15197,,
l4,SMESG000076172.1,0.99872017,3.1641617,-2.1654415,,
l4,SMESG000044397.1,1.0292342,3.2279475,-2.1987133,,
l4,SMESG000021798.1,1.9108922,4.1707773,-2.259885,,
l4,SMESG000017264.1,0.9583961,3.2188573,-2.2604613,,
l4,SMESG000047167.1,0.98375183,3.2706602,-2.2869084,,
l4,SMESG000037995.1,1.3380784,3.6932187,-2.3551402,,
l4,SMESG000022732.1,0.9786316,3.3491132,-2.3704815,,
l4,SMESG000022343.1,1.1060641,3.5403376,-2.4342735,,
l4,SMESG000057653.1,1.1251541,3.583632,-2.458478,,
l4,SMESG000047644.1,0.92810464,3.4252305,-2.4971259,,
l4,SMESG000079865.1,2.2629483,4.769192,-2.506244,,
l4,SMESG000080290.1,1.3151245,3.8518913,-2.5367668,,
l4,SMESG000067663.1,2.3146384,4.871526,-2.5568874,,
l4,SMESG000036550.1,1.1402718,3.7807508,-2.640479,,
l4,SMESG000037994.1,1.4692222,4.1266026,-2.6573806,,
l4,SMESG000023040.1,1.2262182,3.9404325,-2.7142143,,
l4,SMESG000061164.1,1.1623248,3.948168,-2.7858434,,
l4,SMESG000017087.1,1.1862001,4.0313644,-2.8451643,,
l4,SMESG000051503.1,1.1850607,4.0319242,-2.8468635,,
l4,SMESG000023842.1,1.6232117,4.477123,-2.853911,,
l4,SMESG000043289.1,0.8986506,3.8456655,-2.9470148,,
l4,SMESG000023212.1,1.2404717,4.206489,-2.9660172,,
l4,SMESG000060036.1,1.3718814,4.343506,-2.9716244,,
l4,SMESG000066035.1,1.047847,4.0236945,-2.9758475,,
l4,SMESG000058106.1,1.3189269,4.344276,-3.0253491,,
l4,SMESG000059283.1,1.3730385,4.4500427,-3.0770042,,
l4,SMESG000003538.1,1.2756238,4.4115148,-3.135891,,
l4,SMESG000067661.1,2.7349596,5.875155,-3.1401954,,
l4,SMESG000060163.1,1.4381062,4.6152964,-3.1771903,,
l4,SMESG000059669.1,1.5010228,4.7486577,-3.247635,,
l4,SMESG000062648.1,1.584485,4.8443985,-3.2599134,,
l4,SMESG000027736.1,2.8979857,6.312178,-3.4141924,,
l4,SMESG000052353.1,1.2636421,4.6857715,-3.4221294,,
l4,SMESG000025581.1,1.6115572,5.08171,-3.4701526,,
l4,SMESG000027140.1,2.1738904,5.6694183,-3.495528,,
l4,SMESG000003087.1,2.1914022,5.745703,-3.554301,,
l4,SMESG000076086.1,1.683081,5.378545,-3.6954637,,
l4,SMESG000062943.1,1.6603247,5.379406,-3.7190814,,
l4,SMESG000005378.1,1.7331775,5.6661997,-3.933022,,
l4,SMESG000002628.1,1.2423491,5.281622,-4.039273,,
l4,SMESG000017011.1,1.6813283,5.7346106,-4.0532823,,
l4,SMESG000049723.1,2.4425762,6.580174,-4.137598,,
l4,SMESG000020860.1,2.5043156,6.7346506,-4.230335,,
l4,SMESG000067685.1,3.7128127,7.9643145,-4.251502,,
l4,SMESG000013036.1,2.753686,7.158559,-4.404873,,
l4,SMESG000066027.1,1.3089134,5.7319345,-4.4230213,,
l4,SMESG000007315.1,1.9008579,6.4626513,-4.5617933,,
l4,SMESG000022423.1,1.8277637,6.4352746,-4.607511,,
l4,SMESG000017804.1,3.1973927,8.296208,-5.098816,,
l4,SMESG000016791.1,1.9190195,7.0677066,-5.1486874,,
l4,SMESG000051670.1,2.36122,7.545731,-5.184511,,
l4,SMESG000025889.1,3.041466,8.610026,-5.5685606,0.004975124378109453,0.41662380844826485
l4,SMESG000055421.1,2.212253,9.016439,-6.8041863,0.004975124378109453,0.36099954553614777
l4,SMESG000040632.1,2.5823257,9.500531,-6.9182053,0.004975124378109453,0.4086085533756027
l4,SMESG000067658.1,6.2407465,13.56404,-7.3232937,0.004975124378109453,1.09838498322613
l4,SMESG000019619.1,5.2684255,15.537081,-10.268656,0.004975124378109453,0.7048606482871759
l4,SMESG000051672.1,9.887803,31.961098,-22.073296,0.004975124378109453,1.4634380899495392
not_anno,SMESG000074187.1,2.3019044,0.8672211,1.4346833,0.004975124378109453,0.853393815730268
not_anno,SMESG000051672.1,9.8973875,8.789154,1.1082335,0.9203980099502488,5.078885593533884
not_anno,SMESG000042349.1,2.1573207,1.164847,0.9924737,0.31343283582089554,0.8812389665298197
not_anno,SMESG000049723.1,3.3995998,2.4498477,0.9497521,0.6865671641791045,1.69840802399335
not_anno,SMESG000017804.1,3.0749488,2.2632086,0.81174016,0.7064676616915423,1.5598273531956321
not_anno,SMESG000031788.1,1.9997573,1.2656603,0.734097,0.6318407960199005,0.9414584639081087
not_anno,SMESG000027140.1,2.4718657,1.7397579,0.73210776,,
not_anno,SMESG000000730.1,1.6775497,0.99403316,0.68351656,,
not_anno,SMESG000042388.1,1.5963516,0.9331095,0.6632421,,
not_anno,SMESG000066355.1,1.6402146,1.061796,0.5784186,,
not_anno,SMESG000073667.1,1.539571,0.9821994,0.5573717,,
not_anno,SMESG000062648.1,1.9028646,1.350893,0.55197155,,
not_anno,SMESG000034921.1,1.4314216,0.9018541,0.52956754,,
not_anno,SMESG000062971.1,1.3496293,0.89600843,0.45362085,,
not_anno,SMESG000014241.1,1.7460656,1.299847,0.4462186,,
not_anno,SMESG000028264.1,0.8785765,0.43693304,0.44164348,,
not_anno,SMESG000025889.1,2.4939208,2.0564442,0.43747663,,
not_anno,SMESG000037995.1,1.89902,1.5073861,0.39163387,,
not_anno,SMESG000062792.1,0.8955054,0.5125169,0.3829885,,
not_anno,SMESG000035312.1,1.333785,0.95549077,0.3782943,,
not_anno,SMESG000052592.1,0.86436117,0.5260924,0.33826876,,
not_anno,SMESG000003087.1,1.7742544,1.4577093,0.31654513,,
not_anno,SMESG000035313.1,1.0239224,0.7398819,0.28404057,,
not_anno,SMESG000020860.1,2.0743933,1.7944773,0.27991593,,
not_anno,SMESG000057816.1,1.056274,0.7831115,0.27316254,,
not_anno,SMESG000037994.1,2.10636,1.853547,0.25281298,,
not_anno,SMESG000062670.1,1.0026157,0.76806897,0.23454672,,
not_anno,SMESG000014678.1,0.7183416,0.49190325,0.22643834,,
not_anno,SMESG000002883.1,0.83198744,0.6146879,0.21729952,,
not_anno,SMESG000017801.1,0.8753991,0.65834266,0.21705645,,
not_anno,SMESG000044171.1,0.4059918,0.20170951,0.20428228,,
not_anno,SMESG000004912.1,0.45724538,0.27485603,0.18238935,,
not_anno,SMESG000036225.1,0.3002256,0.12730436,0.17292123,,
not_anno,SMESG000017332.1,0.65528196,0.48772776,0.1675542,,
not_anno,SMESG000045132.1,0.4428603,0.27924368,0.16361663,,
not_anno,SMESG000023842.1,1.496635,1.3385293,0.15810561,,
not_anno,SMESG000028261.1,0.5060705,0.37278447,0.13328603,,
not_anno,SMESG000051670.1,2.408819,2.277421,0.13139796,,
not_anno,SMESG000050216.1,0.47041163,0.3449873,0.12542433,,
not_anno,SMESG000043649.1,0.40298036,0.28770533,0.115275025,,
not_anno,SMESG000035344.1,0.49738145,0.3910475,0.10633394,,
not_anno,SMESG000019984.1,0.39294672,0.29590905,0.09703767,,
not_anno,SMESG000075481.1,0.58199555,0.48590103,0.09609452,,
not_anno,SMESG000035316.1,0.3555622,0.26173225,0.09382996,,
not_anno,SMESG000005279.1,0.6569896,0.5640529,0.092936695,,
not_anno,SMESG000013909.1,0.41282836,0.3221543,0.09067404,,
not_anno,SMESG000011269.1,0.1823626,0.09344276,0.08891984,,
not_anno,SMESG000032522.1,0.4327978,0.3499648,0.08283299,,
not_anno,SMESG000003701.1,0.26924855,0.19085577,0.078392774,,
not_anno,SMESG000011261.1,0.1653663,0.08897587,0.07639044,,
not_anno,SMESG000042389.1,0.24704716,0.17243291,0.07461424,,
not_anno,SMESG000042333.1,0.7587558,0.6868831,0.07187271,,
not_anno,SMESG000037978.1,0.70104986,0.6295121,0.07153779,,
not_anno,SMESG000028260.1,0.1642436,0.09372275,0.07052084,,
not_anno,SMESG000058994.1,0.16656679,0.096679,0.06988779,,
not_anno,SMESG000022839.1,0.2967543,0.22691734,0.06983696,,
not_anno,SMESG000078545.1,0.38893947,0.31969354,0.069245934,,
not_anno,SMESG000028263.1,0.22709087,0.15891893,0.06817193,,
not_anno,SMESG000038005.1,0.4141079,0.34823278,0.06587511,,
not_anno,SMESG000017203.1,0.31614602,0.25122732,0.0649187,,
not_anno,SMESG000049924.1,0.3455008,0.28063568,0.06486511,,
not_anno,SMESG000017013.1,0.26573062,0.20129085,0.06443977,,
not_anno,SMESG000066311.1,0.16423532,0.10518594,0.059049383,,
not_anno,SMESG000031796.1,0.4679974,0.41099066,0.057006747,,
not_anno,SMESG000038055.1,0.7568914,0.70172447,0.05516696,,
not_anno,SMESG000048413.1,0.92994994,0.87654394,0.053406,,
not_anno,SMESG000021912.1,0.19347724,0.14212981,0.051347435,,
not_anno,SMESG000030981.1,0.21011478,0.15950167,0.050613105,,
not_anno,SMESG000073666.1,0.32380924,0.2740332,0.049776047,,
not_anno,SMESG000058074.1,0.15245593,0.104383215,0.04807271,,
not_anno,SMESG000043644.1,0.17934944,0.13219376,0.04715568,,
not_anno,SMESG000020955.1,0.15565202,0.10852516,0.04712686,,
not_anno,SMESG000014167.1,0.43985653,0.39308053,0.046775997,,
not_anno,SMESG000077202.1,0.46304783,0.41704687,0.046000957,,
not_anno,SMESG000056362.1,0.22352108,0.17786872,0.04565236,,
not_anno,SMESG000014240.1,0.20483837,0.16278253,0.04205583,,
not_anno,SMESG000016088.1,0.15542224,0.11377786,0.04164438,,
not_anno,SMESG000073870.1,0.4298784,0.3924585,0.037419915,,
not_anno,SMESG000005324.1,0.16916893,0.13329662,0.03587231,,
not_anno,SMESG000036036.1,0.14724758,0.11403347,0.033214115,,
not_anno,SMESG000007145.1,0.13525452,0.10288952,0.032364994,,
not_anno,SMESG000071344.1,0.30153316,0.26975417,0.03177899,,
not_anno,SMESG000070985.1,0.17130415,0.140539,0.030765146,,
not_anno,SMESG000051516.1,0.1701495,0.14066528,0.029484227,,
not_anno,SMESG000040291.1,0.15565337,0.12645619,0.029197186,,
not_anno,SMESG000016305.1,0.22684698,0.19919018,0.027656794,,
not_anno,SMESG000013910.1,0.27614066,0.24883871,0.027301952,,
not_anno,SMESG000025410.1,0.098049864,0.071326286,0.026723579,,
not_anno,SMESG000068025.1,0.117289826,0.091116354,0.026173472,,
not_anno,SMESG000056430.1,0.15078112,0.12704696,0.023734167,,
not_anno,SMESG000079004.1,0.12753652,0.10416277,0.023373753,,
not_anno,SMESG000001797.1,0.13607593,0.113064915,0.023011014,,
not_anno,SMESG000002840.1,0.096010484,0.07421717,0.021793313,,
not_anno,SMESG000061897.1,0.17771658,0.15634489,0.021371692,,
not_anno,SMESG000027545.1,0.2504192,0.22904855,0.02137065,,
not_anno,SMESG000020144.1,0.115609646,0.09473605,0.020873599,,
not_anno,SMESG000027142.1,0.09186967,0.07206379,0.019805878,,
not_anno,SMESG000009913.1,0.07170154,0.052011367,0.019690175,,
not_anno,SMESG000038052.1,0.6336479,0.6141753,0.019472599,,
not_anno,SMESG000024592.1,0.07869361,0.061067034,0.01762658,,
not_anno,SMESG000053020.1,0.17099424,0.15405248,0.016941756,,
not_anno,SMESG000008043.1,0.13560854,0.11873894,0.016869597,,
not_anno,SMESG000056365.1,0.12505867,0.10825793,0.016800739,,
not_anno,SMESG000048843.1,0.12408602,0.107886024,0.016199999,,
not_anno,SMESG000008737.1,0.25664183,0.24123882,0.015403017,,
not_anno,SMESG000014166.1,0.14195913,0.12678152,0.015177608,,
not_anno,SMESG000071508.1,0.09846407,0.08396962,0.014494449,,
not_anno,SMESG000045673.1,0.091791436,0.0779015,0.013889939,,
not_anno,SMESG000053202.1,0.105741695,0.09191678,0.013824917,,
not_anno,SMESG000050959.1,0.06823866,0.05459434,0.013644319,,
not_anno,SMESG000065264.1,0.07432352,0.061519597,0.012803923,,
not_anno,SMESG000024603.1,0.10144539,0.089177154,0.012268238,,
not_anno,SMESG000005721.1,0.15576147,0.14420673,0.011554733,,
not_anno,SMESG000074196.1,0.07757118,0.066754065,0.010817118,,
not_anno,SMESG000000219.1,0.095531434,0.0847751,0.010756336,,
not_anno,SMESG000035323.1,0.08921797,0.079150595,0.0100673735,,
not_anno,SMESG000008042.1,0.07315815,0.06349599,0.009662159,,
not_anno,SMESG000031958.1,0.10263035,0.093123995,0.009506352,,
not_anno,SMESG000035330.1,1.0632172,1.054052,0.009165168,,
not_anno,SMESG000063568.1,0.109846294,0.10103413,0.008812167,,
not_anno,SMESG000036870.1,0.08459027,0.07640769,0.008182578,,
not_anno,SMESG000020952.1,0.062245153,0.054279786,0.007965367,,
not_anno,SMESG000039746.1,0.0985727,0.09063907,0.007933632,,
not_anno,SMESG000014588.1,0.064356335,0.056760844,0.0075954907,,
not_anno,SMESG000037574.1,0.2164325,0.20905928,0.007373214,,
not_anno,SMESG000023063.1,0.108904995,0.10175777,0.0071472228,,
not_anno,SMESG000061639.1,0.07100424,0.06407297,0.006931275,,
not_anno,SMESG000020910.1,0.07677246,0.069871254,0.0069012046,,
not_anno,SMESG000066595.1,0.106712036,0.10007194,0.006640099,,
not_anno,SMESG000044397.1,1.2060649,1.1997771,0.006287813,,
not_anno,SMESG000057910.1,0.112836346,0.108314216,0.00452213,,
not_anno,SMESG000073691.1,0.07925393,0.0748308,0.0044231266,,
not_anno,SMESG000036946.1,0.074820675,0.07113369,0.0036869869,,
not_anno,SMESG000052432.1,0.49764735,0.49406037,0.0035869777,,
not_anno,SMESG000044888.1,0.06948223,0.066148154,0.0033340752,,
not_anno,SMESG000048192.1,0.19747333,0.19466253,0.002810806,,
not_anno,SMESG000051815.1,0.059222735,0.056573976,0.0026487596,,
not_anno,SMESG000071278.1,0.10788281,0.105277516,0.0026052967,,
not_anno,SMESG000047333.1,0.11446761,0.11207392,0.0023936927,,
not_anno,SMESG000055070.1,0.06266083,0.060543433,0.0021173954,,
not_anno,SMESG000034612.1,0.096805945,0.094700314,0.002105631,,
not_anno,SMESG000022047.1,0.19264835,0.19059952,0.0020488352,,
not_anno,SMESG000032489.1,0.071871825,0.070251875,0.0016199499,,
not_anno,SMESG000076166.1,0.13835455,0.13674453,0.0016100258,,
not_anno,SMESG000054316.1,0.06226807,0.06071681,0.0015512593,,
not_anno,SMESG000073127.1,0.7955429,0.79418564,0.0013572574,,
not_anno,SMESG000038340.1,0.17146757,0.1702777,0.0011898726,,
not_anno,SMESG000036895.1,0.13339737,0.13235958,0.0010377914,,
not_anno,SMESG000013795.1,0.08000969,0.079052836,0.0009568557,,
not_anno,SMESG000044681.1,0.12727012,0.12684411,0.0004260093,,
not_anno,SMESG000021565.1,0.16665901,0.16629001,0.00036899745,,
not_anno,SMESG000028481.1,0.06940695,0.06989817,-0.00049122423,,
not_anno,SMESG000047012.1,0.08155374,0.08208848,-0.0005347356,,
not_anno,SMESG000016991.1,0.09571681,0.09628267,-0.0005658567,,
not_anno,SMESG000023205.1,0.15688102,0.15750176,-0.0006207377,,
not_anno,SMESG000009654.1,0.06793385,0.06894115,-0.0010073036,,
not_anno,SMESG000051108.1,0.064657524,0.06570547,-0.0010479465,,
not_anno,SMESG000001708.1,0.28128812,0.28236625,-0.0010781288,,
not_anno,SMESG000074506.1,0.091606915,0.09272175,-0.0011148378,,
not_anno,SMESG000052978.1,0.06684088,0.06799046,-0.0011495799,,
not_anno,SMESG000012408.1,0.06010037,0.061349515,-0.0012491457,,
not_anno,SMESG000014361.1,0.16333844,0.16482393,-0.0014854968,,
not_anno,SMESG000034854.1,0.061980035,0.0635298,-0.0015497617,,
not_anno,SMESG000008925.1,0.63349783,0.63505113,-0.001553297,,
not_anno,SMESG000070983.1,0.060614392,0.062342394,-0.001728002,,
not_anno,SMESG000043601.1,0.07456212,0.077148944,-0.0025868267,,
not_anno,SMESG000044136.1,0.14362842,0.14628023,-0.0026518106,,
not_anno,SMESG000027213.1,0.14068829,0.14367463,-0.0029863417,,
not_anno,SMESG000025457.1,0.06022143,0.06329973,-0.0030783005,,
not_anno,SMESG000065334.1,0.081764236,0.08499636,-0.0032321215,,
not_anno,SMESG000067728.1,0.058934577,0.06245748,-0.0035229027,,
not_anno,SMESG000037748.1,0.102546565,0.106088534,-0.0035419688,,
not_anno,SMESG000031795.1,0.21926889,0.22285402,-0.00358513,,
not_anno,SMESG000026870.1,0.08316166,0.08678782,-0.0036261603,,
not_anno,SMESG000016219.1,0.05768375,0.061310224,-0.0036264732,,
not_anno,SMESG000069520.1,0.057326805,0.061080772,-0.0037539676,,
not_anno,SMESG000014107.1,0.069456354,0.073437735,-0.0039813817,,
not_anno,SMESG000068390.1,0.06445458,0.06860659,-0.004152015,,
not_anno,SMESG000046742.1,0.10709909,0.11140948,-0.0043103844,,
not_anno,SMESG000032777.1,0.13069186,0.1351383,-0.004446447,,
not_anno,SMESG000016354.1,0.0447527,0.049235832,-0.0044831336,,
not_anno,SMESG000074424.1,0.08403878,0.088559166,-0.0045203865,,
not_anno,SMESG000046166.1,0.05451085,0.059078638,-0.004567787,,
not_anno,SMESG000056262.1,0.076817326,0.08144564,-0.0046283156,,
not_anno,SMESG000070260.1,0.10660215,0.11126955,-0.0046674013,,
not_anno,SMESG000074998.1,0.05732355,0.06213309,-0.0048095398,,
not_anno,SMESG000055572.1,0.1604175,0.16526517,-0.0048476756,,
not_anno,SMESG000071085.1,0.0744647,0.07939071,-0.004926011,,
not_anno,SMESG000032411.1,0.062850766,0.06791171,-0.005060941,,
not_anno,SMESG000064614.1,0.0790859,0.08417021,-0.005084306,,
not_anno,SMESG000010283.1,0.051157624,0.05630553,-0.005147908,,
not_anno,SMESG000004171.1,0.08606696,0.0912315,-0.0051645413,,
not_anno,SMESG000002830.1,0.06627134,0.0715079,-0.0052365586,,
not_anno,SMESG000026692.1,0.06842879,0.073687315,-0.005258523,,
not_anno,SMESG000065959.1,0.04924531,0.05453269,-0.0052873828,,
not_anno,SMESG000061372.1,0.057955477,0.06337832,-0.0054228418,,
not_anno,SMESG000000703.1,0.082019985,0.08747344,-0.0054534525,,
not_anno,SMESG000002945.1,0.05045684,0.055987697,-0.0055308565,,
not_anno,SMESG000006377.1,0.07278231,0.07833961,-0.0055572987,,
not_anno,SMESG000012168.1,0.061383903,0.06714167,-0.005757764,,
not_anno,SMESG000080129.1,0.437258,0.4430407,-0.0057826936,,
not_anno,SMESG000030828.1,0.08413756,0.08997585,-0.00583829,,
not_anno,SMESG000021174.1,0.07159377,0.0774738,-0.005880028,,
not_anno,SMESG000033768.1,0.07267465,0.07860761,-0.0059329644,,
not_anno,SMESG000019717.1,0.057961997,0.063938946,-0.005976949,,
not_anno,SMESG000037106.1,0.10230243,0.10830804,-0.0060056075,,
not_anno,SMESG000013191.1,0.069574274,0.075588435,-0.006014161,,
not_anno,SMESG000061029.1,0.05328603,0.059445348,-0.0061593167,,
not_anno,SMESG000041811.1,0.056809403,0.063043974,-0.0062345713,,
not_anno,SMESG000049117.1,0.05965172,0.065892585,-0.0062408634,,
not_anno,SMESG000016436.1,0.16017091,0.16644408,-0.0062731653,,
not_anno,SMESG000047496.1,0.04616735,0.052470904,-0.0063035525,,
not_anno,SMESG000029882.1,0.18464477,0.19101228,-0.0063675046,,
not_anno,SMESG000033500.1,0.057945672,0.064365074,-0.0064194016,,
not_anno,SMESG000033447.1,0.061377347,0.06784954,-0.0064721927,,
not_anno,SMESG000072545.1,0.0652827,0.07177274,-0.006490037,,
not_anno,SMESG000064093.1,0.07055254,0.077090725,-0.0065381825,,
not_anno,SMESG000064593.1,0.07192822,0.07851942,-0.006591201,,
not_anno,SMESG000003375.1,0.06282133,0.069511585,-0.0066902563,,
not_anno,SMESG000039918.1,0.13810937,0.1448176,-0.0067082345,,
not_anno,SMESG000017290.1,0.07139765,0.078125775,-0.0067281276,,
not_anno,SMESG000075570.1,0.04163868,0.04844588,-0.0068072006,,
not_anno,SMESG000014824.1,0.06665085,0.07354015,-0.0068892986,,
not_anno,SMESG000014949.1,0.07863107,0.08555355,-0.006922476,,
not_anno,SMESG000015341.1,0.123358175,0.13034832,-0.0069901496,,
not_anno,SMESG000076604.1,0.12601212,0.1330138,-0.007001683,,
not_anno,SMESG000002838.1,0.06127917,0.06838058,-0.007101409,,
not_anno,SMESG000056504.1,0.086675175,0.09378021,-0.0071050376,,
not_anno,SMESG000075369.1,0.08555811,0.092672974,-0.007114865,,
not_anno,SMESG000033877.1,0.06983946,0.07698804,-0.0071485788,,
not_anno,SMESG000057944.1,0.112707235,0.11987085,-0.007163614,,
not_anno,SMESG000027166.1,0.05523105,0.062421273,-0.007190224,,
not_anno,SMESG000077527.1,0.057421796,0.064643875,-0.0072220787,,
not_anno,SMESG000037355.1,0.0970636,0.104292676,-0.007229075,,
not_anno,SMESG000033587.1,0.07511269,0.082546584,-0.0074338913,,
not_anno,SMESG000025677.1,0.107843414,0.115296945,-0.007453531,,
not_anno,SMESG000027204.1,0.11783545,0.1253022,-0.0074667484,,
not_anno,SMESG000011919.1,0.051936947,0.05940959,-0.0074726418,,
not_anno,SMESG000005268.1,0.05485126,0.06236889,-0.0075176284,,
not_anno,SMESG000059668.1,0.1030347,0.11055611,-0.0075214133,,
not_anno,SMESG000028599.1,0.06858552,0.076171994,-0.0075864717,,
not_anno,SMESG000013389.1,0.24771775,0.25545147,-0.0077337176,,
not_anno,SMESG000029273.1,0.058855962,0.066616625,-0.0077606626,,
not_anno,SMESG000016286.1,0.095730305,0.10351202,-0.007781714,,
not_anno,SMESG000004871.1,0.062389154,0.07024232,-0.007853169,,
not_anno,SMESG000004726.1,0.05707138,0.06494884,-0.007877462,,
not_anno,SMESG000014341.1,0.06322061,0.07114073,-0.007920116,,
not_anno,SMESG000016828.1,0.05405882,0.061979063,-0.007920243,,
not_anno,SMESG000072818.1,0.0913143,0.09927768,-0.007963382,,
not_anno,SMESG000046974.1,0.053453054,0.06157255,-0.008119497,,
not_anno,SMESG000004230.1,0.061216936,0.06937711,-0.008160174,,
not_anno,SMESG000039100.1,0.04813195,0.05633183,-0.008199878,,
not_anno,SMESG000058491.1,0.06278861,0.07103615,-0.008247539,,
not_anno,SMESG000023450.1,0.049003072,0.057312313,-0.008309241,,
not_anno,SMESG000032750.1,0.071518674,0.07983304,-0.008314364,,
not_anno,SMESG000014632.1,0.10390824,0.11230506,-0.008396819,,
not_anno,SMESG000041020.1,0.05306014,0.06147755,-0.008417409,,
not_anno,SMESG000005298.1,0.0901953,0.09865801,-0.008462712,,
not_anno,SMESG000081727.1,0.0528047,0.061343063,-0.008538362,,
not_anno,SMESG000005024.1,0.057100873,0.065725684,-0.008624811,,
not_anno,SMESG000038461.1,0.05712702,0.06578147,-0.008654445,,
not_anno,SMESG000025746.1,0.059723794,0.068403855,-0.0086800605,,
not_anno,SMESG000009754.1,0.06545299,0.07421559,-0.008762598,,
not_anno,SMESG000021684.1,0.067973554,0.07677862,-0.008805066,,
not_anno,SMESG000080901.1,0.08780286,0.096703984,-0.008901127,,
not_anno,SMESG000016663.1,0.073157966,0.08207291,-0.0089149475,,
not_anno,SMESG000047091.1,0.057605177,0.066522405,-0.008917227,,
not_anno,SMESG000067941.1,0.06559376,0.07451619,-0.008922435,,
not_anno,SMESG000064580.1,0.08337192,0.09236186,-0.008989938,,
not_anno,SMESG000035649.1,0.0830665,0.09217882,-0.009112321,,
not_anno,SMESG000044485.1,0.055198338,0.06431912,-0.009120781,,
not_anno,SMESG000055031.1,0.057713155,0.06688589,-0.009172734,,
not_anno,SMESG000007855.1,0.05995628,0.06916453,-0.009208251,,
not_anno,SMESG000016883.1,0.081246786,0.090458095,-0.009211309,,
not_anno,SMESG000068863.1,0.09126814,0.10050689,-0.00923875,,
not_anno,SMESG000053095.1,0.06510284,0.07434617,-0.009243332,,
not_anno,SMESG000065324.1,0.06644149,0.07580503,-0.0093635395,,
not_anno,SMESG000065433.1,0.085348375,0.09477964,-0.009431265,,
not_anno,SMESG000081273.1,0.06260528,0.07204199,-0.009436712,,
not_anno,SMESG000060723.1,0.14950223,0.15894309,-0.009440854,,
not_anno,SMESG000081288.1,0.058443364,0.06790202,-0.009458657,,
not_anno,SMESG000066687.1,0.05874131,0.068616554,-0.009875245,,
not_anno,SMESG000077210.1,0.052067902,0.062008463,-0.009940561,,
not_anno,SMESG000022463.1,0.055532347,0.06549956,-0.009967212,,
not_anno,SMESG000077471.1,0.06804192,0.07803757,-0.009995647,,
not_anno,SMESG000035884.1,0.07178006,0.08180016,-0.0100201,,
not_anno,SMESG000023255.1,0.058184724,0.068213545,-0.0100288205,,
not_anno,SMESG000017237.1,0.073963866,0.08399971,-0.010035843,,
not_anno,SMESG000009145.1,0.057362817,0.06742997,-0.01006715,,
not_anno,SMESG000011389.1,0.052346267,0.062424567,-0.0100783,,
not_anno,SMESG000008843.1,0.107379995,0.11758273,-0.010202736,,
not_anno,SMESG000080856.1,0.05607935,0.06631351,-0.010234162,,
not_anno,SMESG000016252.1,0.05845651,0.06869214,-0.01023563,,
not_anno,SMESG000074551.1,0.05474647,0.06504376,-0.010297291,,
not_anno,SMESG000020075.1,0.087047175,0.097399265,-0.01035209,,
not_anno,SMESG000072403.1,0.059255473,0.069616966,-0.010361493,,
not_anno,SMESG000015438.1,0.068883605,0.07928276,-0.010399155,,
not_anno,SMESG000014112.1,0.050132684,0.060533807,-0.010401122,,
not_anno,SMESG000000928.1,0.08369526,0.094147764,-0.0104525015,,
not_anno,SMESG000053228.1,0.12418389,0.13464718,-0.0104632825,,
not_anno,SMESG000078985.1,0.054491065,0.065069966,-0.010578901,,
not_anno,SMESG000039761.1,0.05964519,0.070236236,-0.010591045,,
not_anno,SMESG000024014.1,0.056075886,0.0668204,-0.010744512,,
not_anno,SMESG000011961.1,0.05857771,0.069341615,-0.010763906,,
not_anno,SMESG000078773.1,0.113825224,0.12463183,-0.010806605,,
not_anno,SMESG000018835.1,0.057811443,0.06863981,-0.010828365,,
not_anno,SMESG000037231.1,0.056662023,0.06750521,-0.010843188,,
not_anno,SMESG000056302.1,0.07024567,0.081173286,-0.010927618,,
not_anno,SMESG000078818.1,0.06280818,0.07385192,-0.011043742,,
not_anno,SMESG000052485.1,0.051517818,0.06256911,-0.011051293,,
not_anno,SMESG000009106.1,0.058250252,0.0693416,-0.011091348,,
not_anno,SMESG000048024.1,0.10830246,0.119397104,-0.011094645,,
not_anno,SMESG000033377.1,0.21998496,0.2310822,-0.0110972375,,
not_anno,SMESG000051496.1,0.07604928,0.08715567,-0.011106387,,
not_anno,SMESG000072630.1,0.081453376,0.09256863,-0.011115253,,
not_anno,SMESG000049546.1,0.07839655,0.089552484,-0.011155933,,
not_anno,SMESG000056142.1,0.09277292,0.103943035,-0.011170112,,
not_anno,SMESG000019639.1,0.107904986,0.11912181,-0.011216827,,
not_anno,SMESG000061749.1,0.056658804,0.067938276,-0.011279471,,
not_anno,SMESG000018297.1,0.10450688,0.11579131,-0.011284433,,
not_anno,SMESG000034977.1,0.06265111,0.07402182,-0.011370711,,
not_anno,SMESG000013662.1,0.081591815,0.092969604,-0.011377789,,
not_anno,SMESG000016697.1,0.0550608,0.06646623,-0.011405427,,
not_anno,SMESG000062685.1,0.051147807,0.062608,-0.011460196,,
not_anno,SMESG000021627.1,0.083226256,0.094744585,-0.011518329,,
not_anno,SMESG000078548.1,0.052758887,0.06428022,-0.011521332,,
not_anno,SMESG000065858.1,0.07457233,0.086133614,-0.011561282,,
not_anno,SMESG000012361.1,0.051229645,0.0628052,-0.011575554,,
not_anno,SMESG000004103.1,0.050270177,0.06187745,-0.011607274,,
not_anno,SMESG000038553.1,0.057572447,0.069285974,-0.011713527,,
not_anno,SMESG000072849.1,0.091561556,0.1033411,-0.011779547,,
not_anno,SMESG000062111.1,0.14300466,0.15480605,-0.011801392,,
not_anno,SMESG000054049.1,0.052303683,0.06427994,-0.011976261,,
not_anno,SMESG000047749.1,0.07774496,0.08973283,-0.011987872,,
not_anno,SMESG000035332.1,0.09590455,0.10794874,-0.012044191,,
not_anno,SMESG000065727.1,0.11714134,0.12920448,-0.012063138,,
not_anno,SMESG000070850.1,0.070461236,0.08260337,-0.012142137,,
not_anno,SMESG000049854.1,0.071697995,0.0838918,-0.0121938065,,
not_anno,SMESG000026924.1,0.062395733,0.074690215,-0.012294482,,
not_anno,SMESG000016949.1,0.047683317,0.05999311,-0.012309793,,
not_anno,SMESG000034899.1,0.091439344,0.10380448,-0.012365133,,
not_anno,SMESG000010007.1,0.1127752,0.12517728,-0.01240208,,
not_anno,SMESG000035325.1,0.082921885,0.09532703,-0.012405142,,
not_anno,SMESG000041594.1,0.09504588,0.107462525,-0.012416646,,
not_anno,SMESG000042680.1,0.0661404,0.07865055,-0.012510151,,
not_anno,SMESG000019345.1,0.056327987,0.068941206,-0.012613218,,
not_anno,SMESG000010381.1,0.057932556,0.070711024,-0.012778468,,
not_anno,SMESG000056268.1,0.073394164,0.08624735,-0.012853183,,
not_anno,SMESG000038855.1,0.15833767,0.17122366,-0.012885988,,
not_anno,SMESG000023253.1,0.10532015,0.11821421,-0.012894064,,
not_anno,SMESG000032743.1,0.062310588,0.07525437,-0.012943786,,
not_anno,SMESG000056595.1,0.1819652,0.19491601,-0.012950808,,
not_anno,SMESG000068918.1,0.059268605,0.07224602,-0.012977418,,
not_anno,SMESG000059431.1,0.06901414,0.08200777,-0.012993634,,
not_anno,SMESG000029426.1,0.1314538,0.14445758,-0.013003781,,
not_anno,SMESG000042663.1,0.06817001,0.08118455,-0.01301454,,
not_anno,SMESG000001545.1,0.049909994,0.0629425,-0.013032503,,
not_anno,SMESG000023649.1,0.30927166,0.32232448,-0.013052821,,
not_anno,SMESG000020522.1,0.061567273,0.07462189,-0.0130546205,,
not_anno,SMESG000008704.1,0.14003882,0.15314461,-0.013105795,,
not_anno,SMESG000062092.1,0.04997222,0.06310661,-0.01313439,,
not_anno,SMESG000038869.1,0.06501754,0.07818954,-0.013172001,,
not_anno,SMESG000048218.1,0.06530881,0.07860813,-0.013299324,,
not_anno,SMESG000044312.1,0.05919652,0.07255642,-0.013359901,,
not_anno,SMESG000079304.1,0.09651285,0.109939724,-0.013426878,,
not_anno,SMESG000038804.1,0.056053028,0.06951207,-0.013459042,,
not_anno,SMESG000037135.1,0.07980931,0.09335878,-0.013549469,,
not_anno,SMESG000040593.1,0.06327945,0.0768569,-0.013577446,,
not_anno,SMESG000006567.1,0.058643155,0.07227189,-0.013628736,,
not_anno,SMESG000075106.1,0.07511665,0.0888695,-0.013752848,,
not_anno,SMESG000021272.1,0.06428761,0.07811705,-0.01382944,,
not_anno,SMESG000068535.1,0.08237362,0.09621306,-0.013839439,,
not_anno,SMESG000049264.1,0.065174624,0.0790174,-0.013842776,,
not_anno,SMESG000053650.1,0.069034114,0.08292816,-0.013894044,,
not_anno,SMESG000017972.1,0.11043142,0.12437241,-0.01394099,,
not_anno,SMESG000057909.1,0.075902246,0.089854695,-0.013952449,,
not_anno,SMESG000032144.1,0.05969431,0.073671944,-0.013977636,,
not_anno,SMESG000024545.1,0.0644709,0.07851952,-0.014048621,,
not_anno,SMESG000026342.1,0.060679883,0.074805334,-0.014125451,,
not_anno,SMESG000081058.1,0.05879373,0.07292374,-0.014130011,,
not_anno,SMESG000014734.1,0.08298056,0.09715646,-0.014175899,,
not_anno,SMESG000023446.1,0.06178356,0.075974956,-0.014191397,,
not_anno,SMESG000069827.1,0.051619317,0.06584067,-0.014221352,,
not_anno,SMESG000042238.1,0.08142716,0.095649496,-0.014222339,,
not_anno,SMESG000014076.1,0.10336296,0.117589675,-0.014226712,,
not_anno,SMESG000024933.1,0.10064756,0.11493018,-0.014282621,,
not_anno,SMESG000030582.1,0.09782098,0.11210435,-0.0142833665,,
not_anno,SMESG000008791.1,0.069783635,0.08410532,-0.014321685,,
not_anno,SMESG000073379.1,0.069057055,0.083439745,-0.01438269,,
not_anno,SMESG000060104.1,0.08165334,0.096036896,-0.014383554,,
not_anno,SMESG000040616.1,0.095817745,0.110335216,-0.014517471,,
not_anno,SMESG000045386.1,0.07902474,0.09354409,-0.014519349,,
not_anno,SMESG000013115.1,0.05871193,0.07323204,-0.014520109,,
not_anno,SMESG000006323.1,0.06551189,0.0800597,-0.01454781,,
not_anno,SMESG000081754.1,0.06104012,0.07565445,-0.014614329,,
not_anno,SMESG000036375.1,0.26722774,0.2818456,-0.01461786,,
not_anno,SMESG000076223.1,0.078392446,0.09311929,-0.014726847,,
not_anno,SMESG000071275.1,0.058698814,0.073481336,-0.014782522,,
not_anno,SMESG000038555.1,0.059049163,0.073858075,-0.014808912,,
not_anno,SMESG000026855.1,0.049418807,0.064273566,-0.014854759,,
not_anno,SMESG000010755.1,0.06897203,0.08383036,-0.014858328,,
not_anno,SMESG000017700.1,0.12393535,0.13880245,-0.014867105,,
not_anno,SMESG000033382.1,0.055335894,0.07020999,-0.014874093,,
not_anno,SMESG000057004.1,0.0862316,0.10118262,-0.0149510205,,
not_anno,SMESG000038604.1,0.051851753,0.06681726,-0.014965508,,
not_anno,SMESG000008222.1,0.07892306,0.09389544,-0.014972381,,
not_anno,SMESG000065363.1,0.051989254,0.06699717,-0.015007917,,
not_anno,SMESG000039126.1,0.08896363,0.103979655,-0.015016027,,
not_anno,SMESG000033847.1,0.053996604,0.06905608,-0.015059475,,
not_anno,SMESG000062065.1,0.06372147,0.07879857,-0.015077099,,
not_anno,SMESG000071444.1,0.06920093,0.08432444,-0.015123509,,
not_anno,SMESG000019836.1,0.0632991,0.07844943,-0.015150331,,
not_anno,SMESG000068122.1,0.15378092,0.16905656,-0.015275642,,
not_anno,SMESG000050509.1,0.11549017,0.13083218,-0.015342012,,
not_anno,SMESG000022851.1,0.06182581,0.07721505,-0.015389245,,
not_anno,SMESG000033716.1,0.08125669,0.096715175,-0.015458487,,
not_anno,SMESG000079665.1,0.16921484,0.18476482,-0.015549973,,
not_anno,SMESG000024268.1,0.0893059,0.10495124,-0.01564534,,
not_anno,SMESG000000632.1,0.080434926,0.09614242,-0.015707493,,
not_anno,SMESG000073334.1,0.12359393,0.13932842,-0.015734494,,
not_anno,SMESG000012051.1,0.0953349,0.11108512,-0.015750214,,
not_anno,SMESG000052032.1,0.06493581,0.08072624,-0.015790433,,
not_anno,SMESG000053168.1,0.07510587,0.090906605,-0.015800737,,
not_anno,SMESG000043864.1,0.07849091,0.09430441,-0.0158135,,
not_anno,SMESG000045892.1,0.9943652,1.0102146,-0.015849352,,
not_anno,SMESG000074136.1,0.05498549,0.07088841,-0.015902918,,
not_anno,SMESG000051237.1,0.07876319,0.094774835,-0.016011648,,
not_anno,SMESG000007797.1,0.07525336,0.0914541,-0.016200744,,
not_anno,SMESG000034017.1,0.07876982,0.09502967,-0.01625985,,
not_anno,SMESG000054078.1,0.05111174,0.067453295,-0.016341556,,
not_anno,SMESG000023415.1,0.10316996,0.11953145,-0.01636149,,
not_anno,SMESG000057052.1,0.05751675,0.07389141,-0.016374659,,
not_anno,SMESG000002751.1,0.048475742,0.064860456,-0.016384713,,
not_anno,SMESG000035357.1,0.06299477,0.07938177,-0.016387,,
not_anno,SMESG000000425.1,0.0669782,0.08340105,-0.016422845,,
not_anno,SMESG000046687.1,0.06912558,0.085688725,-0.016563147,,
not_anno,SMESG000052430.1,0.07066774,0.08726164,-0.016593896,,
not_anno,SMESG000027817.1,0.0570289,0.0736754,-0.0166465,,
not_anno,SMESG000014265.1,0.062123924,0.078817435,-0.01669351,,
not_anno,SMESG000071734.1,0.12414488,0.14090766,-0.016762778,,
not_anno,SMESG000049154.1,0.2338302,0.25061098,-0.016780779,,
not_anno,SMESG000035436.1,0.090746276,0.10755121,-0.016804934,,
not_anno,SMESG000068141.1,0.089412294,0.10627771,-0.016865417,,
not_anno,SMESG000073869.1,0.076879166,0.09380291,-0.01692374,,
not_anno,SMESG000074553.1,0.05807013,0.07517303,-0.017102897,,
not_anno,SMESG000009447.1,0.09325231,0.11046229,-0.017209984,,
not_anno,SMESG000015282.1,0.0779508,0.095164925,-0.017214127,,
not_anno,SMESG000013661.1,0.05406211,0.07129208,-0.01722997,,
not_anno,SMESG000041071.1,0.05560766,0.07286189,-0.017254226,,
not_anno,SMESG000060905.1,0.06794747,0.08524221,-0.017294742,,
not_anno,SMESG000009484.1,0.07050081,0.087845,-0.017344184,,
not_anno,SMESG000037255.1,0.05596782,0.07334673,-0.017378908,,
not_anno,SMESG000004988.1,0.06456266,0.081964694,-0.01740203,,
not_anno,SMESG000008345.1,0.11900508,0.13644725,-0.017442174,,
not_anno,SMESG000020805.1,0.057817977,0.075294204,-0.017476227,,
not_anno,SMESG000026239.1,0.053724818,0.07122618,-0.017501362,,
not_anno,SMESG000011290.1,0.052401923,0.07001368,-0.017611757,,
not_anno,SMESG000062403.1,0.109013095,0.12666507,-0.017651975,,
not_anno,SMESG000058039.1,0.10451966,0.122220084,-0.017700426,,
not_anno,SMESG000078868.1,0.07148965,0.08928803,-0.017798387,,
not_anno,SMESG000060876.1,0.120242976,0.13810362,-0.017860644,,
not_anno,SMESG000029088.1,0.06221887,0.080082856,-0.017863985,,
not_anno,SMESG000001317.1,0.121612355,0.13950527,-0.017892912,,
not_anno,SMESG000041686.1,0.07041901,0.08835992,-0.017940909,,
not_anno,SMESG000033211.1,0.04670096,0.06469006,-0.017989103,,
not_anno,SMESG000036937.1,0.058842856,0.0769167,-0.018073846,,
not_anno,SMESG000060019.1,0.21402758,0.23215611,-0.01812853,,
not_anno,SMESG000066416.1,0.07270968,0.09087938,-0.018169701,,
not_anno,SMESG000027783.1,0.13217455,0.15044278,-0.018268228,,
not_anno,SMESG000010356.1,0.13087626,0.14916798,-0.018291727,,
not_anno,SMESG000076159.1,0.113341704,0.13166428,-0.018322572,,
not_anno,SMESG000060313.1,0.08173227,0.10007934,-0.01834707,,
not_anno,SMESG000058272.1,0.13486753,0.15321589,-0.018348351,,
not_anno,SMESG000006432.1,0.058224026,0.07661567,-0.018391643,,
not_anno,SMESG000049554.1,0.06431724,0.08272814,-0.018410899,,
not_anno,SMESG000081696.1,0.085803404,0.10423119,-0.01842779,,
not_anno,SMESG000026631.1,0.052189045,0.070626415,-0.01843737,,
not_anno,SMESG000003099.1,0.11884286,0.13738742,-0.018544562,,
not_anno,SMESG000022762.1,0.18998438,0.20853244,-0.018548056,,
not_anno,SMESG000010412.1,0.10050914,0.119138256,-0.018629119,,
not_anno,SMESG000026208.1,0.058224004,0.07687373,-0.018649723,,
not_anno,SMESG000008328.1,0.07326402,0.091925204,-0.018661186,,
not_anno,SMESG000040636.1,0.12818226,0.14697745,-0.018795192,,
not_anno,SMESG000040163.1,0.048344746,0.06714517,-0.018800423,,
not_anno,SMESG000039266.1,0.07841931,0.09733745,-0.018918134,,
not_anno,SMESG000022877.1,0.10875174,0.12769188,-0.018940143,,
not_anno,SMESG000026676.1,0.063096195,0.08205249,-0.018956296,,
not_anno,SMESG000059984.1,0.21912318,0.23816818,-0.019044995,,
not_anno,SMESG000023167.1,0.11186625,0.13093555,-0.0190693,,
not_anno,SMESG000034830.1,0.09413167,0.11321265,-0.019080982,,
not_anno,SMESG000043151.1,0.053469393,0.07256677,-0.019097377,,
not_anno,SMESG000043835.1,0.048328355,0.06744979,-0.019121438,,
not_anno,SMESG000064394.1,0.05279809,0.07194069,-0.019142602,,
not_anno,SMESG000002904.1,0.102901824,0.12214003,-0.019238204,,
not_anno,SMESG000040933.1,0.062611856,0.08188258,-0.019270726,,
not_anno,SMESG000035457.1,0.105515726,0.12481911,-0.019303381,,
not_anno,SMESG000026284.1,0.13793233,0.15726534,-0.019333005,,
not_anno,SMESG000011356.1,0.062435005,0.08179023,-0.019355226,,
not_anno,SMESG000017824.1,0.08872373,0.108179726,-0.019456,,
not_anno,SMESG000039495.1,0.19347833,0.21302564,-0.019547313,,
not_anno,SMESG000025057.1,0.056367368,0.07594592,-0.019578554,,
not_anno,SMESG000071294.1,0.097423255,0.11700601,-0.019582756,,
not_anno,SMESG000073542.1,0.051239464,0.07082354,-0.019584078,,
not_anno,SMESG000016299.1,0.054265086,0.07385114,-0.019586053,,
not_anno,SMESG000050229.1,0.11312508,0.13278724,-0.019662164,,
not_anno,SMESG000028183.1,0.10059193,0.12025729,-0.01966536,,
not_anno,SMESG000010652.1,0.06855327,0.088235095,-0.019681826,,
not_anno,SMESG000056249.1,0.1035488,0.12324698,-0.01969818,,
not_anno,SMESG000012673.1,0.096406385,0.1161666,-0.019760214,,
not_anno,SMESG000024306.1,0.079332404,0.099137776,-0.019805372,,
not_anno,SMESG000047328.1,0.11950066,0.13941973,-0.019919075,,
not_anno,SMESG000060705.1,0.06780017,0.08776295,-0.01996278,,
not_anno,SMESG000045656.1,0.16932613,0.18933766,-0.02001153,,
not_anno,SMESG000067696.1,0.12930351,0.14939712,-0.020093605,,
not_anno,SMESG000054815.1,0.06003481,0.08013281,-0.020098,,
not_anno,SMESG000033574.1,0.055974446,0.0761867,-0.020212255,,
not_anno,SMESG000056344.1,0.09683582,0.11709984,-0.020264015,,
not_anno,SMESG000047488.1,0.07120457,0.09147235,-0.020267777,,
not_anno,SMESG000015143.1,0.2037752,0.22410722,-0.020332024,,
not_anno,SMESG000058557.1,0.10463879,0.12503439,-0.0203956,,
not_anno,SMESG000041839.1,0.4351908,0.45560148,-0.020410687,,
not_anno,SMESG000033349.1,0.1747585,0.1952389,-0.02048041,,
not_anno,SMESG000012475.1,0.045060534,0.065615326,-0.020554792,,
not_anno,SMESG000044527.1,0.13087466,0.15143529,-0.020560622,,
not_anno,SMESG000038602.1,0.07687079,0.09744935,-0.020578556,,
not_anno,SMESG000037203.1,0.18321814,0.20387495,-0.02065681,,
not_anno,SMESG000056978.1,0.08250426,0.10320225,-0.020697996,,
not_anno,SMESG000027795.1,0.053371213,0.074177295,-0.020806082,,
not_anno,SMESG000068286.1,0.08014446,0.10098318,-0.020838723,,
not_anno,SMESG000067789.1,0.11664689,0.13752396,-0.02087707,,
not_anno,SMESG000031469.1,0.1280404,0.14894447,-0.020904064,,
not_anno,SMESG000012999.1,0.055630635,0.07655345,-0.020922814,,
not_anno,SMESG000031905.1,0.115953915,0.13689522,-0.02094131,,
not_anno,SMESG000016331.1,0.06579332,0.0867576,-0.02096428,,
not_anno,SMESG000033176.1,0.07630487,0.09739836,-0.021093495,,
not_anno,SMESG000079631.1,0.08507728,0.106224336,-0.021147057,,
not_anno,SMESG000078435.1,0.07381013,0.09501471,-0.021204583,,
not_anno,SMESG000023665.1,0.09107896,0.11235693,-0.021277972,,
not_anno,SMESG000070068.1,0.05682909,0.07811004,-0.021280948,,
not_anno,SMESG000080705.1,0.0588069,0.08014938,-0.021342482,,
not_anno,SMESG000050948.1,0.089160584,0.11050583,-0.021345243,,
not_anno,SMESG000016245.1,0.09065102,0.11200347,-0.021352448,,
not_anno,SMESG000016218.1,0.07910682,0.10048109,-0.02137427,,
not_anno,SMESG000002993.1,0.111678496,0.13309889,-0.02142039,,
not_anno,SMESG000023170.1,0.06234016,0.08376215,-0.021421988,,
not_anno,SMESG000031703.1,0.054294538,0.07572634,-0.0214318,,
not_anno,SMESG000003543.1,0.12656271,0.14799717,-0.021434456,,
not_anno,SMESG000003831.1,0.10369712,0.12522519,-0.021528065,,
not_anno,SMESG000011963.1,0.047467157,0.06900049,-0.021533333,,
not_anno,SMESG000072743.1,0.0862372,0.10780787,-0.021570668,,
not_anno,SMESG000011907.1,0.13641363,0.15805168,-0.02163805,,
not_anno,SMESG000034948.1,0.06488364,0.086527444,-0.021643803,,
not_anno,SMESG000060349.1,0.05452383,0.07620237,-0.02167854,,
not_anno,SMESG000011029.1,0.120792106,0.1424879,-0.021695793,,
not_anno,SMESG000059133.1,0.062955454,0.08472099,-0.021765538,,
not_anno,SMESG000012224.1,0.06288344,0.084737696,-0.02185426,,
not_anno,SMESG000079959.1,0.07910001,0.100957155,-0.021857142,,
not_anno,SMESG000069852.1,0.096792184,0.11869358,-0.021901399,,
not_anno,SMESG000011518.1,0.04640625,0.06841376,-0.022007506,,
not_anno,SMESG000077800.1,0.08072001,0.10279625,-0.022076242,,
not_anno,SMESG000024968.1,0.062435076,0.08457441,-0.022139333,,
not_anno,SMESG000045122.1,0.123227164,0.14538033,-0.022153169,,
not_anno,SMESG000081287.1,0.054471444,0.076635525,-0.02216408,,
not_anno,SMESG000037707.1,0.06535813,0.087533936,-0.022175804,,
not_anno,SMESG000063633.1,0.06596326,0.088165775,-0.022202514,,
not_anno,SMESG000045501.1,0.1958944,0.21815342,-0.022259012,,
not_anno,SMESG000028873.1,0.080551855,0.10284384,-0.022291988,,
not_anno,SMESG000025495.1,0.13932417,0.1616223,-0.022298127,,
not_anno,SMESG000034989.1,0.081201576,0.10358608,-0.022384502,,
not_anno,SMESG000013473.1,0.07168275,0.09422075,-0.022537999,,
not_anno,SMESG000007873.1,0.04301719,0.065575965,-0.022558775,,
not_anno,SMESG000026537.1,0.099671476,0.12225916,-0.022587687,,
not_anno,SMESG000041819.1,0.0717351,0.09435572,-0.022620618,,
not_anno,SMESG000016275.1,0.056000594,0.078624375,-0.022623781,,
not_anno,SMESG000000987.1,0.057932522,0.08061686,-0.02268434,,
not_anno,SMESG000056256.1,0.19612725,0.21881899,-0.022691742,,
not_anno,SMESG000051850.1,0.06720112,0.09000229,-0.022801168,,
not_anno,SMESG000032910.1,0.067502216,0.090340905,-0.02283869,,
not_anno,SMESG000080319.1,0.10337918,0.1262723,-0.022893123,,
not_anno,SMESG000014182.1,0.07304086,0.09597147,-0.022930615,,
not_anno,SMESG000007277.1,0.1069702,0.12994611,-0.022975914,,
not_anno,SMESG000014369.1,0.14663175,0.1698152,-0.02318345,,
not_anno,SMESG000027408.1,0.09508885,0.118384846,-0.023295999,,
not_anno,SMESG000071613.1,0.09711288,0.12042481,-0.023311928,,
not_anno,SMESG000042735.1,0.07355799,0.09689026,-0.023332275,,
not_anno,SMESG000061417.1,0.07110639,0.09446684,-0.023360454,,
not_anno,SMESG000023047.1,0.10862357,0.13201115,-0.023387574,,
not_anno,SMESG000038704.1,0.08506724,0.10846314,-0.023395896,,
not_anno,SMESG000003454.1,0.060562033,0.08405924,-0.023497205,,
not_anno,SMESG000008209.1,0.08666754,0.11030304,-0.0236355,,
not_anno,SMESG000013182.1,0.050312698,0.07399536,-0.023682661,,
not_anno,SMESG000042492.1,0.053430084,0.0771983,-0.023768213,,
not_anno,SMESG000026163.1,0.09410448,0.11792209,-0.023817606,,
not_anno,SMESG000081249.1,0.103590354,0.1274102,-0.023819849,,
not_anno,SMESG000014619.1,0.06457579,0.08840874,-0.023832947,,
not_anno,SMESG000008050.1,0.0746154,0.09848882,-0.023873426,,
not_anno,SMESG000017753.1,0.049716763,0.073628955,-0.023912191,,
not_anno,SMESG000013911.1,0.061151378,0.08507225,-0.023920871,,
not_anno,SMESG000063866.1,0.049346715,0.073267624,-0.023920909,,
not_anno,SMESG000027823.1,0.27679592,0.3008312,-0.024035275,,
not_anno,SMESG000055869.1,0.09017359,0.11423953,-0.024065942,,
not_anno,SMESG000079805.1,0.1496037,0.17368573,-0.024082035,,
not_anno,SMESG000003121.1,0.14254987,0.16663727,-0.0240874,,
not_anno,SMESG000000639.1,0.10310938,0.12726475,-0.02415537,,
not_anno,SMESG000041117.1,0.07922166,0.10339191,-0.02417025,,
not_anno,SMESG000016570.1,0.07643573,0.10064592,-0.024210192,,
not_anno,SMESG000016908.1,0.06346291,0.08771106,-0.024248146,,
not_anno,SMESG000080475.1,0.13559127,0.15987378,-0.024282515,,
not_anno,SMESG000026865.1,0.062487464,0.08686566,-0.0243782,,
not_anno,SMESG000015099.1,0.11052818,0.13492177,-0.024393596,,
not_anno,SMESG000026974.1,0.05754291,0.08194529,-0.024402384,,
not_anno,SMESG000080919.1,0.06945679,0.09394602,-0.024489224,,
not_anno,SMESG000012977.1,0.07814372,0.102635846,-0.024492122,,
not_anno,SMESG000077016.1,0.04911101,0.07364861,-0.0245376,,
not_anno,SMESG000058043.1,0.17420726,0.19878206,-0.024574801,,
not_anno,SMESG000002723.1,0.10026225,0.12486294,-0.024600692,,
not_anno,SMESG000078591.1,0.08068525,0.105369225,-0.024683975,,
not_anno,SMESG000067948.1,0.06099755,0.08576755,-0.024770003,,
not_anno,SMESG000037569.1,0.101672605,0.12655099,-0.024878383,,
not_anno,SMESG000050382.1,0.06984264,0.09472202,-0.024879381,,
not_anno,SMESG000045473.1,0.13495412,0.15987466,-0.024920538,,
not_anno,SMESG000048912.1,0.05999554,0.08492116,-0.02492562,,
not_anno,SMESG000000391.1,0.13791274,0.16284686,-0.024934128,,
not_anno,SMESG000025700.1,0.15378027,0.17873731,-0.024957046,,
not_anno,SMESG000072821.1,0.094420895,0.11941133,-0.024990432,,
not_anno,SMESG000070679.1,0.04361962,0.06862382,-0.025004197,,
not_anno,SMESG000001466.1,0.050686024,0.07577996,-0.025093935,,
not_anno,SMESG000075533.1,0.07333567,0.09853411,-0.025198437,,
not_anno,SMESG000023342.1,0.10450093,0.12970738,-0.025206454,,
not_anno,SMESG000015927.1,0.11298784,0.13826653,-0.025278695,,
not_anno,SMESG000038928.1,0.102554224,0.12784667,-0.025292449,,
not_anno,SMESG000060612.1,0.058394212,0.08387571,-0.025481496,,
not_anno,SMESG000063825.1,0.08006646,0.10558541,-0.025518954,,
not_anno,SMESG000023687.1,0.069554865,0.09511913,-0.025564268,,
not_anno,SMESG000008139.1,0.07566932,0.10129812,-0.025628805,,
not_anno,SMESG000011219.1,0.091433346,0.1170836,-0.025650255,,
not_anno,SMESG000017249.1,0.16977298,0.19551228,-0.025739297,,
not_anno,SMESG000038972.1,0.07778094,0.103592135,-0.025811195,,
not_anno,SMESG000001249.1,0.07862873,0.10451338,-0.02588465,,
not_anno,SMESG000029240.1,0.10131803,0.12723196,-0.025913924,,
not_anno,SMESG000037024.1,0.09629392,0.12221354,-0.025919624,,
not_anno,SMESG000029126.1,0.08420705,0.11019402,-0.02598697,,
not_anno,SMESG000021514.1,0.13297623,0.1590501,-0.026073873,,
not_anno,SMESG000044206.1,0.14149038,0.16758533,-0.026094943,,
not_anno,SMESG000072854.1,0.08340153,0.10957729,-0.02617576,,
not_anno,SMESG000000196.1,0.15469413,0.18101649,-0.026322365,,
not_anno,SMESG000051726.1,0.087975346,0.11438003,-0.026404686,,
not_anno,SMESG000024368.1,0.13240616,0.15881541,-0.026409253,,
not_anno,SMESG000016993.1,0.71833855,0.74476993,-0.026431382,,
not_anno,SMESG000064985.1,0.10571345,0.13224865,-0.026535206,,
not_anno,SMESG000050288.1,0.048891652,0.075439095,-0.026547443,,
not_anno,SMESG000022764.1,0.08396141,0.11062993,-0.026668519,,
not_anno,SMESG000050162.1,0.09244056,0.11910965,-0.026669092,,
not_anno,SMESG000050010.1,0.29857332,0.32538936,-0.02681604,,
not_anno,SMESG000018556.1,0.191409,0.21825074,-0.02684173,,
not_anno,SMESG000060686.1,0.07906694,0.10597484,-0.026907898,,
not_anno,SMESG000066554.1,0.04705134,0.07400973,-0.026958391,,
not_anno,SMESG000026649.1,0.1387546,0.16577491,-0.027020305,,
not_anno,SMESG000055576.1,0.062903136,0.09002539,-0.027122252,,
not_anno,SMESG000064836.1,0.08509443,0.11222302,-0.027128592,,
not_anno,SMESG000020880.1,0.12445919,0.15174769,-0.027288496,,
not_anno,SMESG000060415.1,0.2322628,0.25957105,-0.02730824,,
not_anno,SMESG000018845.1,0.12560515,0.15296572,-0.027360573,,
not_anno,SMESG000017012.1,0.043750715,0.07117177,-0.027421053,,
not_anno,SMESG000028157.1,0.11570294,0.143175,-0.027472064,,
not_anno,SMESG000026697.1,0.1288421,0.15635206,-0.027509958,,
not_anno,SMESG000073546.1,0.13587701,0.16353358,-0.02765657,,
not_anno,SMESG000004631.1,0.12437456,0.15209432,-0.027719758,,
not_anno,SMESG000032693.1,0.11852907,0.14625853,-0.027729467,,
not_anno,SMESG000061907.1,0.080707006,0.10846593,-0.027758926,,
not_anno,SMESG000074861.1,0.058060322,0.08584982,-0.0277895,,
not_anno,SMESG000073800.1,0.10004987,0.12785852,-0.027808651,,
not_anno,SMESG000007314.1,0.11982034,0.14764714,-0.027826801,,
not_anno,SMESG000027526.1,0.15104197,0.17913581,-0.028093845,,
not_anno,SMESG000041543.1,0.05232658,0.08045059,-0.028124008,,
not_anno,SMESG000004606.1,0.102380425,0.1305305,-0.028150082,,
not_anno,SMESG000010589.1,0.13929792,0.16744806,-0.028150141,,
not_anno,SMESG000072456.1,0.11250314,0.14066134,-0.028158203,,
not_anno,SMESG000068982.1,0.117228135,0.14550142,-0.028273284,,
not_anno,SMESG000078697.1,0.07876067,0.107140236,-0.028379567,,
not_anno,SMESG000008815.1,0.066215724,0.0946016,-0.028385878,,
not_anno,SMESG000017264.1,0.92815655,0.9565633,-0.02840674,,
not_anno,SMESG000057144.1,0.054268405,0.08271275,-0.028444342,,
not_anno,SMESG000026698.1,0.09418556,0.12267021,-0.02848465,,
not_anno,SMESG000037103.1,0.11280323,0.1413367,-0.028533466,,
not_anno,SMESG000013908.1,0.060938593,0.08947843,-0.02853984,,
not_anno,SMESG000006795.1,0.050227568,0.07880101,-0.028573446,,
not_anno,SMESG000075635.1,0.0940061,0.12258089,-0.028574795,,
not_anno,SMESG000035328.1,0.17545168,0.20414427,-0.028692588,,
not_anno,SMESG000060552.1,0.36071485,0.3894499,-0.028735042,,
not_anno,SMESG000041446.1,0.05164221,0.080558404,-0.028916195,,
not_anno,SMESG000076890.1,0.09092643,0.11985665,-0.028930217,,
not_anno,SMESG000077385.1,0.09084135,0.11980889,-0.028967537,,
not_anno,SMESG000010139.1,0.14103542,0.17011315,-0.029077724,,
not_anno,SMESG000026651.1,0.18264784,0.21179357,-0.029145733,,
not_anno,SMESG000038397.1,0.118853316,0.14810872,-0.029255405,,
not_anno,SMESG000062712.1,0.11899894,0.14832017,-0.029321231,,
not_anno,SMESG000016283.1,0.15805613,0.18787365,-0.029817522,,
not_anno,SMESG000077643.1,0.15414006,0.18411131,-0.029971257,,
not_anno,SMESG000017288.1,0.09833155,0.1283842,-0.030052654,,
not_anno,SMESG000066628.1,0.10619656,0.13625748,-0.030060925,,
not_anno,SMESG000080916.1,0.10227777,0.13234048,-0.030062705,,
not_anno,SMESG000034246.1,0.18328826,0.21348679,-0.03019853,,
not_anno,SMESG000060188.1,0.048436344,0.07871246,-0.03027612,,
not_anno,SMESG000017118.1,0.049982138,0.080641456,-0.030659318,,
not_anno,SMESG000035326.1,0.31811407,0.34891295,-0.030798882,,
not_anno,SMESG000028920.1,0.3111998,0.3423853,-0.031185478,,
not_anno,SMESG000080526.1,0.08689074,0.11834417,-0.03145343,,
not_anno,SMESG000044563.1,0.08528307,0.11702343,-0.03174036,,
not_anno,SMESG000049015.1,0.09806112,0.12983134,-0.031770222,,
not_anno,SMESG000013666.1,0.048835956,0.08062451,-0.031788558,,
not_anno,SMESG000032194.1,0.06516165,0.09695463,-0.031792976,,
not_anno,SMESG000043092.1,0.14806563,0.17999613,-0.031930506,,
not_anno,SMESG000055605.1,0.07147391,0.10347338,-0.03199947,,
not_anno,SMESG000013722.1,0.10049817,0.13262314,-0.032124966,,
not_anno,SMESG000022725.1,0.104352884,0.13651878,-0.032165892,,
not_anno,SMESG000081151.1,0.2181457,0.25035736,-0.03221166,,
not_anno,SMESG000064284.1,0.12308962,0.15530713,-0.03221751,,
not_anno,SMESG000023987.1,0.06512237,0.097384766,-0.032262392,,
not_anno,SMESG000078668.1,0.085071266,0.117413945,-0.03234268,,
not_anno,SMESG000066693.1,0.17360008,0.20598155,-0.032381475,,
not_anno,SMESG000000556.1,0.11032363,0.14280349,-0.03247986,,
not_anno,SMESG000074337.1,0.117712684,0.15042381,-0.032711126,,
not_anno,SMESG000066039.1,0.12377435,0.15652466,-0.03275031,,
not_anno,SMESG000017174.1,0.11657671,0.14938816,-0.032811455,,
not_anno,SMESG000003839.1,0.1916894,0.22453205,-0.03284265,,
not_anno,SMESG000003941.1,0.09721851,0.1301123,-0.03289379,,
not_anno,SMESG000056224.1,0.059491225,0.09242795,-0.032936722,,
not_anno,SMESG000065325.1,0.27065548,0.30393928,-0.0332838,,
not_anno,SMESG000051918.1,0.06188164,0.0952675,-0.033385858,,
not_anno,SMESG000075449.1,0.12552916,0.15896013,-0.03343098,,
not_anno,SMESG000007294.1,0.2919666,0.32542235,-0.03345576,,
not_anno,SMESG000019342.1,0.048374135,0.08184248,-0.033468347,,
not_anno,SMESG000001635.1,0.16300969,0.19653995,-0.033530265,,
not_anno,SMESG000049716.1,0.1137918,0.14739285,-0.033601053,,
not_anno,SMESG000002076.1,0.091509186,0.12512824,-0.033619054,,
not_anno,SMESG000043582.1,0.118143305,0.15190221,-0.03375891,,
not_anno,SMESG000057720.1,0.050312538,0.084099874,-0.033787336,,
not_anno,SMESG000030972.1,0.33089066,0.3648347,-0.03394404,,
not_anno,SMESG000018727.1,0.2855834,0.31962278,-0.03403938,,
not_anno,SMESG000002387.1,0.13995257,0.17402662,-0.034074053,,
not_anno,SMESG000013500.1,0.15072681,0.18480387,-0.034077063,,
not_anno,SMESG000024991.1,0.1324833,0.16662565,-0.034142345,,
not_anno,SMESG000066978.1,0.13103846,0.16532426,-0.0342858,,
not_anno,SMESG000068628.1,0.5726638,0.6070046,-0.0343408,,
not_anno,SMESG000062259.1,0.51993066,0.55438405,-0.034453392,,
not_anno,SMESG000024345.1,0.18859,0.22311601,-0.034526005,,
not_anno,SMESG000052083.1,0.068608925,0.10329352,-0.0346846,,
not_anno,SMESG000081496.1,0.13678367,0.1715725,-0.034788832,,
not_anno,SMESG000058013.1,0.56100166,0.5958178,-0.034816146,,
not_anno,SMESG000008082.1,0.11553196,0.15040189,-0.03486993,,
not_anno,SMESG000067583.1,0.08132344,0.11619899,-0.03487555,,
not_anno,SMESG000067931.1,0.06754488,0.10250683,-0.034961954,,
not_anno,SMESG000062284.1,0.119768135,0.15484466,-0.03507652,,
not_anno,SMESG000078664.1,0.045748014,0.08093398,-0.035185967,,
not_anno,SMESG000027186.1,0.09942298,0.13472115,-0.03529817,,
not_anno,SMESG000064126.1,0.05466462,0.09004194,-0.035377324,,
not_anno,SMESG000040791.1,0.15254146,0.18799551,-0.03545405,,
not_anno,SMESG000004374.1,0.053731326,0.089263625,-0.0355323,,
not_anno,SMESG000024340.1,0.11996866,0.15557607,-0.035607405,,
not_anno,SMESG000062896.1,0.2651749,0.30080405,-0.035629153,,
not_anno,SMESG000064512.1,0.19502196,0.23067632,-0.035654366,,
not_anno,SMESG000070173.1,0.122945145,0.1586129,-0.035667762,,
not_anno,SMESG000018602.1,0.079033166,0.11476557,-0.035732403,,
not_anno,SMESG000020764.1,0.08650846,0.1222677,-0.03575924,,
not_anno,SMESG000052687.1,0.36515453,0.40116778,-0.036013246,,
not_anno,SMESG000081251.1,0.12081091,0.15686062,-0.03604971,,
not_anno,SMESG000000625.1,0.067577794,0.10369739,-0.036119595,,
not_anno,SMESG000037949.1,0.21416454,0.2503976,-0.036233053,,
not_anno,SMESG000061917.1,0.16269441,0.19898035,-0.036285937,,
not_anno,SMESG000027305.1,0.11462004,0.15107203,-0.036451988,,
not_anno,SMESG000070862.1,0.12455498,0.16102588,-0.036470905,,
not_anno,SMESG000081077.1,0.2084652,0.24497657,-0.03651136,,
not_anno,SMESG000016657.1,0.17249231,0.20918116,-0.03668885,,
not_anno,SMESG000020808.1,0.08564344,0.12252739,-0.03688395,,
not_anno,SMESG000010944.1,0.08005553,0.11705554,-0.037000015,,
not_anno,SMESG000012033.1,0.12023642,0.15730026,-0.037063845,,
not_anno,SMESG000061402.1,0.1270114,0.16408122,-0.037069812,,
not_anno,SMESG000067657.1,0.4433136,0.48042178,-0.037108183,,
not_anno,SMESG000044335.1,0.10836615,0.14567389,-0.03730774,,
not_anno,SMESG000039299.1,0.100055516,0.13737802,-0.037322506,,
not_anno,SMESG000026465.1,0.071368806,0.108698,-0.037329197,,
not_anno,SMESG000004897.1,0.15525258,0.19269405,-0.037441477,,
not_anno,SMESG000061591.1,0.09724872,0.13477296,-0.03752424,,
not_anno,SMESG000033951.1,0.25330454,0.2908829,-0.037578344,,
not_anno,SMESG000019986.1,0.054012842,0.091997206,-0.037984364,,
not_anno,SMESG000065075.1,0.12041138,0.15846372,-0.038052335,,
not_anno,SMESG000081075.1,0.15757294,0.19584917,-0.038276225,,
not_anno,SMESG000066078.1,0.06414691,0.10244888,-0.038301967,,
not_anno,SMESG000023846.1,0.24734491,0.28573936,-0.03839445,,
not_anno,SMESG000050554.1,0.074266374,0.11308779,-0.038821414,,
not_anno,SMESG000062123.1,0.26512688,0.3040038,-0.03887692,,
not_anno,SMESG000035963.1,0.054193083,0.09320826,-0.039015178,,
not_anno,SMESG000037102.1,0.602191,0.64123535,-0.03904438,,
not_anno,SMESG000008757.1,0.13042648,0.1696004,-0.039173916,,
not_anno,SMESG000060467.1,0.0663597,0.105771765,-0.039412066,,
not_anno,SMESG000063570.1,0.07593942,0.11546717,-0.03952775,,
not_anno,SMESG000008280.1,0.11969438,0.15927793,-0.03958355,,
not_anno,SMESG000021192.1,0.20912345,0.24886751,-0.039744064,,
not_anno,SMESG000038766.1,0.15926655,0.19913721,-0.039870664,,
not_anno,SMESG000009833.1,0.14615536,0.18615338,-0.039998025,,
not_anno,SMESG000006859.1,0.059546564,0.099825695,-0.04027913,,
not_anno,SMESG000062507.1,0.086757384,0.12712377,-0.04036639,,
not_anno,SMESG000003841.1,0.08718215,0.12765379,-0.040471643,,
not_anno,SMESG000017208.1,0.60176355,0.64242727,-0.04066372,,
not_anno,SMESG000011804.1,0.08066274,0.12135517,-0.040692426,,
not_anno,SMESG000035241.1,0.13800631,0.17872415,-0.04071784,,
not_anno,SMESG000015535.1,0.12315693,0.16401146,-0.040854536,,
not_anno,SMESG000060771.1,0.96206594,1.0029297,-0.040863752,,
not_anno,SMESG000055989.1,0.11690341,0.15802963,-0.04112622,,
not_anno,SMESG000049184.1,0.058410276,0.09976956,-0.041359287,,
not_anno,SMESG000017020.1,0.10263915,0.14404081,-0.041401654,,
not_anno,SMESG000055743.1,0.15422246,0.19574946,-0.041527003,,
not_anno,SMESG000051721.1,0.15384308,0.19539525,-0.04155217,,
not_anno,SMESG000024244.1,0.16631338,0.2079064,-0.041593015,,
not_anno,SMESG000025683.1,0.1370262,0.17884576,-0.041819558,,
not_anno,SMESG000022050.1,0.12895943,0.17093231,-0.041972876,,
not_anno,SMESG000002633.1,0.083930045,0.1261183,-0.042188257,,
not_anno,SMESG000016282.1,0.11182394,0.154019,-0.04219506,,
not_anno,SMESG000004195.1,0.057385758,0.09968316,-0.0422974,,
not_anno,SMESG000021391.1,0.12241154,0.16484374,-0.042432196,,
not_anno,SMESG000078683.1,0.1369719,0.17958944,-0.04261753,,
not_anno,SMESG000037593.1,0.4619029,0.5046377,-0.04273483,,
not_anno,SMESG000026323.1,0.19951817,0.2422585,-0.04274033,,
not_anno,SMESG000016836.1,0.07033096,0.11319988,-0.04286892,,
not_anno,SMESG000009924.1,0.20554373,0.24873598,-0.043192253,,
not_anno,SMESG000029500.1,0.28776067,0.33096364,-0.043202966,,
not_anno,SMESG000045448.1,0.103725985,0.14694071,-0.043214723,,
not_anno,SMESG000019835.1,0.112715945,0.15598437,-0.043268427,,
not_anno,SMESG000016846.1,0.05730707,0.10057998,-0.04327291,,
not_anno,SMESG000064169.1,0.3508762,0.39437214,-0.043495923,,
not_anno,SMESG000022049.1,0.045338336,0.08885351,-0.04351517,,
not_anno,SMESG000003212.1,0.17959926,0.22326528,-0.04366602,,
not_anno,SMESG000062601.1,0.14232336,0.18622641,-0.043903053,,
not_anno,SMESG000027311.1,0.15537624,0.19949883,-0.04412259,,
not_anno,SMESG000005086.1,0.27312744,0.31739807,-0.044270635,,
not_anno,SMESG000016726.1,0.13798352,0.18243998,-0.044456467,,
not_anno,SMESG000043862.1,0.22397196,0.26855046,-0.044578493,,
not_anno,SMESG000045852.1,0.23432815,0.2789111,-0.044582963,,
not_anno,SMESG000018349.1,0.1393855,0.18416877,-0.044783264,,
not_anno,SMESG000034758.1,0.080428645,0.12526332,-0.044834673,,
not_anno,SMESG000009886.1,0.091964856,0.13688438,-0.04491952,,
not_anno,SMESG000081970.1,0.17501263,0.22025488,-0.04524225,,
not_anno,SMESG000069981.1,0.20970279,0.2554539,-0.045751125,,
not_anno,SMESG000031448.1,0.21391611,0.25983337,-0.045917258,,
not_anno,SMESG000035329.1,0.13398263,0.18006244,-0.046079814,,
not_anno,SMESG000005289.1,0.1520505,0.19818929,-0.046138793,,
not_anno,SMESG000034594.1,0.25358367,0.30011395,-0.046530277,,
not_anno,SMESG000048111.1,0.21332568,0.25994897,-0.04662329,,
not_anno,SMESG000014290.1,0.11418378,0.16083667,-0.046652883,,
not_anno,SMESG000058317.1,0.4987807,0.5455173,-0.046736628,,
not_anno,SMESG000019700.1,0.14934722,0.19626544,-0.04691823,,
not_anno,SMESG000026176.1,0.2074736,0.25441825,-0.046944648,,
not_anno,SMESG000050730.1,0.15868758,0.20563468,-0.046947107,,
not_anno,SMESG000077361.1,0.05006353,0.097334266,-0.047270734,,
not_anno,SMESG000036533.1,0.23809384,0.28564358,-0.04754974,,
not_anno,SMESG000078181.1,0.16105726,0.20926635,-0.048209086,,
not_anno,SMESG000048449.1,0.17319079,0.22160418,-0.048413396,,
not_anno,SMESG000017358.1,0.10985512,0.15841337,-0.048558243,,
not_anno,SMESG000009912.1,0.13814928,0.18671499,-0.048565716,,
not_anno,SMESG000057890.1,0.47213084,0.52072597,-0.04859513,,
not_anno,SMESG000072162.1,0.1789161,0.22763634,-0.04872024,,
not_anno,SMESG000016203.1,0.6090544,0.6578865,-0.04883212,,
not_anno,SMESG000003007.1,0.35613587,0.4050372,-0.04890132,,
not_anno,SMESG000081113.1,0.15556027,0.20472378,-0.049163505,,
not_anno,SMESG000022390.1,0.14235556,0.19241159,-0.050056025,,
not_anno,SMESG000070321.1,0.14627826,0.19640005,-0.050121784,,
not_anno,SMESG000080788.1,0.12238679,0.17255315,-0.05016636,,
not_anno,SMESG000024961.1,0.12305902,0.17330027,-0.050241247,,
not_anno,SMESG000081647.1,0.04721506,0.0974703,-0.05025524,,
not_anno,SMESG000072522.1,0.28980592,0.34018254,-0.050376624,,
not_anno,SMESG000024772.1,0.0360292,0.08640984,-0.050380636,,
not_anno,SMESG000070471.1,0.22898547,0.2794451,-0.05045964,,
not_anno,SMESG000010769.1,0.30012575,0.35072288,-0.05059713,,
not_anno,SMESG000023677.1,0.08683282,0.13774006,-0.05090724,,
not_anno,SMESG000037971.1,0.06545639,0.11638768,-0.05093129,,
not_anno,SMESG000044487.1,0.08417806,0.13558036,-0.0514023,,
not_anno,SMESG000022850.1,0.07875866,0.13020049,-0.051441833,,
not_anno,SMESG000026646.1,0.14250684,0.19413511,-0.051628277,,
not_anno,SMESG000066557.1,0.14402896,0.19569264,-0.051663682,,
not_anno,SMESG000051914.1,0.12254068,0.17441346,-0.051872775,,
not_anno,SMESG000022873.1,0.21009798,0.26209095,-0.051992968,,
not_anno,SMESG000024881.1,0.04345903,0.09558869,-0.05212966,,
not_anno,SMESG000077782.1,0.21225296,0.26454878,-0.05229582,,
not_anno,SMESG000025004.1,0.064772464,0.117224485,-0.05245202,,
not_anno,SMESG000079740.1,0.05196965,0.10465757,-0.052687917,,
not_anno,SMESG000015778.1,0.13918078,0.19198158,-0.052800804,,
not_anno,SMESG000015784.1,0.35830274,0.41167855,-0.05337581,,
not_anno,SMESG000064161.1,0.12557316,0.17903289,-0.053459734,,
not_anno,SMESG000040758.1,0.14900126,0.20264854,-0.05364728,,
not_anno,SMESG000021482.1,0.11092434,0.16475812,-0.053833775,,
not_anno,SMESG000018770.1,0.17851469,0.23243104,-0.05391635,,
not_anno,SMESG000014298.1,0.07237688,0.1263117,-0.053934827,,
not_anno,SMESG000023353.1,0.06403884,0.118140005,-0.05410116,,
not_anno,SMESG000036539.1,0.23646379,0.2905683,-0.054104507,,
not_anno,SMESG000035183.1,0.055138715,0.109294415,-0.0541557,,
not_anno,SMESG000076529.1,0.14247216,0.19690995,-0.054437786,,
not_anno,SMESG000000124.1,0.11730251,0.17174262,-0.05444011,,
not_anno,SMESG000061767.1,0.042561434,0.097048804,-0.05448737,,
not_anno,SMESG000070256.1,0.09632694,0.15097506,-0.054648124,,
not_anno,SMESG000025209.1,0.29304925,0.34802312,-0.05497387,,
not_anno,SMESG000008845.1,0.108155765,0.16313472,-0.05497896,,
not_anno,SMESG000061901.1,0.18189748,0.2371303,-0.055232823,,
not_anno,SMESG000030598.1,0.036029015,0.091329575,-0.05530056,,
not_anno,SMESG000023323.1,0.16198331,0.21732047,-0.05533716,,
not_anno,SMESG000009012.1,0.20356649,0.25909573,-0.055529237,,
not_anno,SMESG000073809.1,0.16381021,0.21948367,-0.055673465,,
not_anno,SMESG000039090.1,0.15001148,0.2059642,-0.055952713,,
not_anno,SMESG000078588.1,0.06668727,0.12280153,-0.056114256,,
not_anno,SMESG000059887.1,0.5990736,0.65523636,-0.056162775,,
not_anno,SMESG000012317.1,0.1779505,0.23425558,-0.05630508,,
not_anno,SMESG000042179.1,0.10126911,0.15764031,-0.056371197,,
not_anno,SMESG000067668.1,0.20202321,0.2587897,-0.05676648,,
not_anno,SMESG000011386.1,0.089018285,0.14581224,-0.056793958,,
not_anno,SMESG000012740.1,0.19449718,0.2514329,-0.056935713,,
not_anno,SMESG000018333.1,0.19228701,0.24926578,-0.056978762,,
not_anno,SMESG000061762.1,0.0730094,0.13010272,-0.057093322,,
not_anno,SMESG000020341.1,0.20541613,0.26263678,-0.057220653,,
not_anno,SMESG000062746.1,0.32379794,0.381335,-0.05753705,,
not_anno,SMESG000042736.1,0.15258983,0.21027078,-0.05768095,,
not_anno,SMESG000009232.1,0.70664465,0.7644134,-0.057768762,,
not_anno,SMESG000077197.1,0.088935256,0.14698209,-0.058046833,,
not_anno,SMESG000008924.1,0.13058175,0.18877207,-0.058190316,,
not_anno,SMESG000025704.1,0.18970838,0.24811688,-0.0584085,,
not_anno,SMESG000007225.1,0.10018715,0.15887803,-0.058690876,,
not_anno,SMESG000007869.1,0.31673917,0.37546623,-0.058727056,,
not_anno,SMESG000004485.1,0.047198452,0.10601715,-0.058818698,,
not_anno,SMESG000080290.1,1.017658,1.0766268,-0.058968782,,
not_anno,SMESG000068003.1,0.17672426,0.23588824,-0.059163988,,
not_anno,SMESG000049512.1,0.23708478,0.29666147,-0.05957669,,
not_anno,SMESG000030594.1,0.2575316,0.31744897,-0.05991736,,
not_anno,SMESG000054543.1,0.18016039,0.24007858,-0.059918195,,
not_anno,SMESG000066414.1,0.34034666,0.40031528,-0.05996862,,
not_anno,SMESG000020853.1,0.22035457,0.2807389,-0.06038432,,
not_anno,SMESG000024280.1,0.20343313,0.26394477,-0.06051165,,
not_anno,SMESG000024741.1,0.08080561,0.14133233,-0.06052672,,
not_anno,SMESG000079886.1,0.17748131,0.23814571,-0.0606644,,
not_anno,SMESG000035333.1,0.3541012,0.4147662,-0.06066498,,
not_anno,SMESG000029164.1,0.21410124,0.27481407,-0.06071283,,
not_anno,SMESG000060163.1,1.2778805,1.3390218,-0.061141253,,
not_anno,SMESG000047827.1,0.21543214,0.27711415,-0.061682016,,
not_anno,SMESG000009320.1,0.24776164,0.30998677,-0.062225133,,
not_anno,SMESG000050486.1,0.27070975,0.33318254,-0.06247279,,
not_anno,SMESG000034095.1,0.09789213,0.16038798,-0.06249585,,
not_anno,SMESG000076636.1,0.058534984,0.12134895,-0.06281397,,
not_anno,SMESG000051964.1,0.04817073,0.11105103,-0.0628803,,
not_anno,SMESG000067681.1,0.26796708,0.33086485,-0.06289777,,
not_anno,SMESG000004954.1,0.37259206,0.4356215,-0.06302944,,
not_anno,SMESG000003977.1,0.40782163,0.47098807,-0.06316644,,
not_anno,SMESG000025655.1,0.040230207,0.10360763,-0.063377425,,
not_anno,SMESG000025003.1,0.111638315,0.1752474,-0.063609086,,
not_anno,SMESG000041069.1,0.3761532,0.4398887,-0.063735485,,
not_anno,SMESG000035348.1,0.23154408,0.2957646,-0.06422052,,
not_anno,SMESG000042470.1,0.104215674,0.16846202,-0.06424635,,
not_anno,SMESG000039842.1,0.08780535,0.1522258,-0.064420454,,
not_anno,SMESG000001806.1,0.7572095,0.82243365,-0.06522417,,
not_anno,SMESG000029096.1,0.05172348,0.117053226,-0.065329745,,
not_anno,SMESG000025002.1,0.2778973,0.34359676,-0.06569946,,
not_anno,SMESG000080294.1,0.10247863,0.16839635,-0.06591772,,
not_anno,SMESG000062420.1,0.15699455,0.22328739,-0.06629284,,
not_anno,SMESG000032321.1,0.11426438,0.18079111,-0.06652673,,
not_anno,SMESG000051953.1,0.04460148,0.11129048,-0.066689,,
not_anno,SMESG000003969.1,0.3419166,0.4088902,-0.0669736,,
not_anno,SMESG000036410.1,0.17598471,0.24307735,-0.06709264,,
not_anno,SMESG000049109.1,0.24521135,0.31231037,-0.06709902,,
not_anno,SMESG000072807.1,0.08182089,0.14893468,-0.06711379,,
not_anno,SMESG000012668.1,0.2546279,0.32230207,-0.06767416,,
not_anno,SMESG000025001.1,0.17251395,0.24086265,-0.068348706,,
not_anno,SMESG000035027.1,0.061992507,0.13063304,-0.06864053,,
not_anno,SMESG000015520.1,0.42419058,0.49304456,-0.068853974,,
not_anno,SMESG000022893.1,0.714102,0.7832267,-0.0691247,,
not_anno,SMESG000040823.1,0.38563904,0.45517156,-0.06953251,,
not_anno,SMESG000003398.1,0.21975961,0.28952128,-0.06976166,,
not_anno,SMESG000016237.1,0.100594066,0.17066713,-0.07007306,,
not_anno,SMESG000002261.1,0.0702136,0.14041908,-0.07020548,,
not_anno,SMESG000066644.1,0.5094408,0.57964677,-0.07020599,,
not_anno,SMESG000072548.1,0.08733164,0.1578779,-0.07054627,,
not_anno,SMESG000062699.1,0.15114929,0.22199824,-0.07084896,,
not_anno,SMESG000050640.1,0.041022524,0.11195483,-0.07093231,,
not_anno,SMESG000023246.1,0.07969546,0.15068614,-0.07099068,,
not_anno,SMESG000003228.1,0.13395546,0.2060517,-0.07209624,,
not_anno,SMESG000016977.1,0.096458904,0.16859917,-0.07214027,,
not_anno,SMESG000074793.1,0.96679056,1.0393519,-0.07256138,,
not_anno,SMESG000049103.1,0.21885225,0.2916484,-0.072796136,,
not_anno,SMESG000017011.1,1.7594609,1.8322616,-0.07280064,,
not_anno,SMESG000012332.1,0.16881654,0.24198733,-0.073170796,,
not_anno,SMESG000032189.1,0.3357957,0.40937203,-0.07357633,,
not_anno,SMESG000003774.1,0.38167128,0.45563132,-0.073960036,,
not_anno,SMESG000042430.1,0.59672296,0.67070866,-0.073985696,,
not_anno,SMESG000005505.1,0.12663949,0.20164968,-0.075010195,,
not_anno,SMESG000043852.1,0.068477996,0.14446624,-0.07598824,,
not_anno,SMESG000026696.1,0.09668342,0.1728209,-0.076137476,,
not_anno,SMESG000049306.1,0.15865836,0.2349658,-0.076307446,,
not_anno,SMESG000001790.1,0.3227691,0.39945048,-0.076681376,,
not_anno,SMESG000027979.1,0.055731453,0.1325093,-0.07677785,,
not_anno,SMESG000003089.1,0.17787537,0.25474852,-0.07687315,,
not_anno,SMESG000019773.1,0.13764766,0.21459161,-0.07694395,,
not_anno,SMESG000018714.1,0.32311788,0.40045732,-0.07733944,,
not_anno,SMESG000067683.1,0.3927245,0.47020572,-0.07748121,,
not_anno,SMESG000051013.1,0.098823406,0.17642806,-0.07760466,,
not_anno,SMESG000068770.1,0.31208947,0.39008212,-0.07799265,,
not_anno,SMESG000022139.1,0.051792044,0.13039081,-0.07859877,,
not_anno,SMESG000037599.1,0.28119946,0.35987172,-0.07867226,,
not_anno,SMESG000060389.1,0.24789529,0.32662773,-0.078732446,,
not_anno,SMESG000059049.1,0.5767948,0.65568405,-0.07888925,,
not_anno,SMESG000058745.1,0.4584072,0.5375963,-0.07918909,,
not_anno,SMESG000020535.1,0.63635564,0.71599644,-0.079640806,,
not_anno,SMESG000047490.1,0.13553655,0.21520752,-0.079670966,,
not_anno,SMESG000076086.1,1.3825543,1.4622478,-0.079693556,,
not_anno,SMESG000004536.1,0.14069125,0.22082852,-0.08013727,,
not_anno,SMESG000058073.1,0.26190984,0.34218743,-0.08027759,,
not_anno,SMESG000042447.1,0.6404046,0.7207944,-0.0803898,,
not_anno,SMESG000041107.1,0.13310052,0.21352169,-0.080421165,,
not_anno,SMESG000068743.1,0.10217893,0.18279721,-0.08061828,,
not_anno,SMESG000072804.1,0.27250463,0.35355595,-0.08105132,,
not_anno,SMESG000072805.1,0.28486615,0.36606604,-0.081199884,,
not_anno,SMESG000028420.1,0.080337755,0.16169399,-0.081356235,,
not_anno,SMESG000052688.1,0.4347846,0.51615536,-0.08137077,,
not_anno,SMESG000057324.1,0.29199848,0.37390393,-0.081905454,,
not_anno,SMESG000009564.1,0.41059452,0.49265108,-0.08205655,,
not_anno,SMESG000024822.1,0.13453372,0.21713404,-0.082600325,,
not_anno,SMESG000006056.1,0.30850425,0.3913887,-0.08288446,,
not_anno,SMESG000062602.1,0.20916848,0.29217312,-0.08300464,,
not_anno,SMESG000035929.1,0.42882735,0.51193196,-0.08310461,,
not_anno,SMESG000076142.1,0.05646498,0.13979936,-0.08333437,,
not_anno,SMESG000026399.1,0.4482981,0.53170717,-0.08340907,,
not_anno,SMESG000017166.1,0.37819234,0.46176675,-0.083574414,,
not_anno,SMESG000005378.1,2.128986,2.2128758,-0.08388996,,
not_anno,SMESG000069968.1,0.31013134,0.39433026,-0.08419892,,
not_anno,SMESG000059698.1,0.3491194,0.4333952,-0.08427581,,
not_anno,SMESG000047739.1,0.09938714,0.18429244,-0.0849053,,
not_anno,SMESG000024821.1,0.03404422,0.119027734,-0.08498351,,
not_anno,SMESG000026745.1,0.49121955,0.5768059,-0.08558634,,
not_anno,SMESG000058940.1,0.15775384,0.24352819,-0.08577435,,
not_anno,SMESG000022843.1,0.33848143,0.42445683,-0.08597541,,
not_anno,SMESG000026862.1,0.4299108,0.516019,-0.08610818,,
not_anno,SMESG000063435.1,0.15122266,0.23734647,-0.08612381,,
not_anno,SMESG000026827.1,0.47057527,0.55742264,-0.086847365,,
not_anno,SMESG000066540.1,0.39067692,0.4779463,-0.087269396,,
not_anno,SMESG000067672.1,0.27370942,0.3611267,-0.087417275,,
not_anno,SMESG000062836.1,0.0774291,0.1651832,-0.0877541,,
not_anno,SMESG000053861.1,0.06806177,0.15731573,-0.08925396,,
not_anno,SMESG000000674.1,0.47117203,0.5617591,-0.09058708,,
not_anno,SMESG000074545.1,0.7597612,0.8504355,-0.09067428,,
not_anno,SMESG000058066.1,0.6534032,0.74423975,-0.090836525,,
not_anno,SMESG000056926.1,0.26363745,0.35451463,-0.090877175,,
not_anno,SMESG000076939.1,0.2874869,0.37886167,-0.091374755,,
not_anno,SMESG000002673.1,0.42531705,0.51717716,-0.091860116,,
not_anno,SMESG000030595.1,0.3845051,0.47691104,-0.092405945,,
not_anno,SMESG000003144.1,0.17795196,0.27040967,-0.09245771,,
not_anno,SMESG000034805.1,0.28905675,0.38214636,-0.09308961,,
not_anno,SMESG000042839.1,0.093606554,0.18730298,-0.09369642,,
not_anno,SMESG000076172.1,0.8285217,0.9226787,-0.09415698,,
not_anno,SMESG000076644.1,0.48739645,0.5820788,-0.094682366,,
not_anno,SMESG000057599.1,0.20228481,0.2972528,-0.09496799,,
not_anno,SMESG000078631.1,0.26845533,0.3634893,-0.09503397,,
not_anno,SMESG000071533.1,0.7070647,0.80324644,-0.09618175,,
not_anno,SMESG000014792.1,0.06367515,0.16040736,-0.096732214,,
not_anno,SMESG000044323.1,0.10114796,0.19803126,-0.096883304,,
not_anno,SMESG000067659.1,0.28383553,0.3814823,-0.09764677,,
not_anno,SMESG000012954.1,0.2269007,0.3246396,-0.09773889,,
not_anno,SMESG000017125.1,0.27805132,0.37757048,-0.09951916,,
not_anno,SMESG000077214.1,0.375605,0.47537643,-0.09977144,,
not_anno,SMESG000026825.1,0.12888822,0.22866064,-0.09977242,,
not_anno,SMESG000006898.1,0.5691313,0.6691428,-0.10001147,,
not_anno,SMESG000012107.1,0.47463354,0.57502156,-0.10038802,,
not_anno,SMESG000054547.1,0.09612867,0.19659929,-0.10047062,,
not_anno,SMESG000035681.1,0.63127077,0.7318925,-0.10062176,,
not_anno,SMESG000041085.1,0.28594905,0.3866995,-0.10075045,,
not_anno,SMESG000010156.1,0.47196624,0.5727329,-0.10076669,,
not_anno,SMESG000039926.1,0.53148997,0.6332349,-0.10174495,,
not_anno,SMESG000015244.1,0.2579337,0.35999253,-0.10205883,,
not_anno,SMESG000059352.1,0.17721215,0.27937347,-0.10216132,,
not_anno,SMESG000009479.1,0.63958585,0.74282503,-0.10323918,,
not_anno,SMESG000051915.1,0.0400793,0.14468956,-0.104610264,,
not_anno,SMESG000062868.1,0.42139873,0.5274792,-0.10608044,,
not_anno,SMESG000000175.1,0.23902252,0.34538785,-0.10636532,,
not_anno,SMESG000052380.1,0.38284203,0.49035192,-0.10750988,,
not_anno,SMESG000044540.1,0.24972384,0.35740492,-0.10768108,,
not_anno,SMESG000016955.1,0.51146346,0.61917704,-0.10771358,,
not_anno,SMESG000078736.1,0.74423474,0.8523258,-0.10809106,,
not_anno,SMESG000027088.1,0.6089799,0.7187871,-0.10980719,,
not_anno,SMESG000031033.1,0.7236653,0.8335854,-0.109920084,,
not_anno,SMESG000060640.1,0.80790126,0.9189144,-0.111013114,,
not_anno,SMESG000034284.1,0.20495145,0.31597415,-0.111022696,,
not_anno,SMESG000043419.1,0.07868767,0.19012502,-0.11143735,,
not_anno,SMESG000041483.1,0.7415553,0.8533209,-0.11176562,,
not_anno,SMESG000070280.1,0.04261688,0.15481068,-0.1121938,,
not_anno,SMESG000025000.1,0.19450314,0.3067525,-0.11224936,,
not_anno,SMESG000043443.1,0.04006925,0.15285422,-0.11278497,,
not_anno,SMESG000079482.1,0.74893713,0.8619967,-0.11305958,,
not_anno,SMESG000038559.1,0.41645464,0.53081316,-0.114358515,,
not_anno,SMESG000036992.1,0.49587676,0.61040133,-0.11452457,,
not_anno,SMESG000043445.1,0.04924111,0.16504915,-0.11580804,,
not_anno,SMESG000071180.1,0.6206562,0.7373737,-0.11671752,,
not_anno,SMESG000066927.1,0.10808895,0.22490163,-0.11681268,,
not_anno,SMESG000056940.1,0.5652858,0.68277216,-0.11748636,,
not_anno,SMESG000017099.1,0.8129621,0.93085647,-0.11789435,,
not_anno,SMESG000065562.1,0.57960933,0.69766253,-0.1180532,,
not_anno,SMESG000048830.1,0.524753,0.6428086,-0.11805564,,
not_anno,SMESG000067665.1,0.57813156,0.69639367,-0.11826211,,
not_anno,SMESG000056995.1,0.30161536,0.4208929,-0.11927754,,
not_anno,SMESG000040780.1,0.4489571,0.56843716,-0.11948007,,
not_anno,SMESG000022343.1,0.8016504,0.9218293,-0.12017888,,
not_anno,SMESG000067391.1,0.12529214,0.24558732,-0.12029518,,
not_anno,SMESG000048475.1,0.12500133,0.24683288,-0.12183155,,
not_anno,SMESG000040216.1,0.67067343,0.79342026,-0.122746825,,
not_anno,SMESG000040772.1,0.34821472,0.47194216,-0.12372744,,
not_anno,SMESG000004748.1,0.71936536,0.8431294,-0.12376404,,
not_anno,SMESG000058328.1,0.15871933,0.28305265,-0.12433332,,
not_anno,SMESG000074053.1,0.17892271,0.30351633,-0.124593616,,
not_anno,SMESG000004901.1,0.37486553,0.5000506,-0.12518507,,
not_anno,SMESG000008153.1,0.3697067,0.49617678,-0.12647009,,
not_anno,SMESG000026320.1,0.7464824,0.8739115,-0.12742913,,
not_anno,SMESG000046732.1,0.045174196,0.17350043,-0.12832624,,
not_anno,SMESG000076568.1,0.48005113,0.6094106,-0.12935945,,
not_anno,SMESG000067743.1,0.49694088,0.6268526,-0.12991169,,
not_anno,SMESG000059768.1,0.45679083,0.5873281,-0.13053724,,
not_anno,SMESG000034316.1,0.6044584,0.7357608,-0.13130242,,
not_anno,SMESG000005493.1,0.10312425,0.23495488,-0.13183063,,
not_anno,SMESG000019341.1,0.06951271,0.20293935,-0.13342664,,
not_anno,SMESG000042714.1,0.098150454,0.2327701,-0.13461965,,
not_anno,SMESG000002071.1,0.30093166,0.43573216,-0.1348005,,
not_anno,SMESG000016307.1,0.2477217,0.382761,-0.1350393,,
not_anno,SMESG000047167.1,0.8436213,0.9826037,-0.13898242,,
not_anno,SMESG000005578.1,0.038124576,0.18069035,-0.14256577,,
not_anno,SMESG000007739.1,0.24756595,0.39022827,-0.14266232,,
not_anno,SMESG000009341.1,0.24924497,0.39214116,-0.14289619,,
not_anno,SMESG000035335.1,1.4774559,1.6231833,-0.1457274,,
not_anno,SMESG000017087.1,1.2008786,1.3471587,-0.14628005,,
not_anno,SMESG000077304.1,0.3082087,0.4546728,-0.14646411,,
not_anno,SMESG000055903.1,0.5582781,0.70637935,-0.14810127,,
not_anno,SMESG000035327.1,1.2683564,1.4165298,-0.14817333,,
not_anno,SMESG000066020.1,0.24096729,0.39062026,-0.14965297,,
not_anno,SMESG000034720.1,0.594413,0.7454609,-0.15104795,,
not_anno,SMESG000008177.1,0.6773331,0.83110034,-0.15376723,,
not_anno,SMESG000023040.1,0.8932686,1.047949,-0.15468037,,
not_anno,SMESG000000190.1,0.21081488,0.36573663,-0.15492176,,
not_anno,SMESG000043634.1,0.047888882,0.20394231,-0.15605342,,
not_anno,SMESG000023212.1,1.0280848,1.1854346,-0.15734982,,
not_anno,SMESG000051904.1,0.058556974,0.21631542,-0.15775844,,
not_anno,SMESG000036550.1,0.9294068,1.0871809,-0.15777403,,
not_anno,SMESG000030342.1,0.38897637,0.54898745,-0.16001108,,
not_anno,SMESG000020509.1,0.11306575,0.27534866,-0.16228291,,
not_anno,SMESG000054251.1,0.1291236,0.29259035,-0.16346675,,
not_anno,SMESG000034631.1,0.76721627,0.9311075,-0.16389126,,
not_anno,SMESG000079650.1,0.21129926,0.37636146,-0.1650622,,
not_anno,SMESG000060036.1,1.0874507,1.2536571,-0.16620636,,
not_anno,SMESG000067773.1,0.25881463,0.42504448,-0.16622984,,
not_anno,SMESG000059283.1,0.99515224,1.161469,-0.16631675,,
not_anno,SMESG000022296.1,0.7359815,0.9047076,-0.16872609,,
not_anno,SMESG000067663.1,0.8713534,1.0416186,-0.1702652,,
not_anno,SMESG000051503.1,1.0280765,1.1983945,-0.17031801,,
not_anno,SMESG000032180.1,0.43551865,0.6066003,-0.17108163,,
not_anno,SMESG000057653.1,0.77124906,0.94887745,-0.1776284,,
not_anno,SMESG000058106.1,1.1571188,1.3360268,-0.17890799,,
not_anno,SMESG000005487.1,0.16037203,0.34253934,-0.1821673,,
not_anno,SMESG000061099.1,0.76670945,0.9527182,-0.18600875,,
not_anno,SMESG000058321.1,0.16070552,0.3525762,-0.19187067,,
not_anno,SMESG000026848.1,0.15175536,0.34571785,-0.19396248,,
not_anno,SMESG000022732.1,0.869606,1.0638546,-0.19424856,,
not_anno,SMESG000003566.1,0.1388209,0.33435392,-0.19553302,,
not_anno,SMESG000014326.1,0.5813238,0.778421,-0.19709718,,
not_anno,SMESG000024857.1,0.13636167,0.33618715,-0.19982548,,
not_anno,SMESG000016953.1,0.5073232,0.7090546,-0.20173138,,
not_anno,SMESG000050810.1,0.6757842,0.88090783,-0.20512366,,
not_anno,SMESG000066843.1,0.08907331,0.29511252,-0.20603922,,
not_anno,SMESG000023147.1,0.5887632,0.80217105,-0.21340787,,
not_anno,SMESG000021798.1,0.6754121,0.8894183,-0.21400619,,
not_anno,SMESG000043420.1,0.12981819,0.34692046,-0.21710227,,
not_anno,SMESG000067492.1,0.24660556,0.4638099,-0.21720435,,
not_anno,SMESG000081370.1,0.08656862,0.30427676,-0.21770814,,
not_anno,SMESG000047284.1,0.18182392,0.40384853,-0.2220246,,
not_anno,SMESG000047644.1,0.9585797,1.1807244,-0.22214466,,
not_anno,SMESG000067661.1,0.8970803,1.120765,-0.22368467,,
not_anno,SMESG000059669.1,1.6316923,1.8584743,-0.22678196,,
not_anno,SMESG000007128.1,0.06862157,0.30233562,-0.23371404,,
not_anno,SMESG000025581.1,1.1075591,1.3543401,-0.24678099,,
not_anno,SMESG000019975.1,0.239451,0.48800495,-0.24855395,,
not_anno,SMESG000006589.1,0.6352133,0.8838493,-0.248636,,
not_anno,SMESG000016909.1,0.2504026,0.5048181,-0.25441548,,
not_anno,SMESG000080471.1,0.42660633,0.6817163,-0.25511,,
not_anno,SMESG000051910.1,0.10691156,0.36260167,-0.2556901,,
not_anno,SMESG000061164.1,1.184661,1.442204,-0.25754297,,
not_anno,SMESG000075512.1,0.4372204,0.6981695,-0.26094913,,
not_anno,SMESG000075230.1,0.06637622,0.3285332,-0.262157,,
not_anno,SMESG000062609.1,0.4369492,0.6993814,-0.26243222,,
not_anno,SMESG000005506.1,0.54513884,0.81952566,-0.27438682,,
not_anno,SMESG000022928.1,0.48283982,0.75993896,-0.27709913,,
not_anno,SMESG000015174.1,0.85341364,1.1453094,-0.2918958,,
not_anno,SMESG000014460.1,0.07834583,0.37853086,-0.30018502,,
not_anno,SMESG000060403.1,0.3587517,0.6608546,-0.30210286,,
not_anno,SMESG000036363.1,0.7842876,1.1015027,-0.31721509,,
not_anno,SMESG000035755.1,0.3065275,0.6249973,-0.31846982,,
not_anno,SMESG000040790.1,0.29109094,0.62407815,-0.33298722,,
not_anno,SMESG000019977.1,0.28083515,0.62250674,-0.3416716,,
not_anno,SMESG000042787.1,0.2580419,0.6000429,-0.342001,,
not_anno,SMESG000079865.1,0.885618,1.2330861,-0.34746814,,
not_anno,SMESG000067685.1,1.5082257,1.8689046,-0.3606789,,
not_anno,SMESG000038678.1,0.13848194,0.49956447,-0.36108252,,
not_anno,SMESG000003538.1,1.2298965,1.5914936,-0.36159706,,
not_anno,SMESG000009941.1,0.18505932,0.5493332,-0.3642739,,
not_anno,SMESG000027736.1,0.94431895,1.3100022,-0.36568326,,
not_anno,SMESG000066029.1,0.32516316,0.69676644,-0.37160328,,
not_anno,SMESG000052353.1,1.4703988,1.870795,-0.40039623,,
not_anno,SMESG000040632.1,2.4683588,2.8842752,-0.41591644,,
not_anno,SMESG000043280.1,0.19822542,0.6229772,-0.42475176,,
not_anno,SMESG000058307.1,0.3664279,0.7946732,-0.4282453,,
not_anno,SMESG000012171.1,0.21199413,0.6407348,-0.42874068,,
not_anno,SMESG000049722.1,0.56833506,1.0049646,-0.43662953,,
not_anno,SMESG000062943.1,1.1694819,1.6161404,-0.4466585,,
not_anno,SMESG000073811.1,0.14998361,0.6003334,-0.45034978,,
not_anno,SMESG000007775.1,0.251315,0.7223923,-0.47107732,,
not_anno,SMESG000022423.1,1.5373601,2.0120702,-0.4747101,,
not_anno,SMESG000043444.1,0.13923611,0.6278074,-0.4885713,,
not_anno,SMESG000016791.1,1.8426895,2.3380566,-0.49536705,,
not_anno,SMESG000035518.1,0.18006876,0.67939687,-0.4993281,,
not_anno,SMESG000066035.1,1.1140621,1.6643591,-0.550297,,
not_anno,SMESG000028039.1,0.1300969,0.7026703,-0.57257336,,
not_anno,SMESG000013036.1,1.0946504,1.6681956,-0.5735452,,
not_anno,SMESG000019619.1,4.911706,5.5113215,-0.5996156,,
not_anno,SMESG000056451.1,0.48558772,1.1188524,-0.63326466,,
not_anno,SMESG000067658.1,1.7698654,2.4421818,-0.67231643,0.7711442786069652,1.3641623719627496
not_anno,SMESG000043289.1,0.6136335,1.3377348,-0.7241013,0.373134328358209,0.6040335221323846
not_anno,SMESG000055421.1,1.1716726,1.9015858,-0.72991323,0.5621890547263682,0.872951941585966
not_anno,SMESG000002628.1,1.0321648,1.8034548,-0.77128994,0.48756218905472637,0.7863988118610823
not_anno,SMESG000066027.1,1.8434557,2.637998,-0.79454243,0.6716417910447762,1.2445128841888278
not_anno,SMESG000007315.1,2.3245645,3.4202857,-1.0957212,0.6766169154228856,1.8079572926315002
